user_id,my_isolation_pre_covid,my_isolation_post_covid,my_stress_pre_covid,my_distracted_pre_covid,my_sad_pre_covid,my_stress_post_covid,my_distracted_post_covid,my_sad_post_covid,n_living_with_me_pre_covid,n_living_with_me_post_covid,politics,living_comparison
53979923fdf99b1ccc3f11f6,0.0,0.0,0.0,0.0,0.0,0.0,0.0,0.0,0.0,0.0,Liberal,equal
555527dafdf99b16a75afd54,2.0,5.0,4.0,4.0,3.0,6.0,6.0,6.0,1.0,1.0,Very Liberal,equal
558823c2fdf99b318cb4224b,0.0,0.0,0.0,0.0,0.0,0.0,0.0,0.0,0.0,0.0,Liberal,equal
558a0bc6fdf99b2d7699a94c,0.0,0.0,0.0,0.0,0.0,0.0,0.0,0.0,0.0,0.0,Very Liberal,equal
558a327cfdf99b2d75651681,0.0,0.0,0.0,0.0,0.0,0.0,0.0,0.0,0.0,0.0,Liberal,equal
558acd52fdf99b65685f03d9,0.0,0.0,0.0,0.0,0.0,0.0,0.0,0.0,0.0,0.0,Conservative,equal
558b7b06fdf99b21155f2c1b,0.0,0.0,0.0,0.0,0.0,0.0,0.0,0.0,0.0,0.0,Conservative,equal
558fbd42fdf99b7ce29246bf,0.0,0.0,0.0,0.0,0.0,0.0,0.0,0.0,0.0,0.0,Centrist/Neutral,equal
5590e768fdf99b1e5e44e525,0.0,0.0,0.0,0.0,0.0,0.0,0.0,0.0,0.0,0.0,Liberal,equal
5591b00afdf99b62fdfd6a34,0.0,0.0,0.0,0.0,0.0,0.0,0.0,0.0,0.0,0.0,Centrist/Neutral,equal
55a43cf3fdf99b02ff6cb0b4,0.6666666666666666,1.3333333333333333,1.6666666666666667,1.5,1.1666666666666667,2.3333333333333335,1.6666666666666667,1.3333333333333333,0.0,0.0,Very Liberal,equal
55b3120cfdf99b6ef6263a71,6.0,7.0,6.0,7.0,7.0,7.0,7.0,7.0,1.0,1.0,Centrist/Neutral,equal
55b90235fdf99b26070d7663,1.0,4.0,1.0,1.0,2.0,5.0,6.0,4.0,3.0,3.0,Liberal,equal
55c4ea6dfdf99b4adb996618,0.6666666666666666,1.6666666666666667,0.6666666666666666,0.6666666666666666,0.6666666666666666,1.0,1.0,1.0,1.0,1.0,Centrist/Neutral,equal
55cb7fdafdf99b3c26ae4d4a,0.0,0.0,0.0,0.0,0.0,0.0,0.0,0.0,0.0,0.0,Conservative,equal
55ed87f0748092000baa9a0b,0.75,1.25,0.5,0.5,0.25,0.75,0.75,0.5,0.0,0.0,Centrist/Neutral,equal
55f5946a32af74001017047b,0.16666666666666666,1.1666666666666667,0.16666666666666666,0.16666666666666666,0.16666666666666666,0.5,0.6666666666666666,0.8333333333333334,0.0,0.0,Very Liberal,equal
55fb0c5377f33b0005cb1f12,0.0,0.0,0.0,0.0,0.0,0.0,0.0,0.0,0.0,0.0,Liberal,equal
5615777c7ffc8a000a811c61,0.0,0.0,0.0,0.0,0.0,0.0,0.0,0.0,0.0,0.0,Liberal,equal
561d98e03d7fe8000b0f5e09,1.25,1.5,1.25,1.25,1.5,1.5,1.25,1.5,0.25,0.25,Liberal,equal
566c7564d408ea000519c678,0.0,0.0,0.0,0.0,0.0,0.0,0.0,0.0,0.0,0.0,Centrist/Neutral,equal
56802e5fc5767f00121cc6a0,0.0,0.0,0.0,0.0,0.0,0.0,0.0,0.0,0.0,0.0,Conservative,equal
5687d85e369319000c269c55,0.25,0.25,0.25,0.25,0.25,0.5,0.25,0.5,0.75,0.75,Very Liberal,equal
56b399cd2bac74000d89ddfa,4.0,6.0,5.0,3.0,3.0,6.0,6.0,6.0,2.0,2.0,Very Liberal,equal
56db4c217dcddf000bd5853c,0.0,0.0,0.0,0.0,0.0,0.0,0.0,0.0,0.0,0.0,Very Liberal,equal
56df9a836b4093000bd896c7,0.0,0.0,0.0,0.0,0.0,0.0,0.0,0.0,0.0,0.0,Centrist/Neutral,equal
56e130548b1c33000a388671,1.6666666666666667,1.6666666666666667,1.6666666666666667,1.6666666666666667,1.3333333333333333,2.3333333333333335,1.6666666666666667,1.6666666666666667,0.6666666666666666,0.6666666666666666,Conservative,equal
56f91ae77f69ff000aff9a09,0.0,0.0,0.0,0.0,0.0,0.0,0.0,0.0,0.0,0.0,Liberal,equal
5706fb93914b7100093b7925,0.0,0.0,0.0,0.0,0.0,0.0,0.0,0.0,0.0,0.0,Very Liberal,equal
571cea664ca277001153c045,0.0,0.0,0.0,0.0,0.0,0.0,0.0,0.0,0.0,0.0,Centrist/Neutral,equal
57237767844581001202947a,0.0,0.0,0.0,0.0,0.0,0.0,0.0,0.0,0.0,0.0,Centrist/Neutral,equal
57272517e386b9000e3e2b72,0.3333333333333333,1.0,1.6666666666666667,2.0,1.0,2.3333333333333335,2.3333333333333335,1.6666666666666667,0.3333333333333333,0.3333333333333333,Very Liberal,equal
5733464fbc6923000fcd2de1,1.0,3.0,1.0,1.0,1.0,2.0,3.0,2.0,0.0,0.0,Very Liberal,equal
573bc4fbf3580b000fce0af4,0.0,0.0,0.0,0.0,0.0,0.0,0.0,0.0,0.0,0.0,Centrist/Neutral,equal
57656f6c2bfddf000125cce5,0.0,0.0,0.0,0.0,0.0,0.0,0.0,0.0,0.0,0.0,Centrist/Neutral,equal
578b7f0e900cc80001d2e55f,0.0,0.0,0.0,0.0,0.0,0.0,0.0,0.0,0.0,0.0,Very Liberal,equal
57950da04a84da00014c5dbb,1.0,1.4,0.8,0.6,0.8,1.0,1.2,1.0,0.6,0.6,Centrist/Neutral,equal
57abc011f00139000156f638,0.0,0.0,0.0,0.0,0.0,0.0,0.0,0.0,0.0,0.0,Very Conservative,equal
57af9cdda169b50001a434e3,0.0,0.0,0.0,0.0,0.0,0.0,0.0,0.0,0.0,0.0,Conservative,equal
57d0badf28d5250001bdd9d2,0.0,0.0,0.0,0.0,0.0,0.0,0.0,0.0,0.0,0.0,Centrist/Neutral,equal
57d6dd8d6598aa000199188b,0.0,0.0,0.0,0.0,0.0,0.0,0.0,0.0,0.0,0.0,Liberal,equal
57f6aefc42bfc700016ab1e0,0.0,0.0,0.0,0.0,0.0,0.0,0.0,0.0,0.0,0.0,Very Conservative,equal
58043bb3bd8a970001fdef44,0.0,0.0,0.0,0.0,0.0,0.0,0.0,0.0,0.0,0.0,Centrist/Neutral,equal
58066bf52d948b00014ba876,4.0,4.0,6.0,3.0,4.0,6.0,7.0,3.0,0.0,0.0,Centrist/Neutral,equal
580cab86b869700001d71628,1.0,1.0,7.0,4.0,2.0,7.0,7.0,1.0,1.0,1.0,Centrist/Neutral,equal
582879857e8aef000152fba4,0.0,0.0,0.0,0.0,0.0,0.0,0.0,0.0,0.0,0.0,Conservative,equal
583f02c8ca2e57000184353c,0.0,0.0,0.0,0.0,0.0,0.0,0.0,0.0,0.0,0.0,Very Liberal,equal
5850d667b64b9e00017cb722,0.0,0.0,0.0,0.0,0.0,0.0,0.0,0.0,0.0,0.0,Liberal,equal
58641c3bdb3e720001e22831,0.0,0.0,0.0,0.0,0.0,0.0,0.0,0.0,0.0,0.0,Very Liberal,equal
5869dec37fbbcd00013974e2,0.0,0.0,0.0,0.0,0.0,0.0,0.0,0.0,0.0,0.0,Liberal,equal
587418895c17910001ea4e75,0.0,0.0,0.0,0.0,0.0,0.0,0.0,0.0,0.0,0.0,Very Liberal,equal
58ac890076c5b70001662993,0.0,0.0,0.0,0.0,0.0,0.0,0.0,0.0,0.0,0.0,Liberal,equal
58adba7a5e63bf00013b51c6,0.0,0.0,0.0,0.0,0.0,0.0,0.0,0.0,0.0,0.0,Liberal,equal
58ae59babb9e0f0001acb414,0.0,0.0,0.0,0.0,0.0,0.0,0.0,0.0,0.0,0.0,Conservative,equal
58c1ce3c3783090001b49355,2.0,1.6666666666666667,2.3333333333333335,2.0,1.0,2.3333333333333335,2.3333333333333335,0.6666666666666666,1.0,1.0,Centrist/Neutral,equal
58cc6e1293dac30001d4abc6,0.0,0.0,0.0,0.0,0.0,0.0,0.0,0.0,0.0,0.0,Liberal,equal
58f0fca0d40252000192f201,0.0,0.0,0.0,0.0,0.0,0.0,0.0,0.0,0.0,0.0,Conservative,equal
591bc89fb817f400015b7017,0.6666666666666666,2.3333333333333335,1.3333333333333333,1.6666666666666667,0.6666666666666666,2.0,1.3333333333333333,0.6666666666666666,1.3333333333333333,1.3333333333333333,Liberal,equal
592481c14c4d6500016a1767,0.0,0.0,0.0,0.0,0.0,0.0,0.0,0.0,0.0,0.0,Conservative,equal
59278c090220760001fda664,0.0,0.0,0.0,0.0,0.0,0.0,0.0,0.0,0.0,0.0,Very Liberal,equal
59296fb2e8a7ff000163f033,0.0,0.0,0.0,0.0,0.0,0.0,0.0,0.0,0.0,0.0,Conservative,equal
592bb32c943e670001cde123,0.0,0.0,0.0,0.0,0.0,0.0,0.0,0.0,0.0,0.0,Very Liberal,equal
593dfb9ea2bf080001ed3b65,0.0,0.0,0.0,0.0,0.0,0.0,0.0,0.0,0.0,0.0,Very Liberal,equal
5949f3a2833f6d0001623eca,1.0,2.0,6.0,5.0,1.0,2.0,6.0,3.0,0.0,0.0,Centrist/Neutral,equal
5951c8505f42c10001ff3f93,0.0,0.0,0.0,0.0,0.0,0.0,0.0,0.0,0.0,0.0,Liberal,equal
596fea64a5c32a0001584755,0.0,0.0,0.0,0.0,0.0,0.0,0.0,0.0,0.0,0.0,Liberal,equal
5977e3867412f8000194e1fe,0.0,0.0,0.0,0.0,0.0,0.0,0.0,0.0,0.0,0.0,Liberal,equal
597b858909bdcf000153ff58,0.0,0.0,0.0,0.0,0.0,0.0,0.0,0.0,0.0,0.0,Liberal,equal
59877315f8b162000167a2c6,0.5,1.5,0.75,0.75,0.5,1.5,1.0,1.0,0.25,0.25,Very Liberal,equal
5987c9f26ab9880001b5b04d,0.0,0.0,0.0,0.0,0.0,0.0,0.0,0.0,0.0,0.0,Conservative,equal
598c9125cceb0f0001b39697,0.0,0.0,0.0,0.0,0.0,0.0,0.0,0.0,0.0,0.0,Liberal,equal
5996ad5c9845ef00014de423,0.0,0.0,0.0,0.0,0.0,0.0,0.0,0.0,0.0,0.0,Conservative,equal
59ad6f1e09709e00013c2ba5,0.0,0.0,0.0,0.0,0.0,0.0,0.0,0.0,0.0,0.0,Very Liberal,equal
59b013c8f69f340001866ffc,0.0,0.0,0.0,0.0,0.0,0.0,0.0,0.0,0.0,0.0,Very Liberal,equal
59c25b315364260001dc4b45,0.0,0.0,0.0,0.0,0.0,0.0,0.0,0.0,0.0,0.0,Liberal,equal
59d5126df35ff40001914d8e,0.0,0.0,0.0,0.0,0.0,0.0,0.0,0.0,0.0,0.0,Very Liberal,equal
59d5888d21977e0001d630f3,0.0,0.0,0.0,0.0,0.0,0.0,0.0,0.0,0.0,0.0,Centrist/Neutral,equal
59d5c894c732930001d88b5e,1.0,0.8333333333333334,0.6666666666666666,0.8333333333333334,0.6666666666666666,1.0,0.8333333333333334,0.8333333333333334,0.5,0.5,Liberal,equal
59e18a4fe75b450001a69007,0.0,0.0,0.0,0.0,0.0,0.0,0.0,0.0,0.0,0.0,Liberal,equal
59ed1eb67f3d71000171e23b,4.0,5.0,2.0,1.0,1.0,2.0,2.0,1.0,0.0,0.0,Very Liberal,equal
5a0f7d84ff266c0001d209cc,0.3333333333333333,0.6666666666666666,1.3333333333333333,0.3333333333333333,0.6666666666666666,1.3333333333333333,0.3333333333333333,0.6666666666666666,1.6666666666666667,1.6666666666666667,Liberal,equal
5a127fc7c259f30001766641,0.0,0.0,0.0,0.0,0.0,0.0,0.0,0.0,0.0,0.0,Liberal,equal
5a135875074b1900012527a9,1.0,1.0,1.0,0.5,0.5,1.0,0.5,0.5,0.5,0.5,Conservative,equal
5a198755f2e3460001edc5c9,0.0,0.0,0.0,0.0,0.0,0.0,0.0,0.0,0.0,0.0,Centrist/Neutral,equal
5a2ef2d89c334d0001775a0c,2.0,4.0,5.0,4.0,4.0,7.0,5.0,6.0,1.0,1.0,Very Liberal,equal
5a3dfbbcdaea400001ac1adc,0.0,0.0,0.0,0.0,0.0,0.0,0.0,0.0,0.0,0.0,Centrist/Neutral,equal
5a49d6a06d85f80001c25bc4,0.16666666666666666,0.5,0.3333333333333333,0.16666666666666666,0.16666666666666666,0.5,0.3333333333333333,0.5,0.5,0.5,Very Liberal,equal
5a50fab2f6c517000194760b,1.0,2.0,1.5,0.5,1.0,1.5,1.0,1.0,1.0,1.0,Liberal,equal
5a519789e0cf3d000125ee02,0.0,0.0,0.0,0.0,0.0,0.0,0.0,0.0,0.0,0.0,Centrist/Neutral,equal
5a59452c76d1c60001ab20aa,0.0,0.0,0.0,0.0,0.0,0.0,0.0,0.0,0.0,0.0,Liberal,equal
5a5d0554ac562400015402dd,0.0,0.0,0.0,0.0,0.0,0.0,0.0,0.0,0.0,0.0,Liberal,equal
5a68bd3463394a000155c9e7,0.0,0.0,0.0,0.0,0.0,0.0,0.0,0.0,0.0,0.0,Conservative,equal
5a68c01031b87a0001c752c3,0.0,0.0,0.0,0.0,0.0,0.0,0.0,0.0,0.0,0.0,Liberal,equal
5a693e48c0d8360001082fda,0.6666666666666666,1.0,0.8333333333333334,0.8333333333333334,0.6666666666666666,1.1666666666666667,1.1666666666666667,1.0,0.3333333333333333,0.3333333333333333,Conservative,equal
5a70d87e9cdd180001776440,0.0,0.0,0.0,0.0,0.0,0.0,0.0,0.0,0.0,0.0,Liberal,equal
5a73899f9cdd1800017786f0,0.2857142857142857,0.2857142857142857,0.8571428571428571,0.7142857142857143,0.2857142857142857,0.7142857142857143,0.7142857142857143,0.2857142857142857,0.42857142857142855,0.42857142857142855,Centrist/Neutral,equal
5a78c698000dab00018c2598,0.0,0.0,0.0,0.0,0.0,0.0,0.0,0.0,0.0,0.0,Very Liberal,equal
5a791168f49c9a0001f31061,0.14285714285714285,0.14285714285714285,0.2857142857142857,0.2857142857142857,0.2857142857142857,0.14285714285714285,0.2857142857142857,0.2857142857142857,0.0,0.0,Very Liberal,equal
5a79de1faa46dd00016b3a60,1.5,1.5,1.5,2.0,1.0,3.5,1.5,3.0,4.0,4.0,Liberal,equal
5a79f14a8fe2dc00010593eb,0.4,1.0,1.0,0.4,0.4,1.2,1.0,0.6,0.0,0.0,Liberal,equal
5a7b2b52000dab00018c402b,0.0,0.0,0.0,0.0,0.0,0.0,0.0,0.0,0.0,0.0,Very Liberal,equal
5a7e017f527fd000014685d2,0.0,0.0,0.0,0.0,0.0,0.0,0.0,0.0,0.0,0.0,Very Liberal,equal
5a883128b093f80001a7eeec,0.0,0.0,0.0,0.0,0.0,0.0,0.0,0.0,0.0,0.0,Liberal,equal
5a8b8667ae9a0b0001aa194f,2.0,4.0,3.0,4.0,2.0,4.0,4.0,3.0,4.0,4.0,Centrist/Neutral,equal
5a8d5e4e000dab00018ce464,0.3333333333333333,0.3333333333333333,2.3333333333333335,2.3333333333333335,2.3333333333333335,2.3333333333333335,2.3333333333333335,2.3333333333333335,0.6666666666666666,1.3333333333333333,Very Liberal,less
5a91877e777df200015fa0f5,0.0,0.0,0.0,0.0,0.0,0.0,0.0,0.0,0.0,0.0,Liberal,equal
5a9493ce873cda0001dc6dfb,5.0,5.0,6.0,4.0,5.0,3.0,3.0,4.0,3.0,3.0,Very Conservative,equal
5a9a9a34dbdb470001eee32c,0.0,0.0,0.0,0.0,0.0,0.0,0.0,0.0,0.0,0.0,Conservative,equal
5aa35f2d777df20001605db6,0.0,0.0,0.0,0.0,0.0,0.0,0.0,0.0,0.0,0.0,Liberal,equal
5aa5c96ff6dfdd0001eafd08,1.0,5.0,4.0,4.0,4.0,4.0,4.0,5.0,3.0,1.0,Liberal,more
5aa61dd36475f90001a05dcf,0.0,0.0,0.0,0.0,0.0,0.0,0.0,0.0,0.0,0.0,Very Liberal,equal
5aaf4b0ce1546900019b01de,0.0,0.0,0.0,0.0,0.0,0.0,0.0,0.0,0.0,0.0,Liberal,equal
5ab4149e0527ba0001c1656e,0.0,0.0,0.0,0.0,0.0,0.0,0.0,0.0,0.0,0.0,Very Liberal,equal
5ac53209fa3b4e0001736f22,1.0,3.0,2.0,2.0,1.0,5.0,5.0,2.0,2.0,3.0,Very Liberal,less
5ac53367e1546900019c03ba,1.0,5.0,1.0,1.0,1.0,2.0,2.0,2.0,1.0,1.0,Liberal,equal
5acba4a15cd10500016280ca,0.0,0.0,0.0,0.0,0.0,0.0,0.0,0.0,0.0,0.0,Liberal,equal
5ad4a9f30f5d3900016a4d8b,1.0,2.0,0.5,0.5,0.5,2.5,1.5,2.0,2.0,2.5,Centrist/Neutral,less
5ad7c075c25ea0000188486b,0.0,0.0,0.0,0.0,0.0,0.0,0.0,0.0,0.0,0.0,Centrist/Neutral,equal
5adfa230f6b58c0001fa8cb1,0.0,0.0,0.0,0.0,0.0,0.0,0.0,0.0,0.0,0.0,Centrist/Neutral,equal
5ae74788d5ec5e000175ea08,3.5,3.0,2.5,2.5,2.0,3.0,3.5,3.0,1.0,1.0,Very Liberal,equal
5ae9d42e9d82560001bdd824,0.0,0.0,0.0,0.0,0.0,0.0,0.0,0.0,0.0,0.0,Very Liberal,equal
5aea85ab831584000180a1f6,0.0,0.0,0.0,0.0,0.0,0.0,0.0,0.0,0.0,0.0,Liberal,equal
5aea9a59852ddf0001ced15e,0.0,0.0,0.0,0.0,0.0,0.0,0.0,0.0,0.0,0.0,Liberal,equal
5aeb922a75deca0001624d23,1.0,2.3333333333333335,1.0,1.0,1.3333333333333333,2.0,2.0,2.0,0.3333333333333333,0.3333333333333333,Very Liberal,equal
5aeffc6e0ccc2e000185aa28,0.0,0.0,0.0,0.0,0.0,0.0,0.0,0.0,0.0,0.0,Centrist/Neutral,equal
5af67a42e066a400011347c0,0.0,0.0,0.0,0.0,0.0,0.0,0.0,0.0,0.0,0.0,Conservative,equal
5af9b78246f0040001e34b19,0.0,0.0,0.0,0.0,0.0,0.0,0.0,0.0,0.0,0.0,Liberal,equal
5afa5252672ea800010d97e6,0.0,0.0,0.0,0.0,0.0,0.0,0.0,0.0,0.0,0.0,Very Liberal,equal
5b0319e68d753d0001cc75c7,0.0,0.0,0.0,0.0,0.0,0.0,0.0,0.0,0.0,0.0,Conservative,equal
5b11682bd3ef5a000107dc58,0.0,0.0,0.0,0.0,0.0,0.0,0.0,0.0,0.0,0.0,Centrist/Neutral,equal
5b16d24d388d8b00014fa6e6,0.0,0.0,0.0,0.0,0.0,0.0,0.0,0.0,0.0,0.0,Centrist/Neutral,equal
5b184a76c9d3cb00010ff605,0.0,0.0,0.0,0.0,0.0,0.0,0.0,0.0,0.0,0.0,Very Liberal,equal
5b18647968a5ed00017343ec,0.0,0.0,0.0,0.0,0.0,0.0,0.0,0.0,0.0,0.0,Liberal,equal
5b1dded94c72120001f22444,3.0,5.0,1.0,1.0,1.0,1.0,1.0,1.0,3.0,3.0,Very Conservative,equal
5b23d0784fb0d40001e95407,0.0,0.0,0.0,0.0,0.0,0.0,0.0,0.0,0.0,0.0,Very Liberal,equal
5b315e97f23189000161a03d,0.0,0.0,0.0,0.0,0.0,0.0,0.0,0.0,0.0,0.0,Liberal,equal
5b32599cc8e94a00018f22a5,4.0,7.0,4.0,4.0,4.0,7.0,7.0,7.0,0.0,0.0,Liberal,equal
5b48e77c369f84000112a85c,3.5,3.5,5.0,4.0,4.0,5.0,3.5,4.0,2.5,2.5,Very Liberal,equal
5b497448369f84000112bc43,0.0,0.0,0.0,0.0,0.0,0.0,0.0,0.0,0.0,0.0,Centrist/Neutral,equal
5b4983840753d30001db8ab3,0.0,0.0,0.0,0.0,0.0,0.0,0.0,0.0,0.0,0.0,Very Liberal,equal
5b4a6e57d317a20001e2d051,2.0,3.0,3.0,3.0,1.0,2.0,2.0,1.0,3.0,3.0,Centrist/Neutral,equal
5b4d15c23d01bd0001ec4018,0.0,0.0,0.0,0.0,0.0,0.0,0.0,0.0,0.0,0.0,Liberal,equal
5b57dcb2b1c76d00016f8599,0.0,0.0,0.0,0.0,0.0,0.0,0.0,0.0,0.0,0.0,Liberal,equal
5b5e7e643bac1d0001f9bf28,0.0,0.0,0.0,0.0,0.0,0.0,0.0,0.0,0.0,0.0,Very Liberal,equal
5b66ce776f0d0400010d678d,0.0,0.0,0.0,0.0,0.0,0.0,0.0,0.0,0.0,0.0,Centrist/Neutral,equal
5b67735c05753f00016b54ab,3.0,3.0,2.0,2.0,2.0,2.0,3.0,1.0,0.0,0.0,Liberal,equal
5b6cb3049ee1a50001c5ef0f,0.0,0.0,0.0,0.0,0.0,0.0,0.0,0.0,0.0,0.0,Very Liberal,equal
5b6cd50f9ee1a50001c5f481,1.0,4.0,2.0,1.0,1.0,4.0,2.0,2.0,1.0,1.0,Liberal,equal
5b71f50a4d08b700018a90d8,0.0,0.0,0.0,0.0,0.0,0.0,0.0,0.0,0.0,0.0,Very Liberal,equal
5b7ca6161e35f0000172fa14,0.5,3.5,0.5,0.5,1.0,2.5,3.0,3.5,1.0,1.0,Conservative,equal
5b8320b0b0d72600018dc739,0.0,0.0,0.0,0.0,0.0,0.0,0.0,0.0,0.0,0.0,Conservative,equal
5b836aa6413ac100010d165c,2.0,5.0,1.0,1.0,1.0,3.0,5.0,4.0,4.0,4.0,Conservative,equal
5b8597308f1e2600019bbf90,0.0,0.0,0.0,0.0,0.0,0.0,0.0,0.0,0.0,0.0,Centrist/Neutral,equal
5b8e11444cd6dd0001bf07d9,0.0,0.0,0.0,0.0,0.0,0.0,0.0,0.0,0.0,0.0,Liberal,equal
5b905d47e057280001e4af42,0.0,0.0,0.0,0.0,0.0,0.0,0.0,0.0,0.0,0.0,Very Liberal,equal
5b90b56f42e93f00017cc85a,0.0,0.0,0.0,0.0,0.0,0.0,0.0,0.0,0.0,0.0,Very Liberal,equal
5b95981f21e7200001f5987a,1.0,5.0,2.0,4.0,2.0,4.0,2.0,2.0,1.0,3.0,Liberal,less
5b97f8988ae8150001c7a887,0.42857142857142855,0.7142857142857143,0.5714285714285714,0.42857142857142855,0.42857142857142855,0.8571428571428571,0.8571428571428571,0.5714285714285714,0.0,0.0,Liberal,equal
5b997597caaef400011da16d,1.3333333333333333,1.6666666666666667,0.6666666666666666,0.6666666666666666,0.6666666666666666,1.6666666666666667,0.6666666666666666,1.6666666666666667,0.3333333333333333,0.3333333333333333,Liberal,equal
5ba2d949821f7600011d1ccc,0.0,0.0,0.0,0.0,0.0,0.0,0.0,0.0,0.0,0.0,Centrist/Neutral,equal
5ba3d4590e41db0001786ca1,0.0,0.0,0.0,0.0,0.0,0.0,0.0,0.0,0.0,0.0,Very Liberal,equal
5bb6413cb4dca50001df0096,0.0,0.0,0.0,0.0,0.0,0.0,0.0,0.0,0.0,0.0,Very Liberal,equal
5bc0bcb38b1ded0001bfaa58,0.0,0.0,0.0,0.0,0.0,0.0,0.0,0.0,0.0,0.0,Liberal,equal
5bc4ff222c08740001316ed2,0.0,0.0,0.0,0.0,0.0,0.0,0.0,0.0,0.0,0.0,Very Liberal,equal
5bc9f8b677740000016a08b5,0.0,0.0,0.0,0.0,0.0,0.0,0.0,0.0,0.0,0.0,Liberal,equal
5bcc60b95c2b810001dc68e2,3.0,5.0,4.0,4.0,4.0,4.0,4.0,4.0,1.0,1.0,Liberal,equal
5bd086bbc3b40e0001df9551,0.0,0.0,0.0,0.0,0.0,0.0,0.0,0.0,0.0,0.0,Centrist/Neutral,equal
5bd0d9bf25db7b0001786a5b,0.0,0.0,0.0,0.0,0.0,0.0,0.0,0.0,0.0,0.0,Conservative,equal
5bd4143d669ee1000144ac35,0.0,0.0,0.0,0.0,0.0,0.0,0.0,0.0,0.0,0.0,Very Liberal,equal
5bd4cb4f25db7b000179488d,0.0,0.0,0.0,0.0,0.0,0.0,0.0,0.0,0.0,0.0,Centrist/Neutral,equal
5bd63dfb860b840001dc249e,1.5,2.5,1.5,1.5,1.5,2.5,1.5,2.0,1.0,1.0,Liberal,equal
5bd8d97c26903900018579d3,0.0,0.0,0.0,0.0,0.0,0.0,0.0,0.0,0.0,0.0,Centrist/Neutral,equal
5bdc6d16d9bc4e0001134779,0.0,0.0,0.0,0.0,0.0,0.0,0.0,0.0,0.0,0.0,Very Liberal,equal
5bdc94f819b9ba000157da85,0.0,0.0,0.0,0.0,0.0,0.0,0.0,0.0,0.0,0.0,Centrist/Neutral,equal
5bddd72b18f1b9000174109e,0.0,0.0,0.0,0.0,0.0,0.0,0.0,0.0,0.0,0.0,Very Conservative,equal
5bdf8df9ed3acf000166aafd,5.0,7.0,3.0,2.0,3.0,5.0,6.0,5.0,1.0,2.0,Centrist/Neutral,less
5be04ea54a5e53000157ac4f,0.0,0.0,0.0,0.0,0.0,0.0,0.0,0.0,0.0,0.0,Centrist/Neutral,equal
5be05da9b5be300001e54be5,0.0,0.0,0.0,0.0,0.0,0.0,0.0,0.0,0.0,0.0,Very Liberal,equal
5be1ac50ca095c0001b9f717,0.5,1.0,1.0,0.5,0.5,1.5,0.5,0.5,0.5,0.5,Centrist/Neutral,equal
5be31317d6e8c40001d00d23,0.0,0.0,0.0,0.0,0.0,0.0,0.0,0.0,0.0,0.0,Very Liberal,equal
5be76781f6d13b0001cf5257,0.0,0.0,0.0,0.0,0.0,0.0,0.0,0.0,0.0,0.0,Very Liberal,equal
5be879272b86b00001b9d0e2,4.0,4.0,3.0,3.0,3.0,5.0,5.0,5.0,2.0,2.0,Very Liberal,equal
5be8de2ed3560900015c743a,0.0,0.0,0.0,0.0,0.0,0.0,0.0,0.0,0.0,0.0,Liberal,equal
5beaf789650d4f00015b9e63,1.0,7.0,3.0,4.0,2.0,4.0,4.0,2.0,3.0,3.0,Liberal,equal
5bed01c8306ec30001fb80e2,0.0,0.0,0.0,0.0,0.0,0.0,0.0,0.0,0.0,0.0,Liberal,equal
5bf336d965825d00017cf3c2,1.0,5.0,1.0,1.0,1.0,2.0,2.0,3.0,2.0,2.0,Conservative,equal
5bf3761862e1bc0001f15cb2,0.0,0.0,0.0,0.0,0.0,0.0,0.0,0.0,0.0,0.0,Liberal,equal
5bf54aa4d382df0001b9e43b,1.0,2.5,2.5,2.5,2.5,3.5,3.5,3.5,1.0,1.0,Very Liberal,equal
5bf5f40635087500014257fe,0.25,0.25,0.25,0.25,0.25,0.25,0.25,0.25,0.0,0.0,Centrist/Neutral,equal
5bf604c93a46830001a6d26b,0.0,0.0,0.0,0.0,0.0,0.0,0.0,0.0,0.0,0.0,Liberal,equal
5bfb3c42b2fc16000101296b,0.0,0.0,0.0,0.0,0.0,0.0,0.0,0.0,0.0,0.0,Liberal,equal
5bfcb5e3aa5fa30001364404,0.0,0.0,0.0,0.0,0.0,0.0,0.0,0.0,0.0,0.0,Liberal,equal
5bfd81fb2feab400014d9060,0.0,0.0,0.0,0.0,0.0,0.0,0.0,0.0,0.0,0.0,Conservative,equal
5c0017c8f4fb890001d68650,1.0,4.0,2.0,2.5,2.0,3.5,1.5,2.5,3.0,3.0,Very Liberal,equal
5c0023fb2213be0001c2cdde,0.0,0.0,0.0,0.0,0.0,0.0,0.0,0.0,0.0,0.0,Centrist/Neutral,equal
5c0595bb1a20110001e9f1e1,2.0,6.0,5.0,1.0,1.0,7.0,3.0,3.0,0.0,0.0,Liberal,equal
5c08aaefa4e5fc00017541dd,0.0,0.0,0.0,0.0,0.0,0.0,0.0,0.0,0.0,0.0,Centrist/Neutral,equal
5c0abcc49f5dfb00011cf6a6,0.0,0.0,0.0,0.0,0.0,0.0,0.0,0.0,0.0,0.0,Conservative,equal
5c0c35ff217d600001121ae5,0.0,0.0,0.0,0.0,0.0,0.0,0.0,0.0,0.0,0.0,Very Liberal,equal
5c102b9461df5c0001cb468b,0.25,0.25,0.25,0.25,0.25,0.25,0.25,0.25,0.75,0.75,Very Liberal,equal
5c114210280a8200019d7b1d,0.0,0.0,0.0,0.0,0.0,0.0,0.0,0.0,0.0,0.0,Liberal,equal
5c12f106c4b80e000192c472,0.0,0.0,0.0,0.0,0.0,0.0,0.0,0.0,0.0,0.0,Very Conservative,equal
5c154c316157a50001643610,3.0,5.0,5.0,3.0,2.0,6.0,5.0,5.0,2.0,2.0,Centrist/Neutral,equal
5c159f7745de2c000133c3f2,0.2,0.2,0.2,0.2,0.2,0.8,0.8,0.4,0.2,0.2,Liberal,equal
5c1a4a6240df6b0001880308,0.0,0.0,0.0,0.0,0.0,0.0,0.0,0.0,0.0,0.0,Centrist/Neutral,equal
5c1a4d7d1aea120001fdd685,5.0,7.0,7.0,7.0,7.0,7.0,7.0,7.0,5.0,5.0,Very Conservative,equal
5c1bf2d025bab90001f233fd,0.0,0.0,0.0,0.0,0.0,0.0,0.0,0.0,0.0,0.0,Very Liberal,equal
5c1c157f77936700018284b7,0.0,0.0,0.0,0.0,0.0,0.0,0.0,0.0,0.0,0.0,Conservative,equal
5c1d8e5d0091e40001c844ed,0.0,0.0,0.0,0.0,0.0,0.0,0.0,0.0,0.0,0.0,Liberal,equal
5c1e94832c45d40001477352,0.0,0.0,0.0,0.0,0.0,0.0,0.0,0.0,0.0,0.0,Centrist/Neutral,equal
5c228e5c867f660001ad66be,0.0,0.0,0.0,0.0,0.0,0.0,0.0,0.0,0.0,0.0,Very Liberal,equal
5c266e991fc74500017cb567,1.0,3.5,3.5,3.0,2.5,3.5,3.5,3.0,2.0,2.0,Very Liberal,equal
5c270d8f2c45d400014909e8,0.0,0.0,0.0,0.0,0.0,0.0,0.0,0.0,0.0,0.0,Centrist/Neutral,equal
5c27e76978fad500019328cc,1.5,2.5,1.5,2.0,1.0,2.5,2.5,1.0,1.0,1.0,Liberal,equal
5c2805401d4eb70001177bfc,1.25,1.5,1.0,0.5,0.75,1.25,0.75,1.0,0.25,0.25,Liberal,equal
5c284e0970d93a0001211e16,0.0,0.0,0.0,0.0,0.0,0.0,0.0,0.0,0.0,0.0,Centrist/Neutral,equal
5c2854db89f035000174b3d0,3.0,6.0,3.0,2.0,3.0,6.0,5.0,4.0,1.0,1.0,Liberal,equal
5c291c9e1496350001cd4646,0.0,0.0,0.0,0.0,0.0,0.0,0.0,0.0,0.0,0.0,Very Liberal,equal
5c2d2bedbe01f100013be5c7,3.0,5.0,5.0,4.0,4.0,7.0,6.0,6.0,1.0,1.0,Very Liberal,equal
5c30b27e3329f40001e8e582,0.0,0.0,0.0,0.0,0.0,0.0,0.0,0.0,0.0,0.0,Centrist/Neutral,equal
5c327f67cced450001d49ea4,0.0,0.0,0.0,0.0,0.0,0.0,0.0,0.0,0.0,0.0,Liberal,equal
5c33c6db5dba3c00015ec0e7,5.0,5.0,5.0,5.0,4.0,7.0,7.0,6.0,2.0,4.0,Centrist/Neutral,less
5c340fd5a83d180001783c67,6.0,6.0,4.0,5.0,5.0,5.0,5.0,6.0,6.0,6.0,Very Liberal,equal
5c35101dbef9a20001e323f2,0.3333333333333333,0.3333333333333333,0.3333333333333333,0.3333333333333333,0.3333333333333333,0.3333333333333333,0.3333333333333333,0.3333333333333333,1.0,1.0,Centrist/Neutral,equal
5c3630c83ce2c8000111b504,1.0,1.0,1.0,1.0,1.0,1.0,1.0,1.0,1.0,1.0,Liberal,equal
5c3a1ef5e57f0500018506c0,0.0,0.0,0.0,0.0,0.0,0.0,0.0,0.0,0.0,0.0,Centrist/Neutral,equal
5c3a34eebe1ddc0001aa35d6,0.0,0.0,0.0,0.0,0.0,0.0,0.0,0.0,0.0,0.0,Centrist/Neutral,equal
5c3ab5ad1ede2b000115d6aa,0.0,0.0,0.0,0.0,0.0,0.0,0.0,0.0,0.0,0.0,Very Liberal,equal
5c401a3da2bdc5000121ba5b,0.0,0.0,0.0,0.0,0.0,0.0,0.0,0.0,0.0,0.0,Liberal,equal
5c4098bc2dcf46000167e4c9,1.0,2.5,0.5,0.5,0.5,0.5,0.5,0.5,1.0,1.0,Conservative,equal
5c41c28e896e090001c03bb0,0.0,0.0,0.0,0.0,0.0,0.0,0.0,0.0,0.0,0.0,Very Liberal,equal
5c43c90d5aca820001f73f6f,0.0,0.0,0.0,0.0,0.0,0.0,0.0,0.0,0.0,0.0,Centrist/Neutral,equal
5c4534332b1bda0001f5791f,0.6666666666666666,1.6666666666666667,0.3333333333333333,0.3333333333333333,1.0,0.3333333333333333,1.0,1.3333333333333333,1.6666666666666667,1.6666666666666667,Very Conservative,equal
5c47febdc41b2a000183b95a,0.0,0.0,0.0,0.0,0.0,0.0,0.0,0.0,0.0,0.0,Very Liberal,equal
5c4a40123714ae0001863e8a,0.3333333333333333,1.6666666666666667,1.0,1.3333333333333333,2.0,0.6666666666666666,1.0,1.3333333333333333,0.3333333333333333,0.3333333333333333,Liberal,equal
5c4ac37abe23f50001e7f8b4,0.0,0.0,0.0,0.0,0.0,0.0,0.0,0.0,0.0,0.0,Very Liberal,equal
5c4af67cdccaa800016b3192,0.5714285714285714,0.5714285714285714,0.5714285714285714,0.42857142857142855,0.5714285714285714,0.5714285714285714,0.42857142857142855,0.5714285714285714,0.14285714285714285,0.14285714285714285,Liberal,equal
5c4d1a6c9ce35100019dbc88,0.0,0.0,0.0,0.0,0.0,0.0,0.0,0.0,0.0,0.0,Liberal,equal
5c4de8f726093e000134ee6e,0.0,0.0,0.0,0.0,0.0,0.0,0.0,0.0,0.0,0.0,Conservative,equal
5c4e58785994ca0001132982,0.0,0.0,0.0,0.0,0.0,0.0,0.0,0.0,0.0,0.0,Centrist/Neutral,equal
5c4ebc2361922600011642e6,2.0,6.0,5.0,6.0,4.0,5.0,5.0,6.0,3.0,3.0,Very Liberal,equal
5c53b76553fba80001bca743,3.0,5.0,3.0,2.0,2.0,5.0,3.0,2.0,2.0,2.0,Centrist/Neutral,equal
5c54bf7d77f9e700015ef638,0.0,0.0,0.0,0.0,0.0,0.0,0.0,0.0,0.0,0.0,Conservative,equal
5c57d2dccf1cd900018d7226,2.0,5.0,4.0,3.0,3.0,5.0,5.0,5.0,1.0,1.0,Very Liberal,equal
5c5b8a16d211570001291b11,0.0,0.0,0.0,0.0,0.0,0.0,0.0,0.0,0.0,0.0,Centrist/Neutral,equal
5c5c06b9ba12df000140be91,1.0,6.0,3.0,1.0,2.0,6.0,6.0,6.0,4.0,1.0,Liberal,more
5c5c4179ee8ba60001336bb1,0.0,0.0,0.0,0.0,0.0,0.0,0.0,0.0,0.0,0.0,Very Liberal,equal
5c5c76a0bfe5280001447999,0.0,0.0,0.0,0.0,0.0,0.0,0.0,0.0,0.0,0.0,Centrist/Neutral,equal
5c5ce95a92e37d00012f2d94,0.6666666666666666,1.3333333333333333,0.6666666666666666,1.0,1.0,1.6666666666666667,1.3333333333333333,1.3333333333333333,0.3333333333333333,0.3333333333333333,Liberal,equal
5c5da579bfe5280001448433,1.2,2.0,0.4,0.4,0.4,1.2,0.6,0.8,0.6,0.8,Conservative,less
5c5db893b40f3800011084b4,0.0,0.0,0.0,0.0,0.0,0.0,0.0,0.0,0.0,0.0,Liberal,equal
5c5dba4ed86a7f000191e5d5,1.3333333333333333,1.6666666666666667,0.6666666666666666,0.6666666666666666,0.6666666666666666,0.6666666666666666,0.6666666666666666,0.6666666666666666,1.6666666666666667,3.0,Centrist/Neutral,less
5c5e4e5106006e0001db8f0c,6.0,6.0,6.0,6.0,7.0,6.0,7.0,7.0,1.0,1.0,Very Liberal,equal
5c5f7a56054ae60001d066f2,0.0,0.0,0.0,0.0,0.0,0.0,0.0,0.0,0.0,0.0,Centrist/Neutral,equal
5c5fc0136467ac0001b80940,0.4,1.2,0.8,0.8,0.6,1.2,1.2,1.0,0.2,0.2,Liberal,equal
5c670a430d80fd00014264f9,0.2857142857142857,0.42857142857142855,0.2857142857142857,0.2857142857142857,0.2857142857142857,0.42857142857142855,0.42857142857142855,0.42857142857142855,0.42857142857142855,0.42857142857142855,Centrist/Neutral,equal
5c683401b75f9000019f49ba,1.0,3.0,2.0,2.0,2.0,2.0,2.0,2.0,0.0,0.0,Liberal,equal
5c6babadec1fb80001c18bed,0.0,0.0,0.0,0.0,0.0,0.0,0.0,0.0,0.0,0.0,Centrist/Neutral,equal
5c6c90bcf4dc2c0001e8d6d1,2.0,5.0,3.0,2.0,1.0,7.0,7.0,7.0,3.0,3.0,Centrist/Neutral,equal
5c6d460ec3aa150001145611,0.0,0.0,0.0,0.0,0.0,0.0,0.0,0.0,0.0,0.0,Centrist/Neutral,equal
5c6f1611922d7a00017cb800,0.0,0.0,0.0,0.0,0.0,0.0,0.0,0.0,0.0,0.0,Liberal,equal
5c6f2e7632cb70000169b490,0.0,0.0,0.0,0.0,0.0,0.0,0.0,0.0,0.0,0.0,Liberal,equal
5c707aa503f85b0001af8c7b,1.0,2.5,1.0,1.0,1.5,2.0,1.5,2.0,1.5,1.5,Conservative,equal
5c738ffc61dd7e0001a16a72,1.3333333333333333,2.0,2.3333333333333335,1.3333333333333333,1.3333333333333333,2.0,1.6666666666666667,2.0,0.3333333333333333,0.3333333333333333,Very Liberal,equal
5c75419284e176001254c7a5,2.0,2.5,1.5,2.0,2.0,2.5,2.0,2.0,0.0,0.5,Liberal,less
5c75471e5eb59f000131c7a4,0.6666666666666666,1.0,1.1666666666666667,1.1666666666666667,0.8333333333333334,1.8333333333333333,0.6666666666666666,1.1666666666666667,0.0,0.0,Very Liberal,equal
5c78dc27e8df4d00150c5252,0.0,0.0,0.0,0.0,0.0,0.0,0.0,0.0,0.0,0.0,Centrist/Neutral,equal
5c78e5930d75f00015f6002a,0.0,0.0,0.0,0.0,0.0,0.0,0.0,0.0,0.0,0.0,Centrist/Neutral,equal
5c7a4ca80b94ca00164122a1,0.0,0.0,0.0,0.0,0.0,0.0,0.0,0.0,0.0,0.0,Liberal,equal
5c7c1b0dda78bc0001257fa2,0.0,0.0,0.0,0.0,0.0,0.0,0.0,0.0,0.0,0.0,Very Liberal,equal
5c7c73b6f48c6d0001f6f49c,0.0,0.0,0.0,0.0,0.0,0.0,0.0,0.0,0.0,0.0,Centrist/Neutral,equal
5c7d7e86848d2a0016b3dd3e,0.0,0.0,0.0,0.0,0.0,0.0,0.0,0.0,0.0,0.0,Liberal,equal
5c7e91c1973c990016ea72b0,0.0,0.0,0.0,0.0,0.0,0.0,0.0,0.0,0.0,0.0,Very Liberal,equal
5c7ec09ff123b3001022c20a,0.0,0.0,0.0,0.0,0.0,0.0,0.0,0.0,0.0,0.0,Liberal,equal
5c7f6bbdc2d6ce00015af169,2.0,6.0,5.0,4.0,5.0,4.0,6.0,7.0,2.0,2.0,Very Liberal,equal
5c817d90fae0130015ce9bda,0.2,0.2,0.8,0.8,1.0,1.0,1.2,1.2,0.8,0.8,Centrist/Neutral,equal
5c82a8cdfff8430015e9942f,1.0,3.0,3.0,2.0,2.0,3.0,1.0,4.0,1.0,1.0,Centrist/Neutral,equal
5c82acc04fd379001524a6ae,0.0,0.0,0.0,0.0,0.0,0.0,0.0,0.0,0.0,0.0,Centrist/Neutral,equal
5c871711c558df00015663c9,0.0,0.0,0.0,0.0,0.0,0.0,0.0,0.0,0.0,0.0,Very Liberal,equal
5c89bf9c54effd0016d7285b,2.0,4.0,2.0,2.0,2.0,4.0,4.0,2.0,1.0,1.0,Liberal,equal
5c8a9fcefc99500016552933,0.0,0.0,0.0,0.0,0.0,0.0,0.0,0.0,0.0,0.0,Very Liberal,equal
5c8be0dd542fbd0016924f5f,0.2,0.8,0.2,0.2,0.2,0.8,0.2,0.2,1.0,1.0,Very Conservative,equal
5c8f924dbd496e0012a84583,0.0,0.0,0.0,0.0,0.0,0.0,0.0,0.0,0.0,0.0,Centrist/Neutral,equal
5c90fd5c26e3ed0001989e17,3.0,4.0,2.0,2.0,2.0,3.0,3.0,3.0,0.0,0.0,Very Liberal,equal
5c9107147a7067000190a544,0.0,0.0,0.0,0.0,0.0,0.0,0.0,0.0,0.0,0.0,Liberal,equal
5c91c693765dad0016f8495c,0.0,0.0,0.0,0.0,0.0,0.0,0.0,0.0,0.0,0.0,Very Liberal,equal
5c91d45264d5c100171ea8ab,0.0,0.0,0.0,0.0,0.0,0.0,0.0,0.0,0.0,0.0,Conservative,equal
5c9244da40643d0001c39982,0.0,0.0,0.0,0.0,0.0,0.0,0.0,0.0,0.0,0.0,Liberal,equal
5c9527e29e4f7400011e1571,0.0,0.0,0.0,0.0,0.0,0.0,0.0,0.0,0.0,0.0,Conservative,equal
5c95970cd676900016e1a940,0.0,0.0,0.0,0.0,0.0,0.0,0.0,0.0,0.0,0.0,Liberal,equal
5c97d5bb41502a0017b3aadf,0.0,0.0,0.0,0.0,0.0,0.0,0.0,0.0,0.0,0.0,Very Liberal,equal
5c989ea4c7f75b0001677fa8,0.0,0.0,0.0,0.0,0.0,0.0,0.0,0.0,0.0,0.0,Very Liberal,equal
5ca229d63861e700154363bd,0.0,0.0,0.0,0.0,0.0,0.0,0.0,0.0,0.0,0.0,Centrist/Neutral,equal
5ca6bbf13b5fcf00100996e9,0.16666666666666666,0.16666666666666666,0.16666666666666666,0.16666666666666666,0.16666666666666666,0.16666666666666666,0.16666666666666666,0.16666666666666666,0.5,0.5,Centrist/Neutral,equal
5ca7a84f6c0307000114930b,0.0,0.0,0.0,0.0,0.0,0.0,0.0,0.0,0.0,0.0,Centrist/Neutral,equal
5caaceabc3c36a001557dd8c,5.0,5.0,5.0,3.0,5.0,7.0,7.0,7.0,0.0,2.0,Liberal,less
5cb35e2314235c0001320446,0.0,0.0,0.0,0.0,0.0,0.0,0.0,0.0,0.0,0.0,Very Liberal,equal
5cb3ca4e66fddc001481db61,1.0,5.0,1.0,1.0,1.0,4.0,1.0,1.0,1.0,1.0,Liberal,equal
5cb41daa19eba30012701245,0.0,0.0,0.0,0.0,0.0,0.0,0.0,0.0,0.0,0.0,Centrist/Neutral,equal
5cb501c0c79edc0017faecd3,4.0,4.0,5.0,5.0,5.0,4.0,5.0,5.0,1.0,1.0,Centrist/Neutral,equal
5cb60f1eefd4130001bbfdb7,0.0,0.0,0.0,0.0,0.0,0.0,0.0,0.0,0.0,0.0,Liberal,equal
5cb62855a8a6d400176eca83,0.0,0.0,0.0,0.0,0.0,0.0,0.0,0.0,0.0,0.0,Liberal,equal
5cb62e9293342300017a72a1,3.0,3.5,3.5,2.0,3.5,3.5,3.5,3.5,0.5,0.5,Very Liberal,equal
5cb882d33f0af9000159e00f,0.0,0.0,0.0,0.0,0.0,0.0,0.0,0.0,0.0,0.0,Conservative,equal
5cb929bfebd17d0017e7f848,0.16666666666666666,0.8333333333333334,0.3333333333333333,0.16666666666666666,0.16666666666666666,0.3333333333333333,0.16666666666666666,0.16666666666666666,0.5,0.5,Conservative,equal
5cba3e70f429ff00149dd978,3.0,5.0,5.0,5.0,5.0,7.0,7.0,7.0,1.0,1.0,Centrist/Neutral,equal
5cbb2c92b413150001a88e13,4.0,5.0,4.0,5.0,3.0,1.0,5.0,3.0,2.0,2.0,Liberal,equal
5cbe04b4f429ff00159de30e,0.0,0.0,0.0,0.0,0.0,0.0,0.0,0.0,0.0,0.0,Liberal,equal
5cbea0b506e27c001e4c03a8,0.6666666666666666,1.3333333333333333,2.0,2.0,1.0,1.3333333333333333,2.3333333333333335,1.6666666666666667,0.3333333333333333,1.3333333333333333,Liberal,less
5cbf7734aae1180017942e45,0.0,0.0,0.0,0.0,0.0,0.0,0.0,0.0,0.0,0.0,Conservative,equal
5cc020d5159f790017bee28b,0.0,0.0,0.0,0.0,0.0,0.0,0.0,0.0,0.0,0.0,Very Liberal,equal
5cc0911796a3ca00011ddfcc,0.0,0.0,0.0,0.0,0.0,0.0,0.0,0.0,0.0,0.0,Centrist/Neutral,equal
5cc344f6a187880001370d77,0.0,0.0,0.0,0.0,0.0,0.0,0.0,0.0,0.0,0.0,Centrist/Neutral,equal
5cc34f64b4a9220015911c45,0.0,0.0,0.0,0.0,0.0,0.0,0.0,0.0,0.0,0.0,Very Liberal,equal
5cc46571f317fe00154e075e,0.0,0.0,0.0,0.0,0.0,0.0,0.0,0.0,0.0,0.0,Very Conservative,equal
5cc604bd3bbb120018a3c0e2,0.0,0.0,0.0,0.0,0.0,0.0,0.0,0.0,0.0,0.0,Liberal,equal
5cc93712f2915d00148a0602,0.0,0.0,0.0,0.0,0.0,0.0,0.0,0.0,0.0,0.0,Liberal,equal
5ccd0f98bc4e160001c0d622,1.0,3.0,5.0,5.0,6.0,5.0,6.0,5.0,2.0,3.0,Very Liberal,less
5cd8d86210887400182db201,0.0,0.0,0.0,0.0,0.0,0.0,0.0,0.0,0.0,0.0,Conservative,equal
5cdcfb9de3e7c20016a4082c,0.0,0.0,0.0,0.0,0.0,0.0,0.0,0.0,0.0,0.0,Very Liberal,equal
5ce30fb4c6aade001903ed6d,0.3333333333333333,1.6666666666666667,1.3333333333333333,1.0,0.6666666666666666,1.6666666666666667,2.0,1.0,0.0,0.0,Very Liberal,equal
5ce356fa1497a8001a8469d3,0.0,0.0,0.0,0.0,0.0,0.0,0.0,0.0,0.0,0.0,Very Liberal,equal
5ce36fd645ff250001244987,0.0,0.0,0.0,0.0,0.0,0.0,0.0,0.0,0.0,0.0,Liberal,equal
5ce610802be975001b46f0ac,0.0,0.0,0.0,0.0,0.0,0.0,0.0,0.0,0.0,0.0,Liberal,equal
5ce791d77a1a2300188e03bc,0.0,0.0,0.0,0.0,0.0,0.0,0.0,0.0,0.0,0.0,Liberal,equal
5cea6a19be3e050016bf85f2,4.0,6.0,6.0,6.0,6.0,6.0,6.0,6.0,0.0,0.0,Liberal,equal
5cea73210b20970001acee5f,5.0,7.0,5.0,3.0,2.0,5.0,5.0,5.0,5.0,5.0,Liberal,equal
5ced8f96a726ed0015d31452,0.0,0.0,0.0,0.0,0.0,0.0,0.0,0.0,0.0,0.0,Very Conservative,equal
5cef4881fb09f7000157f151,0.0,0.0,0.0,0.0,0.0,0.0,0.0,0.0,0.0,0.0,Very Liberal,equal
5ceff90683416100197cde83,0.0,0.0,0.0,0.0,0.0,0.0,0.0,0.0,0.0,0.0,Centrist/Neutral,equal
5cf274cb201b8000190c85cd,0.0,0.0,0.0,0.0,0.0,0.0,0.0,0.0,0.0,0.0,Centrist/Neutral,equal
5cf480e61e7dd30001eee4c1,0.0,0.0,0.0,0.0,0.0,0.0,0.0,0.0,0.0,0.0,Liberal,equal
5cf6231511ba980001e3aa3d,0.0,0.0,0.0,0.0,0.0,0.0,0.0,0.0,0.0,0.0,Very Liberal,equal
5cf942378da406000127871f,2.0,6.0,2.0,4.0,1.0,6.0,5.0,7.0,2.0,2.0,Liberal,equal
5cfbcc1fa7f8940019cd8704,6.0,4.0,2.0,1.0,1.0,4.0,5.0,6.0,2.0,2.0,Centrist/Neutral,equal
5cfc3d486e9951001a0cb8cd,0.4,0.4,0.2,0.2,0.4,0.2,0.2,0.4,0.0,0.0,Very Liberal,equal
5d05767056e71d001863ef54,0.0,0.0,0.0,0.0,0.0,0.0,0.0,0.0,0.0,0.0,Very Liberal,equal
5d06b3a3ae1dc1000167e533,0.0,0.0,0.0,0.0,0.0,0.0,0.0,0.0,0.0,0.0,Liberal,equal
5d09658d561a350001d62540,4.0,6.0,3.0,3.0,4.0,5.0,5.0,5.0,4.0,3.0,Very Liberal,more
5d0a731abf09e10001c3f3d8,0.0,0.0,0.0,0.0,0.0,0.0,0.0,0.0,0.0,0.0,Very Liberal,equal
5d0c3381da7493001ab3a903,1.0,1.0,7.0,5.0,1.0,4.0,4.0,1.0,2.0,2.0,Liberal,equal
5d0eb8f40c09d600174dca28,0.0,0.0,0.0,0.0,0.0,0.0,0.0,0.0,0.0,0.0,Very Liberal,equal
5d0ef1db991536001911cbf0,0.0,0.0,0.0,0.0,0.0,0.0,0.0,0.0,0.0,0.0,Very Liberal,equal
5d0fb996286e1700010de2c1,0.0,0.0,0.0,0.0,0.0,0.0,0.0,0.0,0.0,0.0,Liberal,equal
5d10d808156091001a74639e,0.0,0.0,0.0,0.0,0.0,0.0,0.0,0.0,0.0,0.0,Liberal,equal
5d10eaf23afd390019075267,0.0,0.0,0.0,0.0,0.0,0.0,0.0,0.0,0.0,0.0,Liberal,equal
5d1534993fa4550019cf8aec,1.5,2.5,2.0,1.5,2.0,2.5,2.5,2.5,0.5,0.5,Conservative,equal
5d1554e28ecfae0017a026eb,0.0,0.0,0.0,0.0,0.0,0.0,0.0,0.0,0.0,0.0,Centrist/Neutral,equal
5d17227bab610c00170fd98d,2.0,7.0,4.0,2.0,2.0,2.0,2.0,2.0,4.0,4.0,Centrist/Neutral,equal
5d18251e19c4900016c01035,0.0,0.0,0.0,0.0,0.0,0.0,0.0,0.0,0.0,0.0,Centrist/Neutral,equal
5d1aadf961a40900171f6931,0.5,2.0,1.5,0.5,0.5,1.0,2.5,1.0,0.0,0.0,Liberal,equal
5d1ba5653788ac0019ced548,0.0,0.0,0.0,0.0,0.0,0.0,0.0,0.0,0.0,0.0,Liberal,equal
5d1ccc7c7e747d0016183e65,0.0,0.0,0.0,0.0,0.0,0.0,0.0,0.0,0.0,0.0,Centrist/Neutral,equal
5d1e36a751bab9001616225f,0.0,0.0,0.0,0.0,0.0,0.0,0.0,0.0,0.0,0.0,Liberal,equal
5d1e5e30a043ee0019453932,2.2,2.6,2.2,2.2,2.2,2.6,2.8,2.8,0.6,0.6,Liberal,equal
5d1e943542ea95001a078e22,0.0,0.0,0.0,0.0,0.0,0.0,0.0,0.0,0.0,0.0,Conservative,equal
5d1ff768c1dc1c0016162bf6,0.0,0.0,0.0,0.0,0.0,0.0,0.0,0.0,0.0,0.0,Liberal,equal
5d25fb29c03bad001a86e557,1.0,3.0,1.0,1.0,1.0,1.0,1.0,1.0,1.0,1.0,Very Liberal,equal
5d2c54fadc093b001983dc57,0.0,0.0,0.0,0.0,0.0,0.0,0.0,0.0,0.0,0.0,Very Liberal,equal
5d2e4fd16adc630018df841c,0.0,0.0,0.0,0.0,0.0,0.0,0.0,0.0,0.0,0.0,Centrist/Neutral,equal
5d2f054b1dde3600015e43d9,0.0,0.0,0.0,0.0,0.0,0.0,0.0,0.0,0.0,0.0,Conservative,equal
5d2f7fb4bb27200019010768,2.0,5.0,4.0,4.0,2.0,5.0,4.0,4.0,3.0,3.0,Liberal,equal
5d30790f326b0f0017a2a828,0.0,0.0,0.0,0.0,0.0,0.0,0.0,0.0,0.0,0.0,Conservative,equal
5d30a875ad3457001743fbc9,0.3333333333333333,1.0,1.3333333333333333,1.0,0.6666666666666666,1.6666666666666667,1.3333333333333333,0.6666666666666666,1.3333333333333333,1.3333333333333333,Conservative,equal
5d314d9a667c4e0019ccc45d,5.0,6.0,3.0,2.0,4.0,4.0,3.0,4.0,1.0,5.0,Liberal,less
5d3213238088eb0018fee4c9,2.0,5.0,4.0,4.0,3.0,6.0,4.0,6.0,1.0,1.0,Liberal,equal
5d3356323e1190001909339b,0.0,0.0,0.0,0.0,0.0,0.0,0.0,0.0,0.0,0.0,Liberal,equal
5d338bb02381b7001761694e,0.0,0.0,0.0,0.0,0.0,0.0,0.0,0.0,0.0,0.0,Centrist/Neutral,equal
5d3515c39ce6590017010766,0.0,0.0,0.0,0.0,0.0,0.0,0.0,0.0,0.0,0.0,Very Conservative,equal
5d36600685d1d50001affacb,0.5,1.1666666666666667,0.5,0.3333333333333333,0.6666666666666666,1.1666666666666667,0.8333333333333334,1.1666666666666667,0.0,0.0,Liberal,equal
5d3758292faa0d0016797c0f,0.0,0.0,0.0,0.0,0.0,0.0,0.0,0.0,0.0,0.0,Centrist/Neutral,equal
5d378c6281077c001962a614,3.0,5.0,4.0,4.0,3.0,5.0,5.0,4.0,1.0,1.0,Very Liberal,equal
5d37c1724803980016b2207e,2.0,5.0,2.0,2.0,2.0,5.0,5.0,5.0,4.0,4.0,Liberal,equal
5d37d2861566530016a061de,0.0,0.0,0.0,0.0,0.0,0.0,0.0,0.0,0.0,0.0,Conservative,equal
5d38c604b3126d0001fbed6e,0.0,0.0,0.0,0.0,0.0,0.0,0.0,0.0,0.0,0.0,Liberal,equal
5d3bfd65aca82300157c95c2,0.0,0.0,0.0,0.0,0.0,0.0,0.0,0.0,0.0,0.0,Very Liberal,equal
5d3f6c700bd40e001cf67d98,0.0,0.0,0.0,0.0,0.0,0.0,0.0,0.0,0.0,0.0,Centrist/Neutral,equal
5d42486206811e001ada5b4b,0.0,0.0,0.0,0.0,0.0,0.0,0.0,0.0,0.0,0.0,Liberal,equal
5d42eb0db3dfc40018ab2c36,0.0,0.0,0.0,0.0,0.0,0.0,0.0,0.0,0.0,0.0,Liberal,equal
5d437b12e2051e0001a248ca,0.0,0.0,0.0,0.0,0.0,0.0,0.0,0.0,0.0,0.0,Very Liberal,equal
5d446af8687d6c0019c0ca03,3.5,6.5,5.5,3.0,2.0,6.5,1.5,4.5,1.0,1.0,Very Liberal,equal
5d45bcac090549001a67b6f0,1.5,1.5,1.5,1.5,1.0,1.0,1.0,0.5,0.5,0.5,Very Conservative,equal
5d497f8d3c428d0017121681,0.0,0.0,0.0,0.0,0.0,0.0,0.0,0.0,0.0,0.0,Very Conservative,equal
5d49a0b751695e0001a188a8,0.0,0.0,0.0,0.0,0.0,0.0,0.0,0.0,0.0,0.0,Conservative,equal
5d49b7be18ecc30017428cd2,1.0,2.0,1.0,1.0,1.0,1.3333333333333333,1.3333333333333333,1.3333333333333333,0.3333333333333333,0.3333333333333333,Liberal,equal
5d4a01a20b5bf80019ad0070,5.0,4.0,5.0,5.0,3.0,6.0,6.0,3.0,2.0,2.0,Very Liberal,equal
5d4a1c61be2a040001beaedb,4.0,7.0,6.0,6.0,5.0,7.0,7.0,6.0,0.0,0.0,Very Liberal,equal
5d4c7aa8f05d320001760340,0.0,0.0,0.0,0.0,0.0,0.0,0.0,0.0,0.0,0.0,Very Liberal,equal
5d4c7ac3e8ec490018b0050d,0.0,0.0,0.0,0.0,0.0,0.0,0.0,0.0,0.0,0.0,Very Liberal,equal
5d510396f6725b001a4fc025,1.3333333333333333,2.0,1.0,1.0,1.0,2.3333333333333335,2.3333333333333335,2.3333333333333335,0.3333333333333333,0.3333333333333333,Very Liberal,equal
5d515de747ee500019e799ea,1.0,5.0,3.0,2.0,2.0,5.0,4.0,3.0,0.0,0.0,Very Liberal,equal
5d5162f1b50a1000169da137,0.0,0.0,0.0,0.0,0.0,0.0,0.0,0.0,0.0,0.0,Conservative,equal
5d52f6bdc93322000116f8dc,1.0,1.0,2.0,3.0,1.0,2.0,1.0,1.0,1.0,1.0,Liberal,equal
5d537ba1809af30019713699,0.0,0.0,0.0,0.0,0.0,0.0,0.0,0.0,0.0,0.0,Liberal,equal
5d545ca7f3419700170ad579,1.0,2.0,3.0,1.0,1.0,3.0,1.0,1.0,1.0,1.0,Liberal,equal
5d54d3560c5b0400174b3c81,0.8,0.4,1.0,0.6,0.4,1.4,1.0,0.8,0.0,0.4,Very Liberal,less
5d5b64a224470200150a9cf1,2.5,3.0,2.0,2.0,2.0,1.5,1.0,0.5,2.0,1.5,Liberal,more
5d5dc2d37bfc8400013b653c,0.6666666666666666,0.6666666666666666,0.6666666666666666,0.6666666666666666,0.3333333333333333,0.6666666666666666,0.6666666666666666,0.5,0.16666666666666666,0.16666666666666666,Centrist/Neutral,equal
5d5eeb06d8bcde00162d73f1,0.0,0.0,0.0,0.0,0.0,0.0,0.0,0.0,0.0,0.0,Centrist/Neutral,equal
5d5f07cdca10e90016bc0103,0.0,0.0,0.0,0.0,0.0,0.0,0.0,0.0,0.0,0.0,Centrist/Neutral,equal
5d61798ee6c26f001cbe2356,2.5,2.5,6.0,4.5,3.5,7.0,5.0,4.5,4.0,4.0,Liberal,equal
5d618d5b13b88900195548f2,0.0,0.0,0.0,0.0,0.0,0.0,0.0,0.0,0.0,0.0,Liberal,equal
5d625b4550d0dd0017805839,1.25,1.75,1.5,1.5,1.75,1.75,1.25,1.75,0.75,0.5,Liberal,more
5d633f7d4b3d9000011fc60a,0.0,0.0,0.0,0.0,0.0,0.0,0.0,0.0,0.0,0.0,Liberal,equal
5d6807f9778de5001a120d9a,0.2,0.4,0.6,0.4,0.4,0.6,0.6,0.4,0.2,0.2,Liberal,equal
5d6d95547481f10019db1f28,5.0,5.0,3.0,3.0,3.0,6.0,7.0,5.0,4.0,4.0,Liberal,equal
5d74001d391b6600175f433b,0.0,0.0,0.0,0.0,0.0,0.0,0.0,0.0,0.0,0.0,Liberal,equal
5d788a48a745e900191b0447,0.0,0.0,0.0,0.0,0.0,0.0,0.0,0.0,0.0,0.0,Liberal,equal
5d792a20c0a7b8001879154a,0.0,0.0,0.0,0.0,0.0,0.0,0.0,0.0,0.0,0.0,Very Conservative,equal
5d79375d794d900017671c07,0.3333333333333333,1.6666666666666667,0.3333333333333333,0.3333333333333333,0.3333333333333333,1.3333333333333333,0.6666666666666666,1.3333333333333333,0.6666666666666666,1.0,Centrist/Neutral,less
5d7bd6f64b15c1000195721a,0.0,0.0,0.0,0.0,0.0,0.0,0.0,0.0,0.0,0.0,Liberal,equal
5d7fd2a5987f70001602d95b,0.25,0.25,0.25,0.25,0.25,0.5,0.25,0.25,1.0,1.0,Centrist/Neutral,equal
5d81611eb54787000140f73a,0.0,0.0,0.0,0.0,0.0,0.0,0.0,0.0,0.0,0.0,Centrist/Neutral,equal
5d81746b784c7600198580ee,0.0,0.0,0.0,0.0,0.0,0.0,0.0,0.0,0.0,0.0,Very Liberal,equal
5d82721a7d2c7400173d26cb,0.0,0.0,0.0,0.0,0.0,0.0,0.0,0.0,0.0,0.0,Centrist/Neutral,equal
5d82e7cdf00cd300176b5566,0.0,0.0,0.0,0.0,0.0,0.0,0.0,0.0,0.0,0.0,Liberal,equal
5d84d74aba692b001d6708b3,2.5,3.0,3.0,3.0,2.5,3.0,3.0,3.0,0.5,0.5,Liberal,equal
5d84e353a954540015f51437,5.0,6.0,5.0,5.0,5.0,7.0,7.0,7.0,2.0,2.0,Conservative,equal
5d88f2f8cefb52001a83f1b2,0.0,0.0,0.0,0.0,0.0,0.0,0.0,0.0,0.0,0.0,Centrist/Neutral,equal
5d8aafe09d72b20019dc66d3,0.0,0.0,0.0,0.0,0.0,0.0,0.0,0.0,0.0,0.0,Conservative,equal
5d8b7c00f6c3640019267f3b,4.0,4.0,3.0,3.0,3.0,5.0,4.0,4.0,3.0,3.0,Centrist/Neutral,equal
5d8cf61c8057a8001b0569be,2.0,4.0,2.0,3.0,1.0,3.0,3.0,2.0,3.0,3.0,Very Liberal,equal
5d8d29488bb7fa001a59cfec,4.0,4.5,3.0,4.5,1.5,4.0,5.5,3.5,0.0,0.0,Very Liberal,equal
5d8d821215875e001482ece7,0.0,0.0,0.0,0.0,0.0,0.0,0.0,0.0,0.0,0.0,Liberal,equal
5d8de6eaafa2c40019f2375e,0.0,0.0,0.0,0.0,0.0,0.0,0.0,0.0,0.0,0.0,Centrist/Neutral,equal
5d8e361e6e920e0014b459d9,0.0,0.0,0.0,0.0,0.0,0.0,0.0,0.0,0.0,0.0,Liberal,equal
5d9283b2fef9a5001ab28d18,0.0,0.0,0.0,0.0,0.0,0.0,0.0,0.0,0.0,0.0,Centrist/Neutral,equal
5d929c1d243c0c001a369955,3.0,4.0,1.0,1.0,1.0,1.0,1.0,1.0,4.0,4.0,Conservative,equal
5d92a47e503fb200182d6aa5,0.5,0.5,3.5,3.5,3.5,3.5,3.0,2.5,0.5,0.5,Very Liberal,equal
5d949970ca12280014908f72,4.0,5.0,3.0,3.0,3.0,3.0,3.0,3.0,1.0,1.0,Centrist/Neutral,equal
5d951d9419479d00155e7140,0.0,0.0,0.0,0.0,0.0,0.0,0.0,0.0,0.0,0.0,Liberal,equal
5d961edc1b7e120012c4ca34,0.0,0.0,0.0,0.0,0.0,0.0,0.0,0.0,0.0,0.0,Very Liberal,equal
5d96203d74f4a000159a8c58,0.0,0.0,0.0,0.0,0.0,0.0,0.0,0.0,0.0,0.0,Centrist/Neutral,equal
5d964976b8040b001761467c,0.0,0.0,0.0,0.0,0.0,0.0,0.0,0.0,0.0,0.0,Very Liberal,equal
5d96fe713cc967001852334f,0.0,0.0,0.0,0.0,0.0,0.0,0.0,0.0,0.0,0.0,Very Liberal,equal
5d98077e74f4a002ea9a8c40,0.0,0.0,0.0,0.0,0.0,0.0,0.0,0.0,0.0,0.0,Centrist/Neutral,equal
5d9a7b223dbc9e02ad435c90,0.0,0.0,0.0,0.0,0.0,0.0,0.0,0.0,0.0,0.0,Centrist/Neutral,equal
5d9b20dd62b8100014e8cb53,0.0,0.0,0.0,0.0,0.0,0.0,0.0,0.0,0.0,0.0,Conservative,equal
5d9be30b027b5602c520d93b,4.0,6.0,6.0,5.0,4.0,7.0,7.0,7.0,1.0,1.0,Very Liberal,equal
5d9bf6ef9bb6870364067287,0.0,0.0,0.0,0.0,0.0,0.0,0.0,0.0,0.0,0.0,Centrist/Neutral,equal
5d9d2e421af9ed0011c31894,0.0,0.0,0.0,0.0,0.0,0.0,0.0,0.0,0.0,0.0,Very Liberal,equal
5d9e009c63fa4c00164576a5,0.0,0.0,0.0,0.0,0.0,0.0,0.0,0.0,0.0,0.0,Liberal,equal
5da20df461471f0014bb184e,0.3333333333333333,2.3333333333333335,0.3333333333333333,0.3333333333333333,0.3333333333333333,1.3333333333333333,0.3333333333333333,1.0,0.0,0.0,Centrist/Neutral,equal
5da4e65ee7fdf4001aa4dab1,0.0,0.0,0.0,0.0,0.0,0.0,0.0,0.0,0.0,0.0,Liberal,equal
5da8ded81844f20015bf9a62,2.0,6.0,2.0,2.0,2.0,4.0,3.0,4.0,4.0,4.0,Conservative,equal
5daac00a033d570013579de0,0.0,0.0,0.0,0.0,0.0,0.0,0.0,0.0,0.0,0.0,Very Liberal,equal
5dab7683c514d8001730ae4e,0.0,0.0,0.0,0.0,0.0,0.0,0.0,0.0,0.0,0.0,Conservative,equal
5dabdb6cee054900172563a9,0.0,0.0,0.0,0.0,0.0,0.0,0.0,0.0,0.0,0.0,Liberal,equal
5dacf0bb8f8b6800114d9013,1.5,3.0,1.5,1.0,1.5,3.0,3.0,2.0,1.5,1.0,Very Liberal,more
5dad225f000b3700186ed71b,0.0,0.0,0.0,0.0,0.0,0.0,0.0,0.0,0.0,0.0,Centrist/Neutral,equal
5dae16d241fbb6001160ce72,0.25,0.625,0.375,0.375,0.375,0.375,0.375,0.375,0.0,0.0,Centrist/Neutral,equal
5db25a62299961000fc5628d,0.0,0.0,0.0,0.0,0.0,0.0,0.0,0.0,0.0,0.0,Conservative,equal
5db2cfc2aa1295000aa719c1,1.0,5.0,5.0,5.0,7.0,6.0,6.0,6.0,3.0,1.0,Very Liberal,more
5db3a4ad4e72fe000cfb3dc9,0.5,2.5,0.5,0.5,0.5,2.75,2.0,2.5,3.0,3.0,Very Liberal,equal
5db6f5c8c5ffeb000ac7cfb2,0.0,0.0,0.0,0.0,0.0,0.0,0.0,0.0,0.0,0.0,Conservative,equal
5db721e8e26da7000b6c7f85,4.0,5.5,5.0,4.5,5.0,6.0,5.0,5.0,0.0,0.0,Liberal,equal
5db89792ad8fd5000c855134,0.0,0.0,0.0,0.0,0.0,0.0,0.0,0.0,0.0,0.0,Centrist/Neutral,equal
5db9a46ff8e3f9000f88cb85,1.5,2.5,0.5,0.5,0.5,1.0,1.5,1.0,0.5,0.5,Conservative,equal
5dbc46b70338051eb7999760,0.5,1.0,0.16666666666666666,0.16666666666666666,0.16666666666666666,0.8333333333333334,0.16666666666666666,0.6666666666666666,0.16666666666666666,0.16666666666666666,Liberal,equal
5dbf9446a3f5cb419e9d28c8,0.6666666666666666,1.0,0.6666666666666666,0.6666666666666666,0.5,0.8333333333333334,1.0,0.8333333333333334,0.3333333333333333,0.3333333333333333,Liberal,equal
5dbfc5016d82ff42896b1f76,1.0,7.0,1.0,1.0,4.0,1.0,1.0,5.0,3.0,3.0,Very Conservative,equal
5dc0ac2c441a2105cbb3bb0f,0.0,0.0,0.0,0.0,0.0,0.0,0.0,0.0,0.0,0.0,Very Liberal,equal
5dc0cc1f317aa4076275ddf9,0.0,0.0,0.0,0.0,0.0,0.0,0.0,0.0,0.0,0.0,Very Liberal,equal
5dc59ba2dbf82041d1ebc7de,3.0,6.0,6.0,6.0,6.0,4.0,4.0,3.0,1.0,1.0,Centrist/Neutral,equal
5dcb1db49173807fc66660cb,0.0,0.0,0.0,0.0,0.0,0.0,0.0,0.0,0.0,0.0,Very Liberal,equal
5dcb55b60133ef83a90f85ac,0.16666666666666666,0.8333333333333334,0.8333333333333334,0.5,0.5,1.0,0.5,0.5,0.16666666666666666,0.16666666666666666,Liberal,equal
5dcc2827b1dabb8be6a9048e,0.0,0.0,0.0,0.0,0.0,0.0,0.0,0.0,0.0,0.0,Liberal,equal
5dcdcf1f3d341109f64a5127,0.0,0.0,0.0,0.0,0.0,0.0,0.0,0.0,0.0,0.0,Liberal,equal
5dce9859c41dc20fc2407bf0,1.3333333333333333,2.0,2.3333333333333335,2.3333333333333335,1.6666666666666667,3.3333333333333335,3.0,3.6666666666666665,0.6666666666666666,0.6666666666666666,Very Liberal,equal
5dcf55f1cc192008cf8404b8,0.0,0.0,0.0,0.0,0.0,0.0,0.0,0.0,0.0,0.0,Very Liberal,equal
5dcf6037b103ee09ffb24ad9,2.0,6.0,4.0,5.0,4.0,6.0,6.0,6.0,2.0,2.0,Very Liberal,equal
5dcf716a5726040ac12efe1d,1.5,5.5,2.0,2.5,2.5,5.0,5.5,3.5,4.5,4.5,Liberal,equal
5dcf9e053269920b9fabfe19,0.0,0.0,0.0,0.0,0.0,0.0,0.0,0.0,0.0,0.0,Conservative,equal
5dcfe5ec41fb3f0de0080f1a,0.0,0.0,0.0,0.0,0.0,0.0,0.0,0.0,0.0,0.0,Liberal,equal
5dd0103cb2204f108c201552,0.0,0.0,0.0,0.0,0.0,0.0,0.0,0.0,0.0,0.0,Liberal,equal
5dd05e209c84d814d77d726c,0.0,0.0,0.0,0.0,0.0,0.0,0.0,0.0,0.0,0.0,Centrist/Neutral,equal
5dd0b075c944d1174e6e3c5a,0.0,0.0,0.0,0.0,0.0,0.0,0.0,0.0,0.0,0.0,Liberal,equal
5dd1dc9110420023be388e5d,0.0,0.0,0.0,0.0,0.0,0.0,0.0,0.0,0.0,0.0,Centrist/Neutral,equal
5dd1fe642b033b24c852394d,1.0,1.0,1.0,1.0,0.5,2.0,1.5,0.5,1.0,1.0,Liberal,equal
5dd276c9a643802932187844,2.0,5.0,4.0,3.0,4.0,6.0,6.0,7.0,3.0,3.0,Very Liberal,equal
5dd28beafce6062a4f5221b3,0.0,0.0,0.0,0.0,0.0,0.0,0.0,0.0,0.0,0.0,Conservative,equal
5dd2f7403c4937312433cc11,7.0,7.0,7.0,6.0,7.0,7.0,7.0,7.0,1.0,40.0,Centrist/Neutral,less
5dd31d3216d10c341d2d2c7e,0.5,2.0,1.5,1.0,1.0,2.5,1.0,2.0,0.5,0.5,Conservative,equal
5dd324424524e7334967690d,0.0,0.0,0.0,0.0,0.0,0.0,0.0,0.0,0.0,0.0,Liberal,equal
5dd32a633683dc33b2b29909,0.0,0.0,0.0,0.0,0.0,0.0,0.0,0.0,0.0,0.0,Centrist/Neutral,equal
5dd332d218beb6343b22a5e4,1.0,3.0,6.0,6.0,6.0,2.0,2.0,2.0,1.0,1.0,Liberal,equal
5dd33bd8f01cbe3350807cf6,0.6666666666666666,1.1666666666666667,0.6666666666666666,0.16666666666666666,0.16666666666666666,0.6666666666666666,0.16666666666666666,0.6666666666666666,0.6666666666666666,0.6666666666666666,Conservative,equal
5dd340e3e25acf34bf91032e,1.0,2.5,1.0,1.0,1.5,2.5,2.0,2.0,1.5,1.5,Liberal,equal
5dd3488e181abc35d131ef34,0.0,0.0,0.0,0.0,0.0,0.0,0.0,0.0,0.0,0.0,Conservative,equal
5dd352c51c219b35931aefd1,1.0,0.75,0.5,0.5,0.5,1.5,1.5,1.5,0.0,0.0,Conservative,equal
5dd3699ee73e6136c640f1cf,5.0,6.0,1.0,2.0,1.0,1.5,3.5,2.0,1.0,1.5,Liberal,less
5dd3d7787b6a663b7f0e3846,0.0,0.0,0.0,0.0,0.0,0.0,0.0,0.0,0.0,0.0,Liberal,equal
5dd3e6b66ca7e73c42b4eec8,0.0,0.0,0.0,0.0,0.0,0.0,0.0,0.0,0.0,0.0,Conservative,equal
5dd3f9593269923d6ccc5de8,0.0,0.0,0.0,0.0,0.0,0.0,0.0,0.0,0.0,0.0,Centrist/Neutral,equal
5dd406d9c23e0d3e6dacc034,0.0,0.0,0.0,0.0,0.0,0.0,0.0,0.0,0.0,0.0,Centrist/Neutral,equal
5dd4070a57a7e13efe25534a,0.0,0.0,0.0,0.0,0.0,0.0,0.0,0.0,0.0,0.0,Very Liberal,equal
5dd4767b32288646716dc98a,0.0,0.0,0.0,0.0,0.0,0.0,0.0,0.0,0.0,0.0,Conservative,equal
5dd4bd7ae4f4a0499548a810,0.0,0.0,0.0,0.0,0.0,0.0,0.0,0.0,0.0,0.0,Very Conservative,equal
5dd5bbf239bca15813cff296,0.0,0.0,0.0,0.0,0.0,0.0,0.0,0.0,0.0,0.0,Liberal,equal
5dd5bc3bd5cef8000b9861d5,0.0,0.0,0.0,0.0,0.0,0.0,0.0,0.0,0.0,0.0,Liberal,equal
5dd5db1ded7ea4574c7bc996,0.0,0.0,0.0,0.0,0.0,0.0,0.0,0.0,0.0,0.0,Liberal,equal
5dd5fa943708105b2a644e09,0.0,0.0,0.0,0.0,0.0,0.0,0.0,0.0,0.0,0.0,Very Liberal,equal
5dd61a909ca8a35c14d8d610,0.0,0.0,0.0,0.0,0.0,0.0,0.0,0.0,0.0,0.0,Liberal,equal
5dd671942b033b5ec8bc97b4,1.6666666666666667,2.3333333333333335,1.6666666666666667,2.0,1.3333333333333333,2.0,1.0,1.6666666666666667,0.0,0.0,Centrist/Neutral,equal
5dd6f563270f44688d3cd745,0.0,0.0,0.0,0.0,0.0,0.0,0.0,0.0,0.0,0.0,Conservative,equal
5dd7524d108b676f8d24a4a2,5.0,6.0,6.0,5.0,1.0,7.0,5.0,5.0,2.0,3.0,Liberal,less
5dd7f64ecf8e7e78055d846c,0.0,0.0,0.0,0.0,0.0,0.0,0.0,0.0,0.0,0.0,Very Liberal,equal
5dd84869f83c9f7f8e25ce29,0.0,0.0,0.0,0.0,0.0,0.0,0.0,0.0,0.0,0.0,Liberal,equal
5dd8cb39dba6348743ec0915,1.5,2.5,2.5,1.5,1.0,2.5,1.0,0.5,1.5,1.5,Centrist/Neutral,equal
5ddbdd54f30aa6b365b4ebab,0.0,0.0,0.0,0.0,0.0,0.0,0.0,0.0,0.0,0.0,Centrist/Neutral,equal
5ddc91ba7d4595bf332f8b7c,0.0,0.0,0.0,0.0,0.0,0.0,0.0,0.0,0.0,0.0,Liberal,equal
5dddbebeb966ded354c7ab3b,1.0,2.0,2.0,1.0,1.0,2.5,1.5,1.0,0.0,0.0,Liberal,equal
5dde8fba82f458000c8c7c75,0.0,0.0,0.0,0.0,0.0,0.0,0.0,0.0,0.0,0.0,Very Liberal,equal
5ddea057ffc3d8e00ec74d1b,0.0,0.0,0.0,0.0,0.0,0.0,0.0,0.0,0.0,0.0,Liberal,equal
5ddef2e6929d5de6f1050f1c,0.0,0.0,0.0,0.0,0.0,0.0,0.0,0.0,0.0,0.0,Very Conservative,equal
5ddf1bea59b1b0e98cb178dc,0.0,0.0,0.0,0.0,0.0,0.0,0.0,0.0,0.0,0.0,Liberal,equal
5ddf58d87af661ed30fff14b,0.0,0.0,0.0,0.0,0.0,0.0,0.0,0.0,0.0,0.0,Liberal,equal
5de10a767292b61529705ead,0.0,0.0,0.0,0.0,0.0,0.0,0.0,0.0,0.0,0.0,Very Liberal,equal
5de1ef4ecb1b08240f97671a,0.0,0.0,0.0,0.0,0.0,0.0,0.0,0.0,0.0,0.0,Liberal,equal
5de33ff0cc246f3633dc01d2,0.0,0.0,0.0,0.0,0.0,0.0,0.0,0.0,0.0,0.0,Liberal,equal
5de40feb61872d000d8803ff,0.0,0.0,0.0,0.0,0.0,0.0,0.0,0.0,0.0,0.0,Very Liberal,equal
5de5538f8fde1c4dbc951498,0.0,0.0,0.0,0.0,0.0,0.0,0.0,0.0,0.0,0.0,Conservative,equal
5de59698a2db8951b9955ccb,0.0,0.0,0.0,0.0,0.0,0.0,0.0,0.0,0.0,0.0,Very Liberal,equal
5de5a2f38ae2bc5278311e35,5.0,6.0,5.0,5.0,5.0,6.0,6.0,6.0,0.0,0.0,Centrist/Neutral,equal
5de5e8e5a1a3fb572da9cce5,0.0,0.0,0.0,0.0,0.0,0.0,0.0,0.0,0.0,0.0,Centrist/Neutral,equal
5de79e713cf27970edc23950,0.0,0.0,0.0,0.0,0.0,0.0,0.0,0.0,0.0,0.0,Centrist/Neutral,equal
5de7b588ff15c2a06658dd1d,0.0,0.0,0.0,0.0,0.0,0.0,0.0,0.0,0.0,0.0,Liberal,equal
5de7e24d97378d000b4eefb5,0.0,0.0,0.0,0.0,0.0,0.0,0.0,0.0,0.0,0.0,Conservative,equal
5de80e0b521f95791f912e49,4.0,6.0,4.0,3.0,3.0,6.0,6.0,7.0,1.0,1.0,Liberal,equal
5de855017d44177cafe19840,0.14285714285714285,0.5714285714285714,0.2857142857142857,0.2857142857142857,0.2857142857142857,0.42857142857142855,0.2857142857142857,0.2857142857142857,0.42857142857142855,0.42857142857142855,Centrist/Neutral,equal
5de90f54a48441037ac21f43,0.0,0.0,0.0,0.0,0.0,0.0,0.0,0.0,0.0,0.0,Very Liberal,equal
5de9689935b10502ef568050,3.0,5.0,3.0,3.0,4.0,4.0,3.0,4.0,1.0,1.0,Centrist/Neutral,equal
5de980f63d36b20b9068cfed,0.0,0.0,0.0,0.0,0.0,0.0,0.0,0.0,0.0,0.0,Centrist/Neutral,equal
5de9863a5c91a40b4a969920,5.0,6.0,3.0,1.0,2.0,6.0,6.0,6.0,0.0,0.0,Liberal,equal
5de9ca3319398a0f991c84cb,1.5,2.0,2.0,2.0,2.0,2.5,3.0,1.5,1.0,1.0,Liberal,equal
5dea5ba4446c901777bde897,4.0,6.0,2.0,2.0,2.0,4.0,3.0,3.0,1.0,1.0,Liberal,equal
5dea76e109c1071948aed0ff,1.0,1.25,1.0,1.0,0.5,1.25,1.5,0.75,0.25,0.25,Liberal,equal
5dea961cf4c5e11bd9c4058c,0.0,0.0,0.0,0.0,0.0,0.0,0.0,0.0,0.0,0.0,Very Liberal,equal
5deaac8dff7f711d9032fa94,0.5,0.5,0.5,0.5,0.5,0.5,0.5,0.5,1.0,1.0,Liberal,equal
5dead51bb48fa7200b3d0dd8,0.0,0.0,0.0,0.0,0.0,0.0,0.0,0.0,0.0,0.0,Very Liberal,equal
5deb1865986140241391d84a,0.4,1.4,0.8,0.8,0.8,1.2,1.0,1.2,0.8,0.8,Very Liberal,equal
5ded1483ad51833dce7ac867,0.0,0.0,0.0,0.0,0.0,0.0,0.0,0.0,0.0,0.0,Very Liberal,equal
5dee44454d7bea4e3f4b44a6,0.0,0.0,0.0,0.0,0.0,0.0,0.0,0.0,0.0,0.0,Centrist/Neutral,equal
5dee65dc03364951083cd77c,2.0,4.0,3.0,3.0,1.0,4.0,5.0,3.0,2.0,2.0,Liberal,equal
5deec7e78b5f8b5683c0355a,3.0,5.0,4.0,3.0,4.0,5.0,5.0,4.0,1.0,1.0,Liberal,equal
5defe76ec33cea000b6cb8e1,0.0,0.0,0.0,0.0,0.0,0.0,0.0,0.0,0.0,0.0,Very Liberal,equal
5df0524c1217a00b60a0328d,5.0,6.0,3.0,2.0,2.0,5.0,6.0,4.0,0.0,0.0,Liberal,equal
5df11a727f08ed028418fa62,2.5,3.5,3.0,2.0,3.0,3.5,2.5,3.5,0.5,0.5,Conservative,equal
5df15bc3361a8506b94f79ed,1.0,1.6666666666666667,0.6666666666666666,0.8333333333333334,0.6666666666666666,0.6666666666666666,0.6666666666666666,0.6666666666666666,0.6666666666666666,0.6666666666666666,Liberal,equal
5df3b781ff28a82967d0e41e,1.3333333333333333,3.0,1.3333333333333333,1.3333333333333333,1.3333333333333333,3.0,3.0,3.3333333333333335,0.0,0.0,Very Liberal,equal
5df40839a1f3612e51ff72bb,0.0,0.0,0.0,0.0,0.0,0.0,0.0,0.0,0.0,0.0,Liberal,equal
5df4565dfeea89323021ef27,0.0,0.0,0.0,0.0,0.0,0.0,0.0,0.0,0.0,0.0,Very Liberal,equal
5df4ed2eae7b303760a9d47c,0.0,0.0,0.0,0.0,0.0,0.0,0.0,0.0,0.0,0.0,Centrist/Neutral,equal
5df58b28ecb3ea3ed1ceea37,0.0,0.0,0.0,0.0,0.0,0.0,0.0,0.0,0.0,0.0,Liberal,equal
5df867af814bba5f7fafeb6b,0.0,0.0,0.0,0.0,0.0,0.0,0.0,0.0,0.0,0.0,Centrist/Neutral,equal
5df88caf783225616ad3defe,1.0,5.0,1.0,1.0,1.0,2.5,1.5,2.0,3.0,3.0,Liberal,equal
5df9d7c2451be5738da84e4d,0.3333333333333333,1.3333333333333333,1.3333333333333333,0.6666666666666666,0.6666666666666666,2.3333333333333335,1.0,1.3333333333333333,0.6666666666666666,0.6666666666666666,Very Liberal,equal
5dfa7f42fe10857dd1a8bfb1,2.0,5.0,2.0,2.0,1.0,4.0,6.0,5.0,3.0,3.0,Liberal,equal
5dfbb9eaae7b308dbf97a681,0.0,0.0,0.0,0.0,0.0,0.0,0.0,0.0,0.0,0.0,Liberal,equal
5dfebf5911999fb6692071f2,0.0,0.0,0.0,0.0,0.0,0.0,0.0,0.0,0.0,0.0,Very Liberal,equal
5dfeccdf4c81b2b61266d02e,0.0,0.0,0.0,0.0,0.0,0.0,0.0,0.0,0.0,0.0,Liberal,equal
5e01ac85617219d6da5ab31c,0.0,0.0,0.0,0.0,0.0,0.0,0.0,0.0,0.0,0.0,Liberal,equal
5e02285cac9e16dcddb845ef,0.0,0.0,0.0,0.0,0.0,0.0,0.0,0.0,0.0,0.0,Centrist/Neutral,equal
5e06748cdeea2b0515e037b9,0.0,0.0,0.0,0.0,0.0,0.0,0.0,0.0,0.0,0.0,Liberal,equal
5e0795cbf9bc33000a747571,0.0,0.0,0.0,0.0,0.0,0.0,0.0,0.0,0.0,0.0,Conservative,equal
5e08389f67f170185698a2be,1.5,2.0,2.5,2.5,2.0,2.5,2.0,2.5,1.0,1.0,Very Liberal,equal
5e097142864020244036e40d,1.3333333333333333,1.3333333333333333,2.0,1.6666666666666667,0.6666666666666666,1.0,1.0,0.6666666666666666,1.0,1.0,Liberal,equal
5e0aa9378f1faf32c47f560c,0.0,0.0,0.0,0.0,0.0,0.0,0.0,0.0,0.0,0.0,Centrist/Neutral,equal
5e0acbffdc79bd35336ed6e0,0.0,0.0,0.0,0.0,0.0,0.0,0.0,0.0,0.0,0.0,Liberal,equal
5e0b780bd62abe3a4eba3cfc,0.0,0.0,0.0,0.0,0.0,0.0,0.0,0.0,0.0,0.0,Very Liberal,equal
5e0d416d13ec504cb9c43cbf,1.5,2.5,1.5,2.0,1.0,2.5,3.5,3.0,0.5,0.5,Very Liberal,equal
5e0e31c179f2fa58ed5bc904,0.0,0.0,0.0,0.0,0.0,0.0,0.0,0.0,0.0,0.0,Liberal,equal
5e0e49cfbf3d4e5b0925b2a3,0.0,0.0,0.0,0.0,0.0,0.0,0.0,0.0,0.0,0.0,Very Liberal,equal
5e11882114ae638303c715d9,0.0,0.0,0.0,0.0,0.0,0.0,0.0,0.0,0.0,0.0,Conservative,equal
5e121b2b82a955890a9b3484,2.0,7.0,5.0,5.0,5.0,7.0,6.0,6.0,1.0,1.0,Conservative,equal
5e13542bc12a3699bbdc8753,3.0,5.0,5.0,5.0,5.0,6.0,6.0,6.0,1.0,1.0,Very Liberal,equal
5e13ad514c81b2a01ae4aa9f,6.0,6.0,5.0,4.0,3.0,5.0,3.0,4.0,2.0,2.0,Very Liberal,equal
5e149c03864020aa6e1cf04d,2.0,3.0,1.5,1.0,1.5,2.0,1.5,1.5,0.5,0.5,Liberal,equal
5e1545d9b1fb05b6369d13e8,0.16666666666666666,1.0,0.3333333333333333,0.16666666666666666,0.16666666666666666,1.0,0.8333333333333334,0.6666666666666666,0.6666666666666666,0.6666666666666666,Very Liberal,equal
5e16c36093ab8bc8c1c27f35,1.0,2.0,1.0,1.0,1.0,2.0,1.0,2.0,5.0,5.0,Conservative,equal
5e17938e5bcd430947a98c2c,3.0,3.0,1.0,1.0,1.0,1.0,1.0,1.0,1.0,1.0,Very Conservative,equal
5e1882adfd7db4158998b5f0,0.0,0.0,0.0,0.0,0.0,0.0,0.0,0.0,0.0,0.0,Centrist/Neutral,equal
5e1b7c078b6dfb3ab0565e50,4.0,6.0,5.0,4.0,4.0,4.0,6.0,5.0,3.0,3.0,Very Conservative,equal
5e1bb75a8e55e13e8e848319,1.0,6.0,5.0,3.0,3.0,5.0,5.0,5.0,5.0,5.0,Conservative,equal
5e1c0249b07c32408bdfa75b,7.0,4.0,6.0,4.0,6.0,6.0,7.0,6.0,7.0,7.0,Liberal,equal
5e1f7b9242998a2ab95cff70,2.0,2.5,0.5,0.5,0.5,2.0,2.0,1.0,2.5,2.5,Conservative,equal
5e21cfa097308b4b1dc8f24d,0.0,0.0,0.0,0.0,0.0,0.0,0.0,0.0,0.0,0.0,Centrist/Neutral,equal
5e21d253c7fe654b45073bcf,0.0,0.0,0.0,0.0,0.0,0.0,0.0,0.0,0.0,0.0,Conservative,equal
5e24251b3e33586a5802206f,1.0,2.5,1.5,2.0,2.5,2.5,2.0,2.5,0.5,1.0,Liberal,less
5e24ce20e3c71973d8ac396d,0.5,0.5,1.0,1.0,0.5,1.0,1.0,0.5,0.5,0.5,Very Liberal,equal
5e25cd6e4bf0bc000cba6291,4.0,7.0,3.0,4.0,3.0,7.0,7.0,7.0,8.0,8.0,Centrist/Neutral,equal
5e2622adde8f270961b5fde0,0.0,0.0,0.0,0.0,0.0,0.0,0.0,0.0,0.0,0.0,Liberal,equal
5e26a04f727e048d3e0b9459,0.0,0.0,0.0,0.0,0.0,0.0,0.0,0.0,0.0,0.0,Very Liberal,equal
5e2721b01160079464059b5c,3.5,3.5,1.75,1.75,2.0,2.25,2.25,2.75,0.5,0.5,Very Liberal,equal
5e28ad9b6dbb5608131beb19,1.0,5.0,1.0,1.0,1.0,1.0,1.0,1.0,2.0,2.0,Conservative,equal
5e28f6f3a9af590c5b97b2b9,0.0,0.0,0.0,0.0,0.0,0.0,0.0,0.0,0.0,0.0,Very Liberal,equal
5e2926d80beb030ede110e67,0.25,0.25,0.5,0.25,0.25,0.5,0.25,0.25,0.5,0.5,Conservative,equal
5e2a2246ff519c000a305892,0.0,0.0,0.0,0.0,0.0,0.0,0.0,0.0,0.0,0.0,Very Liberal,equal
5e2be6efe179572183644844,0.0,0.0,0.0,0.0,0.0,0.0,0.0,0.0,0.0,0.0,Centrist/Neutral,equal
5e2bf2153a9311222d4892c6,0.0,0.0,0.0,0.0,0.0,0.0,0.0,0.0,0.0,0.0,Very Liberal,equal
5e2d9faa72e2fa39058e5b4a,0.3333333333333333,2.3333333333333335,0.6666666666666666,0.3333333333333333,0.6666666666666666,1.6666666666666667,1.6666666666666667,1.6666666666666667,0.3333333333333333,0.3333333333333333,Centrist/Neutral,equal
5e2de5a5ca99353d0b03b72d,0.4,2.2,1.6,1.6,1.6,1.8,2.2,2.4,6.2,0.4,Very Liberal,more
5e2ef776425d8601c43079f2,0.0,0.0,0.0,0.0,0.0,0.0,0.0,0.0,0.0,0.0,Centrist/Neutral,equal
5e2f4df549436751a44c8d8e,0.75,1.0,0.5,0.25,0.5,0.25,0.5,0.5,0.75,0.75,Very Liberal,equal
5e2f92e3484f9b5583eddcdb,5.5,7.0,4.0,2.0,3.0,6.0,5.5,3.0,2.0,2.0,Liberal,equal
5e31978166f7ac184c52c457,4.0,4.5,6.5,5.5,1.0,5.0,5.5,1.0,1.0,1.0,Liberal,equal
5e322c53287816210062d0ac,0.0,0.0,0.0,0.0,0.0,0.0,0.0,0.0,0.0,0.0,Centrist/Neutral,equal
5e3360a4499e7932901951cb,0.0,0.0,0.0,0.0,0.0,0.0,0.0,0.0,0.0,0.0,Liberal,equal
5e33f0622878163a8387ee65,1.0,5.0,3.0,3.0,2.0,5.0,5.0,6.0,0.0,0.0,Liberal,equal
5e372f7ee63d3c000b152fc2,2.5,2.5,1.0,0.5,1.0,1.0,0.5,1.0,0.5,1.5,Very Liberal,less
5e387b36caa8e1000da3f0f8,0.4,1.4,0.6,0.6,0.6,1.0,1.4,1.0,0.8,0.8,Liberal,equal
5e3a1f06bba7e623f17f5669,0.0,0.0,0.0,0.0,0.0,0.0,0.0,0.0,0.0,0.0,Conservative,equal
5e3a238e9d5f1e24d3805045,1.0,5.0,1.0,1.0,2.0,4.0,3.0,4.0,1.0,1.0,Very Liberal,equal
5e3ac9d20d41ad2da023d9ae,2.5,5.0,4.0,3.0,3.5,5.5,4.5,4.0,3.5,3.5,Liberal,equal
5e3c4f807635c2012090dc10,0.0,0.0,0.0,0.0,0.0,0.0,0.0,0.0,0.0,0.0,Very Liberal,equal
5e3d91a08dfa83000c9f4d36,0.0,0.0,0.0,0.0,0.0,0.0,0.0,0.0,0.0,0.0,Very Liberal,equal
5e3db8f9456974000afeb855,3.0,7.0,2.0,2.0,2.0,6.0,6.0,6.0,5.0,1.0,Conservative,more
5e3dd36d19be0d040a17f13f,1.0,3.0,1.0,2.0,1.0,3.0,3.0,1.0,0.0,0.0,Liberal,equal
5e3f6b251d15101c5251d8b7,0.4,0.4,1.4,1.0,1.2,1.4,1.0,1.2,1.6,1.6,Liberal,equal
5e40cd8807d04430f28eef0c,0.0,0.0,0.0,0.0,0.0,0.0,0.0,0.0,0.0,0.0,Very Liberal,equal
5e432b707546fb1cfcd9e0b1,4.0,6.0,6.0,3.0,5.0,4.0,3.0,3.0,1.0,1.0,Liberal,equal
5e436fd5a21260000a4d49f7,0.0,0.0,0.0,0.0,0.0,0.0,0.0,0.0,0.0,0.0,Liberal,equal
5e438573651bae2106fb0f21,1.0,3.5,2.5,2.0,2.0,3.5,3.0,3.5,0.5,2.0,Very Liberal,less
5e454881703c9401c7c3fe4f,1.5,0.75,1.25,1.5,1.5,1.0,1.5,1.0,1.0,1.0,Very Liberal,equal
5e4589f0dc89f106ff742885,0.0,0.0,0.0,0.0,0.0,0.0,0.0,0.0,0.0,0.0,Centrist/Neutral,equal
5e4661f88bd52c1307647814,1.0,7.0,3.0,1.0,1.0,5.0,4.0,4.0,1.0,1.0,Liberal,equal
5e46fefc190716000bcc1b92,1.0,4.0,2.0,2.0,2.0,2.0,2.0,2.0,2.0,2.0,Centrist/Neutral,equal
5e470b9563f714033f4b7a7f,1.0,7.0,1.0,1.0,1.0,7.0,7.0,7.0,1.0,1.0,Centrist/Neutral,equal
5e483052a742a3000f7c15e8,3.0,5.0,2.0,2.0,2.0,4.0,2.0,5.0,0.0,0.0,Very Liberal,equal
5e4a1730c94447480594cea4,0.0,0.0,0.0,0.0,0.0,0.0,0.0,0.0,0.0,0.0,Very Liberal,equal
5e4aedd76f4883000e48bfe4,0.5,0.5,0.75,0.5,0.5,0.75,0.5,0.5,2.25,2.25,Very Liberal,equal
5e4b0189cdf5a6011838a6a2,0.0,0.0,0.0,0.0,0.0,0.0,0.0,0.0,0.0,0.0,Liberal,equal
5e4ce1b969ff371388c86078,0.16666666666666666,0.16666666666666666,0.3333333333333333,0.16666666666666666,0.16666666666666666,0.3333333333333333,0.16666666666666666,0.3333333333333333,0.16666666666666666,0.16666666666666666,Centrist/Neutral,equal
5e4d9878130d9e1fb88e68d4,0.0,0.0,0.0,0.0,0.0,0.0,0.0,0.0,0.0,0.0,Centrist/Neutral,equal
5e50bf5e2cfcc30ff7f5d870,0.0,0.0,0.0,0.0,0.0,0.0,0.0,0.0,0.0,0.0,Centrist/Neutral,equal
5e51dfe3618c57215938d7b7,0.5,2.0,2.0,1.0,1.0,2.0,2.5,1.5,1.5,1.5,Very Liberal,equal
5e520fe5fe2087237b1b8cd1,0.0,0.0,0.0,0.0,0.0,0.0,0.0,0.0,0.0,0.0,Very Liberal,equal
5e52af8dd120e7000bc35826,0.0,0.0,0.0,0.0,0.0,0.0,0.0,0.0,0.0,0.0,Conservative,equal
5e53036cd91a8232a99e60fb,2.0,4.0,3.0,4.0,3.0,5.0,6.0,3.0,2.0,2.0,Centrist/Neutral,equal
5e531b2205acdb33c0f5f24c,0.0,0.0,0.0,0.0,0.0,0.0,0.0,0.0,0.0,0.0,Liberal,equal
5e53f934158f1d3e9d2d761e,0.0,0.0,0.0,0.0,0.0,0.0,0.0,0.0,0.0,0.0,Liberal,equal
5e55483da19eae000c314220,0.0,0.0,0.0,0.0,0.0,0.0,0.0,0.0,0.0,0.0,Conservative,equal
5e554d861665625488a7733a,2.0,4.0,2.0,2.0,1.0,3.0,3.0,2.0,0.0,0.0,Very Conservative,equal
5e5593e29a302e59cb575f46,0.0,0.0,0.0,0.0,0.0,0.0,0.0,0.0,0.0,0.0,Centrist/Neutral,equal
5e567cd58e4500024e8d096c,0.0,0.0,0.0,0.0,0.0,0.0,0.0,0.0,0.0,0.0,Very Liberal,equal
5e56a66121583601d3c3526a,1.0,4.0,4.0,4.0,4.0,4.0,4.0,4.0,3.0,3.0,Centrist/Neutral,equal
5e573ba5ad27610fa25300aa,4.0,5.0,2.0,2.0,2.0,2.0,2.0,2.0,2.0,2.0,Liberal,equal
5e57613a151c201197693dd3,1.0,3.0,1.0,2.0,4.0,1.0,6.0,7.0,1.0,3.0,Liberal,less
5e598487c713f818c914883d,0.0,0.0,0.0,0.0,0.0,0.0,0.0,0.0,0.0,0.0,Liberal,equal
5e59aa8dd3e2d31bb670008b,1.0,4.0,5.0,2.0,4.0,6.0,3.0,5.0,5.0,5.0,Liberal,equal
5e5c5cd271e46043eab5fc56,0.0,0.0,0.0,0.0,0.0,0.0,0.0,0.0,0.0,0.0,Liberal,equal
5e5ca080bb37ff47b09dd4cc,0.0,0.0,0.0,0.0,0.0,0.0,0.0,0.0,0.0,0.0,Conservative,equal
5e5d41f55b2b6e02899a1b90,0.0,0.0,0.0,0.0,0.0,0.0,0.0,0.0,0.0,0.0,Centrist/Neutral,equal
5e5dddabde7bcc0f4e431817,2.0,3.5,2.0,2.0,1.5,3.5,3.5,3.0,1.0,0.0,Very Liberal,more
5e5ec4b603a4721fa9447858,0.0,0.0,0.0,0.0,0.0,0.0,0.0,0.0,0.0,0.0,Liberal,equal
5e6018dc11009135c2154ede,0.0,0.0,0.0,0.0,0.0,0.0,0.0,0.0,0.0,0.0,Very Liberal,equal
5e60344611009137b29e78ac,0.0,0.0,0.0,0.0,0.0,0.0,0.0,0.0,0.0,0.0,Very Liberal,equal
5e606b1eaf84e83c728748d7,0.0,0.0,0.0,0.0,0.0,0.0,0.0,0.0,0.0,0.0,Liberal,equal
5e6139a2941dfb03f8bf1852,1.0,6.0,2.0,4.0,2.0,4.0,2.0,3.0,1.0,1.0,Centrist/Neutral,equal
5e63912d08c2ef10e6a85688,0.0,0.0,0.0,0.0,0.0,0.0,0.0,0.0,0.0,0.0,Centrist/Neutral,equal
5e63ff31e4e9bf183d956072,1.0,3.0,3.0,3.0,1.0,3.0,3.0,1.0,1.0,1.0,Liberal,equal
5e642e094eb0061c36579d1d,2.0,5.0,2.0,2.0,2.0,6.0,4.0,5.0,2.0,2.0,Centrist/Neutral,equal
5e64629155bf351e8bd24721,0.0,0.0,0.0,0.0,0.0,0.0,0.0,0.0,0.0,0.0,Very Liberal,equal
5e646abe244a7f1feb0f6321,0.0,0.0,0.0,0.0,0.0,0.0,0.0,0.0,0.0,0.0,Centrist/Neutral,equal
5e652eca7513cd000b552d4a,0.0,0.0,0.0,0.0,0.0,0.0,0.0,0.0,0.0,0.0,Very Liberal,equal
5e659dd9f2dd1f3226c38f71,0.0,0.0,0.0,0.0,0.0,0.0,0.0,0.0,0.0,0.0,Liberal,equal
5e668df31d7e1a4039d67b49,0.0,0.0,0.0,0.0,0.0,0.0,0.0,0.0,0.0,0.0,Very Liberal,equal
5e67b5c4a027430517877069,0.0,0.0,0.0,0.0,0.0,0.0,0.0,0.0,0.0,0.0,Liberal,equal
5e67f0321e4f0a0a657c1d08,0.3333333333333333,1.3333333333333333,0.6666666666666666,1.0,0.6666666666666666,0.6666666666666666,1.0,0.6666666666666666,0.0,0.0,Liberal,equal
5e67f8f38e1aca0a31ee82d7,0.0,0.0,0.0,0.0,0.0,0.0,0.0,0.0,0.0,0.0,Conservative,equal
5e68083669f4cf0c05439f94,1.6666666666666667,1.0,2.3333333333333335,1.6666666666666667,1.6666666666666667,2.0,1.0,1.0,0.3333333333333333,0.6666666666666666,Very Liberal,less
5e685de0490eba10cf5348af,4.0,5.5,5.5,5.0,2.5,6.5,5.5,3.0,1.0,0.0,Liberal,more
5e68dfbe9918b20349f76035,3.0,4.0,6.0,6.0,5.0,2.0,4.0,5.0,1.0,1.0,Very Liberal,equal
5e6a418620befe00096983d2,1.0,1.5,0.75,0.75,0.75,1.75,1.75,1.75,0.25,0.25,Liberal,equal
5e6a608ce62ce1000c940212,5.0,5.0,4.0,4.0,4.0,6.0,5.0,5.0,2.0,2.0,Very Liberal,equal
5e6cade3d92ffb26677dbd84,0.0,0.0,0.0,0.0,0.0,0.0,0.0,0.0,0.0,0.0,Very Liberal,equal
5e6d08da374f5b2c1f67aa85,0.3333333333333333,1.0,2.0,2.0,2.0,1.6666666666666667,1.6666666666666667,2.0,0.3333333333333333,0.3333333333333333,Very Liberal,equal
5e6d6545993427329a35b800,1.1666666666666667,1.0,1.5,1.3333333333333333,1.1666666666666667,2.1666666666666665,1.6666666666666667,1.6666666666666667,0.0,0.0,Liberal,equal
5e6d93f7d038053607d17880,4.0,7.0,4.0,7.0,5.0,7.0,7.0,7.0,3.0,3.0,Liberal,equal
5e6db3f02649e03834220ef0,1.0,6.0,2.0,2.0,2.0,6.0,6.0,6.0,3.0,3.0,Conservative,equal
5e6e918521be18444d596213,3.0,5.0,2.0,3.0,4.0,6.0,5.0,7.0,3.0,3.0,Centrist/Neutral,equal
5e6f930a8c586155bdfffc4b,3.0,2.0,2.0,1.0,3.0,3.0,1.0,2.0,2.0,2.0,Liberal,equal
5e6fe1df6319c15be2ea3524,0.0,0.0,0.0,0.0,0.0,0.0,0.0,0.0,0.0,0.0,Centrist/Neutral,equal
5e6fe3e20e34ca0aa955b116,0.0,0.0,0.0,0.0,0.0,0.0,0.0,0.0,0.0,0.0,Very Liberal,equal
5e702661ff04d660078e2be3,0.0,0.0,0.0,0.0,0.0,0.0,0.0,0.0,0.0,0.0,Liberal,equal
5e7072e5fb136c63e94f3fa4,0.0,0.0,0.0,0.0,0.0,0.0,0.0,0.0,0.0,0.0,Centrist/Neutral,equal
5e70f556ff93c704b41b2b70,2.0,2.5,3.0,3.5,2.5,1.5,1.0,2.0,0.5,0.5,Liberal,equal
5e711d9e908b46031e32138c,0.0,0.0,0.0,0.0,0.0,0.0,0.0,0.0,0.0,0.0,Very Liberal,equal
5e71210f2471fc03f2a62102,3.0,4.0,4.0,2.0,2.0,5.0,4.0,3.0,4.0,4.0,Very Liberal,equal
5e714543bb9f870679f01411,3.0,1.5,2.0,2.0,2.0,2.0,1.5,1.5,0.5,0.5,Very Liberal,equal
5e71556788152e079f80b73b,3.0,3.6666666666666665,3.3333333333333335,3.3333333333333335,4.0,4.0,3.6666666666666665,4.333333333333333,3.3333333333333335,3.0,Liberal,more
5e718a10031ef50be0aa2092,5.0,7.0,5.0,5.0,3.0,6.0,6.0,6.0,2.0,1.0,Very Liberal,more
5e723ffcc1c46a022a71a6dd,0.0,0.0,0.0,0.0,0.0,0.0,0.0,0.0,0.0,0.0,Very Liberal,equal
5e725c81966bf419961abbbc,0.0,0.0,0.0,0.0,0.0,0.0,0.0,0.0,0.0,0.0,Centrist/Neutral,equal
5e730aa954a7b42617d99c5a,0.0,0.0,0.0,0.0,0.0,0.0,0.0,0.0,0.0,0.0,Liberal,equal
5e7315864f3331260bc56c05,0.0,0.0,0.0,0.0,0.0,0.0,0.0,0.0,0.0,0.0,Liberal,equal
5e74003a82efd537f0587777,5.0,6.0,2.0,1.0,2.0,4.0,5.0,5.0,0.0,0.0,Centrist/Neutral,equal
5e7413f282efd538fea9fe05,1.0,5.0,5.0,2.0,2.0,7.0,7.0,5.0,2.0,3.0,Liberal,less
5e743a1d8c8f273b566b864f,0.0,0.0,0.0,0.0,0.0,0.0,0.0,0.0,0.0,0.0,Liberal,equal
5e75b3b5cf9c271200060583,6.0,6.0,4.0,4.0,5.0,3.0,3.0,3.0,0.0,4.0,Very Liberal,less
5e77116039c4412820356b26,4.0,5.0,4.0,3.0,4.0,3.0,2.0,3.0,4.0,3.0,Liberal,more
5e7751362226d42b52f254d6,1.5,4.0,3.0,2.0,2.5,6.5,3.0,4.5,2.5,2.5,Liberal,equal
5e77f95053032d0b15687284,0.3333333333333333,1.3333333333333333,1.0,0.6666666666666666,0.6666666666666666,2.0,1.6666666666666667,1.3333333333333333,0.6666666666666666,0.3333333333333333,Centrist/Neutral,more
5e782c5d99df853a6f1315f4,0.0,0.0,0.0,0.0,0.0,0.0,0.0,0.0,0.0,0.0,Conservative,equal
5e790129bd76c94a7b3aa7b6,0.5,1.0,1.0,1.5,1.0,1.5,2.0,2.5,1.5,1.5,Very Liberal,equal
5e792902c0da0d0cb5ee3de5,1.0,3.0,2.0,2.0,1.0,3.0,2.0,2.0,2.0,1.0,Liberal,more
5e79340b6d9a624e3f39586d,0.3333333333333333,1.0,0.6666666666666666,1.0,0.6666666666666666,1.3333333333333333,1.0,0.6666666666666666,2.6666666666666665,2.6666666666666665,Centrist/Neutral,equal
5e79352ea4d7d30d65532c51,0.4,1.2,0.8,1.0,0.4,1.2,1.2,0.4,0.2,0.2,Very Liberal,equal
5e798102bb0d6153ce71c3dd,1.0,6.0,4.0,5.0,2.0,3.0,1.0,2.0,1.0,3.0,Liberal,less
5e799448fb3c7055cdee5ecd,0.0,0.0,0.0,0.0,0.0,0.0,0.0,0.0,0.0,0.0,Liberal,equal
5e799a4602f92955a07c7546,0.0,0.0,0.0,0.0,0.0,0.0,0.0,0.0,0.0,0.0,Centrist/Neutral,equal
5e7a0db8588326011907fb6a,0.0,0.0,0.0,0.0,0.0,0.0,0.0,0.0,0.0,0.0,Liberal,equal
5e7ad79b4a5c600c89af2462,5.0,6.0,4.0,5.0,2.0,6.0,6.0,6.0,1.0,1.0,Very Liberal,equal
5e7bc9097c3dc10d282d65e2,4.0,3.0,4.0,4.0,2.0,5.0,4.0,2.0,3.0,1.0,Very Liberal,more
5e7bd30c451d18212b458afa,3.0,5.0,6.0,3.0,2.0,5.0,6.0,4.0,1.0,1.0,Very Liberal,equal
5e7cb742d29f7530898fb99d,0.0,0.0,0.0,0.0,0.0,0.0,0.0,0.0,0.0,0.0,Centrist/Neutral,equal
5e7cf03fea45cb369b402703,0.0,0.0,0.0,0.0,0.0,0.0,0.0,0.0,0.0,0.0,Centrist/Neutral,equal
5e7cf6a91b20a2370376ec18,3.0,3.0,4.0,4.0,4.0,4.0,3.0,3.0,1.0,1.0,Liberal,equal
5e7d21d4b7838b3a5fb29246,0.0,0.0,0.0,0.0,0.0,0.0,0.0,0.0,0.0,0.0,Liberal,equal
5e7d54301b20a23de6e1fb74,0.0,0.0,0.0,0.0,0.0,0.0,0.0,0.0,0.0,0.0,Liberal,equal
5e7e70c583c34c53f6c643db,0.16666666666666666,0.8333333333333334,0.3333333333333333,0.16666666666666666,0.16666666666666666,0.8333333333333334,1.1666666666666667,0.8333333333333334,0.16666666666666666,0.16666666666666666,Very Liberal,equal
5e7e9728b8637456f26f3372,0.0,0.0,0.0,0.0,0.0,0.0,0.0,0.0,0.0,0.0,Centrist/Neutral,equal
5e7edbf14a5c605bfacfce70,3.0,2.0,5.0,4.0,5.0,2.0,3.0,3.0,1.0,2.0,Very Liberal,less
5e7f9714e74e0c66d2a04098,0.0,0.0,0.0,0.0,0.0,0.0,0.0,0.0,0.0,0.0,Liberal,equal
5e7fbf90e06daa01664bc717,1.0,1.0,0.5,0.5,0.5,0.5,0.5,0.5,0.0,0.0,Very Liberal,equal
5e7fefe06c12706d47e35211,2.6666666666666665,4.0,2.6666666666666665,1.6666666666666667,2.0,3.6666666666666665,2.6666666666666665,2.6666666666666665,1.3333333333333333,1.3333333333333333,Very Liberal,equal
5e80d8569d1bdf03449b0c2e,0.0,0.0,0.0,0.0,0.0,0.0,0.0,0.0,0.0,0.0,Centrist/Neutral,equal
5e810f7ab7838b803809d3c5,0.5,2.5,1.0,0.5,0.5,2.0,0.5,0.5,2.0,2.0,Very Liberal,equal
5e820a4e26ed71918013d860,0.2857142857142857,0.7142857142857143,0.2857142857142857,0.2857142857142857,0.2857142857142857,0.7142857142857143,0.7142857142857143,0.5714285714285714,0.42857142857142855,0.14285714285714285,Liberal,more
5e82a7d6c17bb79ebe9b09df,0.0,0.0,0.0,0.0,0.0,0.0,0.0,0.0,0.0,0.0,Liberal,equal
5e83a35304f8a80a13ac590e,0.5,0.5,0.5,0.5,0.5,0.5,0.5,0.5,1.0,1.0,Very Conservative,equal
5e83a8bafb06b00ed70c32e3,3.0,5.0,2.0,2.0,2.0,4.0,4.0,4.0,0.0,1.0,Centrist/Neutral,less
5e83bb0601aa8c11929fa6d4,0.0,0.0,0.0,0.0,0.0,0.0,0.0,0.0,0.0,0.0,Liberal,equal
5e83fa901998d415bd2e5eb3,0.0,0.0,0.0,0.0,0.0,0.0,0.0,0.0,0.0,0.0,Centrist/Neutral,equal
5e83fab3af601d15b6fef5c7,0.0,0.0,0.0,0.0,0.0,0.0,0.0,0.0,0.0,0.0,Centrist/Neutral,equal
5e8408d21d9287000cae48bc,2.5,2.5,2.5,1.5,2.0,3.0,2.5,2.5,1.5,1.5,Centrist/Neutral,equal
5e84765c7206730182a6f738,2.0,3.0,2.5,2.5,2.5,3.5,3.5,3.0,0.0,0.5,Very Liberal,less
5e84be4fc39ab0054840a01e,1.0,1.0,3.0,2.0,4.0,4.0,2.0,3.0,1.0,1.0,Centrist/Neutral,equal
5e857e9acec05016fd59b045,2.5,2.0,2.5,2.5,2.5,3.0,2.5,2.5,0.5,0.5,Liberal,equal
5e862e27f569ad0c21028e09,1.5,2.0,1.5,2.0,2.0,2.5,2.0,2.0,0.0,0.0,Conservative,equal
5e865a15d17bd61028ae0f14,5.0,2.0,4.0,2.0,3.0,6.0,4.0,7.0,2.0,2.0,Very Conservative,equal
5e8727fb90c37002d97ca052,0.16666666666666666,0.5,0.16666666666666666,0.16666666666666666,0.16666666666666666,0.3333333333333333,0.3333333333333333,0.3333333333333333,0.8333333333333334,0.8333333333333334,Liberal,equal
5e87a7fae6b803426eebf112,0.0,0.0,0.0,0.0,0.0,0.0,0.0,0.0,0.0,0.0,Very Conservative,equal
5e87b6503b574043226609c0,0.0,0.0,0.0,0.0,0.0,0.0,0.0,0.0,0.0,0.0,Centrist/Neutral,equal
5e87fee4c740a748f50a63bb,0.6666666666666666,1.6666666666666667,1.6666666666666667,1.0,0.6666666666666666,2.0,1.6666666666666667,1.6666666666666667,1.6666666666666667,1.6666666666666667,Centrist/Neutral,equal
5e88cb47f23c8655935e7941,2.0,5.0,5.0,3.0,2.0,3.0,6.0,5.0,3.0,3.0,Conservative,equal
5e88e9f57a40f5577f4fe75f,3.0,5.0,3.0,3.0,4.0,2.0,2.0,2.0,3.0,1.0,Very Liberal,more
5e88f058524dca58ab60da0b,0.8333333333333334,1.6666666666666667,1.1666666666666667,1.0,0.8333333333333334,1.8333333333333333,1.3333333333333333,1.1666666666666667,0.16666666666666666,0.16666666666666666,Centrist/Neutral,equal
5e8a10fdb4921a6a6ee61d88,1.0,6.0,1.0,1.0,1.0,6.0,5.0,5.0,4.0,4.0,Liberal,equal
5e8a26247ad7526bf85abbff,0.0,0.0,0.0,0.0,0.0,0.0,0.0,0.0,0.0,0.0,Centrist/Neutral,equal
5e8ab4b84d3d6775b807e9ba,0.5,2.5,2.5,2.0,1.5,3.0,3.0,1.5,0.0,1.0,Liberal,less
5e8ad30c67bb9677e3970773,3.0,5.0,4.0,2.0,2.0,4.0,2.0,3.0,7.0,7.0,Very Liberal,equal
5e8b50db95c6e00171fc6151,7.0,7.0,1.0,1.0,1.0,3.0,4.0,5.0,4.0,5.0,Conservative,less
5e8b9c7054a5cc07dd6e174d,0.0,0.0,0.0,0.0,0.0,0.0,0.0,0.0,0.0,0.0,Liberal,equal
5e8bfc63e53da90ec5673f11,0.0,0.0,0.0,0.0,0.0,0.0,0.0,0.0,0.0,0.0,Liberal,equal
5e8c4ef7d1aaec03d6486c80,0.0,0.0,0.0,0.0,0.0,0.0,0.0,0.0,0.0,0.0,Conservative,equal
5e8ca66ce6592d0350103956,0.4,2.4,1.6,1.8,1.2,2.4,2.0,2.0,1.2,1.2,Very Conservative,equal
5e8cc937ee95da07853f938c,0.0,0.0,0.0,0.0,0.0,0.0,0.0,0.0,0.0,0.0,Liberal,equal
5e8ccdf9b3423e07b04b4853,2.0,4.0,2.0,3.0,1.0,3.0,3.0,1.0,3.0,3.0,Centrist/Neutral,equal
5e8d3bbdcb3dc611389d1f37,1.0,6.0,3.0,5.0,1.0,6.0,7.0,2.0,0.0,0.0,Centrist/Neutral,equal
5e8e4fc4bb7e470d85c008e5,3.0,5.0,2.0,1.0,1.0,3.0,2.0,1.0,1.0,1.0,Liberal,equal
5e8ea833d4e24915d6880320,0.0,0.0,0.0,0.0,0.0,0.0,0.0,0.0,0.0,0.0,Very Liberal,equal
5e8f8be517bd620d49b9b5d8,1.0,3.0,4.0,4.0,3.0,4.0,4.0,2.0,1.0,1.0,Liberal,equal
5e8fe10948e8062e52605345,0.5,2.5,2.0,2.0,2.0,3.0,3.0,3.0,0.5,0.5,Centrist/Neutral,equal
5e9115dde9961610d06e08b8,1.0,1.0,2.5,2.0,2.5,3.0,2.0,3.0,0.5,1.0,Liberal,less
5e91350e16b81046df5dcf52,3.0,6.0,2.0,3.0,2.0,3.0,5.0,4.0,3.0,3.0,Conservative,equal
5e921aa6a9e4ef549f6aa4f1,0.0,0.0,0.0,0.0,0.0,0.0,0.0,0.0,0.0,0.0,Very Liberal,equal
5e9402c78b4a3c252eafa204,3.0,4.0,2.0,2.0,2.0,3.0,1.0,2.0,1.0,1.0,Centrist/Neutral,equal
5e948899616f297dd873cb1d,1.0,5.0,5.0,3.0,3.0,5.0,5.0,3.0,1.0,1.0,Very Liberal,equal
5e948edbbae84a7ddd396364,1.0,5.0,4.0,5.0,3.0,4.0,4.0,5.0,4.0,4.0,Liberal,equal
5e94b9964b34ff81dd869755,0.0,0.0,0.0,0.0,0.0,0.0,0.0,0.0,0.0,0.0,Centrist/Neutral,equal
5e958157d5fa4490493e6c0d,5.0,7.0,6.0,4.0,5.0,7.0,5.0,6.0,3.0,3.0,Liberal,equal
5e95eb91a72181035dd053f3,0.0,0.0,0.0,0.0,0.0,0.0,0.0,0.0,0.0,0.0,Very Liberal,equal
5e9679a26b86610fdf2c766a,6.0,6.0,2.0,2.0,2.0,6.0,6.0,6.0,1.0,2.0,Liberal,less
5e96a26dc5a849123463f9e9,2.0,2.5,2.0,1.5,2.5,3.0,2.5,2.5,10.0,1.0,Liberal,more
5e96d0eefea475161115aba9,1.0,7.0,4.0,1.0,1.0,5.0,1.0,2.0,1.0,1.0,Centrist/Neutral,equal
5e9732d6bafec41daaf8fc30,0.0,0.0,0.0,0.0,0.0,0.0,0.0,0.0,0.0,0.0,Very Liberal,equal
5e97478f8b670f09dad1fd02,0.2,1.2,1.2,1.0,1.2,1.2,1.2,0.6,0.2,0.4,Liberal,less
5e975ea254955d0bfe9f7929,0.0,0.0,0.0,0.0,0.0,0.0,0.0,0.0,0.0,0.0,Conservative,equal
5e9791114b57800e79af5a2d,2.0,4.0,3.0,2.0,3.0,3.0,3.0,3.0,1.0,1.0,Very Liberal,equal
5e9893ed5638a10bda112333,3.0,6.0,4.0,3.0,3.0,6.0,5.0,5.0,1.0,1.0,Liberal,equal
5e9a331602672c0c3ac47c34,1.0,6.0,4.0,1.0,1.0,5.0,2.0,6.0,2.0,2.0,Liberal,equal
5e9a363724927e0d07782751,2.0,4.5,5.0,5.0,4.5,5.0,5.0,4.5,3.5,3.0,Liberal,more
5e9a85acff642f1158b7d33d,0.0,0.0,0.0,0.0,0.0,0.0,0.0,0.0,0.0,0.0,Liberal,equal
5e9b3c62943331040367e599,5.0,7.0,4.0,4.0,5.0,5.0,5.0,6.0,0.0,0.0,Liberal,equal
5e9b860b845ce808703dd6dc,2.0,4.0,3.0,2.0,2.0,4.0,3.0,3.0,2.0,2.0,Very Liberal,equal
5e9bc5c73a47a40d4ddc16d5,1.0,5.0,3.0,3.0,2.0,6.0,5.0,5.0,2.0,1.0,Very Liberal,more
5e9bc7adcf719d0d4854a34e,4.0,6.0,4.0,2.0,1.0,7.0,6.0,7.0,4.0,4.0,Liberal,equal
5e9c8aace6eae81abf309d53,0.5,3.5,0.5,0.5,2.5,2.5,2.5,2.5,2.0,0.5,Liberal,more
5e9c97d06897c703fb05e12c,3.0,6.0,2.0,1.0,2.0,5.0,5.0,4.0,2.0,2.0,Liberal,equal
5e9ce0a46976671ceda6082a,0.0,0.0,0.0,0.0,0.0,0.0,0.0,0.0,0.0,0.0,Conservative,equal
5e9d17806b65d7251242bb7a,3.0,5.0,5.0,4.0,5.0,6.0,7.0,6.0,2.0,2.0,Liberal,equal
5e9d549e36f025000a0ddc25,1.6666666666666667,4.0,2.3333333333333335,2.6666666666666665,2.3333333333333335,4.333333333333333,3.6666666666666665,4.0,0.6666666666666666,0.6666666666666666,Very Liberal,equal
5e9dc4963217ff0f489c2287,1.6666666666666667,2.0,1.6666666666666667,1.6666666666666667,0.6666666666666666,2.0,2.0,1.6666666666666667,0.6666666666666666,0.6666666666666666,Very Liberal,equal
5e9df26707933e1720927fee,0.0,0.0,0.0,0.0,0.0,0.0,0.0,0.0,0.0,0.0,Liberal,equal
5e9dfd0b5484b719c94cff0b,3.0,3.5,3.5,3.0,3.0,3.5,3.5,3.5,1.0,1.0,Very Liberal,equal
5e9e23f67266611ed1219178,2.0,4.0,2.0,1.0,1.0,2.0,1.0,2.0,0.0,0.0,Very Liberal,equal
5e9e884f0c8e5e25f51c6d0b,1.0,6.0,2.0,2.0,2.0,3.0,4.0,4.0,2.0,2.0,Very Liberal,equal
5e9f6e4e66dbcb0dc2c04dcd,0.0,0.0,0.0,0.0,0.0,0.0,0.0,0.0,0.0,0.0,Centrist/Neutral,equal
5ea081a83dec4804d565f7fb,5.0,5.0,6.0,3.0,4.0,7.0,5.0,5.0,0.0,0.0,Centrist/Neutral,equal
5ea0c966166d230d3969ef08,4.0,4.0,5.0,5.0,4.0,4.0,4.0,4.0,5.0,6.0,Conservative,less
5ea0d8c7e106cc0ebc3262b1,2.5,3.0,2.5,2.0,2.0,3.0,1.5,2.5,1.5,2.0,Liberal,less
5ea1119c737ba611c77c0b77,0.0,0.0,0.0,0.0,0.0,0.0,0.0,0.0,0.0,0.0,Conservative,equal
5ea13ab244408e146458610a,0.0,0.0,0.0,0.0,0.0,0.0,0.0,0.0,0.0,0.0,Conservative,equal
5ea1bb3ec066eb098519b672,1.0,5.0,2.0,2.0,1.0,6.0,4.0,7.0,3.0,3.0,Very Conservative,equal
5ea1fcf9dfd09210e8645727,1.3333333333333333,2.0,1.6666666666666667,1.3333333333333333,1.6666666666666667,2.0,2.0,2.0,0.3333333333333333,0.3333333333333333,Conservative,equal
5ea25b82a46065174c689daa,0.0,0.0,0.0,0.0,0.0,0.0,0.0,0.0,0.0,0.0,Conservative,equal
5ea2b420ed31711d6868e275,2.0,6.0,2.0,3.0,3.0,5.0,5.0,4.0,3.0,3.0,Liberal,equal
5ea3310bf9c4f828f0c909c5,0.0,0.0,0.0,0.0,0.0,0.0,0.0,0.0,0.0,0.0,Liberal,equal
5ea37341a5a4ea1381352857,0.0,0.0,0.0,0.0,0.0,0.0,0.0,0.0,0.0,0.0,Liberal,equal
5ea373a13602a7135cee9b13,2.0,3.0,3.0,3.0,2.0,4.0,3.0,3.0,1.0,1.0,Very Liberal,equal
5ea3e54c32fd2a37c8d34279,3.0,5.0,3.0,3.0,3.0,5.0,5.0,5.0,3.0,3.0,Liberal,equal
5ea492e3b1b3620a6fee3b90,0.0,0.0,0.0,0.0,0.0,0.0,0.0,0.0,0.0,0.0,Very Liberal,equal
5ea4a34e4085724768be21a7,0.0,0.0,0.0,0.0,0.0,0.0,0.0,0.0,0.0,0.0,Liberal,equal
5ea523b2a7782138712c7e1b,1.0,2.3333333333333335,1.6666666666666667,1.6666666666666667,0.6666666666666666,2.3333333333333335,2.3333333333333335,1.3333333333333333,0.0,0.0,Very Liberal,equal
5ea5ba46461d105ac7fdb4fb,2.5,2.5,4.0,1.5,1.5,2.5,4.0,1.5,1.0,1.0,Liberal,equal
5ea5ce85c8a6d443aea2bb5d,0.0,0.0,0.0,0.0,0.0,0.0,0.0,0.0,0.0,0.0,Liberal,equal
5ea6467fe88f00661eb5638b,0.0,0.0,0.0,0.0,0.0,0.0,0.0,0.0,0.0,0.0,Liberal,equal
5ea6f8960deb82078a6ffb69,0.0,0.0,0.0,0.0,0.0,0.0,0.0,0.0,0.0,0.0,Liberal,equal
5ea7013f3fe3360abb654e38,1.5,5.5,2.5,3.5,2.5,5.0,3.0,4.5,1.0,1.0,Liberal,equal
5ea70fb15789a40c67f9cf04,0.0,0.0,0.0,0.0,0.0,0.0,0.0,0.0,0.0,0.0,Liberal,equal
5ea714d0ba872d0cc55cdd79,0.0,0.0,0.0,0.0,0.0,0.0,0.0,0.0,0.0,0.0,Centrist/Neutral,equal
5ea720c9f599000d94151f4e,5.0,6.0,5.0,5.0,6.0,4.0,7.0,4.0,1.0,1.0,Liberal,equal
5ea72592a95dbf0c71404225,0.0,0.0,0.0,0.0,0.0,0.0,0.0,0.0,0.0,0.0,Liberal,equal
5ea749262a23e31252937fc9,2.0,6.0,4.0,4.0,1.0,4.0,6.0,2.0,2.0,2.0,Liberal,equal
5ea74bccac99141164dfceeb,0.14285714285714285,0.7142857142857143,0.42857142857142855,0.2857142857142857,0.2857142857142857,0.7142857142857143,0.5714285714285714,0.42857142857142855,0.0,0.0,Very Liberal,equal
5ea74ea1fb3f711081d6763c,0.0,0.0,0.0,0.0,0.0,0.0,0.0,0.0,0.0,0.0,Very Liberal,equal
5ea75e57fe8e7013dd8c1224,1.0,3.0,1.0,1.0,0.5,2.0,1.5,2.0,0.0,1.5,Centrist/Neutral,less
5ea7b376ba872d193c34dc62,4.0,3.0,4.0,4.0,3.0,5.0,5.0,4.0,1.0,1.0,Centrist/Neutral,equal
5ea8154dcfd4dd20473ed88e,6.0,5.0,5.0,5.0,5.0,6.0,5.0,5.0,3.0,3.0,Very Liberal,equal
5ea8716537c7770c1290b09d,0.0,0.0,0.0,0.0,0.0,0.0,0.0,0.0,0.0,0.0,Centrist/Neutral,equal
5ea876f4ea2ee42be043746d,0.0,0.0,0.0,0.0,0.0,0.0,0.0,0.0,0.0,0.0,Very Liberal,equal
5ea89ce6f0ff073086c282f5,0.0,0.0,0.0,0.0,0.0,0.0,0.0,0.0,0.0,0.0,Liberal,equal
5ea8aea9e641063184658126,0.0,0.0,0.0,0.0,0.0,0.0,0.0,0.0,0.0,0.0,Liberal,equal
5ea8bd7dde405c135b36267b,0.0,0.0,0.0,0.0,0.0,0.0,0.0,0.0,0.0,0.0,Very Liberal,equal
5ea8be59a6081b141edb65b7,6.0,6.0,5.0,5.0,5.0,5.0,5.0,6.0,3.0,3.0,Very Liberal,equal
5ea911550ffb2437c4241ec3,6.0,1.0,7.0,7.0,7.0,4.0,3.0,2.0,4.0,0.0,Centrist/Neutral,more
5ea91e89257581388e79adc6,0.0,0.0,0.0,0.0,0.0,0.0,0.0,0.0,0.0,0.0,Liberal,equal
5ea92954ef7ece00096faf5a,0.0,0.0,0.0,0.0,0.0,0.0,0.0,0.0,0.0,0.0,Liberal,equal
5ea96c3da01cad04cfea50b6,0.0,0.0,0.0,0.0,0.0,0.0,0.0,0.0,0.0,0.0,Liberal,equal
5ea97c8bd9092906246d2621,0.0,0.0,0.0,0.0,0.0,0.0,0.0,0.0,0.0,0.0,Liberal,equal
5ea9c07d1e683e1118000f78,0.5,0.75,0.25,0.5,0.5,0.75,0.75,0.5,0.25,0.25,Liberal,equal
5ea9c6541eb4f0121a911e1a,0.4,1.2,1.0,1.0,0.2,1.4,1.4,0.8,0.6,0.6,Centrist/Neutral,equal
5ea9d17ebd3d1011e05655e2,0.0,0.0,0.0,0.0,0.0,0.0,0.0,0.0,0.0,0.0,Very Liberal,equal
5eaa020e5ac39b18082f97a6,2.0,3.0,2.0,2.0,2.0,3.0,2.0,2.0,1.0,1.0,Very Liberal,equal
5eaa26c17c3cbc1ae4881baa,0.75,1.5,1.0,1.0,1.0,1.5,2.0,1.5,1.0,1.0,Liberal,equal
5eaa287bfb0fca19f4306de9,0.0,0.0,0.0,0.0,0.0,0.0,0.0,0.0,0.0,0.0,Very Liberal,equal
5eaa6339b2e5311e8e020396,0.0,0.0,0.0,0.0,0.0,0.0,0.0,0.0,0.0,0.0,Centrist/Neutral,equal
5eaabf0113401e01e554cd32,1.0,6.0,1.0,1.0,1.0,4.0,4.0,4.0,3.0,3.0,Liberal,equal
5eaad5dcc2e64603e5122442,1.2,2.4,1.0,1.4,0.6,1.6,2.0,1.2,0.2,0.2,Liberal,equal
5eab120dde58220b71cf6599,3.0,5.0,3.0,4.0,3.0,5.0,6.0,5.0,4.0,4.0,Centrist/Neutral,equal
5eab26b28fdf2d0e3141f7ff,1.0,4.0,2.0,3.0,2.0,3.0,3.0,2.0,2.0,2.0,Conservative,equal
5eab768005687314cb9fe515,4.0,5.0,5.0,5.0,3.0,3.0,3.0,4.0,0.0,4.0,Very Liberal,less
5eab81a183d00517ecc69645,0.6666666666666666,2.0,1.6666666666666667,1.6666666666666667,1.6666666666666667,1.0,1.0,1.0,1.3333333333333333,1.3333333333333333,Very Liberal,equal
5eab89102e910016bb0b5414,1.6666666666666667,2.0,1.3333333333333333,1.6666666666666667,1.3333333333333333,1.0,2.0,1.3333333333333333,0.6666666666666666,0.6666666666666666,Liberal,equal
5eac240458076b2299539277,0.0,0.0,0.0,0.0,0.0,0.0,0.0,0.0,0.0,0.0,Centrist/Neutral,equal
5eac6e70e481222bfb2a8872,1.5,2.0,1.5,1.5,1.0,2.0,1.0,1.5,1.5,1.5,Centrist/Neutral,equal
5eacd70006f95f33990e3df9,6.0,5.0,5.0,2.0,6.0,6.0,4.0,5.0,4.0,4.0,Centrist/Neutral,equal
5ead6f256fef94028e07d655,0.5,1.5,0.5,0.5,0.5,1.25,1.0,1.0,0.25,0.25,Liberal,equal
5eadf3b39c169a4a5a017f76,5.0,7.0,5.0,6.0,6.0,7.0,7.0,7.0,1.0,1.0,Liberal,equal
5eaecf0c3616515ad1eb1a5d,0.0,0.0,0.0,0.0,0.0,0.0,0.0,0.0,0.0,0.0,Centrist/Neutral,equal
5eaf06728a4c375eb1a7f6b0,4.0,6.0,4.0,2.0,3.0,5.0,7.0,5.0,3.0,3.0,Very Liberal,equal
5eaf15bc1d4ec560bc37efab,3.0,3.0,4.0,4.0,3.0,4.0,4.0,4.0,2.0,2.0,Liberal,equal
5eaf1a2c649fd108284c2b5f,0.0,0.0,0.0,0.0,0.0,0.0,0.0,0.0,0.0,0.0,Liberal,equal
5eaf5e17fc65f76590f73519,2.5,3.0,2.0,2.0,2.0,2.5,3.0,2.0,1.0,1.0,Very Liberal,equal
5eaf77532b6845665ddefd09,2.0,5.0,3.0,5.0,3.0,5.0,7.0,4.0,1.0,4.0,Conservative,less
5eaf89868dc798686228174b,2.0,2.0,3.0,3.0,2.0,4.0,3.0,3.0,1.0,1.0,Liberal,equal
5eafc593ea86b06dc1628d88,0.0,0.0,0.0,0.0,0.0,0.0,0.0,0.0,0.0,0.0,Liberal,equal
5eb02a40b17a8c0868685d32,0.5,0.5,0.5,0.5,0.5,1.5,0.5,1.5,2.0,2.0,Centrist/Neutral,equal
5eb05058661fe60d7601edde,0.0,0.0,0.0,0.0,0.0,0.0,0.0,0.0,0.0,0.0,Very Liberal,equal
5eb06b4ab1f63a0f7384b7b9,1.0,6.0,2.0,1.0,1.0,4.0,5.0,4.0,1.0,1.0,Liberal,equal
5eb06b5c438b1810fe2e58a2,1.3333333333333333,1.6666666666666667,1.3333333333333333,1.3333333333333333,1.0,1.6666666666666667,1.6666666666666667,1.6666666666666667,0.6666666666666666,0.6666666666666666,Liberal,equal
5eb0c3f05aeb111911ad74de,0.5,1.0,1.0,0.5,0.5,1.5,1.0,1.0,1.0,1.0,Liberal,equal
5eb0fda3718c921beb4834d0,0.0,0.0,0.0,0.0,0.0,0.0,0.0,0.0,0.0,0.0,Conservative,equal
5eb1080bc2728b1d513f5727,2.0,5.0,5.0,6.0,4.0,6.0,4.0,6.0,9.0,2.0,Liberal,more
5eb10e1b6e2f921d6d6567dd,0.0,0.0,0.0,0.0,0.0,0.0,0.0,0.0,0.0,0.0,Centrist/Neutral,equal
5eb166711c9ed5255c4ea6d9,3.0,6.0,5.0,5.0,5.0,7.0,7.0,7.0,3.0,3.0,Liberal,equal
5eb1a905bf6e002bd25a5da9,2.0,5.0,3.0,4.0,3.0,5.0,4.0,5.0,1.0,3.0,Centrist/Neutral,less
5eb1e9b96c1f4713ed5d0a1e,0.0,0.0,0.0,0.0,0.0,0.0,0.0,0.0,0.0,0.0,Liberal,equal
5eb1f6fc96a926357133cbb1,0.0,0.0,0.0,0.0,0.0,0.0,0.0,0.0,0.0,0.0,Liberal,equal
5eb2130d443a54374163d76b,2.0,4.0,2.0,2.0,2.0,3.0,3.0,2.0,1.0,1.0,Very Liberal,equal
5eb21f99b7adcd373d58a6b0,0.0,0.0,0.0,0.0,0.0,0.0,0.0,0.0,0.0,0.0,Liberal,equal
5eb24e9991dfaa1aaf03a7b8,1.0,6.0,1.0,3.0,1.0,6.0,5.0,1.0,2.0,2.0,Centrist/Neutral,equal
5eb29a3db97d6b0008d24a1a,1.0,2.0,1.0,1.0,1.0,2.0,2.0,2.0,1.5,1.5,Centrist/Neutral,equal
5eb2f1a1ce5ba10ab2c0a042,0.2,0.6,0.4,0.4,0.4,0.6,0.6,0.6,0.2,0.2,Liberal,equal
5eb3137a95eefd0eb9985c5b,4.0,3.0,2.0,1.0,3.0,5.0,1.0,1.0,4.0,4.0,Centrist/Neutral,equal
5eb33a377e2404137054ebe4,3.0,6.0,5.0,4.0,3.0,5.0,5.0,5.0,2.0,2.0,Very Liberal,equal
5eb35a554ff34414ebb41827,0.0,0.0,0.0,0.0,0.0,0.0,0.0,0.0,0.0,0.0,Centrist/Neutral,equal
5eb35afb20c7f015a0697687,0.0,0.0,0.0,0.0,0.0,0.0,0.0,0.0,0.0,0.0,Liberal,equal
5eb35e715308a1157ae3b853,0.0,0.0,0.0,0.0,0.0,0.0,0.0,0.0,0.0,0.0,Liberal,equal
5eb3ade7c66e621a76d48c66,1.0,2.0,3.0,1.0,2.0,3.0,1.0,2.0,7.0,7.0,Centrist/Neutral,equal
5eb4a3fb75168630c3e6fdb1,0.6666666666666666,0.8333333333333334,0.16666666666666666,0.16666666666666666,0.3333333333333333,0.8333333333333334,0.16666666666666666,0.5,0.5,0.5,Very Liberal,equal
5eb4c6510ef386339dde2a35,1.5,1.5,2.5,2.5,1.5,2.5,2.5,2.5,1.0,1.0,Liberal,equal
5eb4d812d25d2534cacd8c68,1.0,5.0,1.0,1.0,1.0,5.0,5.0,5.0,3.0,2.0,Centrist/Neutral,more
5eb626e38224d351c2580802,0.5,1.5,1.5,1.0,1.5,1.5,1.5,1.5,2.5,2.5,Liberal,equal
5eb86384ed81047c65376aea,0.0,0.0,0.0,0.0,0.0,0.0,0.0,0.0,0.0,0.0,Centrist/Neutral,equal
5eb9798c0c0c95075ce61dfb,1.0,1.0,1.25,1.25,1.0,1.5,1.25,1.25,1.0,1.25,Liberal,less
5eb97fbd6e48da0780149530,2.0,5.0,5.0,2.0,2.0,5.0,4.0,4.0,3.0,4.0,Conservative,less
5eb9af967fbf4b0d17bbe946,0.0,0.0,0.0,0.0,0.0,0.0,0.0,0.0,0.0,0.0,Centrist/Neutral,equal
5eb9cbed3af3720f69cb5913,1.0,3.0,2.5,2.0,1.5,3.0,3.0,3.5,2.0,1.0,Liberal,more
5eb9cea0d0a682113d2c05a1,5.0,3.0,4.0,4.0,4.0,3.0,5.0,3.0,5.0,6.0,Centrist/Neutral,less
5eba16aa359030156a6d5d31,0.0,0.0,0.0,0.0,0.0,0.0,0.0,0.0,0.0,0.0,Very Liberal,equal
5eba2e33474e6517605faffb,3.0,4.0,3.0,1.0,1.0,5.0,3.0,1.0,2.0,2.0,Very Liberal,equal
5eba34aa6f816b16d72f49e1,1.0,3.0,1.0,2.0,1.0,4.0,5.0,1.0,1.0,1.0,Liberal,equal
5eba357c3d72c116be317542,0.0,0.0,0.0,0.0,0.0,0.0,0.0,0.0,0.0,0.0,Conservative,equal
5eba7dd788044a040e7d8d60,1.5,2.5,2.0,2.0,1.0,3.0,3.0,2.0,0.5,0.5,Very Liberal,equal
5ebab15a44263b000888f35b,0.0,0.0,0.0,0.0,0.0,0.0,0.0,0.0,0.0,0.0,Very Liberal,equal
5ebabe2f4d32da02ed3a6915,1.25,1.25,1.25,1.25,0.75,1.25,0.75,1.0,0.25,0.25,Very Liberal,equal
5ebaf9c3d131ca09d7a08a47,1.0,2.0,3.0,3.0,3.0,3.5,3.5,3.0,0.5,1.5,Centrist/Neutral,less
5ebb26803576b50eb12d87d9,0.0,0.0,0.0,0.0,0.0,0.0,0.0,0.0,0.0,0.0,Very Liberal,equal
5ebb48fa86aba5115f8f33c9,0.3333333333333333,1.0,1.0,1.0,0.6666666666666666,1.0,1.0,1.0,0.3333333333333333,0.3333333333333333,Liberal,equal
5ebb60fe5b408e13222c626c,3.0,6.0,6.0,5.0,3.0,7.0,5.0,4.0,0.0,2.0,Centrist/Neutral,less
5ebbfc3729e14e0372002deb,0.0,0.0,0.0,0.0,0.0,0.0,0.0,0.0,0.0,0.0,Liberal,equal
5ebcb23a12a15210197d1d00,0.0,0.0,0.0,0.0,0.0,0.0,0.0,0.0,0.0,0.0,Liberal,equal
5ebcd8fc55e67d14203d0fde,1.0,4.0,3.0,3.0,2.0,4.0,4.0,2.0,3.0,3.0,Liberal,equal
5ebd52d8cb09d4000c9f64af,0.0,0.0,0.0,0.0,0.0,0.0,0.0,0.0,0.0,0.0,Very Conservative,equal
5ebea06f9d56a105c10f6315,0.0,0.0,0.0,0.0,0.0,0.0,0.0,0.0,0.0,0.0,Centrist/Neutral,equal
5ec00f62cf12be40ea6fe344,0.0,0.0,0.0,0.0,0.0,0.0,0.0,0.0,0.0,0.0,Conservative,equal
5ec0a628aeb38236276f7d25,2.0,7.0,2.0,2.0,1.0,6.0,7.0,5.0,1.0,1.0,Liberal,equal
5ec18c4c2f44695b38204649,0.0,0.0,0.0,0.0,0.0,0.0,0.0,0.0,0.0,0.0,Conservative,equal
5ec2feeb47c4471339d3b2ce,0.0,0.0,0.0,0.0,0.0,0.0,0.0,0.0,0.0,0.0,Very Liberal,equal
5ec4413c7bd12a11f5d49e04,0.6666666666666666,2.0,1.6666666666666667,1.0,1.3333333333333333,2.3333333333333335,1.6666666666666667,2.0,0.3333333333333333,0.3333333333333333,Very Liberal,equal
5ec441b77b846b31db2d328a,0.0,0.0,0.0,0.0,0.0,0.0,0.0,0.0,0.0,0.0,Centrist/Neutral,equal
5ec44240144f4f30a24e7aeb,2.0,2.0,2.0,2.0,2.0,2.0,2.0,2.0,0.6666666666666666,0.6666666666666666,Very Liberal,equal
5ec453f93ba6b432bdf01d58,0.0,0.0,0.0,0.0,0.0,0.0,0.0,0.0,0.0,0.0,Very Liberal,equal
5ec4a0fffe991f37f61b356e,0.0,0.0,0.0,0.0,0.0,0.0,0.0,0.0,0.0,0.0,Very Liberal,equal
5ec571fbbe9f1b54ce2ea875,0.0,0.0,0.0,0.0,0.0,0.0,0.0,0.0,0.0,0.0,Centrist/Neutral,equal
5ec5a705a9b68d5f1f482ce5,0.0,0.0,0.0,0.0,0.0,0.0,0.0,0.0,0.0,0.0,Centrist/Neutral,equal
5ec5b367ec26b761ec0fc87d,0.0,0.0,0.0,0.0,0.0,0.0,0.0,0.0,0.0,0.0,Liberal,equal
5ec5d393295d6e655f9842e4,0.0,0.0,0.0,0.0,0.0,0.0,0.0,0.0,0.0,0.0,Centrist/Neutral,equal
5ec5e401a6c1eb663c46efcc,0.0,0.0,0.0,0.0,0.0,0.0,0.0,0.0,0.0,0.0,Very Liberal,equal
5ec6c3fe8197ce0e352fbfc1,0.0,0.0,0.0,0.0,0.0,0.0,0.0,0.0,0.0,0.0,Centrist/Neutral,equal
5ec6e4ebdab574105b1bf4d9,1.3333333333333333,2.0,1.3333333333333333,1.3333333333333333,0.6666666666666666,2.0,2.3333333333333335,1.0,1.0,1.0,Conservative,equal
5ec735fc4131bd17f438838c,0.0,0.0,0.0,0.0,0.0,0.0,0.0,0.0,0.0,0.0,Very Liberal,equal
5ec741f90b0a68183be0ac6d,4.0,6.0,5.0,6.0,6.0,7.0,7.0,7.0,2.0,4.0,Very Liberal,less
5ec74aa8015f9f1a3452eb05,0.0,0.0,0.0,0.0,0.0,0.0,0.0,0.0,0.0,0.0,Very Liberal,equal
5ec81134ac7d6b2b9ac51453,0.0,0.0,0.0,0.0,0.0,0.0,0.0,0.0,0.0,0.0,Liberal,equal
5ec8179eb5b1d20f88b26120,3.0,3.0,4.0,4.0,4.0,6.0,6.0,6.0,3.0,3.0,Centrist/Neutral,equal
5ec82c3f67c66a10c498ecf6,0.0,0.0,0.0,0.0,0.0,0.0,0.0,0.0,0.0,0.0,Very Liberal,equal
5ec8595410d64c343d8c7f2a,0.0,0.0,0.0,0.0,0.0,0.0,0.0,0.0,0.0,0.0,Centrist/Neutral,equal
5ec8a23062738338f917576a,0.6666666666666666,0.6666666666666666,2.3333333333333335,2.0,2.3333333333333335,2.0,1.3333333333333333,2.0,0.3333333333333333,0.3333333333333333,Liberal,equal
5ec96c9a80f84647e8582cb9,3.0,5.0,5.0,4.0,6.0,5.0,5.0,5.0,1.0,1.0,Very Liberal,equal
5ec9d530f7f5db50c71639de,0.0,0.0,0.0,0.0,0.0,0.0,0.0,0.0,0.0,0.0,Centrist/Neutral,equal
5ecb2895bc80406a12e913a7,0.0,0.0,0.0,0.0,0.0,0.0,0.0,0.0,0.0,0.0,Centrist/Neutral,equal
5eccbe0aa713d84c5bccd35c,0.0,0.0,0.0,0.0,0.0,0.0,0.0,0.0,0.0,0.0,Liberal,equal
5eccfd5e040498000acbab5c,0.0,0.0,0.0,0.0,0.0,0.0,0.0,0.0,0.0,0.0,Centrist/Neutral,equal
5ece6a57886a6c22341b1ead,0.0,0.0,0.0,0.0,0.0,0.0,0.0,0.0,0.0,0.0,Centrist/Neutral,equal
5ecf4b18f7b0443609e07646,0.0,0.0,0.0,0.0,0.0,0.0,0.0,0.0,0.0,0.0,Centrist/Neutral,equal
5ed1247740e3ed03a7b6bff5,1.0,3.0,4.0,3.0,4.0,3.0,3.0,2.0,1.0,1.0,Liberal,equal
5ed1702b534bdc0c7d215298,0.0,0.0,0.0,0.0,0.0,0.0,0.0,0.0,0.0,0.0,Liberal,equal
5ed17f22e1dc340c98fd6bc7,0.5,2.5,0.5,0.5,0.5,1.0,1.0,1.0,0.5,0.5,Very Liberal,equal
5ed1e0f7ba6548028fc64722,0.0,0.0,0.0,0.0,0.0,0.0,0.0,0.0,0.0,0.0,Very Liberal,equal
5ed2fa0793788128b41df2cd,0.0,0.0,0.0,0.0,0.0,0.0,0.0,0.0,0.0,0.0,Centrist/Neutral,equal
5ed442ea258f2e4098c6b153,0.0,0.0,0.0,0.0,0.0,0.0,0.0,0.0,0.0,0.0,Very Liberal,equal
5ed56587e879740cccc9d62a,1.0,2.5,1.0,1.0,0.5,3.0,2.5,3.0,0.5,0.5,Liberal,equal
5ed5ac56ee608714bb21075d,0.0,0.0,0.0,0.0,0.0,0.0,0.0,0.0,0.0,0.0,Liberal,equal
5ed5e0276122c5175e4509d0,0.0,0.0,0.0,0.0,0.0,0.0,0.0,0.0,0.0,0.0,Liberal,equal
5ed674a74aaed5093c46b6e8,0.0,0.0,0.0,0.0,0.0,0.0,0.0,0.0,0.0,0.0,Conservative,equal
5ed6a20e56cb1a0f7f8f7d20,1.0,4.0,3.0,1.0,2.0,5.0,5.0,6.0,1.0,1.0,Centrist/Neutral,equal
5ed70903f3b2f8195f919e6f,0.0,0.0,0.0,0.0,0.0,0.0,0.0,0.0,0.0,0.0,Conservative,equal
5ed74a20ac241e1c4dfeb045,0.0,0.0,0.0,0.0,0.0,0.0,0.0,0.0,0.0,0.0,Very Liberal,equal
5ed7c2a9460b76287b2cda9f,0.0,0.0,0.0,0.0,0.0,0.0,0.0,0.0,0.0,0.0,Liberal,equal
5ed8748d4dbf2e3863002f76,0.0,0.0,0.0,0.0,0.0,0.0,0.0,0.0,0.0,0.0,Liberal,equal
5ed885609d0c93397b6b50fd,0.0,0.0,0.0,0.0,0.0,0.0,0.0,0.0,0.0,0.0,Liberal,equal
5ed93d13a7c31c4be57ef096,3.0,6.0,5.0,5.0,5.0,7.0,7.0,7.0,2.0,3.0,Liberal,less
5ed94019c318241053930266,0.0,0.0,0.0,0.0,0.0,0.0,0.0,0.0,0.0,0.0,Centrist/Neutral,equal
5ed94132a8b177107d611847,0.0,0.0,0.0,0.0,0.0,0.0,0.0,0.0,0.0,0.0,Centrist/Neutral,equal
5ed944592219cb116588a9c7,0.0,0.0,0.0,0.0,0.0,0.0,0.0,0.0,0.0,0.0,Centrist/Neutral,equal
5ed98dc98d52355330659711,1.0,3.5,0.5,1.0,1.0,3.5,3.5,3.5,1.0,0.0,Very Liberal,more
5ed9df4296035b58dce21946,0.0,0.0,0.0,0.0,0.0,0.0,0.0,0.0,0.0,0.0,Liberal,equal
5eda93dcca52056b992dc4e7,0.0,0.0,0.0,0.0,0.0,0.0,0.0,0.0,0.0,0.0,Very Liberal,equal
5eda9c1285d97f13ff9ec230,1.0,3.0,1.0,1.0,1.0,2.0,1.0,1.0,2.0,2.0,Centrist/Neutral,equal
5edacd8bca520571d4c0402f,0.2,0.8,0.4,0.4,0.2,0.2,1.0,0.2,0.4,0.4,Centrist/Neutral,equal
5edaf0abba14031b7899eb3f,0.0,0.0,0.0,0.0,0.0,0.0,0.0,0.0,0.0,0.0,Conservative,equal
5edb269fd20f6b7884b4af69,2.0,5.0,3.0,4.0,2.0,6.0,5.0,4.0,3.0,3.0,Centrist/Neutral,equal
5edc3f9696a72790ae256a27,0.0,0.0,0.0,0.0,0.0,0.0,0.0,0.0,0.0,0.0,Liberal,equal
5edc54406e439f905691b623,0.0,0.0,0.0,0.0,0.0,0.0,0.0,0.0,0.0,0.0,Very Liberal,equal
5edcadb5e81cb9000c4b07e0,0.0,0.0,0.0,0.0,0.0,0.0,0.0,0.0,0.0,0.0,Liberal,equal
5edd1133213f7a077ee2709b,0.0,0.0,0.0,0.0,0.0,0.0,0.0,0.0,0.0,0.0,Liberal,equal
5ede1b9de880a5035a41da35,0.0,0.0,0.0,0.0,0.0,0.0,0.0,0.0,0.0,0.0,Conservative,equal
5ede3d2ef7c9f9068776c4d2,0.0,0.0,0.0,0.0,0.0,0.0,0.0,0.0,0.0,0.0,Liberal,equal
5ede89655600b51030337511,1.0,1.3333333333333333,1.0,1.0,1.0,1.3333333333333333,1.3333333333333333,1.3333333333333333,0.0,0.0,Liberal,equal
5ede94e7c68c75125f23ecb6,0.0,0.0,0.0,0.0,0.0,0.0,0.0,0.0,0.0,0.0,Very Liberal,equal
5edef14e402f7d1ac3b97c74,0.0,0.0,0.0,0.0,0.0,0.0,0.0,0.0,0.0,0.0,Conservative,equal
5edf0bcccf71bc1c0b806934,0.0,0.0,0.0,0.0,0.0,0.0,0.0,0.0,0.0,0.0,Liberal,equal
5edf2043d53fce1c797d9f5d,4.0,6.0,4.0,3.0,5.0,6.0,3.0,6.0,1.0,2.0,Very Liberal,less
5edf25ddf4b5591d19edc462,0.0,0.0,0.0,0.0,0.0,0.0,0.0,0.0,0.0,0.0,Liberal,equal
5edf474096c5381f5b2b66ca,0.0,0.0,0.0,0.0,0.0,0.0,0.0,0.0,0.0,0.0,Liberal,equal
5edfa08db0711a2891ebd61f,5.0,5.0,3.0,3.0,3.0,5.0,6.0,4.0,2.0,2.0,Liberal,equal
5edff301000fa631c7b5bd3b,0.0,0.0,0.0,0.0,0.0,0.0,0.0,0.0,0.0,0.0,Conservative,equal
5ee0010edfc47c33f1726e45,2.0,5.0,5.0,2.0,4.0,6.0,5.0,5.0,1.0,1.0,Very Liberal,equal
5ee1278f5e33964dcb11d20f,1.0,5.0,2.0,3.0,2.0,4.0,4.0,2.0,3.0,3.0,Liberal,equal
5ee12e737def25505356237d,0.0,0.0,0.0,0.0,0.0,0.0,0.0,0.0,0.0,0.0,Centrist/Neutral,equal
5ee13fce6b82194fb7a8fedc,0.0,0.0,0.0,0.0,0.0,0.0,0.0,0.0,0.0,0.0,Very Liberal,equal
5ee143ff2ec63852160688cc,1.0,3.0,1.0,1.0,1.0,2.0,1.0,1.0,2.0,2.0,Very Liberal,equal
5ee156d710299316d829fe31,3.0,4.0,3.0,3.0,4.0,4.0,4.0,4.0,1.0,1.0,Liberal,equal
5ee1aff5d156f20008c98012,0.0,0.0,0.0,0.0,0.0,0.0,0.0,0.0,0.0,0.0,Very Liberal,equal
5ee241268698436ab99901cd,2.0,7.0,2.0,3.0,2.0,4.0,6.0,4.0,3.0,3.0,Conservative,equal
5ee2916b70aa643be19c0036,0.0,0.0,0.0,0.0,0.0,0.0,0.0,0.0,0.0,0.0,Conservative,equal
5ee2a7978099c00d4793c807,5.0,5.0,6.0,6.0,6.0,5.0,5.0,5.0,1.0,2.0,Very Conservative,less
5ee2aa08fb2efb7bf0d0f60c,0.0,0.0,0.0,0.0,0.0,0.0,0.0,0.0,0.0,0.0,Centrist/Neutral,equal
5ee2b44f470fa7446a470c8d,0.0,0.0,0.0,0.0,0.0,0.0,0.0,0.0,0.0,0.0,Very Liberal,equal
5ee391b86d4aaf01d972a327,0.0,0.0,0.0,0.0,0.0,0.0,0.0,0.0,0.0,0.0,Liberal,equal
5ee3c4bda54f6807aced1eb9,0.0,0.0,0.0,0.0,0.0,0.0,0.0,0.0,0.0,0.0,Very Liberal,equal
5ee3c8f2eca1a2085413c9d5,0.0,0.0,0.0,0.0,0.0,0.0,0.0,0.0,0.0,0.0,Centrist/Neutral,equal
5ee3fddcc8ba5c0ecbd0699e,2.0,3.0,5.0,5.0,2.0,4.0,6.0,3.0,1.0,4.0,Centrist/Neutral,less
5ee4a9a018f5a91af3e985cb,0.0,0.0,0.0,0.0,0.0,0.0,0.0,0.0,0.0,0.0,Liberal,equal
5ee53940e704230cfe9c301f,1.0,0.8,1.2,1.2,1.2,1.4,1.4,1.4,0.4,0.8,Very Liberal,less
5ee584e4acfd341ac542b0c9,0.0,0.0,0.0,0.0,0.0,0.0,0.0,0.0,0.0,0.0,Centrist/Neutral,equal
5ee59169fbedfb2dede8cea8,0.25,1.75,1.25,0.25,0.25,1.75,1.75,1.75,0.5,1.0,Liberal,less
5ee6511c69b98d0129d62f27,1.0,2.5,1.5,1.0,0.5,2.0,1.5,1.0,1.0,1.0,Conservative,equal
5ee672f87fecd30400e752f1,0.0,0.0,0.0,0.0,0.0,0.0,0.0,0.0,0.0,0.0,Very Liberal,equal
5ee69bf1ebbfd2420a065289,3.0,5.0,4.0,2.0,3.0,5.0,5.0,4.0,2.0,2.0,Liberal,equal
5ee6c849ecd49045280d2ad8,0.0,0.0,0.0,0.0,0.0,0.0,0.0,0.0,0.0,0.0,Centrist/Neutral,equal
5ee6e0d2ccd83446a3611dd3,3.0,6.0,4.0,6.0,5.0,2.0,2.0,2.0,4.0,4.0,Liberal,equal
5ee6eb360d297347867f3e6d,3.0,6.0,5.0,5.0,5.0,7.0,7.0,7.0,3.0,1.0,Liberal,more
5ee6f70bf796cb48968abc42,2.0,4.0,2.0,3.0,3.0,2.0,4.0,3.0,1.0,1.0,Liberal,equal
5ee6f91291a7f3467cd37704,0.0,0.0,0.0,0.0,0.0,0.0,0.0,0.0,0.0,0.0,Very Liberal,equal
5ee70f2038ee524987f6e9cd,0.0,0.0,0.0,0.0,0.0,0.0,0.0,0.0,0.0,0.0,Very Liberal,equal
5ee737e98452ec4c9cc1a1f0,0.0,0.0,0.0,0.0,0.0,0.0,0.0,0.0,0.0,0.0,Very Liberal,equal
5ee7903e80706a01ea855d36,3.0,6.0,4.0,3.0,4.0,5.0,5.0,5.0,2.0,4.0,Centrist/Neutral,less
5ee84653635dc301d2f8d5b8,0.0,0.0,0.0,0.0,0.0,0.0,0.0,0.0,0.0,0.0,Centrist/Neutral,equal
5ee8f92c564e6212704b2315,0.0,0.0,0.0,0.0,0.0,0.0,0.0,0.0,0.0,0.0,Liberal,equal
5ee91d6e634e8e1290804250,0.0,0.0,0.0,0.0,0.0,0.0,0.0,0.0,0.0,0.0,Very Liberal,equal
5ee9201596dd421333942d06,0.0,0.0,0.0,0.0,0.0,0.0,0.0,0.0,0.0,0.0,Liberal,equal
5ee9617bd87fcd309db3fb2f,0.0,0.0,0.0,0.0,0.0,0.0,0.0,0.0,0.0,0.0,Very Liberal,equal
5ee9c0d2de277c3621bfb1c5,3.0,5.0,4.0,5.0,3.0,4.0,6.0,5.0,1.0,3.0,Liberal,less
5ee9d0dfab4d21000ae469c7,0.0,0.0,0.0,0.0,0.0,0.0,0.0,0.0,0.0,0.0,Centrist/Neutral,equal
5eea18fc3e537f0c21f2e9df,0.0,0.0,0.0,0.0,0.0,0.0,0.0,0.0,0.0,0.0,Very Liberal,equal
5eea4a214c865810724760f1,0.0,0.0,0.0,0.0,0.0,0.0,0.0,0.0,0.0,0.0,Liberal,equal
5eea596158a5a50f8e29547b,5.0,6.0,5.0,4.0,4.0,6.0,5.0,5.0,1.0,1.0,Very Liberal,equal
5eea95eb104faf15face3b81,1.0,3.0,6.0,4.0,5.0,6.0,5.0,5.0,1.0,1.0,Conservative,equal
5eeaa8ee94a7f8046a02a20d,3.0,5.0,3.0,3.0,3.0,4.0,3.0,3.0,7.0,7.0,Conservative,equal
5eeaae03e1959f18cd331cd0,0.16666666666666666,0.6666666666666666,1.1666666666666667,0.8333333333333334,1.0,0.5,0.3333333333333333,0.5,0.3333333333333333,0.3333333333333333,Very Liberal,equal
5eeaae5f4c86581c32bf9a82,0.0,0.0,0.0,0.0,0.0,0.0,0.0,0.0,0.0,0.0,Liberal,equal
5eeabb917a37001964adb396,0.0,0.0,0.0,0.0,0.0,0.0,0.0,0.0,0.0,0.0,Very Liberal,equal
5eeacbef6580b820c71e449c,1.0,4.0,4.0,1.0,1.0,6.0,5.0,5.0,1.0,1.0,Centrist/Neutral,equal
5eead18ae1959f1b046d1e4f,0.0,0.0,0.0,0.0,0.0,0.0,0.0,0.0,0.0,0.0,Liberal,equal
5eeadad1a8405e1bf5c8c7d4,0.0,0.0,0.0,0.0,0.0,0.0,0.0,0.0,0.0,0.0,Liberal,equal
5eeaddb294466620617d4869,1.5,3.5,1.0,1.5,0.5,2.5,3.0,2.0,1.0,2.0,Centrist/Neutral,less
5eeae0b5d11ddb2126b1e2bf,0.0,0.0,0.0,0.0,0.0,0.0,0.0,0.0,0.0,0.0,Liberal,equal
5eeb412dde2ce12142b917b3,0.0,0.0,0.0,0.0,0.0,0.0,0.0,0.0,0.0,0.0,Centrist/Neutral,equal
5eeb88f7507eb331b39e0d1a,0.0,0.0,0.0,0.0,0.0,0.0,0.0,0.0,0.0,0.0,Very Liberal,equal
5eeb9d5c417b5b34b8ceed17,2.0,6.0,4.0,4.0,4.0,5.0,3.0,4.0,2.0,3.0,Very Liberal,less
5eebc4bdbc56df3150e4ed27,5.0,5.0,6.0,6.0,4.0,3.0,3.0,5.0,1.0,1.0,Very Liberal,equal
5eebff91bd2957196e75d9c7,0.0,0.0,0.0,0.0,0.0,0.0,0.0,0.0,0.0,0.0,Liberal,equal
5eec1b5d66afb73e27bb8c96,0.0,0.0,0.0,0.0,0.0,0.0,0.0,0.0,0.0,0.0,Centrist/Neutral,equal
5eece89d63352e0c327ddb0b,0.0,0.0,0.0,0.0,0.0,0.0,0.0,0.0,0.0,0.0,Very Liberal,equal
5eed1bae9e63ac127ac15a77,0.0,0.0,0.0,0.0,0.0,0.0,0.0,0.0,0.0,0.0,Centrist/Neutral,equal
5eed8bec94fa2f1be77c189a,0.0,0.0,0.0,0.0,0.0,0.0,0.0,0.0,0.0,0.0,Conservative,equal
5eed9581cb94ad1c85a27259,0.0,0.0,0.0,0.0,0.0,0.0,0.0,0.0,0.0,0.0,Very Liberal,equal
5eee262c7da4d228a43a4027,0.0,0.0,0.0,0.0,0.0,0.0,0.0,0.0,0.0,0.0,Liberal,equal
5eee2f5b6a22952a2bce82fc,1.3333333333333333,2.0,1.6666666666666667,1.0,2.0,2.3333333333333335,1.6666666666666667,2.3333333333333335,0.3333333333333333,0.3333333333333333,Very Liberal,equal
5eee306006ab9629fb76858c,1.0,5.0,2.0,1.0,1.0,3.0,2.0,1.0,3.0,1.0,Liberal,more
5eef1e59872e07000ba6cb37,1.0,1.3333333333333333,0.6666666666666666,1.3333333333333333,0.6666666666666666,1.3333333333333333,1.0,0.6666666666666666,1.0,1.0,Centrist/Neutral,equal
5eef7517c8692d20c3279493,0.0,0.0,0.0,0.0,0.0,0.0,0.0,0.0,0.0,0.0,Liberal,equal
5eefcccaf9461b13feb83c5e,0.75,0.75,0.75,1.0,0.25,0.75,0.75,0.25,0.75,0.75,Centrist/Neutral,equal
5ef00318f05e8b4fc02145ae,5.0,7.0,2.0,2.0,3.0,6.0,4.0,6.0,0.0,0.0,Very Liberal,equal
5ef060014ba8c51fbf60b54c,0.0,0.0,0.0,0.0,0.0,0.0,0.0,0.0,0.0,0.0,Centrist/Neutral,equal
5ef0b9fefb4e033ed8364c10,0.0,0.0,0.0,0.0,0.0,0.0,0.0,0.0,0.0,0.0,Very Liberal,equal
5ef0d0a8074e4c413a113a68,0.0,0.0,0.0,0.0,0.0,0.0,0.0,0.0,0.0,0.0,Conservative,equal
5ef0d2abecae6d04de905512,1.0,3.0,1.0,1.0,1.0,1.0,3.0,1.0,2.0,3.0,Liberal,less
5ef1086d5234d40c8a15754a,0.0,0.0,0.0,0.0,0.0,0.0,0.0,0.0,0.0,0.0,Centrist/Neutral,equal
5ef134a5b2112b1207d5c65c,0.5,2.5,1.0,1.0,1.0,2.0,2.0,2.0,0.5,2.5,Liberal,less
5ef19d99454675561e3fc9bb,0.0,0.0,0.0,0.0,0.0,0.0,0.0,0.0,0.0,0.0,Very Conservative,equal
5ef3aa388ec82e1307ba5b02,0.0,0.0,0.0,0.0,0.0,0.0,0.0,0.0,0.0,0.0,Conservative,equal
5ef3e76be991b816cd499e69,0.0,0.0,0.0,0.0,0.0,0.0,0.0,0.0,0.0,0.0,Centrist/Neutral,equal
5ef418a3637bb41d140de7e4,0.0,0.0,0.0,0.0,0.0,0.0,0.0,0.0,0.0,0.0,Very Liberal,equal
5ef4f98e50dc6b12b6476d5d,0.0,0.0,0.0,0.0,0.0,0.0,0.0,0.0,0.0,0.0,Liberal,equal
5ef517ab79cf2c15b7452eda,0.0,0.0,0.0,0.0,0.0,0.0,0.0,0.0,0.0,0.0,Centrist/Neutral,equal
5ef530ed22eb1d18a02d5701,0.0,0.0,0.0,0.0,0.0,0.0,0.0,0.0,0.0,0.0,Liberal,equal
5ef54b31234db61ac1c7fdb0,0.0,0.0,0.0,0.0,0.0,0.0,0.0,0.0,0.0,0.0,Liberal,equal
5ef6743fa4d98d36b3d86694,0.0,0.0,0.0,0.0,0.0,0.0,0.0,0.0,0.0,0.0,Liberal,equal
5ef6bb87b83f3b000a3f04ae,0.0,0.0,0.0,0.0,0.0,0.0,0.0,0.0,0.0,0.0,Liberal,equal
5ef6d07be683903cd5ae171d,0.0,0.0,0.0,0.0,0.0,0.0,0.0,0.0,0.0,0.0,Centrist/Neutral,equal
5ef6d363d195c23ce977b6c4,0.0,0.0,0.0,0.0,0.0,0.0,0.0,0.0,0.0,0.0,Liberal,equal
5ef831c97dcd65573bbb0649,0.0,0.0,0.0,0.0,0.0,0.0,0.0,0.0,0.0,0.0,Liberal,equal
5ef865fa1fb3f55b2f7f3f74,0.0,0.0,0.0,0.0,0.0,0.0,0.0,0.0,0.0,0.0,Liberal,equal
5efa5f1e85fd3488ef3fd4f2,0.0,0.0,0.0,0.0,0.0,0.0,0.0,0.0,0.0,0.0,Very Liberal,equal
5efabf3ac16df890cee2b41e,0.0,0.0,0.0,0.0,0.0,0.0,0.0,0.0,0.0,0.0,Centrist/Neutral,equal
5efb5f77ef19f50a68564191,0.0,0.0,0.0,0.0,0.0,0.0,0.0,0.0,0.0,0.0,Liberal,equal
5efbbac9041ae7163c083d36,0.0,0.0,0.0,0.0,0.0,0.0,0.0,0.0,0.0,0.0,Very Liberal,equal
5efbd589ceb6b9190882911d,0.0,0.0,0.0,0.0,0.0,0.0,0.0,0.0,0.0,0.0,Very Conservative,equal
5efbdfe2d66b1418c2ba858a,0.0,0.0,0.0,0.0,0.0,0.0,0.0,0.0,0.0,0.0,Liberal,equal
5efbe4f0c9f37c1a3b70afaf,0.0,0.0,0.0,0.0,0.0,0.0,0.0,0.0,0.0,0.0,Liberal,equal
5efc9e6602650605d21ca962,0.0,0.0,0.0,0.0,0.0,0.0,0.0,0.0,0.0,0.0,Liberal,equal
5efd41a487c4ec1945330e9a,0.0,0.0,0.0,0.0,0.0,0.0,0.0,0.0,0.0,0.0,Centrist/Neutral,equal
5efd4df059990518c92eca95,0.0,0.0,0.0,0.0,0.0,0.0,0.0,0.0,0.0,0.0,Very Liberal,equal
5efdcf388c837e24c1bbb083,0.0,0.0,0.0,0.0,0.0,0.0,0.0,0.0,0.0,0.0,Centrist/Neutral,equal
5efe1fa306bbc52e5fde738d,0.0,0.0,0.0,0.0,0.0,0.0,0.0,0.0,0.0,0.0,Centrist/Neutral,equal
5efe33b14177723069d82cfd,0.0,0.0,0.0,0.0,0.0,0.0,0.0,0.0,0.0,0.0,Liberal,equal
5efe549cd061693579bff438,0.0,0.0,0.0,0.0,0.0,0.0,0.0,0.0,0.0,0.0,Liberal,equal
5efe8b72abf513385a21eecc,0.0,0.0,0.0,0.0,0.0,0.0,0.0,0.0,0.0,0.0,Liberal,equal
5efe907ba8384039f55a9625,0.0,0.0,0.0,0.0,0.0,0.0,0.0,0.0,0.0,0.0,Centrist/Neutral,equal
5effc7a64495250cbb0d8de8,0.0,0.0,0.0,0.0,0.0,0.0,0.0,0.0,0.0,0.0,Centrist/Neutral,equal
5f00bbd203e3291e95806b56,0.0,0.0,0.0,0.0,0.0,0.0,0.0,0.0,0.0,0.0,Liberal,equal
5f00cc127086ce2029ae6541,0.0,0.0,0.0,0.0,0.0,0.0,0.0,0.0,0.0,0.0,Liberal,equal
5f0107db94097c2544c516e6,0.0,0.0,0.0,0.0,0.0,0.0,0.0,0.0,0.0,0.0,Liberal,equal
5f0142aa1eb1e528e7abce50,0.0,0.0,0.0,0.0,0.0,0.0,0.0,0.0,0.0,0.0,Very Liberal,equal
5f0165065e7e8b2a6cfb4c19,0.0,0.0,0.0,0.0,0.0,0.0,0.0,0.0,0.0,0.0,Very Liberal,equal
5f0293ca91b83b4294d6685c,0.0,0.0,0.0,0.0,0.0,0.0,0.0,0.0,0.0,0.0,Very Liberal,equal
5f0298ad4a1b58435567e7d4,0.0,0.0,0.0,0.0,0.0,0.0,0.0,0.0,0.0,0.0,Liberal,equal
5f035993cc8d3253768d9804,0.0,0.0,0.0,0.0,0.0,0.0,0.0,0.0,0.0,0.0,Liberal,equal
5f037eb9de02ff2a0082dda3,0.0,0.0,0.0,0.0,0.0,0.0,0.0,0.0,0.0,0.0,Very Liberal,equal
5f0395a63963d05bc235abdb,0.0,0.0,0.0,0.0,0.0,0.0,0.0,0.0,0.0,0.0,Liberal,equal
5f03e4a77df42060e6b3dd13,0.0,0.0,0.0,0.0,0.0,0.0,0.0,0.0,0.0,0.0,Centrist/Neutral,equal
5f04797c88d91307286d6379,0.0,0.0,0.0,0.0,0.0,0.0,0.0,0.0,0.0,0.0,Centrist/Neutral,equal
5f053720c017078437e04818,0.0,0.0,0.0,0.0,0.0,0.0,0.0,0.0,0.0,0.0,Conservative,equal
5f055b6ca28292863f750383,0.0,0.0,0.0,0.0,0.0,0.0,0.0,0.0,0.0,0.0,Very Liberal,equal
5f067c54f05beb1e8392a532,0.0,0.0,0.0,0.0,0.0,0.0,0.0,0.0,0.0,0.0,Liberal,equal
5f07070d75038e05e9fcf515,0.0,0.0,0.0,0.0,0.0,0.0,0.0,0.0,0.0,0.0,Liberal,equal
5f070947ea1cc729b610c462,0.0,0.0,0.0,0.0,0.0,0.0,0.0,0.0,0.0,0.0,Centrist/Neutral,equal
5f070f6f0b00e807015e68d4,0.0,0.0,0.0,0.0,0.0,0.0,0.0,0.0,0.0,0.0,Liberal,equal
5f07c86524cc101f35f443e6,0.0,0.0,0.0,0.0,0.0,0.0,0.0,0.0,0.0,0.0,Very Liberal,equal
5f07ec0ec025b5421c3e3379,0.0,0.0,0.0,0.0,0.0,0.0,0.0,0.0,0.0,0.0,Very Liberal,equal
5f08891e392f740a659bbc7d,0.0,0.0,0.0,0.0,0.0,0.0,0.0,0.0,0.0,0.0,Very Liberal,equal
5f08916db314750bc9206ce8,0.0,0.0,0.0,0.0,0.0,0.0,0.0,0.0,0.0,0.0,Centrist/Neutral,equal
5f08bea1c1c4e111f286d7d1,0.0,0.0,0.0,0.0,0.0,0.0,0.0,0.0,0.0,0.0,Liberal,equal
5f0963c6310eaf000b922e94,0.0,0.0,0.0,0.0,0.0,0.0,0.0,0.0,0.0,0.0,Very Liberal,equal
5f0a1bbf4095fb1232dc7940,0.0,0.0,0.0,0.0,0.0,0.0,0.0,0.0,0.0,0.0,Conservative,equal
5f0aa896791e0236de3fbdcb,0.0,0.0,0.0,0.0,0.0,0.0,0.0,0.0,0.0,0.0,Centrist/Neutral,equal
5f0b33e16edeb5429793f878,0.0,0.0,0.0,0.0,0.0,0.0,0.0,0.0,0.0,0.0,Very Liberal,equal
5f0bd06834894f4fb33be017,0.0,0.0,0.0,0.0,0.0,0.0,0.0,0.0,0.0,0.0,Very Liberal,equal
5f0c058eda9c680009ef5de6,0.0,0.0,0.0,0.0,0.0,0.0,0.0,0.0,0.0,0.0,Very Liberal,equal
5f0c61f219803a07239a4269,0.0,0.0,0.0,0.0,0.0,0.0,0.0,0.0,0.0,0.0,Liberal,equal
5f0ca4c7b278534b639a6891,0.0,0.0,0.0,0.0,0.0,0.0,0.0,0.0,0.0,0.0,Very Liberal,equal
5f0cb89500197b14736aa784,0.0,0.0,0.0,0.0,0.0,0.0,0.0,0.0,0.0,0.0,Liberal,equal
5f0cce2c0a181350357ef913,0.0,0.0,0.0,0.0,0.0,0.0,0.0,0.0,0.0,0.0,Liberal,equal
5f0df6c9b64b5107b88cbd4b,0.0,0.0,0.0,0.0,0.0,0.0,0.0,0.0,0.0,0.0,Very Liberal,equal
5f0e08d6cee7a90b940fb9ab,0.0,0.0,0.0,0.0,0.0,0.0,0.0,0.0,0.0,0.0,Conservative,equal
5f0e16a89f0d68127670c288,0.0,0.0,0.0,0.0,0.0,0.0,0.0,0.0,0.0,0.0,Very Liberal,equal
5f0e30afab8b8f15654689e8,0.0,0.0,0.0,0.0,0.0,0.0,0.0,0.0,0.0,0.0,Centrist/Neutral,equal
5f0e50c3a8d93519188a7525,0.0,0.0,0.0,0.0,0.0,0.0,0.0,0.0,0.0,0.0,Very Liberal,equal
5f0f62de21b8db102948c958,0.0,0.0,0.0,0.0,0.0,0.0,0.0,0.0,0.0,0.0,Conservative,equal
5f0f74f79ae45313d4652776,0.0,0.0,0.0,0.0,0.0,0.0,0.0,0.0,0.0,0.0,Very Liberal,equal
5f0fa78daeef1d18edccd806,0.0,0.0,0.0,0.0,0.0,0.0,0.0,0.0,0.0,0.0,Conservative,equal
5f0fcdf51ab5551ea56a297a,0.0,0.0,0.0,0.0,0.0,0.0,0.0,0.0,0.0,0.0,Liberal,equal
5f112c3557b476490891ec16,0.0,0.0,0.0,0.0,0.0,0.0,0.0,0.0,0.0,0.0,Liberal,equal
5f113ec4c304894ad573296c,0.0,0.0,0.0,0.0,0.0,0.0,0.0,0.0,0.0,0.0,Liberal,equal
5f11f693a02cfb0f417c3c02,0.0,0.0,0.0,0.0,0.0,0.0,0.0,0.0,0.0,0.0,Liberal,equal
5f11fc790127d60008657bfe,0.0,0.0,0.0,0.0,0.0,0.0,0.0,0.0,0.0,0.0,Liberal,equal
5f1221640ad01c141571dc50,0.0,0.0,0.0,0.0,0.0,0.0,0.0,0.0,0.0,0.0,Liberal,equal
5f12264477e2150008d329fc,0.0,0.0,0.0,0.0,0.0,0.0,0.0,0.0,0.0,0.0,Liberal,equal
5f122a156da6b5164a0a028c,0.0,0.0,0.0,0.0,0.0,0.0,0.0,0.0,0.0,0.0,Centrist/Neutral,equal
5f1269b2bf131c1c3ad768b9,0.0,0.0,0.0,0.0,0.0,0.0,0.0,0.0,0.0,0.0,Liberal,equal
5f1293fd0e75a71ff5a9d088,0.0,0.0,0.0,0.0,0.0,0.0,0.0,0.0,0.0,0.0,Liberal,equal
5f12a44dadcb8421418b6a80,0.0,0.0,0.0,0.0,0.0,0.0,0.0,0.0,0.0,0.0,Liberal,equal
5f12b2d469688113079cc273,0.0,0.0,0.0,0.0,0.0,0.0,0.0,0.0,0.0,0.0,Liberal,equal
5f12f20001f4ce0008767b19,0.0,0.0,0.0,0.0,0.0,0.0,0.0,0.0,0.0,0.0,Liberal,equal
5f130f1ced1d352c7cd914dc,0.0,0.0,0.0,0.0,0.0,0.0,0.0,0.0,0.0,0.0,Liberal,equal
5f13bae4a544193e6b94b0cf,0.0,0.0,0.0,0.0,0.0,0.0,0.0,0.0,0.0,0.0,Centrist/Neutral,equal
5f14c40b8a043d54837e0601,0.0,0.0,0.0,0.0,0.0,0.0,0.0,0.0,0.0,0.0,Liberal,equal
5f14cf327627fb00097f9a8a,0.0,0.0,0.0,0.0,0.0,0.0,0.0,0.0,0.0,0.0,Centrist/Neutral,equal
5f14d5cdb5d4c20e78dc1672,0.0,0.0,0.0,0.0,0.0,0.0,0.0,0.0,0.0,0.0,Liberal,equal
5f14e0f456500058ee865863,0.0,0.0,0.0,0.0,0.0,0.0,0.0,0.0,0.0,0.0,Very Liberal,equal
5f15da27044c9b700c9b7432,0.0,0.0,0.0,0.0,0.0,0.0,0.0,0.0,0.0,0.0,Centrist/Neutral,equal
5f15e493d2423e70aa0aa3a2,0.0,0.0,0.0,0.0,0.0,0.0,0.0,0.0,0.0,0.0,Liberal,equal
5f15fbdf2c61ce144ceeb357,0.0,0.0,0.0,0.0,0.0,0.0,0.0,0.0,0.0,0.0,Liberal,equal
5f160a9a0d20cc1450342fe1,0.0,0.0,0.0,0.0,0.0,0.0,0.0,0.0,0.0,0.0,Liberal,equal
5f16520a9e2ee97d266d4241,0.0,0.0,0.0,0.0,0.0,0.0,0.0,0.0,0.0,0.0,Liberal,equal
5f165eddcff9011bb582c376,0.0,0.0,0.0,0.0,0.0,0.0,0.0,0.0,0.0,0.0,Liberal,equal
5f1664b2988fa11bd92ee0fb,0.0,0.0,0.0,0.0,0.0,0.0,0.0,0.0,0.0,0.0,Conservative,equal
5f1664c5e764871cf6d224aa,0.0,0.0,0.0,0.0,0.0,0.0,0.0,0.0,0.0,0.0,Conservative,equal
5f1681427a99fb7e7d6bbec6,0.0,0.0,0.0,0.0,0.0,0.0,0.0,0.0,0.0,0.0,Very Liberal,equal
5f16fa8069dc2901cd1e0b05,0.0,0.0,0.0,0.0,0.0,0.0,0.0,0.0,0.0,0.0,Liberal,equal
5f17821d53d8590009cfc951,0.0,0.0,0.0,0.0,0.0,0.0,0.0,0.0,0.0,0.0,Centrist/Neutral,equal
5f17909c1cdb3701aad2d11c,0.0,0.0,0.0,0.0,0.0,0.0,0.0,0.0,0.0,0.0,Liberal,equal
5f1797269c4348022140d2f9,0.0,0.0,0.0,0.0,0.0,0.0,0.0,0.0,0.0,0.0,Centrist/Neutral,equal
5f1798fcec2e75013c28cfc7,0.0,0.0,0.0,0.0,0.0,0.0,0.0,0.0,0.0,0.0,Centrist/Neutral,equal
5f18fa06ade41e1406c07a34,0.0,0.0,0.0,0.0,0.0,0.0,0.0,0.0,0.0,0.0,Very Liberal,equal
5f18ff404f90fe1473c2e3b6,0.0,0.0,0.0,0.0,0.0,0.0,0.0,0.0,0.0,0.0,Very Conservative,equal
5f195ead0ccbf2018572a26f,0.0,0.0,0.0,0.0,0.0,0.0,0.0,0.0,0.0,0.0,Very Liberal,equal
5f19ad917bbdf2021cafbedc,0.0,0.0,0.0,0.0,0.0,0.0,0.0,0.0,0.0,0.0,Liberal,equal
5f1a93900aff791b8c4444f5,0.0,0.0,0.0,0.0,0.0,0.0,0.0,0.0,0.0,0.0,Very Liberal,equal
5f1b1822f97ccd2b3e486960,0.0,0.0,0.0,0.0,0.0,0.0,0.0,0.0,0.0,0.0,Centrist/Neutral,equal
5f1b1f6a908b2609a62ab7ad,0.0,0.0,0.0,0.0,0.0,0.0,0.0,0.0,0.0,0.0,Very Liberal,equal
5f1b2282a3103e2caff2fd7b,0.0,0.0,0.0,0.0,0.0,0.0,0.0,0.0,0.0,0.0,Centrist/Neutral,equal
5f1b95cfe2161c3aeea48077,0.0,0.0,0.0,0.0,0.0,0.0,0.0,0.0,0.0,0.0,Very Liberal,equal
5f1ba4b61d8b7c3adf75d9e0,0.0,0.0,0.0,0.0,0.0,0.0,0.0,0.0,0.0,0.0,Very Liberal,equal
5f1be24b23199840b6f741e0,0.0,0.0,0.0,0.0,0.0,0.0,0.0,0.0,0.0,0.0,Very Liberal,equal
5f1c9c4c1ca48b000961faf4,0.0,0.0,0.0,0.0,0.0,0.0,0.0,0.0,0.0,0.0,Liberal,equal
5f1cc717981bb7584655fe62,0.0,0.0,0.0,0.0,0.0,0.0,0.0,0.0,0.0,0.0,Liberal,equal
5f1d266c6f7d7f62a219fade,0.0,0.0,0.0,0.0,0.0,0.0,0.0,0.0,0.0,0.0,Very Conservative,equal
5f1e2d97255c767dbdd67c86,0.0,0.0,0.0,0.0,0.0,0.0,0.0,0.0,0.0,0.0,Very Liberal,equal
5f1e9b5ffe1f70029559f24c,0.0,0.0,0.0,0.0,0.0,0.0,0.0,0.0,0.0,0.0,Liberal,equal
5f1ed1caed4f03012ac210a0,0.0,0.0,0.0,0.0,0.0,0.0,0.0,0.0,0.0,0.0,Liberal,equal
5f1f02dff0628308ca27f3ba,0.0,0.0,0.0,0.0,0.0,0.0,0.0,0.0,0.0,0.0,Very Liberal,equal
5f1f2873b203930cdcb8fa4d,0.0,0.0,0.0,0.0,0.0,0.0,0.0,0.0,0.0,0.0,Liberal,equal
5f1f2cf5a441a30fa1b79b2d,0.0,0.0,0.0,0.0,0.0,0.0,0.0,0.0,0.0,0.0,Centrist/Neutral,equal
5f20240d7dfbcc294161ba43,0.0,0.0,0.0,0.0,0.0,0.0,0.0,0.0,0.0,0.0,Centrist/Neutral,equal
5f220462c16ecb68c97ccad9,0.0,0.0,0.0,0.0,0.0,0.0,0.0,0.0,0.0,0.0,Very Conservative,equal
5f2226b52841bb6c1e759c13,0.0,0.0,0.0,0.0,0.0,0.0,0.0,0.0,0.0,0.0,Liberal,equal
5f23ff398626c51fdd6c3fb5,0.0,0.0,0.0,0.0,0.0,0.0,0.0,0.0,0.0,0.0,Very Liberal,equal
5f26378609aca228dcfd19fa,0.0,0.0,0.0,0.0,0.0,0.0,0.0,0.0,0.0,0.0,Conservative,equal
5f26523b9e04df29fc462ea6,0.0,0.0,0.0,0.0,0.0,0.0,0.0,0.0,0.0,0.0,Liberal,equal
5f26bac88dfa6b4245d86e2d,0.0,0.0,0.0,0.0,0.0,0.0,0.0,0.0,0.0,0.0,Conservative,equal
5f2712b3488e134d570bc387,0.0,0.0,0.0,0.0,0.0,0.0,0.0,0.0,0.0,0.0,Very Liberal,equal
5f2850a9d9a5f01279e1bd16,0.0,0.0,0.0,0.0,0.0,0.0,0.0,0.0,0.0,0.0,Conservative,equal
5f289ddbb09b371e42173fe3,0.0,0.0,0.0,0.0,0.0,0.0,0.0,0.0,0.0,0.0,Very Conservative,equal
5f29cc9048d8b1151c92f9f1,0.0,0.0,0.0,0.0,0.0,0.0,0.0,0.0,0.0,0.0,Centrist/Neutral,equal
5f29dfe7512c2817f7957e1a,0.0,0.0,0.0,0.0,0.0,0.0,0.0,0.0,0.0,0.0,Liberal,equal
5f2c32ad4fb75e0ac17a60f5,0.0,0.0,0.0,0.0,0.0,0.0,0.0,0.0,0.0,0.0,Liberal,equal
5f2cc8cebc4bd01d61151550,0.0,0.0,0.0,0.0,0.0,0.0,0.0,0.0,0.0,0.0,Liberal,equal
5f2dc72a2839110f8f256ec9,0.0,0.0,0.0,0.0,0.0,0.0,0.0,0.0,0.0,0.0,Very Liberal,equal
5f2dd9a6f7105d130903473b,0.0,0.0,0.0,0.0,0.0,0.0,0.0,0.0,0.0,0.0,Very Liberal,equal
5f2ef358d45f6110ad8ba935,0.0,0.0,0.0,0.0,0.0,0.0,0.0,0.0,0.0,0.0,Liberal,equal
5f2f6bd965964e35e20c7445,0.0,0.0,0.0,0.0,0.0,0.0,0.0,0.0,0.0,0.0,Conservative,equal
5f30841ff614014e92784605,0.0,0.0,0.0,0.0,0.0,0.0,0.0,0.0,0.0,0.0,Liberal,equal
5f31841d1f74f304ef5567f7,0.0,0.0,0.0,0.0,0.0,0.0,0.0,0.0,0.0,0.0,Very Liberal,equal
5f31961c57eb9507db148757,0.0,0.0,0.0,0.0,0.0,0.0,0.0,0.0,0.0,0.0,Liberal,equal
5f31c7c8152f590f64c8e902,0.0,0.0,0.0,0.0,0.0,0.0,0.0,0.0,0.0,0.0,Conservative,equal
5f33f1bcea047124b738476d,0.0,0.0,0.0,0.0,0.0,0.0,0.0,0.0,0.0,0.0,Centrist/Neutral,equal
5f3441525cafc1321ef51ac0,0.0,0.0,0.0,0.0,0.0,0.0,0.0,0.0,0.0,0.0,Liberal,equal
5f352e9b8ad4af48c58d8143,0.0,0.0,0.0,0.0,0.0,0.0,0.0,0.0,0.0,0.0,Very Liberal,equal
5f3546fa1fe9184d7f649d65,0.0,0.0,0.0,0.0,0.0,0.0,0.0,0.0,0.0,0.0,Very Liberal,equal
5f375d51fae4971ed086f809,0.0,0.0,0.0,0.0,0.0,0.0,0.0,0.0,0.0,0.0,Very Liberal,equal
5f3864a4596925371d23631e,0.0,0.0,0.0,0.0,0.0,0.0,0.0,0.0,0.0,0.0,Liberal,equal
5f3898caed1478189b8462a0,0.0,0.0,0.0,0.0,0.0,0.0,0.0,0.0,0.0,0.0,Conservative,equal
5f39a2f898f81753f878f7f9,0.0,0.0,0.0,0.0,0.0,0.0,0.0,0.0,0.0,0.0,Very Liberal,equal
5f39ae82822a9e558a63d053,0.0,0.0,0.0,0.0,0.0,0.0,0.0,0.0,0.0,0.0,Very Liberal,equal
5f39c08c4b0c7456a60d4932,0.0,0.0,0.0,0.0,0.0,0.0,0.0,0.0,0.0,0.0,Liberal,equal
5f39d80f9bbaf517512eb86d,0.0,0.0,0.0,0.0,0.0,0.0,0.0,0.0,0.0,0.0,Liberal,equal
5f3a06ed07aaa21cd8a2e3b4,0.0,0.0,0.0,0.0,0.0,0.0,0.0,0.0,0.0,0.0,Liberal,equal
5f3a99865242340d71f85620,0.0,0.0,0.0,0.0,0.0,0.0,0.0,0.0,0.0,0.0,Liberal,equal
5f3ac1732efa0a74f975b1a8,0.0,0.0,0.0,0.0,0.0,0.0,0.0,0.0,0.0,0.0,Centrist/Neutral,equal
5f3aead81965e27c4a531d95,0.0,0.0,0.0,0.0,0.0,0.0,0.0,0.0,0.0,0.0,Conservative,equal
5f3b2b15f5d396257a4cd215,0.0,0.0,0.0,0.0,0.0,0.0,0.0,0.0,0.0,0.0,Very Liberal,equal
5f3c2648a9ef86a4c10de377,0.0,0.0,0.0,0.0,0.0,0.0,0.0,0.0,0.0,0.0,Very Liberal,equal
5f3e9f121e84430ec9310a7b,0.0,0.0,0.0,0.0,0.0,0.0,0.0,0.0,0.0,0.0,Very Conservative,equal
5f3fecd2bc9bac0b4ca93d30,0.0,0.0,0.0,0.0,0.0,0.0,0.0,0.0,0.0,0.0,Liberal,equal
5f400d4a51a8cd1011b37455,0.0,0.0,0.0,0.0,0.0,0.0,0.0,0.0,0.0,0.0,Liberal,equal
5f40844f08e4b91ce5dee945,0.0,0.0,0.0,0.0,0.0,0.0,0.0,0.0,0.0,0.0,Very Liberal,equal
5f40b04fc9ed761f282ca31e,0.0,0.0,0.0,0.0,0.0,0.0,0.0,0.0,0.0,0.0,Centrist/Neutral,equal
5f416c04539a9d31180b1648,0.0,0.0,0.0,0.0,0.0,0.0,0.0,0.0,0.0,0.0,Conservative,equal
5f419b522dc53535e3ee8f0e,0.0,0.0,0.0,0.0,0.0,0.0,0.0,0.0,0.0,0.0,Centrist/Neutral,equal
5f42c2f45333624dea17b538,0.0,0.0,0.0,0.0,0.0,0.0,0.0,0.0,0.0,0.0,Liberal,equal
5f440d9f63546316e56a10d0,0.0,0.0,0.0,0.0,0.0,0.0,0.0,0.0,0.0,0.0,Conservative,equal
5f469dcf5fcb5d0355771013,0.0,0.0,0.0,0.0,0.0,0.0,0.0,0.0,0.0,0.0,Conservative,equal
5f46d30b7190200a2cb1905c,0.0,0.0,0.0,0.0,0.0,0.0,0.0,0.0,0.0,0.0,Liberal,equal
5f4723d5d8bdca116b466a70,0.0,0.0,0.0,0.0,0.0,0.0,0.0,0.0,0.0,0.0,Conservative,equal
5f47b6587dfbf11be8eda97c,0.0,0.0,0.0,0.0,0.0,0.0,0.0,0.0,0.0,0.0,Liberal,equal
5f47e116dbc4a2230a521331,0.0,0.0,0.0,0.0,0.0,0.0,0.0,0.0,0.0,0.0,Liberal,equal
5f47f0dd26b052111e2d323b,0.0,0.0,0.0,0.0,0.0,0.0,0.0,0.0,0.0,0.0,Very Liberal,equal
5f481e6faaf9582bdcd9697b,0.0,0.0,0.0,0.0,0.0,0.0,0.0,0.0,0.0,0.0,Centrist/Neutral,equal
5f481f85c6a7d02c489665f2,0.0,0.0,0.0,0.0,0.0,0.0,0.0,0.0,0.0,0.0,Liberal,equal
5f4828b6dbc4a22da4be4d72,0.0,0.0,0.0,0.0,0.0,0.0,0.0,0.0,0.0,0.0,Centrist/Neutral,equal
5f482b0da1cde52de45f174c,0.0,0.0,0.0,0.0,0.0,0.0,0.0,0.0,0.0,0.0,Very Liberal,equal
5f482c4fe3554b1966defc03,0.0,0.0,0.0,0.0,0.0,0.0,0.0,0.0,0.0,0.0,Liberal,equal
5f482d1cb56e682de577bd46,0.0,0.0,0.0,0.0,0.0,0.0,0.0,0.0,0.0,0.0,Very Liberal,equal
5f483a1fc209342e6f419be4,0.0,0.0,0.0,0.0,0.0,0.0,0.0,0.0,0.0,0.0,Liberal,equal
5f484cef1d9c4630fdf85265,0.0,0.0,0.0,0.0,0.0,0.0,0.0,0.0,0.0,0.0,Liberal,equal
5f484d7b5a01ee31c81bf9df,0.0,0.0,0.0,0.0,0.0,0.0,0.0,0.0,0.0,0.0,Centrist/Neutral,equal
5f4871d41c384e3435c7e092,0.0,0.0,0.0,0.0,0.0,0.0,0.0,0.0,0.0,0.0,Very Liberal,equal
5f48843bab878a22705b30b0,0.0,0.0,0.0,0.0,0.0,0.0,0.0,0.0,0.0,0.0,Liberal,equal
5f48fc7ff922922cbcb9c25d,0.0,0.0,0.0,0.0,0.0,0.0,0.0,0.0,0.0,0.0,Very Liberal,equal
5f49553539747213d0e5f1ae,0.0,0.0,0.0,0.0,0.0,0.0,0.0,0.0,0.0,0.0,Liberal,equal
5f4964284f80c214e8404fc0,0.0,0.0,0.0,0.0,0.0,0.0,0.0,0.0,0.0,0.0,Very Conservative,equal
5f499b471c384e50e424e5a9,0.0,0.0,0.0,0.0,0.0,0.0,0.0,0.0,0.0,0.0,Liberal,equal
5f4a4da1575d605c43bef871,0.0,0.0,0.0,0.0,0.0,0.0,0.0,0.0,0.0,0.0,Conservative,equal
5f4a7225cf944c08a81adca2,0.0,0.0,0.0,0.0,0.0,0.0,0.0,0.0,0.0,0.0,Very Liberal,equal
5f4acc7968b4376a97fcea19,0.0,0.0,0.0,0.0,0.0,0.0,0.0,0.0,0.0,0.0,Liberal,equal
5f4afb1288eb746d1804dc1e,0.0,0.0,0.0,0.0,0.0,0.0,0.0,0.0,0.0,0.0,Liberal,equal
5f4bc3259e842579bf1a8b0a,0.0,0.0,0.0,0.0,0.0,0.0,0.0,0.0,0.0,0.0,Very Liberal,equal
5f4c043843154b0efb8a1a25,0.0,0.0,0.0,0.0,0.0,0.0,0.0,0.0,0.0,0.0,Liberal,equal
5f4c17256e656770da1ff9ee,0.0,0.0,0.0,0.0,0.0,0.0,0.0,0.0,0.0,0.0,Very Liberal,equal
5f4c3b115080c673d7923c91,0.0,0.0,0.0,0.0,0.0,0.0,0.0,0.0,0.0,0.0,Liberal,equal
5f4c5105ad5ee685d48bcca2,0.0,0.0,0.0,0.0,0.0,0.0,0.0,0.0,0.0,0.0,Centrist/Neutral,equal
5f4c9e74da9c148b0d42ecbd,0.0,0.0,0.0,0.0,0.0,0.0,0.0,0.0,0.0,0.0,Conservative,equal
5f4cf071633ed2922c6e06dd,0.0,0.0,0.0,0.0,0.0,0.0,0.0,0.0,0.0,0.0,Liberal,equal
5f4d2156f727e10c3c2c4a35,0.0,0.0,0.0,0.0,0.0,0.0,0.0,0.0,0.0,0.0,Liberal,equal
5f4d3bfd17e6749c197ef1cc,0.0,0.0,0.0,0.0,0.0,0.0,0.0,0.0,0.0,0.0,Conservative,equal
5f4d435c030fef9d0136b496,0.0,0.0,0.0,0.0,0.0,0.0,0.0,0.0,0.0,0.0,Centrist/Neutral,equal
5f4d4ad0fdcc2b1371ceec98,0.0,0.0,0.0,0.0,0.0,0.0,0.0,0.0,0.0,0.0,Centrist/Neutral,equal
5f4d53f96aa639a0d605052e,0.0,0.0,0.0,0.0,0.0,0.0,0.0,0.0,0.0,0.0,Centrist/Neutral,equal
5f4d92a4584ab6064be44ce5,0.0,0.0,0.0,0.0,0.0,0.0,0.0,0.0,0.0,0.0,Very Liberal,equal
5f4d953dc185c2a72d7d56ab,0.0,0.0,0.0,0.0,0.0,0.0,0.0,0.0,0.0,0.0,Liberal,equal
5f4da0c092c4bb080b6c0ebb,0.0,0.0,0.0,0.0,0.0,0.0,0.0,0.0,0.0,0.0,Very Liberal,equal
5f4e391f5dbb441153a43289,0.0,0.0,0.0,0.0,0.0,0.0,0.0,0.0,0.0,0.0,Liberal,equal
5f4e7f5ac0126206d331b7b2,0.0,0.0,0.0,0.0,0.0,0.0,0.0,0.0,0.0,0.0,Liberal,equal
5f4e8f0ac0126208c0db2f91,0.0,0.0,0.0,0.0,0.0,0.0,0.0,0.0,0.0,0.0,Liberal,equal
5f4ee74eb0bbd513fda75ffb,0.0,0.0,0.0,0.0,0.0,0.0,0.0,0.0,0.0,0.0,Liberal,equal
5f4efbf90b8cc113d26921a4,0.0,0.0,0.0,0.0,0.0,0.0,0.0,0.0,0.0,0.0,Centrist/Neutral,equal
5f4f29b8c154ed17df64546b,0.0,0.0,0.0,0.0,0.0,0.0,0.0,0.0,0.0,0.0,Very Liberal,equal
5f4f880fe0a90c049c47adca,0.0,0.0,0.0,0.0,0.0,0.0,0.0,0.0,0.0,0.0,Liberal,equal
5f4fd45ac62ac40f6bdf8ee1,0.0,0.0,0.0,0.0,0.0,0.0,0.0,0.0,0.0,0.0,Conservative,equal
5f4fe72e9468441227166179,0.0,0.0,0.0,0.0,0.0,0.0,0.0,0.0,0.0,0.0,Centrist/Neutral,equal
5f502bf5e0375819a32f2e16,0.0,0.0,0.0,0.0,0.0,0.0,0.0,0.0,0.0,0.0,Centrist/Neutral,equal
5f5053004eaeb51d946fe1ff,0.0,0.0,0.0,0.0,0.0,0.0,0.0,0.0,0.0,0.0,Liberal,equal
5f50544b526bec1ce4a44f70,0.0,0.0,0.0,0.0,0.0,0.0,0.0,0.0,0.0,0.0,Centrist/Neutral,equal
5f50732850c7c600098593df,0.0,0.0,0.0,0.0,0.0,0.0,0.0,0.0,0.0,0.0,Conservative,equal
5f51263e54863a31bd83b07d,0.0,0.0,0.0,0.0,0.0,0.0,0.0,0.0,0.0,0.0,Very Liberal,equal
5f51265c4873f23082851a5c,0.0,0.0,0.0,0.0,0.0,0.0,0.0,0.0,0.0,0.0,Very Liberal,equal
5f51268b7abc4a30c4d8240d,0.0,0.0,0.0,0.0,0.0,0.0,0.0,0.0,0.0,0.0,Liberal,equal
5f5127e45185c93094565dcd,0.0,0.0,0.0,0.0,0.0,0.0,0.0,0.0,0.0,0.0,Liberal,equal
5f5128258dff8f30b0c3c1eb,0.0,0.0,0.0,0.0,0.0,0.0,0.0,0.0,0.0,0.0,Centrist/Neutral,equal
5f514f870e7da937375cdde0,0.0,0.0,0.0,0.0,0.0,0.0,0.0,0.0,0.0,0.0,Very Liberal,equal
5f51530ebc50f53857d60824,0.0,0.0,0.0,0.0,0.0,0.0,0.0,0.0,0.0,0.0,Liberal,equal
5f517ddee960a93daa69b8bb,0.0,0.0,0.0,0.0,0.0,0.0,0.0,0.0,0.0,0.0,Liberal,equal
5f5295b28bb79656686ac868,0.0,0.0,0.0,0.0,0.0,0.0,0.0,0.0,0.0,0.0,Conservative,equal
5f52b70c47022a5b8ae771b5,0.0,0.0,0.0,0.0,0.0,0.0,0.0,0.0,0.0,0.0,Very Liberal,equal
5f52c941fc18905c7e8f78fd,0.0,0.0,0.0,0.0,0.0,0.0,0.0,0.0,0.0,0.0,Centrist/Neutral,equal
5f53d12e8401650d33179059,0.0,0.0,0.0,0.0,0.0,0.0,0.0,0.0,0.0,0.0,Conservative,equal
5f5452df72345118f58d187b,0.0,0.0,0.0,0.0,0.0,0.0,0.0,0.0,0.0,0.0,Very Conservative,equal
5f557591aa1c4e950ba02f01,0.0,0.0,0.0,0.0,0.0,0.0,0.0,0.0,0.0,0.0,Very Liberal,equal
5f55970526475e96dc125bd3,0.0,0.0,0.0,0.0,0.0,0.0,0.0,0.0,0.0,0.0,Centrist/Neutral,equal
5f55b2de5c3cb118507479f5,0.0,0.0,0.0,0.0,0.0,0.0,0.0,0.0,0.0,0.0,Very Liberal,equal
5f563397d628840162b467dc,0.0,0.0,0.0,0.0,0.0,0.0,0.0,0.0,0.0,0.0,Very Liberal,equal
5f568b81712ed00cb3759181,0.0,0.0,0.0,0.0,0.0,0.0,0.0,0.0,0.0,0.0,Centrist/Neutral,equal
5f56b56b0fa1b412025708cf,0.0,0.0,0.0,0.0,0.0,0.0,0.0,0.0,0.0,0.0,Liberal,equal
5f56e1d1b72358165158550d,0.0,0.0,0.0,0.0,0.0,0.0,0.0,0.0,0.0,0.0,Liberal,equal
5f57120cba207c18f058a62b,0.0,0.0,0.0,0.0,0.0,0.0,0.0,0.0,0.0,0.0,Liberal,equal
5f57f60be98f8e3493e3f739,0.0,0.0,0.0,0.0,0.0,0.0,0.0,0.0,0.0,0.0,Centrist/Neutral,equal
5f582002dff3f038d1eb83c4,0.0,0.0,0.0,0.0,0.0,0.0,0.0,0.0,0.0,0.0,Liberal,equal
5f59a1b945fc451ff6152886,0.0,0.0,0.0,0.0,0.0,0.0,0.0,0.0,0.0,0.0,Very Liberal,equal
5f5a3a4c829f790a5c6d1ff2,0.0,0.0,0.0,0.0,0.0,0.0,0.0,0.0,0.0,0.0,Liberal,equal
5f5a6c23009333128f6f7d82,0.0,0.0,0.0,0.0,0.0,0.0,0.0,0.0,0.0,0.0,Centrist/Neutral,equal
5f5bac39ce8ed832aa378a53,0.0,0.0,0.0,0.0,0.0,0.0,0.0,0.0,0.0,0.0,Liberal,equal
5f5be35f7e4af23a5145586f,0.0,0.0,0.0,0.0,0.0,0.0,0.0,0.0,0.0,0.0,Centrist/Neutral,equal
5f5c2d8dc6768e436b290d73,0.0,0.0,0.0,0.0,0.0,0.0,0.0,0.0,0.0,0.0,Liberal,equal
5f5ce2af3329104f89c492a9,0.0,0.0,0.0,0.0,0.0,0.0,0.0,0.0,0.0,0.0,Very Liberal,equal
5f5ce7f940a2614f6cb6e747,0.0,0.0,0.0,0.0,0.0,0.0,0.0,0.0,0.0,0.0,Conservative,equal
5f5d072a03bb910d975cc8ab,0.0,0.0,0.0,0.0,0.0,0.0,0.0,0.0,0.0,0.0,Centrist/Neutral,equal
5f5d699b1b86c05bcf242f45,0.0,0.0,0.0,0.0,0.0,0.0,0.0,0.0,0.0,0.0,Very Liberal,equal
5f5e8c58f7e0497501c4e356,0.0,0.0,0.0,0.0,0.0,0.0,0.0,0.0,0.0,0.0,Centrist/Neutral,equal
5f5ea24540d99b76cb6af503,0.0,0.0,0.0,0.0,0.0,0.0,0.0,0.0,0.0,0.0,Very Liberal,equal
5f5eac716f1f7176f11d2bf0,0.0,0.0,0.0,0.0,0.0,0.0,0.0,0.0,0.0,0.0,Very Liberal,equal
5f5eb22e58c9fb7782a6e90c,0.0,0.0,0.0,0.0,0.0,0.0,0.0,0.0,0.0,0.0,Very Liberal,equal
5f5fcf3aa5691f099d7ed990,0.0,0.0,0.0,0.0,0.0,0.0,0.0,0.0,0.0,0.0,Liberal,equal
5f5fdc58bf88350b1c455de4,0.0,0.0,0.0,0.0,0.0,0.0,0.0,0.0,0.0,0.0,Very Conservative,equal
5f5fdd9ae0a5c90b28f6372e,0.0,0.0,0.0,0.0,0.0,0.0,0.0,0.0,0.0,0.0,Very Conservative,equal
5f5fffc902adba0e8f3fdb75,0.0,0.0,0.0,0.0,0.0,0.0,0.0,0.0,0.0,0.0,Very Liberal,equal
5f60371e80ea02132146968e,0.0,0.0,0.0,0.0,0.0,0.0,0.0,0.0,0.0,0.0,Liberal,equal
5f60a93d6baab60522f3d1fa,0.0,0.0,0.0,0.0,0.0,0.0,0.0,0.0,0.0,0.0,Very Liberal,equal
5f60d31390a8c1044e775b18,0.0,0.0,0.0,0.0,0.0,0.0,0.0,0.0,0.0,0.0,Liberal,equal
5f612984e5033f09587f0faf,0.0,0.0,0.0,0.0,0.0,0.0,0.0,0.0,0.0,0.0,Centrist/Neutral,equal
5f616e6d5399870fad4c4d17,0.0,0.0,0.0,0.0,0.0,0.0,0.0,0.0,0.0,0.0,Very Liberal,equal
5f62498a23e52627a1dbda93,0.0,0.0,0.0,0.0,0.0,0.0,0.0,0.0,0.0,0.0,Liberal,equal
5f6388bf9ae5ad07ba1a0173,0.0,0.0,0.0,0.0,0.0,0.0,0.0,0.0,0.0,0.0,Centrist/Neutral,equal
5f63a85000cc960cd8c64767,0.0,0.0,0.0,0.0,0.0,0.0,0.0,0.0,0.0,0.0,Conservative,equal
5f641cfa0c8b8b19b424aa4d,0.0,0.0,0.0,0.0,0.0,0.0,0.0,0.0,0.0,0.0,Liberal,equal
5f65597823696e0e9bd8f63a,0.0,0.0,0.0,0.0,0.0,0.0,0.0,0.0,0.0,0.0,Liberal,equal
5f657048f1af6f0fac94a852,0.0,0.0,0.0,0.0,0.0,0.0,0.0,0.0,0.0,0.0,Centrist/Neutral,equal
5f674f8b8dbc2b0416c59902,0.0,0.0,0.0,0.0,0.0,0.0,0.0,0.0,0.0,0.0,Conservative,equal
5f67c86c73bbcf40f72deeaa,0.0,0.0,0.0,0.0,0.0,0.0,0.0,0.0,0.0,0.0,Very Liberal,equal
5f67f123a9151c4484c6e1f4,0.0,0.0,0.0,0.0,0.0,0.0,0.0,0.0,0.0,0.0,Very Liberal,equal
5f6817d32dac2317c0453f2a,0.0,0.0,0.0,0.0,0.0,0.0,0.0,0.0,0.0,0.0,Very Liberal,equal
5f69256939716410ede6f2be,0.0,0.0,0.0,0.0,0.0,0.0,0.0,0.0,0.0,0.0,Liberal,equal
5f6a9691737c9117d1ed1152,0.0,0.0,0.0,0.0,0.0,0.0,0.0,0.0,0.0,0.0,Centrist/Neutral,equal
5f6b69d064b69d05a7c7c621,0.0,0.0,0.0,0.0,0.0,0.0,0.0,0.0,0.0,0.0,Very Liberal,equal
5f6b75742bd7e60776191cb4,0.0,0.0,0.0,0.0,0.0,0.0,0.0,0.0,0.0,0.0,Liberal,equal
5f6b9e2aab8b000def48cc53,0.0,0.0,0.0,0.0,0.0,0.0,0.0,0.0,0.0,0.0,Liberal,equal
5f6bd7c0fddb9f153e52cdb1,0.0,0.0,0.0,0.0,0.0,0.0,0.0,0.0,0.0,0.0,Centrist/Neutral,equal
5f6be2474140c215c8ebbe52,0.0,0.0,0.0,0.0,0.0,0.0,0.0,0.0,0.0,0.0,Liberal,equal
5f6c7fd05c4f380266f5b78a,0.0,0.0,0.0,0.0,0.0,0.0,0.0,0.0,0.0,0.0,Very Liberal,equal
5f6cdde7a8d71310b06e402a,0.0,0.0,0.0,0.0,0.0,0.0,0.0,0.0,0.0,0.0,Liberal,equal
5f6cefecb8137d13565d8c33,0.0,0.0,0.0,0.0,0.0,0.0,0.0,0.0,0.0,0.0,Liberal,equal
5f6dc2d7fa66e824dbf70d24,0.0,0.0,0.0,0.0,0.0,0.0,0.0,0.0,0.0,0.0,Centrist/Neutral,equal
5f6e71f3b273c13b726f3622,0.0,0.0,0.0,0.0,0.0,0.0,0.0,0.0,0.0,0.0,Liberal,equal
5f6e7ce18d7ea83c39acc2d5,0.0,0.0,0.0,0.0,0.0,0.0,0.0,0.0,0.0,0.0,Liberal,equal
5f6fe97d8641835be70202bd,0.0,0.0,0.0,0.0,0.0,0.0,0.0,0.0,0.0,0.0,Very Liberal,equal
5f712c16875f0375275c57d5,0.0,0.0,0.0,0.0,0.0,0.0,0.0,0.0,0.0,0.0,Very Liberal,equal
5f7197fef298597c841d9ea7,0.0,0.0,0.0,0.0,0.0,0.0,0.0,0.0,0.0,0.0,Very Liberal,equal
5f71eef2e138fe08fba1d131,0.0,0.0,0.0,0.0,0.0,0.0,0.0,0.0,0.0,0.0,Very Liberal,equal
5f722f85f1b79f1326f59ada,0.0,0.0,0.0,0.0,0.0,0.0,0.0,0.0,0.0,0.0,Very Liberal,equal
5f72d964dd42802225ed83c6,0.0,0.0,0.0,0.0,0.0,0.0,0.0,0.0,0.0,0.0,Liberal,equal
5f7357ed17b7c1054311b85b,0.0,0.0,0.0,0.0,0.0,0.0,0.0,0.0,0.0,0.0,Very Liberal,equal
5f741b74992460061db87287,0.0,0.0,0.0,0.0,0.0,0.0,0.0,0.0,0.0,0.0,Liberal,equal
5f74c1ba1150ed0d689c831e,0.0,0.0,0.0,0.0,0.0,0.0,0.0,0.0,0.0,0.0,Centrist/Neutral,equal
5f74d520b30576105d455fcf,0.0,0.0,0.0,0.0,0.0,0.0,0.0,0.0,0.0,0.0,Conservative,equal
5f75f66541d27f011212af83,0.0,0.0,0.0,0.0,0.0,0.0,0.0,0.0,0.0,0.0,Very Liberal,equal
5f775d8ac99f3125e763b144,0.0,0.0,0.0,0.0,0.0,0.0,0.0,0.0,0.0,0.0,Liberal,equal
5f7794db1fcf8419cb697f2d,0.0,0.0,0.0,0.0,0.0,0.0,0.0,0.0,0.0,0.0,Conservative,equal
5f78dc19c0ca6c1197e189ab,0.0,0.0,0.0,0.0,0.0,0.0,0.0,0.0,0.0,0.0,Conservative,equal
5f7a0bc4853bd46503a27113,0.0,0.0,0.0,0.0,0.0,0.0,0.0,0.0,0.0,0.0,Very Liberal,equal
5f7a71273223ce16be6ec4a3,0.0,0.0,0.0,0.0,0.0,0.0,0.0,0.0,0.0,0.0,Conservative,equal
5f7b058486367d0229c422d1,0.0,0.0,0.0,0.0,0.0,0.0,0.0,0.0,0.0,0.0,Centrist/Neutral,equal
5f7b883e86b82815a5a63f06,0.0,0.0,0.0,0.0,0.0,0.0,0.0,0.0,0.0,0.0,Liberal,equal
5f7ba78144712b190d608580,0.0,0.0,0.0,0.0,0.0,0.0,0.0,0.0,0.0,0.0,Conservative,equal
5f7e700fa9c86614bbb5343a,0.0,0.0,0.0,0.0,0.0,0.0,0.0,0.0,0.0,0.0,Liberal,equal
5f8239eda08cb4367e704ba2,0.0,0.0,0.0,0.0,0.0,0.0,0.0,0.0,0.0,0.0,Conservative,equal
5f823bb0349c5037632a2bbb,0.0,0.0,0.0,0.0,0.0,0.0,0.0,0.0,0.0,0.0,Centrist/Neutral,equal
5f84093b9b3e190008131671,0.0,0.0,0.0,0.0,0.0,0.0,0.0,0.0,0.0,0.0,Centrist/Neutral,equal
5f84e179b04d981b82eec08f,0.0,0.0,0.0,0.0,0.0,0.0,0.0,0.0,0.0,0.0,Liberal,equal
5f880d491c31fc25c442fa70,0.0,0.0,0.0,0.0,0.0,0.0,0.0,0.0,0.0,0.0,Very Liberal,equal
5f8b1c0849eea7208ee49a38,0.0,0.0,0.0,0.0,0.0,0.0,0.0,0.0,0.0,0.0,Very Liberal,equal
5f8bbce9ee73572fb4ee63fd,0.0,0.0,0.0,0.0,0.0,0.0,0.0,0.0,0.0,0.0,Conservative,equal
5f8bc33039724030231214bc,0.0,0.0,0.0,0.0,0.0,0.0,0.0,0.0,0.0,0.0,Liberal,equal
5f8e2a9201810e1f2b9f63a2,0.0,0.0,0.0,0.0,0.0,0.0,0.0,0.0,0.0,0.0,Liberal,equal
5f8f590a06d17e1aafb3e50d,0.0,0.0,0.0,0.0,0.0,0.0,0.0,0.0,0.0,0.0,Centrist/Neutral,equal
5f8f5b679cbcab1b8b064970,0.0,0.0,0.0,0.0,0.0,0.0,0.0,0.0,0.0,0.0,Very Liberal,equal
5f8f826bffb7ae1fb5dad299,0.0,0.0,0.0,0.0,0.0,0.0,0.0,0.0,0.0,0.0,Very Liberal,equal
5f9046884e1e100ba07765be,0.0,0.0,0.0,0.0,0.0,0.0,0.0,0.0,0.0,0.0,Liberal,equal
5f907b351fe59213d2314559,0.0,0.0,0.0,0.0,0.0,0.0,0.0,0.0,0.0,0.0,Very Liberal,equal
5f91a4aeb9f8bc031e8c27c9,0.0,0.0,0.0,0.0,0.0,0.0,0.0,0.0,0.0,0.0,Conservative,equal
5f91a6fd02a12e041dd41ec4,0.0,0.0,0.0,0.0,0.0,0.0,0.0,0.0,0.0,0.0,Liberal,equal
5f93386aec8f5f0e50933a4d,0.0,0.0,0.0,0.0,0.0,0.0,0.0,0.0,0.0,0.0,Very Liberal,equal
5f935494c542c2119a47e3c4,0.0,0.0,0.0,0.0,0.0,0.0,0.0,0.0,0.0,0.0,Very Liberal,equal
5f94aa40f830e83034baa1c0,0.0,0.0,0.0,0.0,0.0,0.0,0.0,0.0,0.0,0.0,Liberal,equal
5f95652e3cc3b13bbb321626,0.0,0.0,0.0,0.0,0.0,0.0,0.0,0.0,0.0,0.0,Centrist/Neutral,equal
5f95c1590b160b4597c93a76,0.0,0.0,0.0,0.0,0.0,0.0,0.0,0.0,0.0,0.0,Liberal,equal
5f95dba27ac0f247b0177e9d,0.0,0.0,0.0,0.0,0.0,0.0,0.0,0.0,0.0,0.0,Very Liberal,equal
5f95fab20e1d0f12f97f4f93,0.0,0.0,0.0,0.0,0.0,0.0,0.0,0.0,0.0,0.0,Liberal,equal
5f96fe135f09520451546f1e,0.0,0.0,0.0,0.0,0.0,0.0,0.0,0.0,0.0,0.0,Conservative,equal
5f97876ff0dac31565af2afe,0.0,0.0,0.0,0.0,0.0,0.0,0.0,0.0,0.0,0.0,Conservative,equal
5f978c9948915015fb3bd00a,0.0,0.0,0.0,0.0,0.0,0.0,0.0,0.0,0.0,0.0,Very Liberal,equal
5f97a2147222e0171a3a651b,0.0,0.0,0.0,0.0,0.0,0.0,0.0,0.0,0.0,0.0,Liberal,equal
5f989f291028cb1a8b555969,0.0,0.0,0.0,0.0,0.0,0.0,0.0,0.0,0.0,0.0,Very Liberal,equal
5f989fa02b5a611b2df1a305,0.0,0.0,0.0,0.0,0.0,0.0,0.0,0.0,0.0,0.0,Very Liberal,equal
5f98aeb71f6d0e1cec74defb,0.0,0.0,0.0,0.0,0.0,0.0,0.0,0.0,0.0,0.0,Liberal,equal
5f9addbfc4733c24f8e81be3,0.0,0.0,0.0,0.0,0.0,0.0,0.0,0.0,0.0,0.0,Liberal,equal
5f9b44bb3e13ec35fc8894d0,0.0,0.0,0.0,0.0,0.0,0.0,0.0,0.0,0.0,0.0,Liberal,equal
5f9bce73f770af3f314336f1,0.0,0.0,0.0,0.0,0.0,0.0,0.0,0.0,0.0,0.0,Conservative,equal
5f9c755c87a954121022de9e,0.0,0.0,0.0,0.0,0.0,0.0,0.0,0.0,0.0,0.0,Liberal,equal
5f9c9d259e7c0a17abe03413,0.0,0.0,0.0,0.0,0.0,0.0,0.0,0.0,0.0,0.0,Centrist/Neutral,equal
5f9ce612801a251ec3c07ecf,0.0,0.0,0.0,0.0,0.0,0.0,0.0,0.0,0.0,0.0,Centrist/Neutral,equal
5f9ce8cd0c6e891eed46dccc,0.0,0.0,0.0,0.0,0.0,0.0,0.0,0.0,0.0,0.0,Liberal,equal
5f9d9521d0edb72c4a201709,0.0,0.0,0.0,0.0,0.0,0.0,0.0,0.0,0.0,0.0,Very Liberal,equal
5f9dbe7b71894b333e8722f7,0.0,0.0,0.0,0.0,0.0,0.0,0.0,0.0,0.0,0.0,Centrist/Neutral,equal
5f9ebe0aef3e674711654bab,0.0,0.0,0.0,0.0,0.0,0.0,0.0,0.0,0.0,0.0,Centrist/Neutral,equal
5f9f1dd3e20fb253392e4bf3,0.0,0.0,0.0,0.0,0.0,0.0,0.0,0.0,0.0,0.0,Liberal,equal
5f9f6e40ea7f965ca33bf97f,0.0,0.0,0.0,0.0,0.0,0.0,0.0,0.0,0.0,0.0,Centrist/Neutral,equal
5fa00df9f09b1d00088801ee,0.0,0.0,0.0,0.0,0.0,0.0,0.0,0.0,0.0,0.0,Very Liberal,equal
5fa0270a0f22bc03bd0380ee,0.0,0.0,0.0,0.0,0.0,0.0,0.0,0.0,0.0,0.0,Liberal,equal
5fa072f4f4aa580b63834357,0.0,0.0,0.0,0.0,0.0,0.0,0.0,0.0,0.0,0.0,Very Liberal,equal
5fa178d8e80131145a90af3b,0.0,0.0,0.0,0.0,0.0,0.0,0.0,0.0,0.0,0.0,Conservative,equal
5fa19ff29675d12de2935107,0.0,0.0,0.0,0.0,0.0,0.0,0.0,0.0,0.0,0.0,Very Liberal,equal
5fa1da0b8810903802fc6390,0.0,0.0,0.0,0.0,0.0,0.0,0.0,0.0,0.0,0.0,Liberal,equal
5fa41b6733b31601ac3f79c5,0.0,0.0,0.0,0.0,0.0,0.0,0.0,0.0,0.0,0.0,Liberal,equal
5fa46f7a614df30ea736fd1e,0.0,0.0,0.0,0.0,0.0,0.0,0.0,0.0,0.0,0.0,Liberal,equal
5fa6006c1355231e6094a472,0.0,0.0,0.0,0.0,0.0,0.0,0.0,0.0,0.0,0.0,Very Liberal,equal
5fa727ceb78937465e777bc7,0.0,0.0,0.0,0.0,0.0,0.0,0.0,0.0,0.0,0.0,Conservative,equal
