user_id,prob_face_anger,prob_face_contempt,prob_face_disgust,prob_face_fear,prob_face_happiness,prob_face_neutral,prob_face_sadness,prob_face_surprise,jitter,intensity,f0,smile
53979923fdf99b1ccc3f11f6,0.0106894652260534,0.0347557494487382,0.0019039926719455432,0.01500891984517006,0.6166884124107325,0.24475327006057981,0.015676932327941935,0.06052325731313365,1.0677863610737006,0.7600934724181637,138.68082352303048,0.7256723716381418
555527dafdf99b16a75afd54,0.005475332760325841,0.048741938715737614,0.005876008866012045,0.016710588838665507,0.7392536748647398,0.059788730177566536,0.03413156273402594,0.09002216294279762,3.1150075330673817,0.7934496801776324,242.84782876170993,0.01364522417153996
558823c2fdf99b318cb4224b,0.03608872106926514,0.02306790949717774,0.007226230005386767,0.038908246522751405,0.31747166466952803,0.40118499088007387,0.11457490814776868,0.0614773279205489,2.413750860124551,0.7580355803802838,139.45253311791444,0.08362989323843416
558a0bc6fdf99b2d7699a94c,0.3000727411908269,0.028265793483812952,0.10485625579802671,0.04180062265815671,0.22876837057202284,0.17129329159521053,0.10368154002090703,0.021261385677178703,3.1351223959549896,0.7334576970120734,150.09133843884783,0.03913738019169329
558a327cfdf99b2d75651681,0.21405074633272758,0.017608371283006585,0.1472714337609056,0.04145172876541805,0.17735756829838634,0.2785199345541723,0.07211609402400115,0.051624122863012205,1.3416946330735973,0.760709773245021,124.00323933879582,0.053516819571865444
558acd52fdf99b65685f03d9,0.07178240729665884,0.021865667114224423,0.07102864545073458,0.01276806668231629,0.5111876115431205,0.2333258916148191,0.032470933225962034,0.045570777317616495,3.35222880096938,0.7333835865113748,238.60570410204085,0.7730824429915484
558b7b06fdf99b21155f2c1b,0.0646555528923488,0.05820904752892859,0.033481976622242636,0.01602234336177373,0.4185354315146135,0.2270802383805553,0.08629671829957346,0.09571869118477427,1.6241471108260903,0.6471835207121963,142.26976015690832,0.9812699007304738
558fbd42fdf99b7ce29246bf,0.14422728854114672,0.009724869264855749,0.0497342520291842,0.09728983489513031,0.3577536360860825,0.1711699619038752,0.12109949747434157,0.049000662575413814,2.5698718451283655,0.7642867443667497,184.1947310065518,0.03636363636363636
5590e768fdf99b1e5e44e525,0.01751708810058711,0.016181868328385286,0.008346454193127191,0.03517329812641367,0.17562945048455741,0.4144357727963317,0.12180325016442478,0.2109128184416279,2.7684185987327057,0.7622189765721338,159.57242366935756,0.8891595615103532
5591b00afdf99b62fdfd6a34,0.005410568069394368,0.08483876334865588,0.009460688569138554,0.0061289158549615655,0.7019118082902518,0.07917981530769011,0.05914098301603328,0.05392845681085861,2.133917902036596,0.8075054492367343,190.04155679279734,0.9788359788359788
55a43cf3fdf99b02ff6cb0b4,0.007779670754571218,0.04279847936409999,0.010401852521148822,0.013552597663892028,0.689369799831131,0.06176834855097343,0.047079867450763827,0.12724938369362665,1.764302318351108,0.823155875398409,221.39839591002442,0.7726376459881693
55b3120cfdf99b6ef6263a71,0.2361288538137171,0.012915866750563014,0.027094975392140053,0.10521206188525892,0.13538514519824857,0.25378963233608504,0.081639636561298,0.14783382777475468,2.912062580222783,0.7961142431982281,232.8821752806186,0.1435149654643131
55b90235fdf99b26070d7663,0.06107757018099909,0.020090261933787237,0.020880611894890946,0.06565009090643878,0.5258316415020039,0.18463553155781473,0.055423479019034425,0.06641081263254361,1.2034841024500664,0.8730735967004597,213.6071246540844,0.17905405405405406
55c4ea6dfdf99b4adb996618,0.09107563120777273,0.03498688549163938,0.02370179337957827,0.03023760849994366,0.44543157152208646,0.2812583101287724,0.019713224952781716,0.07359497507896773,4.637021517140408,0.6924166643171323,200.25165847200944,0.4822814714816065
55cb7fdafdf99b3c26ae4d4a,0.009100515964815321,0.024846041932536922,0.009091813696978725,0.015486969031377097,0.7094079540386055,0.12262767125939969,0.041077467280116846,0.06836156641334055,2.8806313316870136,0.8051987340710451,227.09220636022513,0.9080234833659491
55ed87f0748092000baa9a0b,0.08345464719465669,0.014678928929865186,0.024154092297618397,0.02864426326157806,0.20063352852982658,0.2680406470318815,0.3037803389839313,0.07661355421273967,2.2069551510502743,0.7010121481580064,133.57006036902777,0.25866802236909
55f5946a32af74001017047b,0.08169802446736937,0.017631647655212326,0.05510552210579373,0.09862186444680263,0.1951934174220103,0.23797823502345447,0.1470231642517542,0.16674812477934475,1.820838850667659,0.745978491375092,175.0064259873655,0.03705601092896175
55fb0c5377f33b0005cb1f12,0.013279091044369293,0.0148311584277895,0.013390225661532211,0.08207428577007346,0.2870460249363906,0.09617678609536877,0.3352266657265326,0.1579757614379782,1.530125355473346,0.8375089118918999,207.63048964403978,0.6543321299638989
5615777c7ffc8a000a811c61,0.24653899664555928,0.004772482329247405,0.014645434742041375,0.051550723532863496,0.0817920756523627,0.2847056618722926,0.2965716467761631,0.019422979113373175,1.4527634102582128,0.7409494064383969,165.99625604388993,0.0028089887640449437
561d98e03d7fe8000b0f5e09,0.10178076554058199,0.006508644995325961,0.028167443925145995,0.08139844060635011,0.21159871965356705,0.349244797795322,0.1272964381155059,0.09400474938127823,2.0402759122377216,0.8115426642156873,191.44600600194437,0.04609929078014184
566c7564d408ea000519c678,0.0987514596644822,0.007961391148495813,0.034475885550274366,0.11247379696741984,0.08222371111636752,0.3269661516429433,0.28242641120517364,0.054721193241895755,2.003318395090187,0.8092609261004587,186.27265167424008,0.6983951300498064
56802e5fc5767f00121cc6a0,0.07129454120696095,0.004602837323707306,0.012013461601049573,0.08297349764193522,0.08683478462281548,0.40469009756216967,0.26210931106929597,0.07548147086056362,2.1408378779446715,0.7789059201266874,162.06337108123302,0.0
5687d85e369319000c269c55,0.030733837579661,0.02732127771646277,0.0426534329299597,0.0632229167457204,0.3270806599312542,0.23320999430127173,0.19250629937686842,0.08327158168459851,3.587873671176389,0.6731779305455684,161.2827916395629,0.428842504743833
56b399cd2bac74000d89ddfa,0.018144516493323593,0.03219931335406478,0.035844386143081254,0.01869727792025181,0.5399074237891296,0.16374015114070914,0.09964381951474824,0.09182311224677518,2.3084109051820656,0.785047627990914,250.30946172810658,0.521785906401291
56db4c217dcddf000bd5853c,0.19573987587509534,0.018851510792671257,0.04339665397350969,0.057759894407655686,0.31106254064504024,0.13231438977704976,0.12403823538404112,0.11683689891194274,2.4770216381846395,0.8600474861515964,251.44654527284965,0.6375555085641784
56df9a836b4093000bd896c7,0.07657089763410754,0.06355282848455804,0.01810706065639337,0.011045530177550706,0.6658074458223847,0.11875377995298982,0.01999787973882097,0.02616457745894678,2.4681043444641615,0.7581350072489534,178.6156787715287,0.9352506162695152
56e130548b1c33000a388671,0.035953144259331785,0.028720674157682455,0.031837474675924946,0.023545629558015094,0.15795184762732298,0.26805379908301824,0.3387742399465411,0.11516319019895782,4.4635976551165895,0.7895957385275953,190.99065286034093,0.6015055281110328
56f91ae77f69ff000aff9a09,0.39140134563872775,0.006665771073607548,0.019562202951300605,0.09447738136278067,0.08843282080598784,0.2666313247692447,0.10052366752655646,0.03230548679089479,1.7620070579593516,0.7671297791141394,196.71183161890258,0.036555142503097895
5706fb93914b7100093b7925,0.009050166015500818,0.0865371183318315,0.0035457455432253908,0.0016689759498083611,0.7513202329277995,0.10404432070862284,0.02426527154816266,0.019568169048119168,1.60433232938968,0.6945464977712137,149.9276506440133,0.7962139354544417
571cea664ca277001153c045,0.15125975567604438,0.018623745788297383,0.191626823868147,0.0634382695812977,0.11548857438389644,0.2883709470623487,0.0558847970137455,0.11530708649580516,1.3414096626025125,0.7566321822002644,138.1784758552459,0.4411057692307692
57237767844581001202947a,0.016049733030376025,0.025501645052314465,0.002422233731106811,0.024307972876303065,0.5292412311390594,0.21457945990992122,0.11517930167085783,0.07271842270259293,2.9615766209222985,0.7762327496742468,173.22099551761275,0.5386503067484663
57272517e386b9000e3e2b72,0.15486912042888865,0.021123231640444887,0.07394293827678239,0.0431363917322806,0.13460209917915364,0.2560758906651715,0.19033015173119908,0.12592017594653332,2.1151564974895605,0.7946920389530585,197.20406181034303,0.4344278220322518
5733464fbc6923000fcd2de1,0.15434704422331477,0.02313029861851743,0.04695433770658136,0.09500372879925785,0.19103349057658134,0.20979097847374087,0.208875901004588,0.07086422016147019,2.693884268503707,0.8357952759533666,254.35498869460386,0.33492252681764006
573bc4fbf3580b000fce0af4,0.037314405912573026,0.0353677268445875,0.01910903605682854,0.029000692387014942,0.4178298906440599,0.2807735612483485,0.07926880127616424,0.10133588516735645,1.7815438250757585,0.8710034895208881,258.0944095375478,0.1906318082788671
57656f6c2bfddf000125cce5,0.027575086564755328,0.01116685085399918,0.011539949540257074,0.11611478881689019,0.1800451948218543,0.27312969006920174,0.11988000636783623,0.260548432648463,1.5400176258698959,0.7324496365084278,113.01811183422163,0.5657582938388626
578b7f0e900cc80001d2e55f,0.026611688945859746,0.009917865963363057,0.01638932436652115,0.02780682299442249,0.430089895230145,0.21047827379093392,0.055051753766298214,0.22365437585562858,2.3791646733681056,0.7783600525950195,214.78253494100358,0.6193798449612403
57950da04a84da00014c5dbb,0.048616954323751904,0.03479321960592108,0.04418111648328869,0.019563812862332948,0.19139326197939852,0.3725498872303756,0.22824437119766833,0.06065737613697612,1.6079376036903916,0.6525677696362165,129.66767929359708,0.3808527334554015
57abc011f00139000156f638,0.16717990289308032,0.011900016361754891,0.017471883435629703,0.07210784991359864,0.1886563328086107,0.3762314906257305,0.05071179336366972,0.11574072984734562,2.6003803174912092,0.8327937885051919,204.36367213747016,0.0
57af9cdda169b50001a434e3,0.046749661260641284,0.013610184713679186,0.04163450460870776,0.027406785752179405,0.5205799451749905,0.09535118616009067,0.2172832258489847,0.03738450639927051,2.1796403014125127,0.8350374416351868,218.92967063482843,0.5748616600790514
57d0badf28d5250001bdd9d2,0.06259317014737421,0.049044454730887414,0.056786096537547466,0.02981031719193407,0.24841160270457935,0.42067161463227454,0.038827210542822094,0.09385553310663228,3.1919458511611674,0.8257438422543634,238.84850729199553,0.23601973684210525
57d6dd8d6598aa000199188b,0.08101166913144021,0.010335471323843196,0.013588594620291513,0.12788873439748516,0.25327168744089834,0.27067227775347685,0.11891233714689103,0.12431922845299398,1.984322149551606,0.8207250591064892,211.73599114770846,0.09322409211691762
57f6aefc42bfc700016ab1e0,0.09671705907826342,0.03964163122186887,0.023930248328433653,0.023751843922171643,0.24197462274573261,0.38657633077725884,0.13610429434663604,0.051303967224604084,3.16566141933266,0.7903306124475499,244.6424983160059,0.2073170731707317
58043bb3bd8a970001fdef44,0.009677769906241576,0.021577086235656386,0.00689994015366781,0.009000066808112429,0.1957849666860275,0.49355832673196226,0.23919450751761792,0.024307341439818757,1.5041577511072064,0.6732166578219678,121.06293429215805,0.022988505747126436
58066bf52d948b00014ba876,0.040762910213494256,0.023522954924654515,0.014567213484462145,0.01334411000460144,0.48053656531744154,0.22953100879519456,0.16036941434325824,0.037365822813198016,1.8956663808242469,0.7607124140320721,173.90407486828653,0.656437125748503
580cab86b869700001d71628,0.02628769154355147,0.027474601323855916,0.016919771996235993,0.07710139202055044,0.08515293481953766,0.2154845981096427,0.37721980423108065,0.17435920697514498,1.3591954166265245,0.8526352362705899,232.40134761242845,0.5242718446601942
582879857e8aef000152fba4,0.022374949569533602,0.020731038068487192,0.02153219977870009,0.09482952118856747,0.41288167045509516,0.16757445829076406,0.153339467937669,0.10673669447335012,3.162973007087419,0.6850289904674326,148.31515184304146,0.24689265536723165
583f02c8ca2e57000184353c,0.14985798477329332,0.01972830391788966,0.24069880474039895,0.07047754494886778,0.10130825457178093,0.12718369007444497,0.16845094227692806,0.12229447519147235,2.2230913650305766,0.8084154728425434,200.83025408163238,0.5854114713216958
5850d667b64b9e00017cb722,0.0624083964721205,0.025391355681944113,0.027549475900225752,0.08877991868584702,0.2754333478923947,0.26226465064047727,0.10260801534969301,0.15556483987374894,1.8173354969978195,0.7649513913762901,158.39331371328257,0.39545056867891515
58641c3bdb3e720001e22831,0.04630768018982977,0.04982338071997,0.03865265539560091,0.008811581715320376,0.3383293398871962,0.33334905563307515,0.14308370395563677,0.04164260244579898,2.395516267089824,0.8578653067054274,222.2922224792952,0.7391780821917808
5869dec37fbbcd00013974e2,0.01541082804918285,0.015249532690840797,0.006287246608700236,0.09627600454399148,0.1471125616883167,0.2335173230483264,0.19822459945718254,0.28792190333951834,1.9110845895401651,0.8362193172724408,207.64396063269643,0.22717993584135315
587418895c17910001ea4e75,0.02302022730414065,0.02606435727767882,0.01943618813879369,0.0941276125206063,0.27018049561115864,0.20940437900932876,0.17364933970194446,0.18411740002918117,2.212232806181888,0.7673459854973504,205.10296514673917,0.013592750533049041
58ac890076c5b70001662993,0.1958484179096815,0.01734747058002801,0.021136001461213014,0.04227138128298228,0.20529355794012755,0.3845405529195559,0.09115249388870995,0.04241012469017581,2.2149388140276103,0.7015887231996794,144.82609516924117,0.07154882154882154
58adba7a5e63bf00013b51c6,0.055592026746856406,0.007231237147350667,0.021424343488615567,0.06869889841558136,0.15344377561962666,0.4065371051839386,0.11289544902633022,0.1741771657393467,2.702440651101069,0.8371234605299624,238.64297802664404,0.17343173431734318
58ae59babb9e0f0001acb414,0.04302754658815708,0.07320125325846422,0.011976177149394876,0.0022952358322801294,0.38978240551084964,0.3834397548951042,0.02213210810662541,0.07414551911260805,1.908099979387177,0.7777161124843515,154.96707347639395,0.8283049917718047
58c1ce3c3783090001b49355,0.028626498243675212,0.014498420714939496,0.0396369255439508,0.03945564232813219,0.34654569359202325,0.24691692359800554,0.11033443205165623,0.17398546378325033,2.7377501406816593,0.8196313109749102,231.02671643257077,0.8607198748043818
58cc6e1293dac30001d4abc6,0.04593013646758994,0.013987794323773896,0.06938125338359286,0.0912700536574408,0.2764317345693981,0.09515379308721655,0.34406157663584114,0.06378365770465229,2.718814588012225,0.716208887697971,160.9446106903904,0.6501677852348994
58f0fca0d40252000192f201,0.06106554744353777,0.019319567288334824,0.03168387579118867,0.0532464006521341,0.39307582734133645,0.2908509429021192,0.08685632851695979,0.06390150921879961,3.520565198386723,0.7387702286663395,171.07701251010272,0.07198824681684624
591bc89fb817f400015b7017,0.040537319943667764,0.011534586457688557,0.06392732889629309,0.024762784634245055,0.6597102085199628,0.13023401483929217,0.057875491962618576,0.01141826509988249,1.5610016169596923,0.7581688383768718,152.3085020425455,0.16275954454119224
592481c14c4d6500016a1767,0.08673984294195701,0.013759956748778538,0.10303840072780207,0.04481372389938208,0.17550117949338803,0.21747668549303106,0.2734907160717347,0.0851794944423318,2.1384856460504613,0.8052137274053659,217.9210809714317,0.5177914110429448
59278c090220760001fda664,0.07796700305882258,0.07219033200734198,0.016556219386907826,0.02173312114805713,0.6854783610746474,0.08101202445705546,0.029569093311296007,0.015493845278456339,3.1632897123407293,0.7185058781574087,166.22900429124522,0.6670560747663551
59296fb2e8a7ff000163f033,0.04921111174043052,0.05968145756007227,0.2043009396977583,0.009996226008486049,0.30600210602587524,0.21594681690104775,0.12830197005855246,0.026559371854341908,1.4547884442864263,0.774291583112968,137.13279271028188,0.7942717429269996
592bb32c943e670001cde123,0.13478127880351215,0.006426522415603972,0.011925643692916661,0.24145676737437116,0.1050226906634109,0.2688852203529069,0.1259598693405667,0.10554200674589378,1.773703027276005,0.7689436380288418,152.11613863893172,0.0
593dfb9ea2bf080001ed3b65,0.08979770700933924,0.02480209770865713,0.01964196553596612,0.07763783724142695,0.12767065422523532,0.4334405753072731,0.11036840108153254,0.11664076201323015,2.292717593831822,0.7132657914623771,159.10565230820282,0.21286520991897864
5949f3a2833f6d0001623eca,0.01834612016375768,0.03195050392146929,0.05682436427031767,0.02984252805166505,0.31748510962922505,0.23733539630068817,0.2539089344223549,0.05430704268962221,3.7405033564173733,0.8156220323658855,228.48752164086113,0.939812258420762
5951c8505f42c10001ff3f93,0.04944322201222877,0.007354400707323847,0.013202990777202108,0.11755098400299158,0.37920973516802986,0.11081462663013689,0.19791106914456102,0.12451297161700745,2.7290342261180487,0.7771024375262354,224.93842065137613,0.42292490118577075
596fea64a5c32a0001584755,0.007908531133857206,0.03000879662717987,0.002104214767089513,0.008285403179303822,0.6425727678287901,0.16663750667135263,0.018391617881824744,0.12409116125370492,2.3375341377980394,0.861007171282188,245.47330251086,0.8042744656917885
5977e3867412f8000194e1fe,0.01759970116448446,0.026457445094243474,0.02765787903734714,0.10303679034231339,0.18364749541687625,0.2148413857067117,0.18208624633060636,0.24467305708263573,2.8942839595085177,0.7236874550654744,144.1337885176933,0.8423317683881064
597b858909bdcf000153ff58,0.12471559572687817,0.011844348380095838,0.029921523812658998,0.10108156206776986,0.3497839432725695,0.26511601298845106,0.0793190853309458,0.03821792833447933,1.1195588602488566,0.7789509120614172,155.4325296404766,0.3690783807062877
59877315f8b162000167a2c6,0.019554881874522766,0.05232253390445446,0.009583576491452707,0.014219852117919055,0.43106898917894704,0.3163586696502872,0.07244911983067788,0.08444237678662592,2.450394056937014,0.7219880254084966,156.37016041276385,0.5464184731385485
5987c9f26ab9880001b5b04d,0.01741725324013634,0.031018742634701932,0.01518292433865992,0.02903311337617264,0.6146142156432418,0.15212141754153452,0.07609416853902173,0.0645181646112438,2.481646759621278,0.7908831000903872,206.59439494842232,0.6175055514433753
598c9125cceb0f0001b39697,0.06291050359915953,0.008209888897240553,0.02334746577513985,0.03893480427574536,0.10227403381512397,0.6035696019936695,0.085774751200762,0.07497895074382774,2.5181775065859,0.7112086985474878,168.9277281767989,0.043133802816901406
5996ad5c9845ef00014de423,0.025907247653125597,0.024340153025065304,0.00776894787264366,0.046465893273371785,0.5444337246554724,0.16334926675167463,0.10854522256173912,0.07918954418058137,2.0459235346749756,0.8590196137970063,226.67267839558517,0.4935400516795866
59ad6f1e09709e00013c2ba5,0.021518242156050315,0.033489343611242686,0.008400732599954596,0.020834075807896476,0.3580892128618719,0.29174341819147215,0.08364613577338885,0.18227883881473908,2.1785721692252746,0.7988163221741672,212.74264334610345,0.7741379310344828
59b013c8f69f340001866ffc,0.04006192451202662,0.021788116025695522,0.02341528509768434,0.027338668669169005,0.6791483624570906,0.08821519764741881,0.10153119506872768,0.018501251278432336,2.3233365256851104,0.787054166494459,186.28522709050344,0.016589861751152075
59c25b315364260001dc4b45,0.08565875360822627,0.043515884077582855,0.034587442925132966,0.09770081524291574,0.249175707277537,0.19967355995911826,0.09946671956668458,0.19022111817632503,2.52813699081459,0.8137171862826881,255.71869227261078,0.009285051067780872
59d5126df35ff40001914d8e,0.11316053227146028,0.023265087478458433,0.09472245661517935,0.03756816342119956,0.17626309829129738,0.21485640247346077,0.17096321538985848,0.16920104476822037,2.0164882903201597,0.8250815113458716,219.39730157321918,0.8037825059101655
59d5888d21977e0001d630f3,0.0590046986870825,0.02261865968381477,0.052878886981837146,0.09899972622735202,0.23555312815859392,0.2589624244314372,0.17692371963804848,0.09505875628148686,2.5397494693268015,0.7644339952382561,192.91112315371507,0.0009643201542912247
59d5c894c732930001d88b5e,0.03278080535246633,0.03089656054060567,0.012529371087740005,0.04165361046491141,0.27232950330352,0.32704918212385614,0.09581183316763642,0.18694913416517506,2.094214916303662,0.6853996276231151,148.87472326202925,0.4697620429483459
59e18a4fe75b450001a69007,0.07481273610544859,0.0036235467191146698,0.03879596144657184,0.31634018592626006,0.14716170553588365,0.12487121054483315,0.17244418849964516,0.12195046566320714,1.7963033344528871,0.8484759242004112,214.09109875860636,0.4373770491803279
59ed1eb67f3d71000171e23b,0.009473638347174558,0.054398828380671095,0.02404170520934694,0.017005057155777634,0.44179964044432046,0.18762216528314016,0.14981626957987507,0.11584269545301748,2.4204254823100193,0.8373463900747482,246.3446289820628,0.7515701325889742
5a0f7d84ff266c0001d209cc,0.027468655885011815,0.01248796076761144,0.016153522486541838,0.05289403233430374,0.39434850133113175,0.30617700623753685,0.06026823924502684,0.1302020822070703,1.7113866755616012,0.7500676142559706,185.99266757422475,0.28401697312588403
5a127fc7c259f30001766641,0.45360603037269126,0.010938028977941704,0.030583926499657254,0.11858718850539979,0.016527608740610874,0.190533418568647,0.056532639127044,0.1226911590669114,0.9141219184549184,0.6941504316100721,120.54499687570528,0.0
5a135875074b1900012527a9,0.16066683466769882,0.016351749135074714,0.01482940009647577,0.05339725170230301,0.06828731938407519,0.47777047542196877,0.14987272423900047,0.05882424500192625,1.6279849296010422,0.8162463760614378,187.74253680034894,0.055035567203294646
5a198755f2e3460001edc5c9,0.11380014799239563,0.04514798003030098,0.044512345010509075,0.03223977166655498,0.1965793926917528,0.2845792740972202,0.2459874327446975,0.037153656118088595,2.4716094085246962,0.8044745709878451,199.6883282152251,0.7472113118617439
5a2ef2d89c334d0001775a0c,0.013262276435499053,0.006692212093941682,0.005632047189833648,0.12408633509571085,0.5464779621331722,0.11347254256510524,0.07570980895634463,0.1146668165452287,2.295027568030069,0.839066273598698,248.19868620019508,0.4279749478079332
5a3dfbbcdaea400001ac1adc,0.09216572737734628,0.020733684882302848,0.04569740702630505,0.04575789392030419,0.2507185163642359,0.23785852308756622,0.16098588472559827,0.14608236308991485,1.3647157855115541,0.8045636660861633,231.9531044223911,0.43253968253968256
5a49d6a06d85f80001c25bc4,0.05695081766319262,0.020918980914599743,0.049579425886064656,0.020777785114060896,0.590795871234382,0.1690920837176534,0.05058590905686383,0.041299125914971806,1.8004942879268502,0.8028971729068191,195.97232980336082,0.6415528202353578
5a50fab2f6c517000194760b,0.09044431967042978,0.02407972208000469,0.0762011333135416,0.029364423199784,0.5809712352727233,0.08682984396552668,0.061420039843531685,0.05068928262601234,3.35491106651471,0.8079548855922809,202.26922955460125,0.8346555323590814
5a519789e0cf3d000125ee02,0.0746568863325487,0.00838543855230721,0.017742626530252728,0.046969184007950096,0.31163229551315125,0.27057710253438777,0.23198647420630128,0.0380499928598529,1.5043876609354496,0.7385821223182956,143.96035294312463,0.75426944971537
5a59452c76d1c60001ab20aa,0.10047601857278705,0.03136878365994718,0.09761913031799435,0.028925590849215022,0.21037575818554893,0.31502732643187337,0.11552719235282809,0.10068019963770755,2.6388866833820415,0.7843447184217859,192.56587299905019,0.7393061636914786
5a5d0554ac562400015402dd,0.16718611928470362,0.017269564474096433,0.17470554339957428,0.05810051134059141,0.2743630819248773,0.14098454115356288,0.07221082101776866,0.09517981764885135,1.9583155125712108,0.7883002016242037,201.49727322859673,0.42358078602620086
5a68bd3463394a000155c9e7,0.011097640812585432,0.02080508296389323,0.005351028224457393,0.08948759863867842,0.4582774092075122,0.07406435677796236,0.11206382875159326,0.22885305545443782,2.2202319724499917,0.8361085139731999,257.9617229498225,0.8732484076433121
5a68c01031b87a0001c752c3,0.023404440189318813,0.013424252043671654,0.010409121825760474,0.0363839579442456,0.5068905957119173,0.205328824272156,0.12447509445859334,0.07968371316491006,2.1684689077898707,0.7850398861693015,199.15911551795534,0.4057819575060954
5a693e48c0d8360001082fda,0.09510176542606133,0.05030536380711779,0.025499716634293658,0.013194645451428535,0.40821881749568745,0.31530794361333636,0.06826692856595977,0.024104819257639947,2.8820896538036527,0.7081103533638446,135.65708538579543,0.24816176470588236
5a70d87e9cdd180001776440,0.036081595391538795,0.013056606401149732,0.010952108174139056,0.0801456293503035,0.16705351746585964,0.3329613918020139,0.2756346013445978,0.08411454986720296,2.3975654363676604,0.7355125223859671,161.4051132314711,0.22005323868677906
5a73899f9cdd1800017786f0,0.1058482358097382,0.028626888743711696,0.018754281514011,0.06170694634174009,0.3998920675031026,0.23015516121265425,0.02432594377053732,0.13069047511270773,2.0043717109188295,0.7130779240341388,144.47150429575964,0.6225041985445046
5a78c698000dab00018c2598,0.10815229067030688,0.005601246543948221,0.008432392737460565,0.04157652448864385,0.1856230018202126,0.5515436127536459,0.04370720087758632,0.055363729662554546,3.2370952000409483,0.7190589104568477,164.39875301801325,0.06439066551426102
5a791168f49c9a0001f31061,0.12027549580461427,0.013427948267986739,0.025075129203684873,0.06072535276217937,0.4471221926954468,0.17308336756165454,0.07500430444587335,0.08528620977213354,1.5834923540229766,0.8094713799151866,197.38806889217034,0.4648863520538171
5a79de1faa46dd00016b3a60,0.009677571146515499,0.060824881717010816,0.006764492148195545,0.0170709332628666,0.334258074453892,0.18862381114832533,0.25862656800994666,0.12415366875296774,2.4238206994836755,0.8273019759825884,211.58593979746448,0.34091849400082747
5a79f14a8fe2dc00010593eb,0.04971144335144565,0.06133451934269121,0.029249165420748797,0.01544232804617866,0.5137042758737008,0.19812537510256095,0.020896541083163453,0.11153635190728914,2.215933736977309,0.7904960340271636,200.05317733993192,0.8116830724544134
5a7b2b52000dab00018c402b,0.012757426199705784,0.02919742310040242,0.013060234767642008,0.02767138553959067,0.38426649643135025,0.2659972869156432,0.11684061648578019,0.1502091302541637,1.6085210786440178,0.8448213700161221,219.35403317480774,0.46833013435700577
5a7e017f527fd000014685d2,0.0259836277195414,0.014107438888623054,0.0039911121797954995,0.07365032157273094,0.06998418315673376,0.33147585494003945,0.16023425427370336,0.3205732075592501,2.495847506024548,0.7155410526425856,130.27565609559346,0.023757236973447796
5a883128b093f80001a7eeec,0.021504737628676544,0.017923492603746,0.08804529302026477,0.11814448480756172,0.10332470485497833,0.25559721975755795,0.2518805764816707,0.1435794915127469,1.4944389068535362,0.9093297498104178,260.3853555611864,0.0022222222222222222
5a8b8667ae9a0b0001aa194f,0.043576524528832206,0.029391961790773306,0.014974866376970345,0.014480563822670527,0.13486541140416655,0.47520506044531097,0.22484192256459218,0.06266368857263882,1.1637193966613573,0.8721568523215817,181.1457102891186,0.38878504672897196
5a8d5e4e000dab00018ce464,0.1191895052275345,0.008458221109096335,0.025889164960650496,0.027909495521968992,0.06045068946918319,0.41018621673477657,0.24277975654905623,0.10513695100833298,1.9920147686893606,0.8282830411313844,236.50658450798588,0.052261929353439374
5a91877e777df200015fa0f5,0.054876332736793015,0.028323315903256315,0.07350430262878094,0.08097453450448236,0.18243148790756192,0.2057661845187198,0.10543761322685541,0.2686862294880692,2.4397272472424247,0.7731566289854079,181.2926977367731,0.2729776247848537
5a9493ce873cda0001dc6dfb,0.04862353340537264,0.08770138511758634,0.03452466323964036,0.020311072293195055,0.5061200620994988,0.11494602241049022,0.14907258779594093,0.038700673310614025,2.2795540134287515,0.7958730340068089,216.0441307218669,0.004333694474539545
5a9a9a34dbdb470001eee32c,0.09422872624966917,0.023413510023375196,0.0269724821557858,0.017817641697767242,0.5958834909350571,0.14004776726561455,0.06366483001138701,0.037971550748829956,3.3656827729139787,0.6897739710906595,159.75554251707288,0.08905109489051095
5aa35f2d777df20001605db6,0.035952893477350756,0.019710564363140774,0.014337401351333991,0.03717310907103157,0.14873375974606048,0.4144216137396547,0.11598488435964523,0.21368577432172564,1.585455899772776,0.6793666047364058,111.84949374120036,0.32526881720430106
5aa5c96ff6dfdd0001eafd08,0.024548743422617366,0.08776014243295893,0.0068022726283372935,0.0063581484682349145,0.2510028931942776,0.4655586048498881,0.038364313576794,0.11960488179928422,1.857040455941658,0.7977446743727404,208.87996919568735,0.7598944591029023
5aa61dd36475f90001a05dcf,0.26120449198735224,0.01824310129600127,0.05125459965270975,0.09283865304561718,0.3190002264408942,0.17289105934032745,0.06688629313232093,0.017681575502918077,1.5957350515094444,0.7756841994213756,175.79966172725727,0.07003891050583658
5aaf4b0ce1546900019b01de,0.0390270383133813,0.03842080279436675,0.0997171856533486,0.0486127179403663,0.48021604519540356,0.1395589819960319,0.08968120892816595,0.0647660194715306,2.0364146294398973,0.8416311003434148,238.2588843099374,0.5734072022160664
5ab4149e0527ba0001c1656e,0.03144616408232121,0.010399536346310408,0.009229239613854273,0.011011492381994056,0.7879319569194465,0.09152852450342272,0.031183877325199207,0.027269208452605886,2.087410565279641,0.8245835861286341,213.6235292821687,0.9046189376443418
5ac53209fa3b4e0001736f22,0.17373042597201926,0.035962219812804876,0.09253692093652903,0.03177255907419622,0.22473939961199368,0.3107774869582286,0.0511942526280699,0.07928673481483489,1.3332093276485228,0.7620544806284366,175.03161200461227,0.8719076415612974
5ac53367e1546900019c03ba,0.16830370477893652,0.012451995191412268,0.03466575765884945,0.12234376310229651,0.08011744292414916,0.32910087994186044,0.09334057770668547,0.1596758778053457,2.811852697244333,0.9039541425113692,157.07824356708034,0.034224598930481284
5acba4a15cd10500016280ca,0.05153401306998337,0.012077954048331178,0.05713770781246828,0.03500257859694331,0.15839273720107655,0.2848185291503248,0.27616564353280776,0.12487083642354248,2.519489371656582,0.7089755307049254,152.539984259446,0.013492241960872498
5ad4a9f30f5d3900016a4d8b,0.03311508982370209,0.028399708427189464,0.061967319089757826,0.05063781902894248,0.20534713941846797,0.26249367835003345,0.12523064699628586,0.23280859817265837,2.6062951004130603,0.8208887569786972,219.41827361520347,0.2817947985138611
5ad7c075c25ea0000188486b,0.09034074985266059,0.025725503468350872,0.05318854785789449,0.052802352359850806,0.27293668664699056,0.3000016217358358,0.09572299656892139,0.10928154260620948,2.0823799313037616,0.6487269408816382,146.12189833060597,0.44259421560035056
5adfa230f6b58c0001fa8cb1,0.014801770971039433,0.020775696943755716,0.028325930501499206,0.06760010684095207,0.44770563217452186,0.1456127125786032,0.21171097755978255,0.06346717170040794,1.724807577899086,0.8042475327914946,211.86203994432276,0.1298366294067068
5ae74788d5ec5e000175ea08,0.15669562343063487,0.007428304246732955,0.033755824292359064,0.035863975831910935,0.3506427488125119,0.25685848990942145,0.10053065657377394,0.058224376331353696,1.7588823146398802,0.762616464223789,207.07863503213116,0.06797385620915032
5ae9d42e9d82560001bdd824,0.014963860343582304,0.052637342028369526,0.0028102644065484254,0.020136259442311965,0.4810097179355562,0.19936873995807805,0.04027376418775844,0.18880005127771332,2.783064616279362,0.7044827719825468,203.80084304805723,0.25675675675675674
5aea85ab831584000180a1f6,0.04486227317102766,0.015099258153013188,0.028227854896850934,0.07975519149324611,0.11610004103229271,0.3939351440331011,0.12258726064540623,0.19943297671175164,2.2284851433569397,0.7128119282850749,135.3811345937993,0.3482456140350877
5aea9a59852ddf0001ced15e,0.1142231787099209,0.03312624189091667,0.0228020243295855,0.025659168013653585,0.20798631015515137,0.3493473269178449,0.17092886932071014,0.07592688053563638,2.345007928625733,0.7086702973162536,137.6942824071837,0.6374448750501136
5aeb922a75deca0001624d23,0.05663319062654129,0.056314495110858565,0.01586405078002135,0.00889538998010393,0.6331139609696975,0.17522414834517433,0.031454138339606634,0.0225006266496572,1.8569469481607144,0.8332612514836725,234.11021920208321,0.5423982069480762
5aeffc6e0ccc2e000185aa28,0.015384642429638244,0.0030635660711781604,0.0046498017288209535,0.2510844762546376,0.11621862018828856,0.11436053051203778,0.44515743524042567,0.050080927661624905,1.7139747143657678,0.7481660822360671,173.14649604254802,0.24130967834992068
5af67a42e066a400011347c0,0.12292922415363663,0.010866494017004758,0.009227998249596886,0.02493383692357573,0.37147160570843396,0.33892020342291357,0.09378819269713141,0.02786244512711654,1.8107665668458863,0.6056112050079726,114.98866833041873,0.013173652694610778
5af9b78246f0040001e34b19,0.020492759367739595,0.01626488347249281,0.011560930644392457,0.09269854287804999,0.40407204321036666,0.10536661720025395,0.1839899140685184,0.16555430982303249,2.1725187774075696,0.8355336787468616,232.4427286612519,0.150519978106185
5afa5252672ea800010d97e6,0.06307972911640056,0.020572879165720252,0.09526829617208248,0.07581706959935391,0.09602974461339199,0.24250389903225808,0.33586164704999233,0.07086673521212,1.9880831082945885,0.8462701387990499,239.7013755230912,0.009683098591549295
5b0319e68d753d0001cc75c7,0.02963068775832314,0.011467149456625188,0.03047223013354997,0.10689963002760433,0.3605245856277366,0.13719109761704842,0.14344049771804296,0.18037412292051908,2.5886026479223485,0.8562904388717041,244.00892615998404,0.34583872358775336
5b11682bd3ef5a000107dc58,0.1530782125174333,0.036188519777708504,0.07351715273450496,0.03360917760765906,0.27779003621352016,0.25502751692361353,0.04848287459404352,0.12230650910280344,2.309842456858975,0.8379464396742315,249.69836196069772,0.12473302007689022
5b16d24d388d8b00014fa6e6,0.16700558456084622,0.008066057504368477,0.0076081566631257215,0.1511698381005101,0.07536466609373313,0.3418565041007029,0.1483748351230876,0.10055435960499318,1.4219970206672048,0.7257374834215489,113.48755477038016,0.16602316602316602
5b184a76c9d3cb00010ff605,0.15542798597414306,0.025668797533597222,0.040287415643581355,0.03671412038587592,0.24328628776299716,0.3216980904768946,0.08071647820819919,0.0962008237887279,2.8278008504468466,0.8288518056313532,232.34131475294168,0.45138396025550037
5b18647968a5ed00017343ec,0.007707107732054005,0.01333776255837422,0.006279698627235924,0.05447786690805608,0.45829728338724746,0.09384976479854516,0.12619579791626367,0.23985471823820526,2.2645951412257497,0.7791928181672041,219.37002453346267,0.776793893129771
5b1dded94c72120001f22444,0.15899241203797002,0.004218447423495663,0.010930153368972193,0.06822919970145444,0.17228140742759152,0.44840738811840614,0.06849457494360169,0.06844641994463187,1.8100926743083565,0.7323960217094262,159.04960077849947,0.0
5b21c4ab31d0080001b9f55e,0.02459333073157619,0.0336589010320622,0.018520608673983346,0.03618830299870636,0.2580515995815562,0.2843442364184303,0.23905210312215505,0.10559091908593714,3.2280916821539374,0.8180141344934558,261.5674021827837,0.017543859649122806
5b23d0784fb0d40001e95407,0.03419723504915552,0.018502927639708337,0.01714082633697246,0.033774764819962014,0.4126927636499814,0.29326375088510537,0.028649790381972212,0.16177794157369063,2.853533814614684,0.8041744999852322,267.94799729947744,0.43174539631705366
5b315e97f23189000161a03d,0.0646362541437817,0.004629375210370722,0.011617807089515469,0.33246889567961785,0.08976930530170756,0.22980662322985104,0.12003109650214383,0.14704064345192633,1.6419670393035568,0.8336875467156023,234.55643714325723,0.5124463519313305
5b32599cc8e94a00018f22a5,0.060884187558296846,0.021802190792019633,0.10317453389670012,0.01836808038654154,0.34208696931168625,0.28266993499856286,0.15368622998432102,0.017327873048494907,1.72061245203751,0.7367952746398404,152.4747631816282,0.7280453257790368
5b48e77c369f84000112a85c,0.07189008237985425,0.05056575040390657,0.02993455228713213,0.014286872372108947,0.2439968876560757,0.3096764780648778,0.24970289252504466,0.02994648475697828,2.379869074607533,0.8165423159484778,203.5655590213608,0.024447578749412318
5b497448369f84000112bc43,0.05789837344528792,0.01857769988161283,0.024072796777409183,0.0873397508223028,0.3716154048964189,0.2520853318333054,0.04574033482129366,0.1426703072919485,1.8655404260455797,0.8325527292474552,225.88031494516179,0.484708063021316
5b4983840753d30001db8ab3,0.021408062593905722,0.026180901875984524,0.007980361847435082,0.016429464587884347,0.6549903029192784,0.14729281207095257,0.051870886511662745,0.0738472079186691,2.421929147302709,0.8289529678388464,219.70441546546976,0.3282963685108457
5b4a6e57d317a20001e2d051,0.04371191884897597,0.027622982928826426,0.028827571955228695,0.05264613945767944,0.2112728511864138,0.3493424666743628,0.061150108751505075,0.22542595902165197,2.082498344578396,0.8162410407442985,236.94875812657384,0.9629915188897455
5b4d15c23d01bd0001ec4018,0.016479794632235117,0.014406277404269804,0.00780622946461119,0.07025845269017326,0.26659419816325736,0.23163262252008898,0.2412718733538816,0.15155055139098442,1.9077651319149016,0.7551258782184168,211.84784701235645,0.39900249376558605
5b57dcb2b1c76d00016f8599,0.018735753276361053,0.03691514798670392,0.10043344372652906,0.004731266164039609,0.5990786066851083,0.17306518311962527,0.05083833502904769,0.016202264461003996,2.2973669597578934,0.7400250813999356,203.92083355559365,0.7550143266475645
5b5e7e643bac1d0001f9bf28,0.11967297416739216,0.013837027644200903,0.02968343627050947,0.03798292350142774,0.1995150564499542,0.39458820381474147,0.056428289771288206,0.14829208825043602,1.2973534001135891,0.7813892469097626,155.07888092148193,0.18595279217040875
5b66ce776f0d0400010d678d,0.020026795291253396,0.038187231799563015,0.012977934109551528,0.03035471062398349,0.625752679891531,0.13175398288812373,0.09387246199033754,0.04707420403652393,2.2504685852354296,0.7656618879743898,182.23972993553446,0.3357868256778161
5b67735c05753f00016b54ab,0.11627205347161074,0.01287079827399725,0.0434638265127767,0.04231893513005116,0.2218329012363117,0.27676429654722595,0.06648906393145357,0.21998812475420285,3.013369314296249,0.7333248883296339,152.50858007551355,0.1623578076525336
5b6cb3049ee1a50001c5ef0f,0.06031826230711106,0.037572160228242606,0.020310336238182014,0.052436940374597674,0.2753577011210962,0.2647616491269863,0.20204138670860547,0.08720156404552594,3.677257683063339,0.7681362191133487,201.2935860468265,0.3040614709110867
5b6cd50f9ee1a50001c5f481,0.038693255088669706,0.020046000052080435,0.015283137208415362,0.07314564201670797,0.22704639569054236,0.07824748372022865,0.48252360730738014,0.06501447984561198,2.7974139914779426,0.8313391714826778,253.17728520587337,0.030508474576271188
5b71f50a4d08b700018a90d8,0.03168347125512788,0.024082487808486954,0.02412548988109034,0.016845865421073768,0.11180010058364354,0.525843172197623,0.12660166788978516,0.13901774614103032,2.908169236354206,0.7034093539624086,150.5954932959527,0.1523809523809524
5b7ca6161e35f0000172fa14,0.05444960777846413,0.030308714669514784,0.016868017079179176,0.019993940730223224,0.4344369448100014,0.27208809003660145,0.07859237097656685,0.09326231313235694,2.0197920980793422,0.7929381041020075,206.3429376934641,0.20279329608938548
5b8320b0b0d72600018dc739,0.07661799947470832,0.008641738614983123,0.0402243389035319,0.11025869456592052,0.18161865412821554,0.31020453346200483,0.11133431385214634,0.16109972719620094,1.4185828458265453,0.7548398539427227,151.5131935174184,0.2480058013052937
5b836aa6413ac100010d165c,0.06352589286366633,0.027347771133269347,0.14031016279408698,0.05793298139959788,0.226206607258548,0.2958987402187555,0.06262554281724396,0.12615230139704825,2.24368832210608,0.699805768542885,135.9036849518207,0.48214285714285715
5b8597308f1e2600019bbf90,0.048292888552738944,0.03679228337619157,0.07411019359808142,0.030716499868738166,0.3706166127623132,0.10799408170182974,0.07928104405526054,0.252196396529402,1.9200030240710104,0.7703675608442684,180.78423264792775,0.3655680832610581
5b8e11444cd6dd0001bf07d9,0.10257461089413118,0.013639432470782592,0.009660025791089159,0.04512220668362986,0.4195307940392689,0.3256223791531233,0.0568097762985932,0.027040775923562233,2.5472158858053,0.8201946964482646,203.95151088422415,0.476461038961039
5b905d47e057280001e4af42,0.03125521674350131,0.03151934139444575,0.005439977780128907,0.008433286756042511,0.587784327270016,0.26302894655212467,0.034253132380568686,0.03828577091429928,1.9914746356957616,0.7499146895208305,133.47438934096934,0.49325435998683775
5b90b56f42e93f00017cc85a,0.030199189869299255,0.030388852212875437,0.028046884975868925,0.022931281588039712,0.15764197663524881,0.3975632586477531,0.23817601442999134,0.09505254086441609,2.6657388260349104,0.7711581361917984,164.72791023416806,0.768976897689769
5b95981f21e7200001f5987a,0.0771331819705665,0.0300180559279397,0.0071154040415422,0.0104664083919487,0.4503419920802117,0.3570831548422575,0.0599868362769484,0.0078549029276473,1.2473990988834962,0.7289395147413403,127.51872095569956,0.5
5b97f8988ae8150001c7a887,0.31427981100895236,0.0318671990027347,0.13398901705541302,0.020637609566355727,0.03888258053314283,0.25665390504851693,0.1653043048859324,0.0383855728470492,3.2973474272575833,0.711422472066087,141.53457909731915,0.27214096510422664
5b997597caaef400011da16d,0.01908251788013025,0.011928169474918392,0.028200447880437643,0.14531096025712387,0.17210532816957186,0.18383231256368743,0.31073535374836875,0.12880491008632142,2.57392726287893,0.7324989443366342,162.48338097763036,0.6898843930635838
5ba2d949821f7600011d1ccc,0.02575639663509206,0.027385283992884753,0.00924218871421872,0.03105629714260733,0.573115645929806,0.21357911502615348,0.06901769800695406,0.05084737434605199,2.6237310317457667,0.6417284108884036,147.8180084595609,0.6339165545087483
5ba3d4590e41db0001786ca1,0.024654730697884816,0.05629126847619782,0.029322634722316856,0.06289709414973221,0.38708761308746986,0.11906417529570587,0.10162577830740208,0.21905670685704484,2.5005366095504935,0.7935670752799713,201.19775901779758,0.26405867970660146
5bb6413cb4dca50001df0096,0.10251080836879345,0.01942317556197369,0.03576799055991672,0.06813601336674653,0.15451978791545762,0.38524660582615794,0.06120263873122341,0.17319297889275356,2.2206749118139526,0.7702432385952208,235.26447237255402,0.3084214363835217
5bc0bcb38b1ded0001bfaa58,0.02250818382753815,0.03224887905134954,0.03659151159231301,0.03037811161534323,0.27911806064999933,0.22713164817510115,0.2934551299127879,0.0785684752201509,1.4657952922736603,0.8378699583037021,238.53337144561934,0.6433308769344142
5bc4ff222c08740001316ed2,0.015844404742724003,0.01333875694074125,0.03887069735922121,0.09633439494804762,0.28871593904273984,0.1814419651549453,0.2784325800528384,0.08702125994027367,1.7954759870772934,0.8580344550909713,240.56580069187612,0.3200775945683802
5bc9f8b677740000016a08b5,0.1017580428515113,0.0273679211019156,0.03544581206472322,0.06010438886935968,0.3407107135748473,0.28964808179479634,0.05197871643949755,0.09298632355452621,2.1000139448489694,0.837574589816356,231.25697485215343,0.323406789755807
5bcc60b95c2b810001dc68e2,0.03624872471183307,0.004287004603901561,0.007564678359965848,0.06812012174446393,0.0567988907947803,0.40308306123261134,0.37030547725210305,0.05359204184925936,3.5509615813517996,0.7540014915872252,214.07050116610543,0.0648
5bd086bbc3b40e0001df9551,0.06581093360789089,0.11915214217670549,0.008168298649301645,0.006959542876251993,0.3670750014283293,0.34924550821461453,0.05995726812521366,0.02363130507883453,2.1015413786797765,0.722902189394411,177.2192029764614,0.3874070835155225
5bd0d9bf25db7b0001786a5b,0.02378058386511929,0.0049728232683207444,0.010556291792012278,0.12189634679340422,0.19173427945583063,0.19742570902098366,0.07382395683007971,0.3758100081775661,2.4245004156817,0.6827005023610296,147.41598703947773,0.016734279918864097
5bd4143d669ee1000144ac35,0.09271247151846163,0.10113388507174952,0.09435402231280923,0.005620297723161903,0.39300602184269506,0.22050007301653107,0.0456029488684921,0.04707027980826408,1.7096463928313748,0.7319873136447869,203.1706151942107,0.9549697968149369
5bd4cb4f25db7b000179488d,0.051124277240700816,0.04055523739011684,0.030612854504735613,0.02072995768994687,0.5510530810721297,0.107562797026308,0.10264037129491636,0.0957214227167104,2.21921623085755,0.8601808938086742,252.6566245432857,0.8346199524940617
5bd63dfb860b840001dc249e,0.06790402853903248,0.018688852317895046,0.046100147851819616,0.13375868505683094,0.2840971621390711,0.24435410295802665,0.08198839287515684,0.12310862867800933,1.8066468086736653,0.7685893000202202,187.88398204134378,0.4580588493631972
5bd8d97c26903900018579d3,0.02592836260349614,0.012582144883274362,0.013105363448675455,0.09733514242239431,0.20794569756573938,0.2592186128365793,0.0914257394274498,0.2924589371144401,1.6246120001503752,0.8376379259041742,217.0259722842502,0.2559409120102762
5bdc6d16d9bc4e0001134779,0.12948120909867028,0.06487971663540196,0.05525496709162181,0.013751128235221342,0.2422540676610101,0.19749592534667282,0.2796823411502128,0.01720064502042504,2.418054161696444,0.8083705999173734,218.93439508705464,0.2600216684723727
5bdc94f819b9ba000157da85,0.04871802440774866,0.008542279345923057,0.00998455546022184,0.1689779521201514,0.19551372087037255,0.2330876793178879,0.20414365939608886,0.13103212908534193,1.3858626200800983,0.74520055400843,150.51901478635244,0.3161473087818697
5bddd72b18f1b9000174109e,0.08611519382256098,0.06302499362718839,0.10537570579055287,0.01701459874318771,0.4870423325907442,0.14307545704842842,0.030469399236072423,0.06788231869550913,2.0519641205169363,0.7489957240528805,199.15466063711523,0.6097560975609756
5bdf8df9ed3acf000166aafd,0.011915614191156094,0.052832775642970835,0.024008811331074367,0.0046398353558202736,0.7121346411290751,0.10428425829728663,0.008872677936560497,0.08131138470428091,1.931659582696239,0.7318568034481359,161.92210943284718,0.9918300653594772
5be04ea54a5e53000157ac4f,0.01856355693214068,0.016365625547502472,0.10720407577837417,0.08769921124365912,0.4079442876188417,0.0457951797121878,0.20734009836605832,0.10908796484340819,1.7725708385596448,0.8029915328380918,209.90031820626243,0.9605405405405405
5be05da9b5be300001e54be5,0.030271100910749946,0.04236300810644311,0.02134346223959051,0.009327348979262514,0.5544554131540775,0.20209600106129946,0.0435742113680449,0.09656945431425784,2.208642186892855,0.8139090077598407,227.0862472464413,0.8090686274509804
5be1ac50ca095c0001b9f717,0.07632391045316898,0.032753432326591836,0.009010292130674941,0.06348742448017047,0.1211140865702161,0.46510541765683483,0.06658206460641726,0.16562337156979595,1.6735543839406015,0.7700819363132201,126.97823270795719,0.0012999675008124798
5be31317d6e8c40001d00d23,0.04237265454621522,0.02916288548243775,0.02647387832551603,0.01660667732734433,0.33325446953399906,0.32097282597122584,0.051539112485276095,0.17961749608300526,1.4303620854873478,0.7994461941669688,161.06817602534227,0.9357397215927484
5be76781f6d13b0001cf5257,0.08205874782981719,0.014190353267324913,0.04485173071224556,0.08114561610033566,0.16051344062315773,0.35115176059571995,0.15780186910419872,0.10828648205728186,1.988047280025084,0.7052998516687127,130.97865680217473,0.16670260944576235
5be879272b86b00001b9d0e2,0.05840820914241569,0.015757869474583422,0.03703790177042216,0.05973697571296614,0.20542530922198884,0.2599371367614241,0.15489057454394728,0.20880602291947387,1.4757842581237257,0.8278954638162651,207.43820684650177,0.5847860538827259
5be8de2ed3560900015c743a,0.1091076190854661,0.017512440199812948,0.16093535020652797,0.03985732373571279,0.22787433634106707,0.15314727271777517,0.15638970399691768,0.13517595418753836,2.1547704400687335,0.8515871730921053,265.74791270584495,0.7875874125874126
5beaf789650d4f00015b9e63,0.22224569215146334,0.0037495459519289198,0.02766252872279313,0.1667236278282338,0.05758009059396764,0.2641848836037061,0.14208417382421867,0.11576945802621916,2.500514085476539,0.8328473027151705,234.0793813307689,0.032062391681109186
5bed01c8306ec30001fb80e2,0.07624877875371265,0.008815017035693946,0.004114428188885786,0.04102619465412225,0.15930644783907008,0.49785794295170616,0.0912089459115277,0.12142224416390561,1.7979283487159432,0.7837025153855374,206.09202275911926,0.2558139534883721
5bf336d965825d00017cf3c2,0.03725067064141603,0.03018810791396822,0.03355752223597066,0.03879410731955249,0.21792244615005116,0.15666095863359839,0.44170311222004427,0.04392307506322567,1.5781325584274137,0.739671373534893,158.0274948851577,0.09444844989185291
5bf3761862e1bc0001f15cb2,0.02902777267658174,0.07215729958922533,0.041614327046115215,0.008059916381700836,0.6578062856535682,0.08319098785685525,0.06484522538923243,0.04329818527519487,2.492152700801128,0.7578082692279416,149.37933962492608,0.7598702001081665
5bf54aa4d382df0001b9e43b,0.10694390918814874,0.047961859750738974,0.02489629965880929,0.020504830661174887,0.4076139119312029,0.2652686790949197,0.08513848877847131,0.04167202119670671,1.8616336456132827,0.822119914327595,209.34079535741307,0.4525368248772504
5bf5f40635087500014257fe,0.025230316649586512,0.03248416092137865,0.012418113204687827,0.020348943820787748,0.36898591148686233,0.3258340288740826,0.07633711340237312,0.13836141175016337,1.471195160771496,0.823018816325957,195.70565127271342,0.46403184532271824
5bf604c93a46830001a6d26b,0.10358247207545963,0.04415200708061538,0.20792400199241154,0.041269700379489106,0.18176583241460886,0.24824257861112156,0.12824613002865054,0.04481727790756246,1.3227437067119616,0.7831899664522982,150.94144343940263,0.9736040609137055
5bfb3c42b2fc16000101296b,0.03608464786958642,0.026078709528991884,0.029742440447324457,0.03883062009238858,0.2884000598291202,0.20723005631713334,0.09146033056896283,0.28217313549353945,2.2572332502510046,0.7671013123654312,212.10023443535098,0.39963614311704065
5bfcb5e3aa5fa30001364404,0.023142692603459716,0.011214961830940694,0.00965050918957802,0.047863983121886056,0.30310910866213836,0.2948156182284902,0.08935042779852614,0.2208526987881451,3.5203891945804155,0.8320967447934665,206.4512594093106,0.4585635359116022
5bfd81fb2feab400014d9060,0.10325419351487462,0.00663354879596626,0.02249788922432747,0.11185971211556375,0.13397455759974627,0.431303973839579,0.10391769581940684,0.08655842829639815,1.7707476496844188,0.6813205673260003,144.04975278539283,0.08230842005676443
5c0017c8f4fb890001d68650,0.1885710037056214,0.024763440443808415,0.07672631384909641,0.012475339787944972,0.10566465432978452,0.1882235117382429,0.387950152522965,0.015625583940256347,1.708749974255264,0.7891466675130743,164.30406509893345,0.3119903352461492
5c0023fb2213be0001c2cdde,0.0463882436402093,0.022714927180672143,0.02676649507687452,0.014873303061311403,0.36804889485172415,0.3656392045575257,0.057658397347023854,0.09791053405718089,1.9862546179804987,0.8504401885637574,227.45193497448994,0.9242314209634471
5c0595bb1a20110001e9f1e1,0.030722926247704112,0.020965471280908976,0.05053877436850476,0.04260765477632691,0.43096748381199934,0.21358700374613795,0.1292669723700794,0.08134371407833507,2.644461506239764,0.8174891341228844,214.1200468452407,0.3079470198675497
5c08aaefa4e5fc00017541dd,0.14227731869420362,0.02434184969324763,0.0893376444167666,0.014110781395259403,0.13559956690682826,0.4057250916857987,0.164783160485871,0.02382458783987623,4.9053886084168665,0.7918925995199232,242.19050732716437,0.0006056935190793458
5c0abcc49f5dfb00011cf6a6,0.050087472238918,0.008062374019379297,0.0183253275618286,0.16944809566825683,0.18690170567170272,0.22909861750193378,0.11818575266640603,0.21989065489469248,1.6486772683797528,0.8253276797416733,238.75194355076513,0.452970297029703
5c0c35ff217d600001121ae5,0.02414665787004288,0.024832106034653828,0.02334952650144269,0.040117288240042036,0.3335534249421678,0.28257606274062,0.08098827518201976,0.19043665839733429,1.931722314881023,0.8189026850200145,207.18173546375323,0.4092852779474649
5c102b9461df5c0001cb468b,0.1171112456542069,0.014541254062075981,0.02412780216470949,0.0390262191781882,0.386058374771044,0.20417168789817283,0.0767783500306036,0.13818506619140297,2.7028255202777225,0.805993872194011,212.63825781978198,0.11806504509428806
5c114210280a8200019d7b1d,0.02636733241244398,0.017454363613718365,0.01177535867400713,0.03556057676074735,0.485317288860212,0.242425972657621,0.1064194770435103,0.0746796305221846,1.7905574781595868,0.8159442412286296,198.1872149654706,0.2945389435989257
5c12f106c4b80e000192c472,0.08934787884799497,0.007709173556159648,0.0394180918485689,0.18554366309590764,0.16751367760994434,0.1697670687772259,0.13781500062449437,0.20288544600662317,1.991222862464387,0.8272035636892574,207.21156443534184,0.38451748147039005
5c154c316157a50001643610,0.020287240178738782,0.10135567473694106,0.013920684663216281,0.011507482790807617,0.5620552828340983,0.09722776777779116,0.05145637402576029,0.14218949451340515,2.2868372679499758,0.8513222282342637,234.55042582956926,0.12142857142857143
5c159f7745de2c000133c3f2,0.010897770202436366,0.007115793321695636,0.009721897290985168,0.14108763868706378,0.4272351902810786,0.044838476138933,0.3009373017892747,0.058165932409488155,2.3464544490834505,0.7093593323641022,142.86691092663008,0.4024221453287197
5c1a4a6240df6b0001880308,0.0920027000372546,0.010280050003010428,0.04506307605313119,0.041628033082075674,0.5610421897132699,0.15173083566408688,0.060250059565915566,0.03800305757561304,1.4402381168228071,0.8469014238819955,221.58867887531687,0.0009578544061302681
5c1a4d7d1aea120001fdd685,0.01989479510435965,0.05107106453411203,0.008319813712649032,0.01857004569418168,0.3994184704232114,0.30108569488025644,0.08621810928947515,0.11542200561606081,1.5790855390108025,0.8124810946734575,204.7942350463605,0.05929919137466307
5c1bf2d025bab90001f233fd,0.013386072579133839,0.006013037843389028,0.0036553928769195066,0.16548221998774956,0.3225954682134984,0.25916625615808775,0.15933498534953075,0.0703665679422628,2.1649591825026473,0.7175295147532644,130.08643098093896,0.7063129002744739
5c1c157f77936700018284b7,0.035455615097601895,0.04259072731767277,0.0240953116735501,0.019346316115525435,0.6004204563215287,0.1878571633495226,0.04589939720952494,0.044335012386299374,3.1907537216881368,0.7950427970217385,249.85752769542026,0.9527720739219713
5c1d8e5d0091e40001c844ed,0.01756378240366254,0.025125224808899,0.015718585505295313,0.026022492050732853,0.376966254873379,0.3533634338335974,0.123110927282028,0.06212929932992604,1.6381559415098896,0.8465441905671085,257.09950302980576,0.35596072931276296
5c1e94832c45d40001477352,0.26795019063831294,0.008568680024285721,0.1120807454595195,0.14518719698617016,0.17920516213638352,0.13569562874195407,0.07645837489714677,0.07485402042164382,2.8710684644588604,0.7856499001426783,222.26327620241025,0.27157738095238093
5c228e5c867f660001ad66be,0.03538691217748489,0.03320846099573485,0.011504629076002661,0.029406084142544482,0.28936936360884136,0.3574790122531329,0.14991290961335968,0.09373262805808596,2.071826696652644,0.7966354117413394,213.6616796698102,0.418354943273906
5c266e991fc74500017cb567,0.12808401750882617,0.004258047949807156,0.04594594871119473,0.15092322709647724,0.24569451809480497,0.20819414593246374,0.06688267133662101,0.15001742364717477,1.6939449386192773,0.8981907830251763,268.5561216753895,0.25009345794392523
5c270d8f2c45d400014909e8,0.045942998098482,0.016611166485225426,0.016657183408127975,0.08052908406633465,0.37180482507179025,0.1942026485626597,0.06990481860703732,0.20434727584322898,1.7348606225600722,0.828070287491961,228.5830595926404,0.2893352462936394
5c27e76978fad500019328cc,0.05876483644419938,0.01330466034214715,0.4030203734919419,0.03914188487742575,0.2779814667312002,0.08546524460675599,0.08232884296358192,0.03999268958162929,2.8463755184562594,0.7101811013563353,152.77824926599394,0.6858529819694869
5c2805401d4eb70001177bfc,0.05522138757629568,0.004424678725442976,0.00710105077044967,0.044497522465081485,0.05496545463565468,0.532170424657769,0.19495828707477286,0.10666119427470434,1.5703208234869683,0.833019507848221,216.58972267907666,0.011182371320506496
5c284e0970d93a0001211e16,0.12857261628017486,0.010249575079925832,0.030886538264076783,0.048765764755771414,0.13318225694591626,0.29974869578696667,0.18692397327718552,0.16167057934734094,1.7189442154232457,0.7056133682399659,141.27424071534347,0.00156128024980484
5c2854db89f035000174b3d0,0.18534353658569996,0.008245319775478065,0.010152581711681964,0.07715877833545494,0.15839613011305026,0.38061574304629825,0.11028787601593239,0.06980003447342711,4.9474347816863435,0.6255710293027419,219.96048826633708,0.5918203688853247
5c291c9e1496350001cd4646,0.03688935685206108,0.03802121668395506,0.024852141692133303,0.015849406183298956,0.5512592443477078,0.15876762544964987,0.1262452523800545,0.04811575679240513,1.3269903329853494,0.6406189132349714,130.25954893464194,0.16701244813278007
5c2d2bedbe01f100013be5c7,0.04777008265845978,0.05376972556915769,0.017733302131960643,0.005756991967410533,0.5063777048712231,0.30341655461004136,0.02986614342555184,0.03530949520293267,2.3542503898223663,0.7204861449213593,139.0513670906189,0.8374032162001191
5c30b27e3329f40001e8e582,0.02523053629539427,0.018227852874334587,0.04498238091765373,0.054196332857603245,0.12095528362936037,0.16023093878043063,0.5414414356733772,0.034735238514566565,1.263333612344958,0.7097371861383115,119.85529240697367,0.38946162657502864
5c327f67cced450001d49ea4,0.017374277951592895,0.025007367625726216,0.028683270429148564,0.034479446550144635,0.5163330499507743,0.20154893661748577,0.05513229931852668,0.12144135161891056,2.6565099032598685,0.808490182421647,224.12265703200143,0.5586924219910847
5c33c6db5dba3c00015ec0e7,0.043704612707919234,0.03854202184948109,0.013788146891370546,0.01420907433457003,0.3273291064286799,0.38939748384355743,0.026865198824826735,0.14616435450584703,1.7105879782750208,0.8032986567606956,203.1309201968159,0.9257028112449799
5c340fd5a83d180001783c67,0.25905868229523954,0.018527061132222054,0.027139234517639717,0.02218054491355651,0.41002335452555766,0.1495252486415788,0.09917736208842161,0.014368512689702665,2.064145184649929,0.7578615686034986,157.30979704837122,0.14714714714714713
5c35101dbef9a20001e323f2,0.09926774491311699,0.01088512935177615,0.03879338304658461,0.07457814958045021,0.12441287194498006,0.31013137472499275,0.2936211088769591,0.04831023754059889,3.445621703579207,0.720831896980994,189.57443034300698,0.4895017235976183
5c3630c83ce2c8000111b504,0.22180695194909067,0.004244820557360172,0.03131253962099083,0.27213002505951206,0.15255035098531672,0.07450444178226537,0.16748206722129141,0.0759688023376235,1.6091023374583413,0.8258170901271004,215.21125756351492,0.1679902260232132
5c3a1ef5e57f0500018506c0,0.09036140873033807,0.010960971034238334,0.05449937357732063,0.053282536335367225,0.13240733538954247,0.42352603975748765,0.1481303563477694,0.08683197906446424,3.6419463892764923,0.7505335287238396,182.37976868981755,0.2796757382744644
5c3a34eebe1ddc0001aa35d6,0.10048279656961596,0.010173770150846447,0.06347561565844947,0.10266672321830426,0.34162444495028027,0.21035966619383867,0.08162204871468202,0.08959493367252012,1.8300694681092249,0.8193458583220358,189.44754536960303,0.6372155287817939
5c3ab5ad1ede2b000115d6aa,0.04302754948760984,0.03563423931855118,0.0140113677560456,0.03599107356150239,0.4100408523847919,0.16171391091406795,0.14322650028495934,0.1563545065297947,3.318057633052841,0.7463468403334554,187.5282720870852,0.7817427385892116
5c401a3da2bdc5000121ba5b,0.059340755183605924,0.005304037710528168,0.036829891606438986,0.07734064209858126,0.04790872512821204,0.43593984703951616,0.2017543190920804,0.13558178266609477,2.950797328842726,0.7467360890833468,179.3533970409571,0.06774193548387097
5c4098bc2dcf46000167e4c9,0.1403218845294222,0.024930197509567865,0.022941215699035268,0.02992171046903995,0.17075747255987417,0.44370899812563974,0.12679084897311613,0.04062767208289236,2.122189638685004,0.8484131937923175,237.14456903292415,0.014215686274509804
5c41c28e896e090001c03bb0,0.06565190347749893,0.015175752460491942,0.05691979585232386,0.14396683927952764,0.273194438166765,0.13206956410655893,0.24560920180793577,0.06741250470544274,1.9846675832417287,0.7552682284166768,176.37163991820603,0.05466237942122187
5c43c90d5aca820001f73f6f,0.07447446560821384,0.005990305394902051,0.016725378091717574,0.12953261905672686,0.18077130858603677,0.34654221209997016,0.08894980655895078,0.15701390418902847,1.4573829936642497,0.6336391239844003,143.64942689142023,0.14499059266227657
5c4534332b1bda0001f5791f,0.035364082347404756,0.015178715735129715,0.002473854385095316,0.0110272180756617,0.1835306520217703,0.6297579490696483,0.03660967718270595,0.08605785137394106,2.183637677368886,0.722117223741486,146.25052774059463,0.2235438884331419
5c47febdc41b2a000183b95a,0.008506952888610132,0.08016409704298318,0.016411818289047884,0.019723095124148056,0.5231117977949785,0.16716316930872943,0.08115592605165449,0.10376314371273605,2.0698858072673687,0.8058855902098769,209.66944818565676,0.9877139096094778
5c4a40123714ae0001863e8a,0.03655918758497799,0.01053166148516685,0.020527980650498816,0.08569817969619144,0.24436461725845063,0.1414797904805102,0.3411413767562946,0.11969720598793707,1.7341343869998063,0.668741555183943,149.04342727224622,0.00022207417277370642
5c4ac37abe23f50001e7f8b4,0.10008504091371215,0.058808939545394213,0.11390921540529392,0.018912473512508295,0.17311061262457525,0.4040095895535962,0.08414095194096756,0.04702317593474294,1.5824233919194979,0.7660786355780127,165.59985431358496,0.7972199509403107
5c4af67cdccaa800016b3192,0.014043750507470119,0.02683788949036179,0.020390116384937866,0.03965277926605967,0.6281905989338841,0.10481212441635925,0.06844932688123913,0.09762341388033222,2.812178858762928,0.7489102359259737,151.303859544892,0.6485232544981329
5c4d1a6c9ce35100019dbc88,0.06299196448428636,0.05781895810817327,0.02095407737302871,0.005671567696347654,0.5978463264175671,0.14780179669523089,0.08567289156218007,0.02124241761391684,1.4636419303158568,0.7155712458264469,125.04216413476513,0.8786279683377308
5c4de8f726093e000134ee6e,0.13991378836102597,0.016383787514082985,0.102257390893186,0.11127767482175202,0.23520034924586564,0.18008589219507123,0.11048098937591072,0.10440012735482748,1.1849242417213992,0.7370183591757532,147.2443316756954,0.2090888739646295
5c4e58785994ca0001132982,0.0959433651026957,0.005523563753406922,0.027159777796341676,0.025674646521444,0.4552156876953363,0.18727849955092152,0.046414682343063944,0.15678977458971083,2.0702902117222726,0.7097842287534968,139.80945408284487,0.046511627906976744
5c4ebc2361922600011642e6,0.03302512441769693,0.04986503063927248,0.012211653677144885,0.023074805575327807,0.2250840907341968,0.4143718986392931,0.09249438093154105,0.1498730146937091,1.7083272004281118,0.8753613463293032,258.9595892918589,0.0030303030303030303
5c53b76553fba80001bca743,0.018676506007274555,0.06539677189234225,0.01842670351313272,0.010117713210790214,0.4667119216735372,0.20250212798094502,0.18292393161234952,0.03524432480988537,2.698321906167672,0.7208466976816608,162.8188536410422,0.9108108108108108
5c54bf7d77f9e700015ef638,0.051533692378127195,0.02219116110154898,0.04689411439466151,0.09292750598775863,0.3207405873670456,0.12818105992595158,0.11303894632279542,0.22449293224225012,1.9572691032060774,0.7732623638498548,187.61990884894362,0.6639712488769093
5c57d2dccf1cd900018d7226,0.05130278409425609,0.032241346282543014,0.039319964396651114,0.035238973334437054,0.43675067964360526,0.22003508225155352,0.05640043670832596,0.12871073337728578,1.7469548998276332,0.8015406421481751,198.35024636332847,0.35827664399092973
5c5b8a16d211570001291b11,0.028672034591197507,0.029966851603609342,0.057827197728631353,0.01105380109492014,0.726147726540963,0.07195132562701585,0.04643049181280658,0.02795057122440236,1.8742985844269193,0.8002980707340512,236.20005204529602,0.8040160642570281
5c5c06b9ba12df000140be91,0.07910703303307791,0.031092017544959473,0.13485678250943867,0.016199160055063864,0.0657256654600743,0.3737673518452147,0.23782201486571955,0.061429974916311476,2.848284014811558,0.7489938255541299,203.14651010095943,0.8123342175066313
5c5c4179ee8ba60001336bb1,0.06575583701735212,0.06046073380591037,0.04308847711310758,0.008015920967111293,0.3627989074648289,0.3951014144590169,0.05139344987426476,0.013385261027499708,3.3189049262350245,0.732547552080176,190.06482732466722,0.011011011011011011
5c5c76a0bfe5280001447999,0.03484077409054897,0.04938533733540569,0.019041299251051535,0.012872340565494956,0.2421174398048471,0.41282840222793526,0.16496393197798445,0.06395047300028069,3.7124784962773214,0.7527501159923784,182.70682149776084,0.950592885375494
5c5ce95a92e37d00012f2d94,0.0171706725267036,0.007815295315030652,0.013378548761686265,0.06133002478258928,0.680883268054823,0.05944378497586724,0.07778308861713396,0.08219531705255576,2.4877884985243703,0.8159888034698074,226.39138951491108,0.1913265306122449
5c5da579bfe5280001448433,0.051829453048371894,0.009622385549791645,0.03566008275735455,0.1789069171457713,0.17924410146796552,0.1968475540643644,0.21269488500287512,0.13519462141376534,1.7770340842576233,0.8183332338510347,201.68071647514398,0.0664466776661167
5c5db893b40f3800011084b4,0.02316608761065523,0.03677969176667685,0.03040591935511786,0.022517646145554085,0.42540961666359883,0.18394906911806788,0.1664897462981541,0.11128222276326025,3.8001028649510302,0.7195314260152957,165.68617734771686,0.9695121951219512
5c5dba4ed86a7f000191e5d5,0.32336323794289695,0.006734936869200454,0.07549493943521368,0.10336391156470433,0.04629652046527256,0.2583339855106285,0.14227889228904414,0.04413357573995107,1.2990714321012604,0.6706255496401313,118.09018435089475,0.018793012175754367
5c5e4e5106006e0001db8f0c,0.1171640237172397,0.06051717752214762,0.007699545324960739,0.006112238700756082,0.21672068683041953,0.4838899758062908,0.06545004607093317,0.04244630721155133,1.5934132455734105,0.760338963692561,133.80734976192443,0.3803418803418803
5c5f7a56054ae60001d066f2,0.24541296926302328,0.0054146422369939756,0.01611926687332818,0.03150230443069685,0.03133247882765035,0.5010747567621975,0.1409002168151506,0.028243365199477764,3.016533872351655,0.7622814687252911,166.72186861438428,0.7582628747117602
5c5fc0136467ac0001b80940,0.06948629131969215,0.03411042521866297,0.031752866164054976,0.05858402774949386,0.40573798114688314,0.15512900508760497,0.09717214047094123,0.14802726328044563,2.2243389348072213,0.8114330066831144,213.8917939600121,0.6832927057941122
5c670a430d80fd00014264f9,0.10648876168638725,0.020347871073109574,0.08712138487692019,0.05454338052340113,0.13139738134933857,0.26354625666992443,0.09238316670262979,0.2441717975478321,1.7919766342663797,0.8006084059922296,188.70387820457182,0.5972764593972164
5c683401b75f9000019f49ba,0.04728987003550895,0.02303629271524908,0.14986589483138557,0.030495003787976767,0.31265177981626197,0.1307311355753579,0.27033693832151795,0.03559308514729723,2.19923407899983,0.7270106152062588,186.83722382353196,0.4754316069057105
5c6babadec1fb80001c18bed,0.093476217791083,0.025641543471766785,0.08682558156251559,0.04678428898699812,0.3384996542744621,0.21307244292483984,0.05121539658107899,0.14448487463945917,1.9591702178862627,0.7103363871459015,142.52626810795857,0.24175390084929885
5c6c90bcf4dc2c0001e8d6d1,0.1336821028398265,0.016128124640684468,0.019351209095834154,0.03548299691644893,0.10295203095434122,0.524488449486549,0.09347519105348315,0.07443989532050789,2.355268214966439,0.7300232974948989,199.38033025669654,0.6208601087493821
5c6d460ec3aa150001145611,0.060114873904645816,0.030823123367739003,0.019612875345723098,0.029730876767810874,0.4206792424244782,0.24598546372750332,0.04338366252227795,0.1496698842522915,2.6096559208505,0.7353494356289613,189.79720264203667,0.5497630331753555
5c6f1611922d7a00017cb800,0.0637097270630989,0.022756828903015364,0.09162708601906075,0.09230980752622342,0.3065507755600488,0.1481485285038218,0.16099002151906833,0.11390722427963143,1.8835680542377247,0.7978856229965418,210.77933203894023,0.16784313725490196
5c6f2e7632cb70000169b490,0.11591257882674968,0.010661238058822754,0.03757009279601786,0.07402945612928487,0.41962887610973393,0.21973488270224517,0.05816417653269226,0.0642986987614257,2.929698380626672,0.8394960507715835,247.19896831018738,0.6268744486915613
5c707aa503f85b0001af8c7b,0.16139336600274415,0.02626135234609536,0.06365430138969931,0.057089668668689864,0.3187064790085799,0.17170249010900698,0.1292616941588355,0.07193064860372464,2.469592658125386,0.7741537198078572,210.66081584699208,0.39870259481037923
5c738ffc61dd7e0001a16a72,0.0442419612797238,0.043622149736967465,0.10097895678002226,0.03343282924547251,0.38003181597143254,0.21561406157840965,0.07795033674058037,0.10412788850575806,3.401372234251684,0.8115427631753942,231.3171382205993,0.559044178938594
5c75419284e176001254c7a5,0.11290222140952953,0.02524332406818021,0.06487627678645225,0.08982804573212179,0.1790316474357219,0.21038332857337744,0.06844671596290854,0.24928844047029666,1.27616660105966,0.7592049916019588,156.62181248396237,0.5723533891850724
5c75471e5eb59f000131c7a4,0.07437430317780412,0.04044362272489132,0.03622317448252827,0.04534412973163702,0.19077671040418726,0.4238746597909459,0.08783251973570799,0.10113088013478112,1.9245130312754188,0.8029843959857536,199.844833183367,0.49640287769784175
5c78dc27e8df4d00150c5252,0.10726280656519822,0.014011127668918632,0.05863730244817071,0.10103933607334309,0.12585776365401447,0.22173745993888908,0.3343727011303073,0.037081502481847224,1.7171155216266474,0.8008876612214171,227.27049636623752,0.014749262536873156
5c78e5930d75f00015f6002a,0.10512270813549397,0.018929140176896488,0.023112641820383927,0.03427244232866406,0.16715526359456964,0.3598286364762132,0.20819127915915997,0.08338788820970809,2.593425075868063,0.7589177850170697,198.78490678119365,0.08897876643073811
5c7a4ca80b94ca00164122a1,0.10464719781517304,0.009967177625345082,0.020265546104174074,0.032474025059691464,0.3960653305053835,0.30390465006719264,0.09948136821405987,0.033194704236577006,2.910132781985485,0.7732320869756655,191.9052537653027,0.005684125050751117
5c7c1b0dda78bc0001257fa2,0.18989209134513205,0.04264552879645519,0.03420888110747873,0.025254574988245425,0.22605090737809988,0.3245806480396564,0.11357013350578254,0.043797235712843455,1.8959491581745709,0.81195402810759,217.64813473050086,0.446523120367102
5c7c73b6f48c6d0001f6f49c,0.24948948253210912,0.01582218794279564,0.0670235993957008,0.08689060240142289,0.11174631619108959,0.3016586598369329,0.04484475354696062,0.12252439290436466,5.960695491702922,0.7446036581627533,205.43761550423736,0.023255813953488372
5c7d7e86848d2a0016b3dd3e,0.022521872803594606,0.010675414009014464,0.009065286487354468,0.03039680063122262,0.20513425073787803,0.46113540990985535,0.22922631183783515,0.03184465438720484,0.7946342741209727,0.7441505696133185,117.64834135341718,0.00625
5c7e91c1973c990016ea72b0,0.18030889059601796,0.01979587969353079,0.021007150745550526,0.10846721696975092,0.1182880304105613,0.27940512104224935,0.10877508348256006,0.16395262780783368,1.8341300950072823,0.8100311770955738,207.3003077566314,0.004309570838570659
5c7ec09ff123b3001022c20a,0.016649116342665964,0.006277924313289646,0.0030869697243892046,0.10764118594574364,0.46113274361134166,0.1651752110970567,0.06531239366285761,0.17472445585420757,1.9423472542941644,0.7608174469024312,218.73315178911662,0.31090342679127725
5c7f6bbdc2d6ce00015af169,0.013502892432013348,0.019694575036730267,0.02578454131093759,0.03498041377155665,0.18933712577446482,0.21870548821140698,0.46737819838442574,0.030616765947853068,3.8295117608441918,0.6878704379421657,159.06924949412596,0.008319467554076539
5c817d90fae0130015ce9bda,0.05622358148986337,0.005529640027805522,0.03300326994481592,0.15008944076528416,0.06372201444115581,0.22478483610731015,0.24929354306003107,0.21735367328527427,3.2796227636643773,0.7931253349975822,219.71008366706099,0.1580077286389008
5c82a8cdfff8430015e9942f,,,,,,,,,2.619583353767948,0.7933651559901777,211.8054380448173,
5c82acc04fd379001524a6ae,0.017105121950041487,0.01611258337750663,0.009558027726644207,0.044973678721638224,0.5107409798515665,0.11624871333974801,0.21639447220992072,0.0688664219210345,2.009289864433919,0.8177479745115293,182.18221888219733,0.6256281407035176
5c871711c558df00015663c9,0.012203978405335124,0.04131121988538693,0.010313078358534861,0.015063366472676368,0.4863019950413995,0.15263034580407175,0.22363518012688008,0.058540835645702984,1.8291915426537253,0.8272489742956718,229.2861749086757,0.5834333733493398
5c89bf9c54effd0016d7285b,0.07053204164934317,0.0014668149062844397,0.0015136563880063718,0.057473935085505995,0.016525884040285318,0.5747756669306012,0.15623570256294902,0.12147629821735077,3.3152183446335433,0.6773715216801902,138.43453406526248,0.012437810945273632
5c8a9fcefc99500016552933,0.03970501239996932,0.030852528755293908,0.009352615860613003,0.017592547414112966,0.2577346751767249,0.3650113285088301,0.2387037110458593,0.04104758135759752,2.761078479104442,0.8483894544203002,227.7045739671726,0.13770250368188514
5c8be0dd542fbd0016924f5f,0.13852264883258114,0.042871471919282006,0.07458826574464794,0.02592878017406286,0.3296808221023252,0.20068122862131765,0.11021704940038467,0.07750973310259478,2.231404583904967,0.7528746875487401,161.18182021367306,0.29641819941916747
5c8f924dbd496e0012a84583,0.03263829268855742,0.04634510754073817,0.06342773183514973,0.010002761013838296,0.6070350543548592,0.125344043969872,0.09918091549787474,0.016026092953724896,2.4460876406962133,0.8264282764281314,220.4566931344132,0.5739287869643935
5c90fd5c26e3ed0001989e17,0.15634333127956107,0.03346449934044001,0.18394296639574717,0.021468912024052173,0.2470829059104293,0.26580095823168776,0.03115353871093213,0.060742887856675684,2.0892584633009013,0.8243420834573354,221.4089696072206,0.05110220440881764
5c9107147a7067000190a544,0.08265059495168746,0.00842273130008661,0.006024182000401873,0.019681633657654487,0.13067828391774913,0.5500608508477628,0.15736764901481295,0.045114075801782484,2.992188669345724,0.7277126026321752,169.81080264970285,0.0
5c91c693765dad0016f8495c,0.07634835319937978,0.01330722871905049,0.003726244042335782,0.03910432620265606,0.10717961961629033,0.35660757447594654,0.3822058261868614,0.02152082760629845,1.6301822297749926,0.7047125987604757,135.11086095583823,0.005815119310206537
5c91d45264d5c100171ea8ab,0.0474338907081773,0.020669771412190896,0.0433682778749468,0.03779819948066991,0.4991533879772944,0.15012148644461373,0.06768904264399551,0.13376594363189404,3.1072594363290564,0.7188477459792358,163.3237440727179,0.29362466327446873
5c9244da40643d0001c39982,0.0576978938645599,0.0744515991630636,0.02820282698187717,0.00813751821286872,0.35397584739867916,0.1977975192685832,0.25187009024673224,0.027866703053580886,1.6578163552037444,0.7220830619857852,188.04228577119298,0.1822849807445443
5c9527e29e4f7400011e1571,0.06322680578849427,0.014828823373150604,0.06493651479499846,0.06762984042224479,0.1647015533651098,0.2722283544778091,0.24819524590029837,0.10425286216250952,2.1310186742713033,0.8330268305511527,219.6491284343291,0.31788079470198677
5c95970cd676900016e1a940,0.11421178235081125,0.03424853104251683,0.01932395270000547,0.06073425480739839,0.22773415137925324,0.17513358158329645,0.17574854721797162,0.1928651993829319,2.0495109625743115,0.7805648549800985,208.74745986466266,0.847070186735351
5c97d5bb41502a0017b3aadf,0.10647004993970992,0.06881270807459984,0.01269516324587928,0.04214471946845102,0.302291040090028,0.3137172560070228,0.07330269463731627,0.08056636874719486,2.220843910292052,0.6788253615644149,118.63365099552136,0.5025025025025025
5c989ea4c7f75b0001677fa8,0.05487110517213353,0.02826875520159416,0.010290039622213379,0.041147198997020656,0.3963906445355576,0.2656760707225499,0.11792736238768416,0.08542882373970494,2.956735281288169,0.7645776264400669,170.1233829001143,0.3794482207117153
5ca229d63861e700154363bd,0.020671353035741313,0.012126844706134426,0.022883336332426632,0.061005248629895016,0.2809033397993891,0.3282098464648902,0.08998785816158243,0.18421217263260245,2.328530814693281,0.7014405927924569,141.08458240976273,0.3564625850340136
5ca6bbf13b5fcf00100996e9,0.03545099092285255,0.012575502149675927,0.01388370084235093,0.03272122223325475,0.13774402873322328,0.4107031703050472,0.2655774849907689,0.09134389999076425,2.245039236076996,0.7459599878317864,145.6490720438311,0.38772038354469535
5ca7a84f6c0307000114930b,0.02508014326171617,0.11147458025870201,0.014443542454965435,0.003075159226508254,0.49464945446272335,0.1236537734629366,0.2000529891985548,0.027570358272786626,2.8006693712161024,0.689969936803208,160.07280345905465,0.8204010462074979
5caaceabc3c36a001557dd8c,0.007205651170022526,0.022814607904635905,0.011059298907033424,0.0026574116462537807,0.9026042956577764,0.022106806513718533,0.015288206605675371,0.01626372325339213,2.1065303365886323,0.7013977280325036,206.0140456189635,0.9745098039215686
5cb35e2314235c0001320446,0.06957337048636966,0.01791260926525869,0.023598219523472345,0.05148896664948466,0.34380679186712915,0.26704322900849425,0.14231859508413358,0.08425821781774767,1.5007418705056288,0.8022126337219926,206.52486381227556,0.5652631578947368
5cb3ca4e66fddc001481db61,0.07855190682381874,0.028289798978383088,0.019466619814039233,0.027583113891838887,0.43802010512067824,0.24231212365591207,0.04397098908982982,0.1218053426694557,2.0242846789748956,0.8429065811902382,235.27052608474315,0.3119533527696793
5cb41daa19eba30012701245,0.21496664690599676,0.007144757352094232,0.01723793559029056,0.09005930793183818,0.2105181365270112,0.3157595606982623,0.05891897819577952,0.08539467790992292,2.7672052209943017,0.8437614476653514,183.52759210302628,0.0662431941923775
5cb501c0c79edc0017faecd3,0.042176769683554514,0.020706747233192636,0.022465675877433075,0.022251958256866225,0.3917427812013999,0.30958947854281055,0.15342604979544106,0.0376405398242465,2.7933631305740847,0.7015040242837038,173.06863996581598,0.0
5cb60f1eefd4130001bbfdb7,0.049033820703342765,0.04507634593486668,0.025251572567010952,0.009629719424479943,0.36861430028916936,0.26337838213812736,0.21210193586013337,0.026913922698728752,2.4720960813510544,0.7181591341247922,138.0798892238099,0.4407960199004975
5cb62855a8a6d400176eca83,0.14588796637918866,0.012250050319751715,0.05069399102000526,0.07743785056359659,0.23434059478644406,0.2975034435043773,0.09308422309658115,0.08880188094962699,2.1307272227486513,0.7851550811420217,225.15676098748455,0.04332129963898917
5cb62e9293342300017a72a1,0.008709781771874222,0.026425017669150463,0.017242793953778143,0.0742479798627933,0.3178685159641775,0.14127559817524624,0.27597586160720977,0.1382544519347906,2.1345411740006233,0.6680142276417292,131.93839978729744,0.40165386887182514
5cb882d33f0af9000159e00f,0.05118265236718591,0.030164945825817215,0.017129766192827574,0.03213366515258029,0.08222158237689349,0.4313937478310084,0.3061520164587597,0.049621624006535366,2.8554853985902096,0.7996160758392156,215.61568840989108,0.29518072289156627
5cb8cffaf162a30001e60d45,0.050946494578468254,0.025987094276728344,0.0242952787287854,0.0239315124985737,0.5948298875956999,0.13706967769702944,0.02526470331192541,0.1176753515694895,2.2641675437451187,0.8387955792267813,216.62795392351427,0.9205440229062276
5cb929bfebd17d0017e7f848,0.06411414797350098,0.010599434631300957,0.03401804873306713,0.08228998663156231,0.08328894215816952,0.16365945662312287,0.46553602087150925,0.09649396259270299,2.3898599072758273,0.6779456877574257,131.66690480542613,0.23279707989725565
5cba3e70f429ff00149dd978,0.05159959970259357,0.045489421879619026,0.03588599086283982,0.011319806938615761,0.41994697105123424,0.34613538266169586,0.03379008631500511,0.055832740617154014,2.970334386165832,0.7656009545233872,169.35640144930392,0.6615158204562178
5cbb2c92b413150001a88e13,0.07170203755370269,0.008351105933578074,0.009588541688457313,0.04074967616427711,0.4914272674210776,0.30657744646029633,0.05364033683007803,0.017963587163300286,2.437652580651862,0.7834683534585583,167.88708551744313,0.2485822306238185
5cbe04b4f429ff00159de30e,0.0544923479217039,0.022981004973923004,0.021533626453210306,0.026398088133875938,0.6386619014213549,0.1397144239635707,0.03547156025790892,0.06074704576523994,1.8287229834000314,0.8045268954092755,207.74026679484547,0.8699464198733561
5cbea0b506e27c001e4c03a8,0.055009302655516075,0.021025736896900255,0.023924560761135995,0.03402084080796727,0.19922719378509202,0.41907246656723046,0.15601059961658229,0.09170929854725103,2.190299348935274,0.8104230870002662,228.89778936605242,0.8845693779904307
5cbf7734aae1180017942e45,0.19178405614406488,0.0105200019106337,0.04436371086455299,0.09434961798460495,0.031042948423660458,0.3515606825144861,0.18978130235305535,0.08659767911163387,1.4859624931449669,0.8719552022465503,253.74026006532299,0.13530655391120508
5cc020d5159f790017bee28b,0.12649321089739204,0.016306153742921353,0.04061473145376939,0.025223186437826846,0.429401518932351,0.25704640276853336,0.0642989944815361,0.040615801209525196,1.6983780032543137,0.7981501291555887,181.2594259643173,0.5886265380778184
5cc0911796a3ca00011ddfcc,0.08678067926359269,0.006446372251587098,0.007592312202714233,0.0214295809939309,0.44081133390993815,0.3379603038777159,0.07942041009649445,0.01955900584944771,4.2747058760995,0.7834168188458703,223.3375472248714,0.659915611814346
5cc344f6a187880001370d77,0.024966303436375615,0.058269141183391264,0.009462575773086864,0.04000839056471198,0.5269309195736515,0.18106113072168886,0.09946191956375186,0.05983962016153552,3.0983723963877288,0.7893055928260728,196.41810966212924,0.24040066777963273
5cc34f64b4a9220015911c45,0.044709821134927726,0.01882761548054115,0.0074196792034843095,0.09531150909355317,0.19688721452394983,0.21981042795906397,0.3212964487144146,0.09573728347559124,1.5512215705180397,0.6840572036724137,118.0207773554005,0.02253147779986746
5cc46571f317fe00154e075e,0.04180580294333169,0.031246688375999945,0.0799315031164944,0.04616537080198142,0.21961283402346363,0.2059470933078296,0.17773842610676963,0.1975522816405717,3.093301297423569,0.7495055916835395,142.248710792165,0.5
5cc604bd3bbb120018a3c0e2,0.03605879209668653,0.02033117134910163,0.02696387822559385,0.023990471185540197,0.3911318360943181,0.37920782458385954,0.0752735340092831,0.0470424929767138,1.71425003000565,0.6814011243967482,112.22094296684473,0.32863436123348017
5cc93712f2915d00148a0602,0.016422293306529927,0.0209825555454374,0.010094312692849656,0.0017347313514433026,0.8193785387564309,0.0714923451689241,0.05109165397808003,0.008803569886228105,1.6979514166499596,0.7107444552907698,135.25942965587677,0.8799149840595112
5ccd0f98bc4e160001c0d622,0.054195622850126086,0.021769719825190267,0.02807534657980682,0.058124415700131014,0.2649555158895245,0.354045966359554,0.08270885955536494,0.1361245526604507,2.6022218322138415,0.8723235786779647,241.33644679610322,0.6940397350993377
5cd8d86210887400182db201,0.16876285043316452,0.011595664417006397,0.07713834910907293,0.023520397054497856,0.11230128354448099,0.3340120011319436,0.25218369908530575,0.020485755738082503,1.8132021548643005,0.7810133326830597,192.53382034554866,0.38057250117315816
5cdcfb9de3e7c20016a4082c,0.1229886163053785,0.028561925608707947,0.09582695919512861,0.009611007124422739,0.37794230440687343,0.288442023818465,0.0638930488074808,0.012734114753999564,2.049198704198079,0.665451110240247,139.9682737670221,0.0012033694344163659
5ce30fb4c6aade001903ed6d,0.07802119135084469,0.05912661188506425,0.10202120200569809,0.02136721225131134,0.513840311850987,0.15451584372403138,0.03427833797475029,0.03682928933032871,1.9010813890480305,0.6880144216320678,143.73333906728215,0.7390084190832554
5ce356fa1497a8001a8469d3,0.017438660665022435,0.037403758197357626,0.012891140200628207,0.013900357283064371,0.574318611246829,0.20801752915687566,0.076317012402855,0.05971293184164851,1.910839457008624,0.8047636517511516,205.70420119176882,0.7987321711568938
5ce36fd645ff250001244987,0.11003565570277457,0.04029300088694582,0.07348006730991952,0.010300181295011727,0.16576995660679075,0.3741387227932298,0.15736597774833772,0.0686164381894553,2.271745840338908,0.6989888136186558,141.26996885447394,0.13810316139767054
5ce610802be975001b46f0ac,0.017812905834065914,0.031072329322429156,0.012303142271829914,0.037749102708527806,0.40421029304591827,0.32256451808083525,0.1317571423961055,0.04253056683067748,4.334740336542597,0.7217829577476639,193.48715422300796,0.33513513513513515
5ce791d77a1a2300188e03bc,0.04813935790765693,0.06038083808113215,0.017516520842749787,0.00875515703976447,0.3411773432823532,0.29306602221032224,0.1805682348792583,0.05039652503035468,1.5894950099468792,0.7944742059734019,212.77129928030166,0.21188340807174888
5cea6a19be3e050016bf85f2,0.11398189976942995,0.060234178450783916,0.04403531808307036,0.020727503726502613,0.34531487995385274,0.18701653083288852,0.16479670540933167,0.0638929831252953,1.8958170180183158,0.7569196652171839,144.97091278950805,0.8620919387075283
5cea73210b20970001acee5f,0.10997331989242867,0.026319396752468808,0.018151957466126606,0.01612836080811503,0.17739880297634822,0.5182614068965345,0.10458280447608855,0.029183951322505734,1.9792515899064187,0.8034811218665977,248.37037523124877,0.24022346368715083
5ced8f96a726ed0015d31452,0.07446506877099558,0.024408416469045895,0.0334006235993186,0.025166139078149095,0.3953088647487024,0.3044257484217711,0.09624418003388607,0.04658095954811748,2.503056579149181,0.749483615629727,174.74467765551677,0.25555555555555554
5cef4881fb09f7000157f151,0.032123269606998364,0.019706662494370284,0.009381752921373034,0.06860722178221465,0.2902718277705652,0.2725409537213655,0.11346665497424388,0.19390165628282255,3.183311555756935,0.709025745160419,197.61010683141922,0.6829044117647058
5ceff90683416100197cde83,0.039986868831754493,0.03935559591521983,0.019579576723647837,0.006727557505838861,0.42114615092767266,0.39583100331182086,0.03477536750222004,0.04259788004220008,2.219303475767252,0.8803519447061475,251.06705654832714,0.5637265473366401
5cf274cb201b8000190c85cd,0.06394609644104246,0.04469609189417975,0.03816311235778774,0.019980976308457115,0.27531204086119127,0.35399775497254615,0.14070548113011422,0.0631984470382698,1.9769467410120487,0.8176942276310709,215.67475884865067,0.5652173913043478
5cf480e61e7dd30001eee4c1,0.1653101947329266,0.01696435076108848,0.04404853931507083,0.07577288247288481,0.41673313678629426,0.14529116809466391,0.061482771512513766,0.07439695793668785,2.805415417068447,0.784699749308689,225.41909177634338,0.30670926517571884
5cf6231511ba980001e3aa3d,0.07037076464907466,0.030998459901396436,0.02715895835149198,0.0947281148713014,0.23233247297418133,0.22340079962817577,0.07819754289909928,0.2428128868020754,1.9218251101536559,0.7616234404256743,193.8994721403591,0.4401580730146782
5cf942378da406000127871f,0.04541498537058734,0.03438436962016795,0.010339600280288798,0.02485903119088872,0.2579126351171614,0.4653290001575033,0.044110029901128944,0.11765034886924496,1.9062363558309656,0.8472064707925338,240.48000879882827,0.38155136268343814
5cfbcc1fa7f8940019cd8704,0.006603519751821221,0.03823925009070689,0.019597758978470693,0.03149592377711144,0.3553288493658869,0.18772565640962036,0.30255956766152053,0.058449473473927364,2.326525396146971,0.7057620193744514,145.86086614230277,0.23954372623574144
5cfc3d486e9951001a0cb8cd,0.04376510773465963,0.05310453794554475,0.022797039641935576,0.007269958907649952,0.09370101738412268,0.38247019510695657,0.2775546960346832,0.11933744728297122,1.9310779722916196,0.7849766190570393,164.21250936334704,0.6671418389166073
5d05767056e71d001863ef54,0.056343494264814095,0.029260326887576432,0.048915172300024096,0.014251715405081803,0.2743293949496343,0.4178852389868798,0.07076000698443143,0.088254650549244,2.0167081456005183,0.8537786563678386,259.6473558173784,0.3145554202192448
5d06b3a3ae1dc1000167e533,0.04055142455720852,0.02199624325278989,0.0245632060112379,0.03676172952547687,0.32682256900217627,0.2711108023598973,0.22057623663993928,0.057617788165702115,2.6161976802443645,0.681765762117041,148.4372272274004,0.017531797868683398
5d09658d561a350001d62540,0.011854502668698275,0.009963265019252114,0.02402351428915503,0.047086106838421786,0.09888880267330405,0.04211190750571483,0.7398050001497108,0.02626690129848573,2.7827992797728225,0.7449030792595988,194.8471024298579,0.7889641819941917
5d0a731abf09e10001c3f3d8,0.020684803335470046,0.022446486878188555,0.019253365695461103,0.07522281032291121,0.2942645054912152,0.20666352259956777,0.21785056851725496,0.14361393657103688,1.8263103556518054,0.8313224284082522,236.14204329122074,0.3185509056839475
5d0c3381da7493001ab3a903,0.0481014487281053,0.033194692170586036,0.0651905779269892,0.01930000525586548,0.3018514020821996,0.3372586661757151,0.15699969449668572,0.03810351366543708,3.49892289566269,0.6763688086749059,142.34996749406747,0.0445141065830721
5d0eb8f40c09d600174dca28,0.16168684898703167,0.006753671707565112,0.03186996205941365,0.04256487589993283,0.34249990244470224,0.33294134347171556,0.05564256845865003,0.02604082184874263,2.560647964783678,0.8013951332658841,235.6585868563998,0.037037037037037035
5d0ef1db991536001911cbf0,0.018749342659455777,0.04484320849498423,0.004540633442860608,0.009464923219133461,0.3371299998700795,0.40770115336206697,0.15151353878773777,0.02605720056398373,2.225344835506469,0.8419092701169932,225.98585351915486,0.2031425364758698
5d0fb996286e1700010de2c1,0.030100424595336753,0.03384263650068651,0.01875890130671765,0.01114771653973286,0.5483800631817529,0.2577782015784902,0.04384618641673718,0.05614586982781603,2.0050529378026685,0.7943574120884449,210.3273393746265,0.49599133261105094
5d10d808156091001a74639e,0.15823644628513575,0.01967140317564813,0.03852337606149884,0.1518444923306897,0.23545650033914023,0.16423812779549127,0.07227404905668917,0.15975560461969748,2.2939088204813673,0.6923547098070014,141.63209655417822,0.09681662720336753
5d10eaf23afd390019075267,0.11404414829562803,0.028232798959970686,0.0990085939388697,0.03674424679202494,0.3163005598398927,0.2707037725236473,0.05054678627309111,0.08441909325940648,2.029857714139195,0.7957091748213444,213.82346243072877,0.47543674522218315
5d1534993fa4550019cf8aec,0.025845704051738413,0.049665657123813114,0.0408344237740287,0.012500178650421176,0.30523897060207483,0.3396197016303395,0.1496411379532563,0.07665422651882803,2.1138808791613397,0.6844102296605007,126.95253825835469,0.047028423772609816
5d1554e28ecfae0017a026eb,0.12864311418742747,0.016116571236194553,0.08494521551580335,0.05608571328789256,0.1553287955293802,0.3153663471883083,0.1535064955395384,0.0900077471572549,1.8527408459388124,0.6975471318744252,125.9347694117621,0.3780427223050174
5d17227bab610c00170fd98d,0.11164885736590406,0.018554286512268262,0.027598408215860806,0.016494176834310405,0.45981425750153415,0.29647604041138015,0.02647763939482197,0.04293633400420106,1.9695615305207868,0.6774705143187084,134.03200509642704,0.43543543543543545
5d18251e19c4900016c01035,0.015391070179501852,0.028220780806866713,0.015516210291149309,0.06182540914985464,0.569834478432504,0.08503222542282181,0.06182836402508444,0.16235146140738901,2.519100271752059,0.8270601505202338,226.2762611205439,0.36668440659925494
5d1aadf961a40900171f6931,0.019579337004397925,0.017637235847588386,0.0033390837689341473,0.01901677702164054,0.6454370806379804,0.1800828506866313,0.06981238539976534,0.04509524897085081,1.7889380517825677,0.7286176428663327,144.92920612050196,0.14090316977854972
5d1ba5653788ac0019ced548,0.03569497877848056,0.030695008396414973,0.02778345169189897,0.0682085840150278,0.27777318242343946,0.22297444482668557,0.14875301719124295,0.18811733265623237,2.0149256705008614,0.8457952218855013,230.54970465623015,0.33152308072080966
5d1ccc7c7e747d0016183e65,0.12810106453178838,0.01463642248558603,0.010956661444362146,0.010115664214241567,0.48869235360810176,0.3095981191416116,0.024098946494840894,0.013800766723194484,3.884857092045889,0.7572261196776101,169.60722707418267,0.555668016194332
5d1e36a751bab9001616225f,0.117096852129906,0.025136921910396164,0.03426694838146478,0.022222706944325,0.5319620496066145,0.16457751468002582,0.031914756167085404,0.07282224886841741,1.7741225452013603,0.830731868563591,217.37455642848008,0.7067812798471824
5d1e5e30a043ee0019453932,0.15773126623448616,0.01086979994210021,0.028057240527897983,0.05013042059802072,0.09495128375446868,0.4483911219734542,0.08302035308499568,0.12684851449528453,2.035405206649375,0.7297702910108113,151.25479437790932,0.6794087665647298
5d1e943542ea95001a078e22,0.0082681574858725,0.0290652263909578,0.0092615896835923,0.0625826925039291,0.1400415048003196,0.2551441520452499,0.3455775380134582,0.1500591412186622,1.8348371774743788,0.7917431111012297,260.00061497838493,0.0
5d1ff768c1dc1c0016162bf6,0.05050267296482126,0.019513493085159272,0.042665000097454324,0.005727786792586654,0.683352890573566,0.10475187612714654,0.07661660710829725,0.0168696736085541,4.03691910298615,0.7796399452973859,242.465002934152,0.7662889518413598
5d20081484b46c001977a5c7,0.13627620897502696,0.00538804770604039,0.007889142370767363,0.1576288491683772,0.10869951332579973,0.4776244420296884,0.0518653716922,0.05462842436248301,1.5992514350521205,0.7690738241802396,170.2349049802868,0.0053475935828877
5d250aa62bf4a600012a0c0f,0.02590704521634056,0.0258213685677822,0.014118765575510273,0.04808335284170056,0.18168693323822258,0.3906830639895815,0.04935469331206943,0.26434477842898485,2.274484857457093,0.8130066230214356,213.6662080672418,0.4108527131782946
5d25fb29c03bad001a86e557,0.07454053914317081,0.02804302817514788,0.0658598895568885,0.09895821067128888,0.12915863005788755,0.2760711307984476,0.20879811890626795,0.1185704543238511,2.707099014738479,0.8092605505016068,177.87154334427345,0.12746756909193457
5d2c54fadc093b001983dc57,0.16005710341678925,0.03905004920969439,0.08768108072255743,0.04383385617364439,0.1516142218734668,0.22137550678469903,0.2823008013091914,0.014087379728822803,2.2698288404809515,0.7501784267635846,204.57494313149854,0.43486842105263157
5d2e4fd16adc630018df841c,0.06788197118891304,0.030847191026214336,0.0269133406479237,0.027973842431604754,0.3764428775613844,0.33280620400384975,0.050705843735425866,0.08642872951893242,2.4138617595885687,0.7571759150589568,224.84681527602007,0.5070202808112324
5d2f054b1dde3600015e43d9,0.3400681390226665,0.021851823653168106,0.11097171141370003,0.034914985725504305,0.11002821961715897,0.21789981600169217,0.14599984365707175,0.01826546064123623,2.952154347513915,0.7272205025514324,149.89360585476157,0.5665349143610013
5d2f7fb4bb27200019010768,0.03995325362997001,0.03831511666554064,0.018591752123195762,0.014910623850468617,0.20930208242901818,0.5135059331096082,0.08242505354171804,0.08299618334589251,1.4044955693912724,0.7024210031865435,133.20397640351155,0.15706548498276712
5d30790f326b0f0017a2a828,0.13016723644726572,0.061443242901041334,0.03924230514237448,0.014422194246920147,0.3168371311088217,0.3196796669466932,0.07740371852197905,0.04080450479159552,1.7492042633398512,0.6714385902817689,124.66456345169571,0.4709897610921502
5d30a875ad3457001743fbc9,0.0366723480398427,0.005845006975176599,0.014842680859463638,0.17634210382402765,0.11520989749446317,0.285649898625972,0.1278464030249711,0.23759166170878265,2.9054060380846516,0.747181671367149,173.15576649883107,0.2154328241284763
5d314d9a667c4e0019ccc45d,0.05832842225297712,0.010432144179667964,0.016800103318776263,0.03923314645554886,0.38827133795271496,0.36826608435748176,0.09347758923470945,0.025191163033538265,2.9412507471418845,0.6625978103122073,140.22488058402794,0.3103448275862069
5d3213238088eb0018fee4c9,0.01105543575817943,0.0416894935077322,0.02744753171614335,0.008876744593844556,0.7074178484352023,0.12571434347138807,0.024779352831908127,0.05301924983742437,2.297641619380281,0.8026854973571378,226.63915867816965,0.2903629536921151
5d3356323e1190001909339b,0.0911722503193474,0.025833112734262254,0.018814570895278018,0.028477821648529873,0.3055878347929883,0.2485430108996294,0.26462469314260584,0.01694670554400344,1.9260022185031873,0.8188744261562102,207.6735473352797,0.12352941176470589
5d338bb02381b7001761694e,0.18989401051365923,0.03002381712346264,0.033423306450516374,0.04604304831789377,0.17343304710769802,0.32949553418294647,0.0601981137760666,0.1374891224255472,3.7554022001417393,0.7152502765815602,163.24281372321718,0.28950606433468096
5d3515c39ce6590017010766,0.024419560235619704,0.01516607874142097,0.010691362909544453,0.040998784381987965,0.3821617218197407,0.25956871086732464,0.11118908061238905,0.15580470027205012,1.6880463639678802,0.858227305322101,238.7295029820074,0.3608645310690853
5d36600685d1d50001affacb,0.1272828373523232,0.031372830420747004,0.030343911486747078,0.03550216315370831,0.27060170076632,0.36028198496689584,0.09004720215118062,0.05456736937505699,1.5323863280708263,0.7702738279022637,147.4778680884666,0.2810674246012948
5d3758292faa0d0016797c0f,0.03171547875967638,0.01069557538715617,0.008834692802933664,0.03241727126984286,0.18457803972465603,0.5380621949945447,0.14002543396352074,0.05367131319758686,1.7739197609896518,0.6370836037643016,132.145612834461,0.1733309846750044
5d378c6281077c001962a614,0.008904653798303401,0.04652585419797066,0.04451166725636481,0.022006028172769126,0.40862479636011784,0.18788224049796237,0.21453086594874068,0.06701389387166928,1.949337023225319,0.7603507127489406,219.02636688171518,0.9382994732881866
5d37c1724803980016b2207e,0.08686664125865258,0.031101680098450858,0.08621185313052422,0.030888134093022598,0.416803065638514,0.23148633095733465,0.055407688145835035,0.06123460717218685,2.653543495620119,0.7788412615143846,204.21539242099394,0.33301707779886147
5d37d2861566530016a061de,0.20528862191066077,0.02720017126434471,0.09416168794015632,0.021432731479129975,0.3057872615300008,0.17345638162471902,0.16335966648367053,0.009313477752033292,1.3344659584663277,0.7495898203209513,145.2643135419818,0.020318893749118102
5d38c604b3126d0001fbed6e,0.05016504209709073,0.013428315175472418,0.014661598921739313,0.019246942571403032,0.4361029575283366,0.3334590677918574,0.0878484793026485,0.045087595787000695,2.6739259686896815,0.7486445590568408,196.39773202693115,0.01
5d3bfd65aca82300157c95c2,0.16383189795456618,0.017227428378952303,0.07178027514716512,0.12884558701581436,0.12458086198132558,0.19204895079411302,0.15205115712821074,0.1496338424216772,3.2526993853064603,0.7041028360651612,147.70257167875138,0.40687160940325495
5d3f6c700bd40e001cf67d98,0.028253647813616462,0.05307497401398964,0.03658482021101841,0.014194405664644374,0.321513453327905,0.32116814532791543,0.18392719634017007,0.04128335793260711,3.6811319713145303,0.6419487175439322,151.88630295850643,0.47019867549668876
5d42407c2de85600173b5f1e,0.04076471611852499,0.032992424087505884,0.0391644854694314,0.025322529024211504,0.2588864088153129,0.3991656852656909,0.10971219343010842,0.0939915586412471,1.901969991955024,0.8230009278709847,209.32063039307184,0.031292517006802724
5d42486206811e001ada5b4b,0.12416643668769227,0.004854276724070272,0.005910911835087326,0.10692158688183788,0.10866588403581627,0.4993577449165571,0.07688736278663863,0.0732357965708498,2.366214181186602,0.7652590460716143,155.53774448755604,0.008692952499223843
5d42eb0db3dfc40018ab2c36,0.14312216617610238,0.004424581362711969,0.04134235018819922,0.07669352914346239,0.061321264981410474,0.21243976364244024,0.4158960961072514,0.04476024791748644,1.4857061186246294,0.7386095245210006,141.35694080037445,0.07572889057175312
5d437b12e2051e0001a248ca,0.09259498464273856,0.011712779752764494,0.02087696036068536,0.1320722388317341,0.2329212647839633,0.2358664863364078,0.1995555107349942,0.0743997742764479,2.7145257879117373,0.8055485026030623,224.13366266949362,0.3049613108784706
5d446af8687d6c0019c0ca03,0.013827061746681083,0.03063080673625603,0.005107980525935952,0.07546231327773516,0.27744091516976727,0.1550012475808122,0.07479193370692584,0.3677377413680848,2.3796878196701,0.8684751445371042,251.52037485011792,0.3102089081592432
5d45bcac090549001a67b6f0,0.4871395043095152,0.042797071383134315,0.06578653161110008,0.002437150365304937,0.17270733206787525,0.16846674122686003,0.05922095280402091,0.0014447166355362488,2.5415986880667267,0.7652964036686117,149.32417973113644,0.19304837952090184
5d497f8d3c428d0017121681,0.02624989140239683,0.024085462794801026,0.010699303928924573,0.022468387300237244,0.496528606104047,0.19843429727262835,0.09904548970907201,0.12248856155037133,2.2095833761059596,0.8035844178233941,226.31758921008483,0.5795454545454546
5d49a0b751695e0001a188a8,0.042778628786547306,0.013021991742964938,0.032084388286832854,0.12065993079842159,0.26546181649760536,0.15573735963150553,0.245577857602909,0.12467802664036919,1.9504784348643094,0.8327031758242464,242.0014066726669,0.17718587145338738
5d49b7be18ecc30017428cd2,0.05788782805246882,0.029951685006361802,0.02032722758202769,0.024339628207636153,0.31744414397603815,0.3005393352926847,0.1996355669741655,0.049874584728433466,1.5316308923628752,0.7623459835727476,182.97941160858912,0.21965317919075145
5d4a01a20b5bf80019ad0070,0.06633727785738265,0.020560440165665758,0.023884351025739506,0.0332166582444893,0.5994340867707723,0.14578618511456745,0.021799802470026643,0.08898119663598847,1.568146457104478,0.7189784744263653,140.34718811825482,0.33212996389891697
5d4a1c61be2a040001beaedb,0.10572660808993962,0.01522506180177072,0.05552841555897907,0.08681272166157321,0.3582217451021756,0.17716338238415613,0.071480799496461,0.1298412651955507,2.7542410913928888,0.8128236190301289,231.8072471444471,0.46495726495726497
5d4c7aa8f05d320001760340,0.04132883642782109,0.04074915953787357,0.06789985605646671,0.050799932528321275,0.2862633164338674,0.2738948011149221,0.11384150889022694,0.12522258868356728,2.5467761053432802,0.8058609797954988,212.63993632915557,0.25534079348931843
5d4c7ac3e8ec490018b0050d,0.06543086218406616,0.02594807823517149,0.06756295020596516,0.03380760978835566,0.20567242872732677,0.06036602181503163,0.4852804884297827,0.05593156056277836,2.5692149811667218,0.8092353984338203,214.5710496771806,0.12787182587666263
5d510396f6725b001a4fc025,0.11571332372923263,0.026836075276486727,0.05567849467549456,0.04836043357337774,0.1768528066543526,0.2545820598908834,0.17650447957029328,0.14547232738023466,2.5166351873239186,0.8345018811550103,239.64038184126437,0.12285600319106502
5d515de747ee500019e799ea,0.0259949625154478,0.009162212939366398,0.012912538446136549,0.12508806750054494,0.4068156800175596,0.16781168162477786,0.09917935778716135,0.15303549791042653,2.3786740256813905,0.7338227920229999,182.80792542030898,0.6035634743875279
5d5162f1b50a1000169da137,0.028608142051268944,0.06460694080381306,0.011882821000243989,0.006001344491362173,0.6302017946259589,0.13352818365953595,0.05483291413378912,0.07033785902564424,2.144581064407357,0.8091369709384183,209.03118383502627,0.7239152371342079
5d52f6bdc93322000116f8dc,0.01793248146089373,0.01722559147652292,0.006752682607199131,0.03448175834640471,0.42191190678017165,0.2979790437194016,0.04374088656341103,0.15997564856854032,2.2475206795878417,0.7447376451398023,137.34286910597694,0.855574812247256
5d537ba1809af30019713699,0.031262870030871824,0.011932735819001129,0.030266459879862935,0.037069500495415054,0.3774332374032988,0.25154638600654106,0.09187978851901812,0.16860902144471085,1.973887172367863,0.8491890979468946,270.17122453321224,0.052
5d545ca7f3419700170ad579,0.032493974708407404,0.028447136400272664,0.03435876203039676,0.042013069313555355,0.3221493616045685,0.27650673538887066,0.1598715077485814,0.10415945311774351,2.9388243359447683,0.7931111285667987,238.66816206359007,0.6325193567599762
5d54d3560c5b0400174b3c81,0.05055808570782971,0.02600252538330877,0.03794136250400787,0.08588075978260898,0.33280448945890884,0.2154889156108095,0.10063348239052694,0.15069037891449488,1.6943608640500656,0.8114795979181352,214.6059767890138,0.22405041134255207
5d5b64a224470200150a9cf1,0.02386565169814072,0.02085646524416884,0.02556368204981888,0.036006089863278835,0.3785821738880917,0.296090388262026,0.08357270441326652,0.13546284496843872,1.9899972381110567,0.8319107447221218,238.15162318709403,0.4790239726027397
5d5dc2d37bfc8400013b653c,0.03878805483064308,0.04196799637664364,0.04758545062629703,0.04224411034373951,0.2629269626529539,0.2788020292118902,0.17890950791075189,0.10877588814019254,2.1904362040069487,0.8346491588835365,223.2674410955538,0.6117783396544458
5d5eeb06d8bcde00162d73f1,0.05009830266660203,0.04050481486361258,0.0746241635391306,0.06132072967807847,0.2229288661821909,0.29197278566609713,0.17616113995814778,0.08238919782715531,2.6580888810959387,0.7018542235901032,158.44425311588165,0.42857142857142855
5d5f07cdca10e90016bc0103,0.030009796423539042,0.06426185765410836,0.016401712891782532,0.013271849619537666,0.38665355629902703,0.30350339056948183,0.11999526496543222,0.06590257200411513,1.324039458719489,0.8016589198021027,141.41255283633805,0.4488997555012225
5d61798ee6c26f001cbe2356,0.08642154535042595,0.032743822778672244,0.06568363852419674,0.05294960249402765,0.35492996242810293,0.25816239479157077,0.1222158272055747,0.02689320601403844,1.5713904623717911,0.7730483850799592,183.69637774886115,0.31605839416058396
5d618d5b13b88900195548f2,0.0812037600337545,0.03737527796996418,0.027563867038381585,0.014003545627677822,0.3472942030146721,0.41728614277414117,0.05873130624581552,0.01654189625764122,3.0377466215213826,0.7444352430989797,141.90349713106102,0.35394456289978676
5d625b4550d0dd0017805839,0.032319593145715905,0.009397727030395209,0.02243922534724395,0.04064374060571181,0.415133197635765,0.32085028241632313,0.09125255288313838,0.06796368131181692,2.6329440972137053,0.8096488352037511,242.0338592632403,0.38604450205227914
5d633f7d4b3d9000011fc60a,0.030919373596867316,0.011827464553024518,0.014212390483651678,0.019032335086037265,0.7031167949601157,0.1460819687147951,0.05801280342994581,0.016796868529384053,1.8177602817430452,0.7419425561191407,153.13117624461904,0.20435308343409916
5d6807f9778de5001a120d9a,0.06082288068427721,0.006826285885103713,0.01960507629032098,0.1584714788661992,0.11753037625766025,0.32341772944211994,0.09541557109800332,0.2179106013505715,1.9057338137081739,0.7501450294789612,146.86886756457307,0.47343405194364285
5d6d95547481f10019db1f28,0.009746049488401924,0.04497478940114849,0.004783153203922485,0.03899749416275894,0.4792635823499388,0.15326728073397491,0.18878622554880534,0.08018142477456176,1.8201393926927203,0.8076498036144635,219.22769557202685,0.8647294589178357
5d74001d391b6600175f433b,0.08625060532842023,0.02394839787712113,0.03920037004295685,0.03610400313703213,0.3687001041644373,0.27772173376829723,0.044212820400739525,0.12386196507130111,2.9706951251437603,0.7784619481282004,217.03563082696598,0.86558627264061
5d788a48a745e900191b0447,0.2497658770836826,0.045104488797120125,0.08451711083810151,0.025310668664026932,0.3474974758402276,0.05145968691429618,0.1907729435561397,0.005571747901152235,2.533386861705116,0.8212115190167237,238.16855031489374,0.7086776859504132
5d792a20c0a7b8001879154a,0.04086079099985074,0.03339263112112208,0.048458201583784805,0.026873594030778283,0.44597573744095365,0.20557580764083708,0.07477838874264257,0.1240848505047405,2.091329200671887,0.7185861663935214,131.04323599644582,0.6687054026503568
5d79375d794d900017671c07,0.09364575041954344,0.0167411348501475,0.08532976002607506,0.0251164200577888,0.498700632127376,0.1582794765323441,0.09063277617512251,0.031554050469596445,2.407964072377354,0.7765336173117633,213.10063108876076,0.6772817742394086
5d7bd6f64b15c1000195721a,0.04632819809222209,0.004283907926217475,0.006865111269208629,0.1204926841668147,0.145159547051545,0.4518960192645027,0.09802087291111194,0.1269536589461451,2.460328044172448,0.7736935068000961,206.27842446332158,0.25158946412352406
5d7fd2a5987f70001602d95b,0.06340204501442531,0.008183471541806377,0.022085621595323332,0.13160327032710425,0.397911109697927,0.09953735045875346,0.03490066206603256,0.24237646923819367,1.5878406003972592,0.840304576650275,237.62941275854453,0.3946422737667429
5d81611eb54787000140f73a,0.01713127791868535,0.02624093413884771,0.005593602839226514,0.05350043068252396,0.2536312507603662,0.3680932946947105,0.14790058193652547,0.12790862770818645,2.765867367802044,0.7769928040210282,198.1270315342517,0.23572170301142265
5d81746b784c7600198580ee,0.08657083465687214,0.010670496645145501,0.03410722563170757,0.08323210870827535,0.47543169125317836,0.1554531753815561,0.08397068839054692,0.0705637788612462,3.086016222922098,0.7120220650197902,180.44102621389328,0.18129960317460317
5d82721a7d2c7400173d26cb,0.11801282307167725,0.025866165569252465,0.013925334332640432,0.030896862829153483,0.39622946626563443,0.2552368689753489,0.07532805382787666,0.08450442524430841,7.466582560504723,0.660940128657092,180.73168084179434,0.7477313974591652
5d82e7cdf00cd300176b5566,0.010997129056338411,0.042185470329108694,0.08222214855212606,0.010137831255531743,0.41845722525079665,0.18238331782231162,0.20757865625858465,0.046038221472235887,2.5614797755614527,0.8488526579229466,239.8615596247732,0.8835480673934589
5d84d74aba692b001d6708b3,0.016303280208594298,0.06932732109216098,0.0345483104721581,0.013037214126089372,0.5646044935883305,0.17398954365370042,0.10113477517176811,0.027055062414411014,3.6971842268064252,0.8114256329214871,258.86237194814396,0.005401234567901234
5d84e353a954540015f51437,0.0348950642149789,0.007896083058089982,0.013574750739475052,0.07273697012022852,0.14685399448104103,0.13787323173081717,0.4005566991946696,0.18561320721374405,2.350874656084751,0.8214032397251395,212.1281922331732,0.036375239310784936
5d88f2f8cefb52001a83f1b2,0.08484529570871907,0.004277339594122855,0.013087184639325235,0.2922794278679842,0.22942358318266282,0.1534854552749845,0.09466713761745049,0.1279345773013835,2.295782263632747,0.7905708790078093,201.60005752796505,0.06341463414634146
5d8aafe09d72b20019dc66d3,0.052946315163451205,0.012659972906597356,0.0060883175830383175,0.030042005664278507,0.16971289339289264,0.37854370512705127,0.3201331516026367,0.029873638723639212,2.020137719011691,0.7489755266583517,145.73756860896987,0.004070556309362279
5d8b7c00f6c3640019267f3b,0.04006363547061914,0.015613765680670183,0.042614437828625666,0.06241786453386937,0.16430974405937174,0.24733070651221625,0.16190122264472226,0.26574862276597355,1.7521371862431385,0.777356993679018,192.90243370463935,0.0006618133686300463
5d8cf61c8057a8001b0569be,0.01908739795598991,0.04736550965055146,0.01736382735304346,0.009591797019953354,0.5553520862845958,0.17895373768465608,0.0967067214371847,0.07557892385717584,1.97618429101657,0.7773948965552653,150.91171662341472,0.6686174103877103
5d8d29488bb7fa001a59cfec,0.15218397845488024,0.013042763738589857,0.11899897130397533,0.051005694094179994,0.22812855454533662,0.23803879758196939,0.14445177388751212,0.05414946645937852,1.6243570576845436,0.8046237378140392,200.79968411827988,0.5502164502164503
5d8d821215875e001482ece7,0.206423559685254,0.03430480764611735,0.16326693752040122,0.01612740991087249,0.1690455848065554,0.2973870582187854,0.08866182148753454,0.024782820503148915,1.5949419476135664,0.7679726597105387,196.06769892117228,0.16713792020106819
5d8de6eaafa2c40019f2375e,0.22984397517230754,0.01702314087656776,0.13642554675070034,0.016572758941992477,0.06845449310452645,0.41077534632733226,0.07845505681970047,0.04244968197619082,1.207904197280134,0.8033818964573339,177.95426522528984,0.2955052598023589
5d8e361e6e920e0014b459d9,0.0431698337565828,0.007099764651623457,0.033330561282732867,0.20036643188212505,0.28909459200127474,0.1333305949417331,0.24513522316774028,0.048472999366034844,1.616944411618506,0.8246632912061177,184.96770847789807,0.6018691588785047
5d9283b2fef9a5001ab28d18,0.016185361108818675,0.014748451189418373,0.010420272543563213,0.05001291661298981,0.33899084730772344,0.17403444375481072,0.06384750911166336,0.3317601987789923,2.414932066602195,0.8247793633496595,232.60857743482714,0.630844382414515
5d929c1d243c0c001a369955,0.035371461783802106,0.01886541614131698,0.029109238291022646,0.0024223826523238896,0.792614012661556,0.10363598503671906,0.007458069452008026,0.01052343390112367,3.077472945116841,0.7719597307862892,189.99869055252287,0.9211590296495957
5d92a47e503fb200182d6aa5,0.11707061646598602,0.05908521157645021,0.05134510762748221,0.05063314555877943,0.13202352706804663,0.16909022480468278,0.37858069885608137,0.04217146821045333,2.565540630090901,0.7772019105757657,214.73839958708223,0.082687338501292
5d949970ca12280014908f72,0.13287273317652212,0.022782418598770532,0.09521612989020908,0.09628552866296274,0.09267477475126937,0.19392040551224832,0.23587707073532177,0.13037093760038115,1.7938773544956734,0.8660680633097827,227.68435674265683,0.6002604166666666
5d951d9419479d00155e7140,0.024664409611789676,0.030101204555502414,0.010596335056749312,0.01973190233535858,0.37095067458051767,0.29963715399781626,0.07567096288709532,0.1686473584085425,0.9195303760969343,0.7819664414273035,206.49714643804032,0.30612244897959184
5d961edc1b7e120012c4ca34,0.2095033635263492,0.023343956351131068,0.028747867194818196,0.0641312021393197,0.353594329320436,0.18662401169490644,0.07114424413784186,0.06291102632571784,2.1754602869636246,0.7565723522218459,178.90885030284022,0.32636469221835074
5d96203d74f4a000159a8c58,0.09622354120599848,0.011057564496810769,0.03911347006374935,0.11979844071862468,0.06959073204054485,0.3010127165925529,0.2642400031254437,0.09896353155528703,2.8473103393220462,0.6555064389526268,134.03848021331285,0.29387356602391995
5d964976b8040b001761467c,0.07804970186116617,0.03200089390375896,0.045425743567377476,0.0730745813848859,0.3417927890341213,0.14927551066072295,0.19403752761942264,0.0863432520602687,2.387894607005584,0.804454916146043,215.39507446083314,0.5843163159384731
5d96fe713cc967001852334f,0.3584034141942781,0.005630687664552889,0.04146942369147472,0.1063761950802532,0.11335214144994014,0.2028941451386638,0.08871017772176948,0.08316381592700912,2.1412590425240543,0.7791156975667082,174.95934431095915,0.6714783474365356
5d98077e74f4a002ea9a8c40,0.08442248476626805,0.05658870636411459,0.03204283584747704,0.03426974766319794,0.2288606641977344,0.2856812984582369,0.06556965699917781,0.21256460550340683,1.374251853664674,0.7919166772421523,199.7942615355637,0.4274310595065312
5d9a7b223dbc9e02ad435c90,0.06603373153722532,0.017867424200516364,0.09796359957961236,0.08555375679881014,0.09352748722071721,0.1902359249263789,0.30967324066109636,0.1391448349543979,2.012751951590607,0.8614464538113366,243.3712390921342,0.5819032761310452
5d9b20dd62b8100014e8cb53,0.06314972030142947,0.00914022496167043,0.010834742493813467,0.02924111424623119,0.2947925135469015,0.48185972924839304,0.09022114791236532,0.0207608083462322,2.243024366310745,0.7851363738800307,145.81406927667066,0.050724637681159424
5d9be30b027b5602c520d93b,0.07778445664792012,0.012343224447218911,0.03407492259611167,0.09590526463273487,0.20428076281831506,0.31543386040134125,0.11087967908717682,0.14929782899290392,1.7723671410446824,0.818488347133933,244.81275269032844,0.10829493087557604
5d9bf6ef9bb6870364067287,0.049592813760068626,0.02901997751320808,0.012314063103682502,0.0331287199976093,0.28489551729102014,0.46032707033051873,0.05547710546973986,0.0752447345843003,2.87857541027633,0.6971348892476668,155.53697319404955,0.7394014962593516
5d9d2e421af9ed0011c31894,0.03729814757970949,0.022672471574439183,0.022742740556080145,0.02423315891529167,0.5440648441350113,0.1487911506664075,0.1887070358001156,0.011490451085899677,2.0055732447963672,0.8396414696588452,232.08198611173006,0.32245598969514816
5d9e009c63fa4c00164576a5,0.1468385460680618,0.028360696377648674,0.04491421157698709,0.0681496543427358,0.2764592082982758,0.2024421497099299,0.04025549103029424,0.19258004265683976,2.7199629784140797,0.701222738122753,140.98323708931866,0.6560247167868177
5da20df461471f0014bb184e,0.03334458615849235,0.011636375661409853,0.030379442464098478,0.01187100672703592,0.4620514851590653,0.3320175833381465,0.07200486080710988,0.04669465905861435,1.7401365419974903,0.7261979557786595,139.5593604010332,0.8987538940809969
5da4e65ee7fdf4001aa4dab1,0.06108778241465191,0.015526538475927724,0.03276172341180929,0.04290723431456042,0.3942785640984517,0.3351601052552189,0.06322649259449833,0.05505155880221052,2.7653577392588446,0.7159095038495651,172.7567211364206,0.8746594005449592
5da8ded81844f20015bf9a62,0.07829326542673185,0.061334730384141285,0.03148534560950544,0.02539880252914845,0.23534104488938742,0.2966403178685591,0.2193358757246898,0.05217061785987389,3.994825463277708,0.7486961511026208,201.90726035604368,0.5865704772475028
5da947c15854ba0011d3a88b,0.1790049049012611,0.007773573279772338,0.021724128228289695,0.11513276093038999,0.1229931217829629,0.31008360282716935,0.06432187341708065,0.17896603529650737,2.0828219838222592,0.7717458461847463,185.42814916832958,0.012605042016806723
5daac00a033d570013579de0,0.09993892581162232,0.02212913626267665,0.13118074730532106,0.03686698184199498,0.3957785552517849,0.19577045971059823,0.09116676801737998,0.027168425247283773,1.2943230297715704,0.6957606805647776,138.32628015667856,0.4433106575963719
5dab7683c514d8001730ae4e,0.017402964737919604,0.053018139358723994,0.005471078026557529,0.00751140877826185,0.5892103720981321,0.16338464796826108,0.1103582449996834,0.05364314393744352,2.3555139835356047,0.8461761184748956,236.60194452758705,0.904868578255675
5dabdb6cee054900172563a9,0.026531089426597272,0.013310038952172795,0.00736308887594166,0.021834816208179994,0.6735691109029279,0.1419382141055262,0.083797117747625,0.031656523545300824,2.289470609526944,0.7256096864661248,163.09211794608996,0.408483896307934
5dacf0bb8f8b6800114d9013,0.044559537278692045,0.013439588660657871,0.019162993446561388,0.05214432287132467,0.5160870716060957,0.17724711387506914,0.13747724629885694,0.039882126355454614,2.473963166570986,0.759255540620482,229.22532198211303,0.2547452547452547
5dad225f000b3700186ed71b,0.14621274455039698,0.01730314650235792,0.07644788101359028,0.1338841120820174,0.14165910282763367,0.2753697807296309,0.1074937410627704,0.10162949073930637,1.5107044297309247,0.8176580823418933,206.23578659001907,0.2007936507936508
5dae16d241fbb6001160ce72,0.08565408441922902,0.024991581908702182,0.013298647908293099,0.029672785854552738,0.3069479182620817,0.3225002613354477,0.03400027355875666,0.18293444642551293,1.749778281576978,0.792045303618976,170.67345487865086,0.376054387511016
5db25a62299961000fc5628d,0.06979022591737237,0.013056059179551252,0.029810877304780346,0.09246686590376861,0.18766886353212425,0.30742933302073105,0.15799731836035086,0.1417804561656947,1.72391475448181,0.8599268813513212,253.4264391287268,0.4505015263846489
5db2cfc2aa1295000aa719c1,0.1657192326678933,0.04159226141074687,0.04035684296293436,0.040968063611832944,0.14499139649028375,0.29226844292310017,0.08212270878209921,0.19198105152111677,3.079149613746834,0.7114467942562539,165.39615307903438,0.25747863247863245
5db3a4ad4e72fe000cfb3dc9,0.05067282073002072,0.019859611537682488,0.008283073102168602,0.03815122585633419,0.4563289924052864,0.3030858412924998,0.031648484487292315,0.09196995120494898,2.7255081097863623,0.7743337776639008,200.45048888686765,0.59375
5db6f5c8c5ffeb000ac7cfb2,0.09198492345963459,0.0169715850968729,0.058774952523534985,0.1266294287390658,0.46331771410778566,0.060956823840207446,0.12750663635968557,0.05385793617280436,1.9780866504696883,0.793551095076299,209.00777848552713,0.484863523573201
5db721e8e26da7000b6c7f85,0.04128814151455375,0.02398575611631872,0.02767343233038352,0.05012647250900521,0.2844259546121891,0.29804477649579003,0.051307978757211575,0.22314748802538756,1.7681795402896674,0.7845127302084486,219.13693330251087,0.7333743842364532
5db89792ad8fd5000c855134,0.007494151936300728,0.03733547628392684,0.007723535752831444,0.0024311417644577032,0.6883349231257473,0.19207065840780396,0.023158804368589213,0.041451308931845586,3.3155169582542174,0.6962373237399192,153.24062274372793,0.5748552522746071
5db9a46ff8e3f9000f88cb85,0.023791375668955526,0.009783043061693215,0.007496085370438482,0.048056295190006634,0.26894941003793943,0.3475821244440202,0.2532311286200818,0.041110538455044775,3.4217985504689725,0.6840800601522771,151.61552383694755,0.2833775419982317
5dbc46b70338051eb7999760,0.10319670370020713,0.028801990637894504,0.026292571554388668,0.11876528008425541,0.22731940616200155,0.26967142959772156,0.09227952561929272,0.13367309193962293,2.075386784599647,0.7681362157811079,208.06852514608977,0.33433508640120213
5dbf9446a3f5cb419e9d28c8,0.22351552342718825,0.030019115780665483,0.030584584881056583,0.04764280258704054,0.29450006303522597,0.20988669120917378,0.0758883477154195,0.08796287154721757,2.7048721371486435,0.7464631229424606,188.2264593292242,0.5134203028939871
5dbfc5016d82ff42896b1f76,0.07541239012932632,0.007707834553577642,0.020287990923400105,0.07562338887117413,0.3034290964489084,0.2889121634268884,0.10527887567795481,0.12334825862657266,3.189377382140971,0.7417593859421149,156.26065783651416,0.1158021712907117
5dc0ac2c441a2105cbb3bb0f,0.2598154718880696,0.008922460001427853,0.0830330089423583,0.12080699089029877,0.07249869495692887,0.19908361965828078,0.14916371387935617,0.10667603962726296,1.7101940667070856,0.7743529420745516,156.9438768080641,0.3393905507408443
5dc0cc1f317aa4076275ddf9,0.06919994936036085,0.027808350204576077,0.027861836030393747,0.02836348106870412,0.29650774676474706,0.3266345373364082,0.02691853454514091,0.1967055651151325,3.1862988990908163,0.8024864554038327,249.84716456161266,0.10273466371027347
5dc59ba2dbf82041d1ebc7de,0.028877551643252605,0.021859752117481233,0.040528998984833565,0.07438662736937365,0.46067468746768314,0.1627154162032852,0.09696537142722472,0.11399159455011665,2.716246044997903,0.7776773784148807,202.79855174840367,0.0
5dcb1db49173807fc66660cb,0.04408921416494854,0.020827079547633045,0.027054526800017895,0.05149111658710407,0.3077964887943068,0.31524630838797224,0.09981754872502302,0.13367771676418913,1.539674111673608,0.8062640397092021,218.4490411718834,0.18906394810009267
5dcb55b60133ef83a90f85ac,0.06799919159367211,0.056975097843418865,0.020013858237044484,0.013433106803659365,0.4717667248825841,0.24766823041601407,0.06633671647196866,0.055807073393873696,1.93727959909958,0.8566215801786903,247.7497019402648,0.6365733113673806
5dcc2827b1dabb8be6a9048e,0.00746252745184105,0.02923715272636343,0.005765618661529921,0.024809777011456806,0.4901658934059109,0.22325792130756042,0.06286670550587654,0.1564344046326421,2.3271367782120196,0.7347592623504428,154.69025666196967,0.3406478578892372
5dcdcf1f3d341109f64a5127,0.17747682379035812,0.04143242217323614,0.03723281169639648,0.02465023738400597,0.2383995834206186,0.35173847805289826,0.05959273382117672,0.06947690944222572,1.9253398678762255,0.6841644721394476,120.55049375571366,0.3069306930693069
5dce9859c41dc20fc2407bf0,0.07981573352781336,0.005692470794416732,0.01764150147164859,0.10803493934555815,0.17133967549330448,0.29338075621261667,0.2639149544072838,0.060179968723128495,2.798129492140298,0.7095088877511776,170.53645000515664,0.07721117833477384
5dcf55f1cc192008cf8404b8,0.04295043295570619,0.03268585551907463,0.04063731298217137,0.04843028734508114,0.3559093074538933,0.24554898880396775,0.16453690608587052,0.06930090856943692,1.8053713143709982,0.8559300515728734,228.8768455787052,0.08867775138558986
5dcf6037b103ee09ffb24ad9,0.10469221379982319,0.01279473163244787,0.049239536761483564,0.05882676975968833,0.4880998698820806,0.18166983219170554,0.06806117393020507,0.036615872031837866,2.7119191642180756,0.6411293577897906,180.38565177664222,0.4168336673346693
5dcf716a5726040ac12efe1d,0.0071076852393456725,0.021337203580826677,0.03587762281995597,0.006477805597177539,0.8363480027896415,0.05012083159363649,0.02126008419034951,0.021470764579712684,2.3438775701756174,0.7874676469257966,163.22967781061715,0.6467661691542289
5dcf9e053269920b9fabfe19,,,,,,,,,2.0269216464098117,0.7574076593444866,149.9531723684271,
5dcfe5ec41fb3f0de0080f1a,0.08099029772742782,0.02439623041374494,0.08818689047828665,0.044792601355528844,0.3116679452305787,0.10994846361127705,0.2972528012699586,0.04276477010093988,2.8882677054658323,0.7458460241018887,198.81471310038162,0.6799020465278992
5dd0103cb2204f108c201552,0.08131282851275286,0.030450858455608874,0.038446628210005544,0.03819766296170444,0.5587023882601746,0.16829392084340816,0.043383863709474106,0.04121184900975302,1.7026656853718927,0.8782177954445353,256.0246109204024,0.1277925028398334
5dd05e209c84d814d77d726c,0.13976903466255458,0.022589086519111234,0.08462174490416051,0.10266769014540872,0.09425340831358152,0.1221359501548612,0.14671575578840404,0.287247329270901,2.321757898305703,0.7998059046332705,276.336132009868,0.00473186119873817
5dd0b075c944d1174e6e3c5a,0.04806023286490219,0.016708297781880058,0.056100818944165444,0.012324344392503113,0.5484098937080661,0.18159243969252997,0.11698891783163798,0.01981505460446958,2.975274886025929,0.754677204091131,186.53713058493489,0.6095965103598692
5dd1dc9110420023be388e5d,0.22501312362165307,0.02258548405185766,0.07317480786151616,0.06758681287681585,0.20695054334962465,0.14719456068636627,0.19150596150929497,0.06598870531069292,2.090339174180693,0.8149409114031272,200.0483923406073,0.6561922365988909
5dd1fe642b033b24c852394d,0.14047440873139413,0.050330152357185215,0.0862923776217134,0.05126084887718826,0.35808769771727084,0.10993713142861852,0.16374026583193793,0.039877117991259224,2.2216323657236687,0.8081685558001535,222.17448295438444,0.3550077041602465
5dd276c9a643802932187844,0.09287774314592417,0.027786405584112644,0.04964769299057904,0.040972292032139306,0.30987237945926344,0.29873940351748973,0.035682307191641394,0.14442177744525606,1.8531512492948155,0.8116024317435091,232.13285687626248,0.4773820981713186
5dd28beafce6062a4f5221b3,0.10477300640188489,0.026562668061198617,0.04021729597396968,0.07075158697347675,0.14124592346249146,0.3614415745029555,0.0969015561734208,0.1581063885312324,2.686597817897072,0.7946204884084557,237.80348532974955,0.2704987320371936
5dd2f7403c4937312433cc11,,,,,,,,,2.025812642743622,0.714126700750295,132.1746021673579,
5dd31d3216d10c341d2d2c7e,0.13395575080847,0.012454808106636264,0.03818579881029202,0.11531402528463965,0.25666848095668826,0.24850668638358853,0.06549123940193781,0.12942320928871962,2.1292664398260817,0.8377436786446785,241.74482677432616,0.8504914640455251
5dd324424524e7334967690d,0.055960459368923174,0.013973076571418388,0.01502489096456656,0.018343730277498412,0.6408952005162091,0.18897625639537444,0.02119581713508618,0.04563056846006182,2.0945154887430943,0.8020885555314385,234.99834263907195,0.3291597106288258
5dd32a633683dc33b2b29909,0.06366920469888691,0.05316974516286994,0.06909184010090831,0.023837069844721618,0.4466411831355636,0.17900240034252057,0.13862944484380782,0.025959111543278072,2.2907111711058668,0.7399674360814171,149.552450501431,0.011757789535567314
5dd332d218beb6343b22a5e4,0.08984395050798029,0.013478505332976842,0.05237439231797328,0.08050703287468582,0.15966832722288896,0.44996264168047845,0.09822066046837162,0.05594448957958265,1.7038432507582748,0.7663999375661772,165.13918428220512,0.07894736842105263
5dd33bd8f01cbe3350807cf6,0.07973902276561465,0.023453701305183768,0.039695292261982616,0.0453058763473416,0.41441289530739006,0.20287956261229864,0.1568549370684728,0.037658711907075294,2.0311718356405244,0.7337261925208738,168.4038303888282,0.5389140271493212
5dd340e3e25acf34bf91032e,0.12000026623261395,0.011524810088145463,0.022287881448945814,0.0789107763813134,0.20855366372904793,0.35661334982849585,0.10809324592550526,0.09401600611979323,1.8531091263523896,0.770381110261574,181.31789325184727,0.019597457627118644
5dd3488e181abc35d131ef34,0.12421498469506981,0.024710929350208653,0.2684401957529114,0.05221508730674949,0.14781290202094008,0.22800316133842263,0.11135895769426586,0.043243782168372796,1.8731074495500641,0.739994867622172,169.09834739771296,0.5809818322381136
5dd352c51c219b35931aefd1,0.04320823044455161,0.010948362854667177,0.01581246397745074,0.030173889710631365,0.42954843905042484,0.27514481948440533,0.12267378191502555,0.0724900124425124,1.753695010407092,0.7967384288600172,220.57467913370948,0.005477451159393828
5dd3699ee73e6136c640f1cf,0.1279867186140721,0.01784362866417583,0.1257784816650319,0.022513136496824425,0.124742346665182,0.2515650535902923,0.3064289037856741,0.023141730842561145,3.538774234711064,0.8190014592936521,193.49646952580454,0.016602809706257982
5dd3d7787b6a663b7f0e3846,0.014248030264684367,0.02947784704496317,0.007028850182074961,0.06504253572412996,0.29725407200186243,0.2247909465200663,0.1082683059840903,0.25388941110309243,1.6658217061423508,0.6991148179389574,131.8080328875442,0.1749502982107356
5dd3e6b66ca7e73c42b4eec8,0.027891779429772424,0.036375830283072286,0.03217961389027089,0.006977898379140972,0.49183784736636654,0.25663797320845927,0.12218608053165951,0.025912976569568456,3.1896389464898003,0.6734272996583992,158.66496527592574,0.20810647307924984
5dd3f9593269923d6ccc5de8,0.07038418051046749,0.00896040425410477,0.027950834616145538,0.06914960489223178,0.20203610805191508,0.38542658144860653,0.07257351486687551,0.16351877147433408,1.8220984614195304,0.7918743499244252,148.21515812531484,0.09546092653252222
5dd406d9c23e0d3e6dacc034,0.13668184007078188,0.03284288149997212,0.199273492138418,0.02767206663640915,0.36674595460413323,0.15189574700962788,0.051150914666392995,0.033737103188189746,1.5789896368053098,0.8048803230501603,189.35050256551528,0.5616776315789473
5dd4070a57a7e13efe25534a,0.06401532059834959,0.018645788689298847,0.017248523356020215,0.02439585373990017,0.5696897958767222,0.12496701365052318,0.1502785568713686,0.03075914714776963,2.8324524047796644,0.7232600768335696,200.84123861450627,0.6802030456852792
5dd4767b32288646716dc98a,0.16446138838435168,0.02224492772167263,0.12070278497892632,0.020018829959934693,0.27123126386068896,0.24171511236777626,0.06446192653499071,0.09516376657480798,1.898067635464505,0.7957198048395744,202.89816164767223,0.5676215856095936
5dd4bd7ae4f4a0499548a810,0.010637850051778875,0.044470094749128775,0.01156186643067198,0.017609577070247802,0.6014442754337116,0.12351832363941291,0.13400781288522445,0.05675020000697892,2.2878319047965303,0.7458370446376327,190.45941451480078,0.8094496365524403
5dd5bbf239bca15813cff296,0.026502057310080533,0.019501111647339052,0.008704681131703031,0.024035689777239962,0.5242538719316647,0.27951325945519145,0.05115824577490115,0.06633108327159633,2.120214376926874,0.8512807568087228,238.20759976106558,0.444
5dd5bc3bd5cef8000b9861d5,0.04490246693294941,0.024093516791789504,0.05872100307615813,0.04360471384238944,0.3845118249363751,0.2770518183696117,0.07294479523171106,0.09416986119465083,2.5613803240916644,0.6966571682036277,140.7265689681087,0.1846234309623431
5dd5db1ded7ea4574c7bc996,0.13970306147783593,0.033772881258944905,0.11844878886788297,0.01245386778543021,0.3939916632596282,0.21950481002256061,0.06788179399055151,0.014243134096600843,2.3114246562640957,0.7305727266926537,148.0208158836622,0.7358767424798239
5dd5fa943708105b2a644e09,0.0010356517969667325,0.02121912837231089,0.0009985766201157421,0.011869549117062863,0.8203939147224077,0.03676968316724512,0.05280534508498873,0.05490815015224057,3.7777984953471155,0.6766865398397953,158.22717837823205,0.26366001734605377
5dd61a909ca8a35c14d8d610,0.21439364121605706,0.011158885944537402,0.021264113486432354,0.025063653354961322,0.2820837950298277,0.36264118620825736,0.0433045234572765,0.04009020116963981,1.7787152726666908,0.8459013058851492,235.77468785179263,0.1659056316590563
5dd671942b033b5ec8bc97b4,0.07645275725519791,0.032216409232405645,0.041244448688243625,0.023674256094356784,0.6361696682751918,0.11057371346842917,0.03839477586597822,0.041273971352696316,2.275733483279298,0.7182652495541897,155.52496372696547,0.7574084834398606
5dd6f563270f44688d3cd745,0.15115743675770552,0.013334642315951493,0.08694216748143789,0.06299148993471951,0.3353606005509461,0.19493870559880636,0.05937452857670004,0.09590042903081879,1.9304400760877898,0.8276701376785914,216.25708640226978,0.9362068965517242
5dd7524d108b676f8d24a4a2,0.04485592537862678,0.026009605158025775,0.014331155568840976,0.06839793720339549,0.17601764002346837,0.2597364575676688,0.0903008042911765,0.3203504758261958,2.625253830434746,0.7241515984777073,188.0219297202825,0.025718608169440244
5dd7f64ecf8e7e78055d846c,0.0028885016600853873,0.018221453070073074,0.0031308045880780737,0.03499888263542995,0.8126906333425579,0.02707732643674076,0.019678198369305646,0.08131419968213281,2.2510755023481277,0.7867706814963278,239.79835893633896,0.6150845253576073
5dd84869f83c9f7f8e25ce29,0.03278496737409095,0.019094502128897805,0.03637566683900973,0.045903488576533376,0.3634613817956523,0.11412917482561673,0.2769342403060586,0.11131657841360593,2.530014307732825,0.7027537716288603,137.5026367074545,0.14556962025316456
5dd8cb39dba6348743ec0915,0.08802230788568703,0.006742991495276252,0.010381732389391897,0.0831411915379361,0.19283993934524662,0.42119341259719295,0.09122792171147429,0.10645050235830396,1.319868570001434,0.8221100374020319,199.96642935285993,0.25902527075812276
5ddbdd54f30aa6b365b4ebab,0.12815236605587602,0.008566541440828135,0.020851045017121848,0.12467648471989003,0.14427478005930353,0.44160380131882376,0.05791761068269365,0.07395737021461565,2.6499413799113367,0.7209056819737768,141.6515446674397,0.006862133499688085
5ddc91ba7d4595bf332f8b7c,0.015175355184237632,0.030995651345745882,0.00501969335971049,0.03434937829518723,0.27931035946836663,0.35280496482724566,0.22488183778175597,0.057462764296994324,2.1213297987592914,0.6920686742039203,160.03637149046028,0.038135593220338986
5dddbebeb966ded354c7ab3b,0.11056300777334192,0.025342122471327083,0.04839345740201926,0.06399936604263312,0.13538637389991517,0.2722714572910734,0.23691752349022926,0.10712669198690132,3.3092728426410774,0.7654724100063522,171.38869384970505,0.022463496817671284
5dde8fba82f458000c8c7c75,0.07658066031130924,0.02691083625515527,0.020552271251903235,0.04985144621075125,0.4200907565331874,0.17167812902792975,0.19333633794875657,0.04099956264485125,1.907899091610396,0.7459522082195845,136.1426060528859,0.45344064386317906
5ddea057ffc3d8e00ec74d1b,0.046236271790797506,0.015699033775162862,0.02851345367440038,0.06485459637080211,0.16968038667159366,0.30521845005477466,0.30224018729160596,0.06755762044999655,2.4601262099302996,0.7900506535286476,195.5774479702149,0.25530458590006844
5ddef2e6929d5de6f1050f1c,0.08450918248956013,0.06381188476975251,0.19379762452992816,0.017943628409018253,0.30041188012437986,0.14683045714687287,0.15817589875298457,0.03451944375300583,1.5794612975069342,0.7276526817981759,149.90139319586405,0.42585640544345377
5ddf1bea59b1b0e98cb178dc,0.0669954190151248,0.03860194842563518,0.04609462396613056,0.02551220265956261,0.5237653057861277,0.18957435633527608,0.053144916826367995,0.0563112257145574,2.520699328941764,0.7826262227736285,196.09755999975707,0.6655518394648829
5ddf58d87af661ed30fff14b,0.05677898312302378,0.012097288368346424,0.020034541124690594,0.0654787716912423,0.3576168706302194,0.1044454411582321,0.20251963761544597,0.18102846612850587,3.18426511234164,0.7078765484816102,177.75485062768504,0.6332075471698113
5de10a767292b61529705ead,0.07147550228289495,0.005613892770083935,0.010734589562223564,0.1963495380788885,0.15887682888935026,0.21573617879239668,0.26088261662609724,0.08033085285290603,2.542965298210957,0.7432262039410421,167.24937822525058,0.06838850491087668
5de1ef4ecb1b08240f97671a,0.024906742130341997,0.03184734603063111,0.01353699642996023,0.020528794298033174,0.272993506201036,0.3682639395726505,0.18302158849345304,0.08490108700639536,2.8633545362709465,0.723460309270589,154.86261639140662,0.4790885924149303
5de33ff0cc246f3633dc01d2,0.07797625428584815,0.05730422994776362,0.0426454913805226,0.03439846093897293,0.32769467397261215,0.16574386635183394,0.25424133716137437,0.03999568695392677,2.108245805529799,0.8073576856268079,165.39568382505303,0.29617486338797816
5de40feb61872d000d8803ff,0.15540313626072383,0.0775310765659083,0.05595896612656065,0.030345792576884162,0.42647580794564227,0.13421067453527258,0.06913635268794759,0.05093819307462518,1.5621910559353827,0.746287558536772,190.7090428280481,0.3952513966480447
5de5538f8fde1c4dbc951498,0.23146119188101277,0.022708103185297705,0.11138838162158277,0.08567259768030597,0.20695760770581764,0.17011381182197305,0.057990333863281666,0.11370797183968394,1.9989442253374798,0.819727730212025,227.04152491639098,0.49407114624505927
5de59698a2db8951b9955ccb,0.2700276456597437,0.019218027588430286,0.10944430189918992,0.051462837468447445,0.16806536186219145,0.17198642728566185,0.16299438169616698,0.0468010165548915,1.4700417112640973,0.721489959255685,118.53351252881083,0.5539080703240838
5de5a2f38ae2bc5278311e35,0.14330795012152636,0.023713376266863165,0.033785045097060894,0.03474655623973529,0.052640011421938415,0.2951459143899127,0.34902531622947774,0.06763582930199935,2.41852666407722,0.7064608155627699,144.65949520712482,0.11747643219724438
5de5e8e5a1a3fb572da9cce5,0.019344851354334634,0.01939653323728039,0.004461495051852226,0.029060457020208923,0.5953859413022936,0.1250525840405211,0.010190300544449927,0.19710783818237776,1.3653936512824805,0.7870907247402883,205.07532523971736,0.5798816568047337
5de79e713cf27970edc23950,0.06279291948333654,0.018364822335634676,0.04108484786500134,0.03468899389548668,0.43146728388390976,0.2444210960890214,0.09307799503375092,0.07410204185194894,1.9085234435790261,0.8110367245243086,230.06241278302775,0.6205648081100652
5de7b588ff15c2a06658dd1d,0.10680724230728222,0.013564505619979161,0.009855584448300992,0.08759358493699883,0.3170983892162643,0.244400907213954,0.05614508592751893,0.164534699942607,2.459732722588285,0.844224891091887,229.5338275066381,0.29081978319783197
5de7e24d97378d000b4eefb5,0.04295569510408607,0.03208013842068042,0.006902912587972586,0.02132052285872406,0.5287967292323252,0.2322318563841233,0.03318138055937753,0.10253076487345039,1.962989230529412,0.7033165548708573,132.75365200024982,0.8428066358444384
5de80e0b521f95791f912e49,0.04020339042889956,0.01101679018614565,0.018135279220198995,0.032746694518440624,0.5366186929534724,0.18595734458493438,0.04385915204908352,0.13146265593164347,2.176750103172381,0.8168890850019442,226.2797650666011,0.925207756232687
5de855017d44177cafe19840,0.1190345951655717,0.056507681282289536,0.15205739220177086,0.04132398899418886,0.2976019899682405,0.1681597489981119,0.1088080225613885,0.05650658097919836,2.9267206401458234,0.7161628362287644,172.72270266553576,0.4148310460154538
5de90f54a48441037ac21f43,0.04567034782816671,0.010122123687376193,0.010939584436034721,0.1475357507307394,0.12366381151351281,0.35016838859669336,0.22704697994988113,0.0848530140427597,2.6274863661577013,0.7282950834028361,197.71082662731848,0.013343217197924388
5de9689935b10502ef568050,0.1988833801023301,0.030357249078616963,0.18386626986228757,0.02359046374782453,0.20304341656205427,0.24558156092228983,0.08628331932403038,0.028394341112104614,3.822584723336746,0.7840710533853678,211.780571178027,0.3049645390070922
5de980f63d36b20b9068cfed,0.22578010896958292,0.01933258172799902,0.1528152262460982,0.01055004698624333,0.17362115333556846,0.19844598944392391,0.21492938298063266,0.004525511073328402,2.638877727814593,0.8412602705615658,250.21037028895677,0.046146293568973984
5de9863a5c91a40b4a969920,0.02505139796008821,0.024081152382920596,0.05836055502598908,0.044175859676146026,0.2815921203979159,0.22705184179623117,0.21360521701598512,0.1260818557335917,3.0339383092591574,0.8257816700826827,213.0018978110545,0.6674169949352842
5de9ca3319398a0f991c84cb,0.03971061866698128,0.011568902292837647,0.0131758194832178,0.11758145457135985,0.40161132609930866,0.0924897915869735,0.23077553572022239,0.09308655150314245,1.633873700528054,0.7364391919234627,160.93135993900154,0.5604026845637584
5dea5ba4446c901777bde897,0.010619875775728855,0.042924234278680806,0.03331233165116137,0.01117256275572368,0.5975008693636231,0.11681169147069363,0.12545449657120625,0.06220393830708068,1.559717860263811,0.780094037314985,205.3892250161148,0.6789554531490015
5dea76e109c1071948aed0ff,0.029004426489897654,0.023975707414237057,0.005657345325405217,0.08651580468114686,0.10688672885795245,0.3816544088122381,0.1022100233073784,0.26409555471908946,2.4126360707697243,0.7119104194143695,136.3084292854841,0.16201757737867786
5dea961cf4c5e11bd9c4058c,0.05033584686381027,0.014759831192547545,0.023210405034298318,0.024045568089222195,0.03813410172859241,0.33126691589816126,0.38081133046171234,0.13743600006451764,3.186267939996409,0.8318289448285922,248.55108805945972,0.04888268156424581
5deaac8dff7f711d9032fa94,0.14090014814253476,0.04699131218909541,0.1482459230727957,0.03420675912570043,0.18351026897801082,0.2768957265614608,0.0690873590364019,0.10016250299771093,2.0956295416387545,0.7741682516384559,189.7735799507125,0.6028732683427399
5dead51bb48fa7200b3d0dd8,0.12525986323101868,0.013153177054367821,0.07592365193813892,0.1458294988890599,0.20216036631524006,0.18063260300821726,0.13698345282101784,0.12005738696607961,1.9723087143073403,0.8163578085650496,208.99621552640906,0.3402078864873783
5deb1865986140241391d84a,0.025789765336701517,0.026208666120325408,0.013826344129576684,0.023276911440184,0.40812889278311965,0.2601963767073294,0.1586885459361357,0.08388449740125067,2.2899383185014854,0.7957397786619677,218.05605065983124,0.33524090825179986
5deb9fe9b2caa1299d1da319,0.2977086750751072,0.015432928289750692,0.08339974838941716,0.09219839726164011,0.17463791817232413,0.12186472029215253,0.1915603030996908,0.023197310898719174,2.525109111914186,0.7629387406409791,161.21021652693068,0.02931937172774869
5ded1483ad51833dce7ac867,0.05770513116359819,0.005889585266284402,0.04221157719244681,0.07076619388516031,0.053254418817483516,0.4728945210715847,0.1955420080845255,0.10173656627557665,3.2050197900649917,0.7173825145277523,165.0614563636036,0.2827102803738318
5dee44454d7bea4e3f4b44a6,0.006427731059335744,0.02058812961884722,0.005272955113878666,0.021666031738488235,0.7073072530039384,0.0970253165642065,0.0424440551339118,0.09926852791120408,2.52842107009137,0.8124255997250612,234.71318593997873,0.5536062378167641
5dee65dc03364951083cd77c,0.05056895782679429,0.05541201390234105,0.030636318120895296,0.0075634960738689225,0.3385210112854994,0.3886799807025881,0.09215862739779113,0.03645959620740966,4.052889688092622,0.6966294986937153,186.44287767188837,0.7954353338968724
5deec7e78b5f8b5683c0355a,0.03597896740784244,0.025209523260098426,0.010227989886093634,0.022028256653941064,0.5435497717838714,0.2819786436856201,0.05028763652245497,0.030739210959601117,2.7237673009217374,0.8083192280424917,247.0057345014867,0.24271844660194175
5defe76ec33cea000b6cb8e1,0.1416164621089895,0.008363851071408081,0.05791927100896521,0.07201270941489682,0.3376325751111532,0.27949345034236706,0.03440534551433904,0.06855634481568507,1.805238832542918,0.7255574444397758,139.03858649102492,0.20155038759689922
5df0524c1217a00b60a0328d,0.010579694990352244,0.036469760790836254,0.0053337962140540054,0.011485942646475452,0.604489913632449,0.24188633031886814,0.03680802910680594,0.05294653264238211,2.4093105295501895,0.7977847554334381,215.8777481010502,0.043559427504667084
5df11a727f08ed028418fa62,0.21768459262823459,0.021364299418028643,0.029285213099343402,0.0955453319518632,0.13794256980024025,0.2604191751125768,0.13247106412170198,0.10528775462550417,2.2591222674327645,0.7113893491031974,138.02323823670213,0.13285272914521112
5df15bc3361a8506b94f79ed,0.06903281470870445,0.049076749869837996,0.0582018730585136,0.01692668856431942,0.28067206521484217,0.337729729058272,0.09359511248769486,0.09476496690197618,1.5543227037960863,0.742992023851721,126.28649954804753,0.5093942977269741
5df3b781ff28a82967d0e41e,0.05469575208845563,0.016206394685060254,0.024472490690618888,0.07120422112354982,0.14979011078742205,0.2995472673468598,0.15097748084558052,0.23310628217734133,2.248709491609588,0.8345953399751337,218.58232638805023,0.5415212840195395
5df40839a1f3612e51ff72bb,0.06327354148283013,0.03169066999733394,0.06444860648116037,0.034534858713456455,0.4370318748212625,0.1949912180591892,0.06914150877284848,0.1048877219092973,1.275183827501515,0.8703102015657095,232.5634106690504,0.8500447627573858
5df4565dfeea89323021ef27,0.23546901333876305,0.014983121060850197,0.08931451343428938,0.06511506871909893,0.13505348825977811,0.2537462970502003,0.19105007309889155,0.015268425264412806,2.04431574249848,0.8801397476514021,242.34442584270732,0.0
5df4ed2eae7b303760a9d47c,0.13990016689487472,0.0027600002021235786,0.04585152010709976,0.29980335181320295,0.01157286743623375,0.12673112332577346,0.24191060286503135,0.13147036709501803,1.2786317728123833,0.7598585841244901,190.15343162969805,0.21495726495726497
5df58b28ecb3ea3ed1ceea37,0.03837569625526815,0.04044664941947172,0.014569247310781526,0.033965155166661445,0.36980352736480704,0.2825881324519045,0.05931634769132018,0.16093524427603126,1.9476389206472973,0.8012149315142154,194.32255787719225,0.41536614645858344
5df867af814bba5f7fafeb6b,0.08982481553533585,0.024425111919400905,0.03582714658588526,0.016821999627252514,0.20288093549851555,0.48954299638596976,0.07906403876983012,0.06161295569838983,2.116012167747374,0.7872749546837445,191.8995646379266,0.49856459330143543
5df88caf783225616ad3defe,0.0550533901614893,0.02057222978933362,0.020335641402188794,0.026388771301741686,0.3744463344851354,0.3200720952902843,0.13563066466624152,0.04750087321226886,1.6842446901261077,0.6987777528950453,139.92751273842381,0.19872068230277184
5df9d7c2451be5738da84e4d,0.08370280157101627,0.07003555469683204,0.07591478530391856,0.018478873401941452,0.38975803329107256,0.20556153534444055,0.03412570261234538,0.12242271429456476,1.8958277392886032,0.785400759523051,149.23704327496105,0.4578607572849415
5dfa7f42fe10857dd1a8bfb1,0.0173425969194945,0.03273769616234456,0.00815683849875608,0.09013554620086454,0.23043914517441838,0.3063216887754436,0.06341989362430421,0.25144659465934316,1.2981788523354094,0.6697838201060651,122.11746647713704,0.14618834080717488
5dfbb9eaae7b308dbf97a681,0.038182406549004,0.010579122858790905,0.026226573236066125,0.1130611535544195,0.2287376236918861,0.21214160113965846,0.2822202293830758,0.08885129048548548,2.0852076570442852,0.7639371658753903,164.50951331449107,0.18745387453874537
5dfebf5911999fb6692071f2,,,,,,,,,2.8342849831845296,0.7853706863192322,198.20441547046985,
5dfeccdf4c81b2b61266d02e,0.030262600748259944,0.020746911053125865,0.0013287919676418206,0.027692660374951144,0.2507294627606716,0.5915005533269674,0.04592946804050733,0.031809551116372986,2.3657460574392593,0.7465438621082642,130.9541219641335,0.9327917282127031
5e01ac85617219d6da5ab31c,0.033165377466550086,0.07467235211761157,0.015718711099608824,0.02193548147296905,0.4847310553782399,0.2170884290493483,0.06280200898265938,0.08988658363812103,2.1999437930217343,0.8289699594016897,222.845825011302,0.4201252936570086
5e02285cac9e16dcddb845ef,0.05103437425486244,0.03073313962439802,0.04292958732135681,0.08373092577052653,0.27790012476020126,0.17747744808285926,0.1593866691098095,0.1768077306980472,2.0634655354374747,0.8384007002972785,243.31149717285393,0.24320148331273178
5e06748cdeea2b0515e037b9,0.025041579618647645,0.025493518900705083,0.0046733736823778155,0.019005690980967844,0.546555488073108,0.24929510747614395,0.0850025027484722,0.04493273839006457,2.190804047079575,0.7461195547021849,191.18324504256802,0.15562336530078466
5e0795cbf9bc33000a747571,0.06545655056834215,0.0039982128655537,0.006292634876444899,0.09021942690014835,0.13998690620064735,0.30302109569311136,0.11083769239485261,0.280187463387847,1.4627964215103841,0.7757029382647966,170.16809069175935,0.75
5e08389f67f170185698a2be,0.06927164323071056,0.0283781973900304,0.08878774478533703,0.04009114724866409,0.15894673773895737,0.2064311716062794,0.2965396147392252,0.11155374285774444,1.9065528634901578,0.8221093815780415,232.03974028962278,0.6921072226358898
5e097142864020244036e40d,0.2338290416086436,0.025180446756622673,0.14816780277697675,0.07252198610973212,0.0726966838955145,0.23521680975655804,0.12971266643494497,0.08267456297198449,1.0854463483344743,0.6813896635026432,134.61923560799522,0.12488875704538713
5e0aa9378f1faf32c47f560c,0.03468888447834828,0.007977269480534028,0.020574090365919524,0.12745956416334728,0.41394312478103984,0.24104294249088803,0.05369480765624868,0.10061931651534017,1.8450871579072754,0.6486807941529535,125.83650741206543,0.556687898089172
5e0acbffdc79bd35336ed6e0,0.026132946239431565,0.12062842935094652,0.021252910238207957,0.0043044931600187105,0.41514402905428377,0.32405652382963984,0.02415811047452657,0.06432255732530982,2.1409103352228636,0.8160735434144639,211.84657845741285,0.47065868263473054
5e0b780bd62abe3a4eba3cfc,0.11576064395013262,0.011455730024560146,0.016306981433795838,0.02359818015033856,0.4601275269798048,0.3048933428545211,0.05459944007343635,0.013258153471893092,2.8670746080406206,0.7855655073212761,218.58874836667866,0.2789473684210526
5e0d416d13ec504cb9c43cbf,0.049573286546069475,0.023762300038167657,0.030910463788384517,0.05194323553061781,0.18947315340047544,0.3442292443085656,0.1618652270342959,0.14824308928682334,2.614172602844332,0.7453870186778138,166.53273148826605,0.7170283806343907
5e0e31c179f2fa58ed5bc904,0.027345860423510705,0.007110759228769881,0.003913495395421209,0.031819876028461695,0.2330652100599379,0.5045027674263469,0.13801413740464327,0.05422789434617677,3.6486819163205078,0.7588586006038616,203.6672956427398,0.6389891696750902
5e0e49cfbf3d4e5b0925b2a3,0.08412796483917301,0.030715173071765533,0.026267832630516585,0.023475585930503595,0.5929680362264298,0.1821790152495199,0.024338490842210583,0.0359279011934449,2.7877283263032444,0.8365326114224321,230.09796525221873,0.0023847376788553257
5e11882114ae638303c715d9,0.045547159822377115,0.03862175134265847,0.11508667553428226,0.009080496942176924,0.39274391174301637,0.26293560934627563,0.05382063889465957,0.08216375623366198,1.8387859771323622,0.8043032266761907,187.09362703433283,0.8096472282217423
5e121b2b82a955890a9b3484,0.17820280211460227,0.02210024386421746,0.21120555511581396,0.04922746230521718,0.16687583194288524,0.09070817466381786,0.22860259954661677,0.053077329991069025,2.8938301549579193,0.7886459929177912,206.90967010873783,0.16848174247277387
5e13542bc12a3699bbdc8753,0.15459954761208636,0.018168784214413095,0.12053957526243392,0.04243437626104727,0.24155290094853124,0.2829244583548421,0.08309316399451405,0.0566871938812079,3.0408825918381717,0.7618448527941923,200.6614437479177,0.23741859088217881
5e13ad514c81b2a01ae4aa9f,0.08276690275891535,0.019408977450938707,0.018948357577204603,0.03960464622879491,0.373136569085808,0.25231606589096994,0.12483696710752337,0.08898151330530352,1.7897607809379072,0.7782666983511978,262.07981104171404,0.12790697674418605
5e149c03864020aa6e1cf04d,0.04889549140428453,0.04078462869266542,0.031047581857257155,0.03561263616004431,0.4651747673187027,0.22366844206539696,0.06559002024410156,0.08922643212507206,1.99495230805316,0.6997080624388801,135.14061743898992,0.3119610048743907
5e1545d9b1fb05b6369d13e8,0.009895213115133004,0.009493705607606488,0.011681650321070717,0.14908600434071467,0.16367707100521456,0.12568777949656612,0.07058357684506408,0.459894999033267,1.5968926776730656,0.8135246995600096,188.34382510362516,0.6223652656821911
5e16c36093ab8bc8c1c27f35,0.054347725542402726,0.03726860803533017,0.008126579926321731,0.031684636236769245,0.40661707278925574,0.269029178840071,0.052218660286221505,0.14070753891908158,1.331202566377124,0.7158781510696538,124.69850400405001,0.37486338797814206
5e17938e5bcd430947a98c2c,0.0362086877083756,0.021819488729933494,0.04700348616141549,0.06820177793224409,0.46204095090358915,0.19522039381648865,0.12844756938672738,0.041057645387342835,2.1090373158554567,0.735220242950947,150.62880240526914,0.9220576773187841
5e1882adfd7db4158998b5f0,0.16190902339169388,0.05547584681969407,0.06340675339211033,0.01082557433948543,0.15947392597232046,0.3106971588216912,0.19366715612024893,0.044544560623370665,1.7740820006283742,0.7697226541214793,146.08150083897377,0.04085257548845471
5e1b7c078b6dfb3ab0565e50,0.02575512903584193,0.018156624120668496,0.02015302086932828,0.08217918021651287,0.23784923748387565,0.15256653474282705,0.3863975689472386,0.07694270415712312,2.3477881868906443,0.8581983336437135,257.6531087268442,0.15843270868824533
5e1bb75a8e55e13e8e848319,0.009360039507711328,0.004724986928400663,0.002974861739840569,0.0757899616479357,0.08718531987604301,0.1070056180370861,0.029426957855359454,0.6835322538960534,1.142182466737071,0.8630324314829915,224.00286375414242,0.6313945339873861
5e1c0249b07c32408bdfa75b,0.0632865282787259,0.007374067832958872,0.021525294599276615,0.08096170968108397,0.15473126078134192,0.40968674439792985,0.16834821707105993,0.09408618371007456,1.9100596903948346,0.8534071252427994,211.73006014948967,0.48299319727891155
5e1f7b9242998a2ab95cff70,0.022235562332427492,0.017987501365457462,0.011936781618655962,0.03660926041151734,0.48507818596424007,0.28618724699082954,0.03702206268996313,0.10294339900577495,1.9283413508315164,0.7859577201674268,175.76209184241074,0.10095137420718817
5e21cfa097308b4b1dc8f24d,0.03482769026144741,0.02906974832149479,0.01720517561005734,0.01796655260099249,0.2685403770017855,0.36829621565013115,0.12358285096259491,0.14051139033867444,1.20228050420069,0.7636493101580102,149.33110826297704,0.5891238670694864
5e21d253c7fe654b45073bcf,0.09080400547338761,0.014157953765870257,0.012316595960309906,0.13460905813896007,0.23393157964511493,0.17267578096288858,0.23876411793143434,0.10274090762135628,1.7260905821599137,0.8499452318564392,217.45637384866666,0.08687664041994751
5e24251b3e33586a5802206f,0.06847144596995779,0.009924784626505648,0.04954226423437436,0.15326193148908715,0.29910608746154715,0.1885951513784022,0.13976694515632748,0.09133138965534551,2.018235745496381,0.717724781965861,131.68224188289713,0.44948232774009284
5e24ce20e3c71973d8ac396d,0.03733325281645428,0.046268861197847753,0.07671983222044274,0.05647751987132323,0.24371442568838425,0.24867786012737716,0.13595438596941045,0.15485386272289278,1.501954989830036,0.8643304786064288,239.84362204529606,0.2065779748706578
5e25cd6e4bf0bc000cba6291,0.16955715235630545,0.036271679199795924,0.04356970713851166,0.032160132190493636,0.3132792569546949,0.2792701453257116,0.08163851629797884,0.04425340957359539,3.1631887850738973,0.8196619659803028,219.58265748455386,0.5615972812234494
5e260ea4e8ff3a85e65395ac,0.12128415194468462,0.012986673830666968,0.01880312636735422,0.14030318819535614,0.17578959728437746,0.329346803384105,0.13540001564104068,0.0660864457190452,3.7899082786016645,0.7449787734962701,192.08030009683276,0.5228346456692914
5e2622adde8f270961b5fde0,0.32352177422709655,0.025221971244380376,0.024726649427360217,0.020360822943633124,0.10649774843790641,0.3994808555182545,0.05895058135404288,0.04123959717082884,3.1816322664695673,0.7805308475378215,206.7059992405757,0.028145695364238412
5e26a04f727e048d3e0b9459,0.16773051719039647,0.013897330615878101,0.016610658492498282,0.037913190814078776,0.15980906454297109,0.47602575838593386,0.0699597741753249,0.05805370580540132,1.709757637090768,0.7231097568764033,150.53510399557828,0.03402708952758507
5e2721b01160079464059b5c,0.03130570195208803,0.0495928379985848,0.07114646667746358,0.01412680759663837,0.42774650728291186,0.294898956883376,0.0522270787248397,0.05895564250515579,1.758201535012262,0.8093487877814343,212.66880552301296,0.8355181795696265
5e28ad9b6dbb5608131beb19,0.04241966147615802,0.10092629166254846,0.022125154480541632,0.01861679551603449,0.2582078210332402,0.40256086775518596,0.10361238330608445,0.051531025012248835,2.2730087253869793,0.724376550025756,146.71649332212635,0.5575326215895611
5e28f6f3a9af590c5b97b2b9,0.007800476359032763,0.06231086749554366,0.004334389874589107,0.0027286952047567126,0.7550499836815141,0.10629260843430356,0.05204758172274686,0.009435396911426296,2.564607473210704,0.7980962176576153,171.08619312186852,0.77735368956743
5e2926d80beb030ede110e67,0.13015980498494598,0.019110715054304818,0.07929291508611783,0.06374650765859903,0.16976365461557677,0.16477643250288063,0.32216863528281753,0.050981334357692094,2.812324293127154,0.8001812630022189,212.33290917933027,0.04465290806754221
5e2a2246ff519c000a305892,0.023549856480084716,0.06710593186612043,0.01222258463029892,0.0164651591665388,0.31584777965149535,0.3522404719623428,0.12326377072247977,0.08930444572140213,1.8366357459143874,0.8222302616894586,219.29352515626996,0.4109195402298851
5e2be6efe179572183644844,0.02829109216670809,0.010413243782032679,0.004314371678819912,0.052260078868150775,0.09101630898321782,0.34630041929292954,0.42791079227014994,0.039493692995693955,2.78395593434309,0.7691371502845208,160.6684549781423,0.05358281947692962
5e2bf2153a9311222d4892c6,,,,,,,,,2.209847865037729,0.7331569191420025,131.79418353402693,
5e2d9faa72e2fa39058e5b4a,0.031017368752936227,0.006859130789849849,0.007419224016131747,0.043345433156771855,0.3035606147818056,0.4477099672791057,0.09802086538181366,0.06206739557007336,2.2371904318331937,0.7317803723323096,166.7666108836657,0.007084754657570191
5e2de5a5ca99353d0b03b72d,0.010148360371019757,0.04476745920467483,0.016175956345598718,0.014329112103213623,0.48914401358505794,0.23071775649569626,0.0675466304371548,0.12717071138469152,2.772636066524647,0.7787754370504691,228.56719376972387,0.8687399030694669
5e2ef776425d8601c43079f2,0.033264884403252745,0.03639442365555274,0.11381061087419514,0.01594278576209781,0.4511793461432246,0.22737462172016576,0.08023398166714571,0.041799346076634526,2.458204261045101,0.8421644268726123,243.14148628266418,0.00663716814159292
5e2f4df549436751a44c8d8e,0.14023238287921727,0.05920521836352689,0.08656657507904264,0.029437526328145433,0.23529231550658572,0.3399146563322772,0.054009301403613215,0.055342023968879266,2.9191807765928464,0.7111474898472462,152.09183127947784,0.33058094957239753
5e2f92e3484f9b5583eddcdb,0.01061944055560674,0.02137626508458698,0.019209311476525225,0.057541968888433444,0.4090564327042151,0.20148831080841,0.15483468121184824,0.12587358930425485,2.1781693697817155,0.7566161626230244,200.9755108797896,0.3401885175664096
5e31978166f7ac184c52c457,0.026734126412184346,0.01984850484495324,0.00952508863419556,0.042492066781830776,0.5617642122849263,0.136691807774647,0.06961878633441929,0.1333254068338233,2.8642697253997396,0.7135910223918276,170.92749206201168,0.51105216622458
5e322c53287816210062d0ac,0.026233429108833806,0.014186142406678873,0.0076106141379979645,0.03416234169672125,0.15809645635128597,0.19509937973359043,0.5373397332414099,0.027271903280066387,1.7586257392731686,0.7226343407687407,130.084292847042,0.5197589686098655
5e3309ad239ceb2d47d47c4a,0.20569513253059668,0.04032272377485521,0.0314142408082954,0.10482193181591765,0.14359576341409416,0.26183876871556333,0.11340114199472731,0.09891029659338972,2.261872391328937,0.823760615691625,230.8303769127076,0.34720908230842007
5e3360a4499e7932901951cb,0.10352426264766798,0.004392844676240805,0.010293840761799872,0.207572156650825,0.13747918183075092,0.3230651061175313,0.12868817051181822,0.08498443679959333,1.7676107386607245,0.7838537053103832,164.68540205961892,0.005772931366260423
5e33f0622878163a8387ee65,0.058220397446504125,0.05006312578189305,0.018770714249496022,0.04192536375002129,0.2465125183920903,0.2657423783231535,0.2068261816547168,0.11193932128480237,2.1234329995309835,0.8003849732363909,240.59016247182217,0.2643109540636042
5e372f7ee63d3c000b152fc2,0.11081154712150675,0.018568625294590874,0.037130581990651716,0.04186558651005682,0.2299679172103886,0.3591308009290869,0.053596338148867856,0.14892860317100168,2.8868008769476057,0.7560534848127749,201.84970965103963,0.65480631276901
5e387b36caa8e1000da3f0f8,0.06426836685944808,0.012004064333103057,0.07468383582511866,0.21071801724433814,0.23147407542747023,0.1732366772906266,0.08508266598549159,0.14853229654451444,1.9848417454510177,0.7966667406794509,231.0730345020783,0.2050882658359294
5e3a1f06bba7e623f17f5669,0.050519136729546665,0.01401930869091296,0.0013705416761028,0.0019437057174702802,0.07032339666349186,0.6819460760222541,0.17642459765904478,0.00345323849223656,2.1604038950129856,0.7680479616357163,199.78842430628814,1.0
5e3a238e9d5f1e24d3805045,0.08123247737456507,0.08418401892289532,0.03360329335076012,0.005574391991683279,0.3891083980609998,0.32337349884014815,0.07009339690528442,0.012830525484200805,1.9451398252430931,0.7639879629978372,162.15953261707162,0.28410513141426785
5e3ac9d20d41ad2da023d9ae,0.04705449277024486,0.03234803158448161,0.08777151412992146,0.02120453240977618,0.45843079057238695,0.17723719663969273,0.1261134704044421,0.04983997180697437,2.5491539311757117,0.6865470136374118,153.40080992947935,0.5034642032332564
5e3c4f807635c2012090dc10,0.012454162869999829,0.019611104032682528,0.004615044452519809,0.09542870077366239,0.3142320698671589,0.2255309486901094,0.05069799012330401,0.2774299797893736,1.467527414018076,0.7715663615290701,161.66988715408672,0.40274841437632136
5e3d91a08dfa83000c9f4d36,0.24960331144644196,0.03018427445162731,0.20633372984742124,0.07560950102415609,0.07247116980062693,0.14800854047142165,0.18394122752009812,0.033848245117923274,3.54595184024075,0.7082157656577303,169.10486686078872,0.49110320284697506
5e3db8f9456974000afeb855,0.09108864613675663,0.041962733985276036,0.20808747024662066,0.011485466656012307,0.3961139724654734,0.1472133798421078,0.06324507175722031,0.0408032587369414,1.5970497794914909,0.8450551593897567,241.66622621159058,0.9880863737900223
5e3dd36d19be0d040a17f13f,0.04042280197532776,0.026039409556000863,0.023670961473190776,0.07482862697327751,0.29163901510567636,0.15969628047353598,0.17655967949276904,0.20714322484495887,1.078034308200756,0.8080067704167289,130.48515716496144,0.0014781966001478197
5e3f6b251d15101c5251d8b7,0.07770443284912747,0.009168259713083268,0.022969592802838133,0.05620206330729085,0.3133690753974161,0.23989925657383032,0.06467271099284928,0.2160146088179431,1.559717384706611,0.7918675486851663,151.04301890030968,0.06499733617474694
5e40cd8807d04430f28eef0c,0.07234633280615368,0.02866352095120272,0.12314656521524857,0.02622814221702541,0.4871738220447674,0.1774592654677676,0.06324144524700495,0.02174090604678774,2.6101148122611297,0.797000363406862,203.27133131258228,0.07048458149779736
5e432b707546fb1cfcd9e0b1,0.05624549072577774,0.05967834579376243,0.05166791070844923,0.0497631110338158,0.21303891311721976,0.23601319726180828,0.25346309255453275,0.08012993884869457,3.7788888335483146,0.8021550306030303,174.60388104211063,0.38646482635796975
5e436fd5a21260000a4d49f7,0.042069496405692255,0.017702461975961013,0.0801875159543377,0.0668955691541039,0.15211078995366117,0.359583714815639,0.09379524333828596,0.18765520840931568,3.563359080558841,0.7736032330091379,218.4735675148576,0.5661057692307693
5e438573651bae2106fb0f21,0.023238415332603752,0.06171335089683061,0.016627182925918298,0.024777341696390762,0.36139133732884565,0.33334598739741167,0.07627669273930535,0.10262969155866303,2.3846066504756056,0.8125488210311296,230.99135320819477,0.5716129032258065
5e454881703c9401c7c3fe4f,0.026150189017407895,0.024387787235250695,0.012439941794039566,0.010516943055964505,0.42273630768606685,0.38596558614319626,0.060445037934319344,0.05735820721005145,2.5145786200347047,0.7989919990745583,211.07209559719806,0.7697008684464458
5e4566e8f64db704b739b757,0.15692060070554054,0.046184430507203916,0.03848589024598845,0.00741921167233849,0.15422692854094638,0.435011480999158,0.15277823259129458,0.008973224570782808,2.0138227841744873,0.7910041866950351,141.45443581711763,0.5861678004535147
5e4589f0dc89f106ff742885,0.03662131190004049,0.018877729351288983,0.013494695252650481,0.026457527898986533,0.13669462678153163,0.43835868372768794,0.23694804200829334,0.09254738268998088,2.916998443115301,0.742640185667293,163.04206949792552,0.5831123801754028
5e4661f88bd52c1307647814,0.15789220070593082,0.009908545693996665,0.023246909530559457,0.0754369738673961,0.10532953027018495,0.38507997511823105,0.1730980755336203,0.07000778919428925,1.6907356647938514,0.749018663656593,145.24298984746903,0.7616120218579235
5e46fefc190716000bcc1b92,0.011084405532733292,0.0009460586701195477,0.0018921866662149826,0.06076294533449183,0.0025563558440534245,0.29355561558767646,0.3157758246561597,0.3134266082463379,4.56536686115236,0.8180615089317175,183.55744504040155,0.0
5e470b9563f714033f4b7a7f,0.08495565784116656,0.09412559325277059,0.10343487676796524,0.005858098518514221,0.44689697241582105,0.1537888391086363,0.09800386127186972,0.012936102142969185,2.037214381679362,0.7837220204608089,220.3956088060131,0.6987740805604203
5e483052a742a3000f7c15e8,0.048562241211288756,0.10049679403749495,0.061961573381370726,0.003264358281147631,0.36726721211623564,0.35246115186043087,0.04115406563758418,0.024832602513645254,2.108878945676927,0.8233717183405179,221.25272170164718,0.9867330016583747
5e4a1730c94447480594cea4,0.036392505496813124,0.02434168982789782,0.01490761576228805,0.03683049284412411,0.29145784891698556,0.279708330713543,0.18904939592902048,0.12731211973174705,1.9989201335566738,0.8319456015859426,194.9838505890569,0.19665985003408315
5e4aedd76f4883000e48bfe4,0.03817079849571179,0.023286547672897184,0.019428121262969673,0.04220256828835488,0.24370882246808834,0.31857308140979457,0.19891154515088325,0.11571851506134871,1.5143065409280596,0.6906657419711539,130.5323825087655,0.16539634146341464
5e4b0189cdf5a6011838a6a2,0.0977767452468113,0.029003199910312926,0.017016907666868347,0.030819367923226582,0.2813224697060204,0.2739885472775004,0.25036362150891683,0.01970913988906379,3.3467523888978583,0.6992871164376984,173.826261632162,0.1891271056661562
5e4ce1b969ff371388c86078,0.12042233571712932,0.029649854866115183,0.012244087936982652,0.02253055171128113,0.234187956273048,0.445560374383778,0.0756180215067028,0.059786817496331524,2.9166154627815852,0.7366612061749028,151.01679547377404,0.25263355906696766
5e4d9878130d9e1fb88e68d4,0.030059563316792517,0.011460458435200112,0.021943964956901013,0.09557258312927634,0.16052721186596955,0.36728231558590907,0.1517695063623108,0.1613843964759331,2.590217161638965,0.7662643985282647,182.07712367118637,0.020508040083896527
5e50bf5e2cfcc30ff7f5d870,0.04371874716872362,0.04922924160134424,0.028173328190113867,0.017625363156090694,0.3817508523160544,0.34084824966741484,0.04182158066775001,0.09683263750716144,3.4116439708732003,0.7872304173830734,226.54383727802474,0.7334064728469556
5e51dfe3618c57215938d7b7,0.02654796955707373,0.03529044647284115,0.011501581375297408,0.016404644840055785,0.453589935077066,0.2447352287399532,0.16197174844571843,0.04995844589209942,2.1249678092169284,0.7654073079309449,156.4331246447812,0.5060021826118588
5e520fe5fe2087237b1b8cd1,0.034327523794491575,0.019285724155650698,0.05070012826468817,0.10320915422803807,0.24160900765170004,0.19731979736414382,0.18274440885400747,0.1708042557897326,3.4773819279430804,0.7859384749954749,216.87633133754454,0.5506607929515418
5e52af8dd120e7000bc35826,0.06389532873154076,0.011087774986158707,0.04548434436354465,0.03415620654790033,0.17302824413260096,0.49994865343805134,0.11758693900257709,0.05481250859597468,1.8053547351387098,0.72669784058545,148.4396007290704,0.17006802721088435
5e53036cd91a8232a99e60fb,0.08025708496803013,0.02169600017061371,0.030168442314156448,0.017586939374261697,0.43468694987590434,0.3348544433308194,0.054176167613265235,0.026573971502613876,1.6892035767686016,0.8483651915604838,286.2796954869204,0.20205479452054795
5e531b2205acdb33c0f5f24c,0.11336760729106655,0.017096369582211956,0.03488331037339427,0.03829922485376804,0.3736417945869891,0.26361335897500543,0.11613611555942746,0.042962218438697665,1.7940951271783907,0.7828849755343906,161.47950438551314,0.023752969121140142
5e53f934158f1d3e9d2d761e,0.028662713156926676,0.01658155569971507,0.012301648906071466,0.027979532847426925,0.4831640318943209,0.3038479834145825,0.077780110922102,0.04968242480373173,2.3080737002786944,0.7586946948021899,218.3114782168424,0.0063025210084033615
5e55483da19eae000c314220,0.0200066970606938,0.029007523551825686,0.03477413100534151,0.04768757937844856,0.5155276689355106,0.12446621104841629,0.1598164389860752,0.06871374949435222,3.073977626093826,0.812983715710088,219.15255860565605,0.22273998136067102
5e554d861665625488a7733a,0.027008051023604478,0.05114560015671993,0.010990605555646666,0.025883203847833408,0.23236965563661882,0.2397416393031626,0.2723227768293766,0.1405384679963729,2.432407951942166,0.7202005926026028,147.4686602985412,0.578021978021978
5e5593e29a302e59cb575f46,0.058652525324491424,0.012065415268018412,0.008841969818324842,0.07690275953217215,0.2324848956577949,0.4027869783964135,0.12077038713729757,0.08749506927922937,2.246899877564048,0.7394540774198568,215.42705402643904,0.24577025823686555
5e567cd58e4500024e8d096c,0.04569263347865676,0.015158322325670968,0.005561738547245923,0.18797478586742777,0.3350651885385666,0.09790949641052692,0.07575323315628868,0.23688460148223098,1.7258529219220953,0.8080877656806978,200.1089345640835,0.2016847172081829
5e56a66121583601d3c3526a,0.022011529450001743,0.07010717908412674,0.09173181527283376,0.010339924352236487,0.4111470172749804,0.20440822322192514,0.09767014762086597,0.09258416427822312,2.3732590385519914,0.7671162005266058,208.40178624575802,0.6412884333821376
5e573ba5ad27610fa25300aa,0.09234814663540374,0.09468663505056267,0.05758508161276352,0.004273537016953235,0.3121050592379442,0.28564898853408677,0.09815355646144051,0.055198995485189854,1.044673770054482,0.741213811960444,145.3084515789033,0.8685446009389671
5e57613a151c201197693dd3,0.03004770205618244,0.0308178609529394,0.02840128235088611,0.024312179341170612,0.3419975088155937,0.3937117932132106,0.10027933828677511,0.0504323356506102,2.9579984645597683,0.6868752818597612,143.31294093021756,0.2659380692167577
5e598487c713f818c914883d,0.07283929595859939,0.008975350160858814,0.0037550789197650764,0.0438327948253239,0.3980300217873447,0.3861080116255094,0.04488238445592613,0.04157706444336409,1.3895774852143048,0.7482319116420344,129.3412438065353,0.5097087378640777
5e59aa8dd3e2d31bb670008b,0.04282162701143357,0.007762605924299035,0.033307681993979175,0.10034397459596556,0.08563235860457592,0.3590748563782258,0.2025654742953638,0.16849142146092963,1.6259964503704698,0.7964294914980414,181.97904540381649,0.35478680611423974
5e5c5cd271e46043eab5fc56,0.10126865343819957,0.004785944844192734,0.007932828668883769,0.11040883920044667,0.18715010444799832,0.4124748109622884,0.1062059752496134,0.06977284296258021,2.817086137250715,0.7951811646888274,238.8541839394225,0.005823627287853577
5e5ca080bb37ff47b09dd4cc,0.007453314048837182,0.01829518271096876,0.00960502650841831,0.005374305723959749,0.8166144913750273,0.05385637911193936,0.06555678630285502,0.023244514215362153,3.2286623435967403,0.7906126209554494,208.53593868910485,0.5325616616183471
5e5d41f55b2b6e02899a1b90,0.21712551301644692,0.007834932121215919,0.02102400519422019,0.1459731922317091,0.12855004541323117,0.1832491253081186,0.06530122850650395,0.2309419589795185,0.8381677969391252,0.756421111659388,138.6325011920495,0.06800832755031229
5e5dddabde7bcc0f4e431817,0.009166364799404997,0.03264362002908824,0.010563128116126431,0.014348960215063067,0.7342580467497839,0.08486838209740907,0.0505026705072811,0.06364882686760066,3.0994898607687738,0.7896758824387581,231.57325244097652,0.49835526315789475
5e5ec4b603a4721fa9447858,0.08534984749409849,0.016332345523568888,0.03687448888677957,0.0377655955703227,0.39383030172457467,0.3086517186675436,0.06644988388764886,0.054745818520633684,2.4024130239058685,0.8063389186345216,213.59768948396416,0.5806658130601793
5e6018dc11009135c2154ede,0.04039425539243019,0.013184384247980995,0.031118607533302596,0.13099378131138123,0.05482203996541802,0.28181471001165925,0.13990543517395546,0.30776678602698193,3.1241952026948376,0.7577468241874072,206.99165225956617,0.0
5e60344611009137b29e78ac,0.02897881872105129,0.036744867694487954,0.02977454328310228,0.03593319015700187,0.2871153148622088,0.2672248271328002,0.05657417839725374,0.2576542599041779,1.5522959190106858,0.8091860111692775,208.30039877676813,0.28074245939675174
5e606b1eaf84e83c728748d7,0.13062011190821737,0.014566488849466874,0.012942572476761397,0.09714994168587018,0.12684463494264733,0.38340284990471574,0.17737801933415315,0.05709538102652181,1.7090058030369175,0.7553788579645725,161.23540127710575,0.09322669332666833
5e6139a2941dfb03f8bf1852,0.06901404965150285,0.040049530780502086,0.038716941067481324,0.016691595343645078,0.3380393417656991,0.27166913177093394,0.07354481584550779,0.15227459369065952,2.99766921459245,0.8104298726764284,238.18882492858492,0.08870967741935484
5e63912d08c2ef10e6a85688,0.03256156240183736,0.003700721299639925,0.0042105627698824704,0.11426241988107012,0.06370225200818175,0.17829123937992403,0.47918337316254184,0.1240878692455026,2.812188650472505,0.7813676587212659,209.38734426457998,0.4429460580912863
5e63ff31e4e9bf183d956072,0.07990913034527802,0.005172829029070176,0.04002356277158901,0.18596344291692446,0.16874379754616056,0.26872359486117803,0.09892062044844617,0.15254302342419343,2.1779242680785766,0.836758711895726,241.1105863847861,0.041968162083936326
5e642e094eb0061c36579d1d,0.15318135916123637,0.004847245202948735,0.01424983802168373,0.09199423561715375,0.06759894414365103,0.45408008612633477,0.12260854168720955,0.09143974962394927,2.619604868839748,0.7467592545716724,175.26946704426905,0.12478235635519443
5e64629155bf351e8bd24721,0.07551445501244967,0.026733334426911285,0.019927747074664364,0.027770710243772333,0.3932641688111032,0.11375293934357093,0.02282587314944208,0.32021077145605287,1.690033187638578,0.876471792446677,265.48782181924815,0.5966850828729282
5e646abe244a7f1feb0f6321,0.05671593790723445,0.07692258305682753,0.02630151065746004,0.0038687807959910314,0.4085566231783092,0.25285126057907875,0.1462813530744602,0.028501951121733655,1.5148360977475128,0.737880847615903,138.21194039034503,0.8013219284603421
5e652eca7513cd000b552d4a,0.03658096033673895,0.022733241697949415,0.0600767453978065,0.06917200849207969,0.4566584764502289,0.16312549072166022,0.08116010634647722,0.11049297045213563,2.2884464040389396,0.7820961973773337,211.52752713854463,0.49518874907475946
5e659dd9f2dd1f3226c38f71,0.13699699774512128,0.03140853605328116,0.22772965285201305,0.05775363811650315,0.26700685144025876,0.11901828555410916,0.11178997249456508,0.048296064715524764,2.711604882840511,0.7710612658847497,167.11847783844325,0.022743177046885936
5e668df31d7e1a4039d67b49,0.05888326011476548,0.047098424007274126,0.07884623990221301,0.013055165542542612,0.28899905737339104,0.4137727129842212,0.04403532667118024,0.05530981299229577,2.0641815034985576,0.6886100916461154,155.3550476819107,0.7832558139534884
5e67b5c4a027430517877069,0.03653630010731593,0.009246030568052751,0.013874550852247007,0.022597429059227455,0.5829767432399283,0.20504857667171922,0.0336353393603828,0.09608503029749121,1.879038319672181,0.7843505382448678,150.8460634208682,0.20932597327135385
5e67f0321e4f0a0a657c1d08,0.09738597143282093,0.07699942032847533,0.08880070251880268,0.008177970919730179,0.3600875440305659,0.2695316064714948,0.06443927072079159,0.034577513505130844,2.2599536728917085,0.7682161388954766,191.21310273024903,0.7366512854317733
5e67f8f38e1aca0a31ee82d7,0.164813967081361,0.019016939759162955,0.0866673383405021,0.06026600895211372,0.20010154202581068,0.27283570069378005,0.11418685057742001,0.0821116543083864,3.1708981249637356,0.7057792911641062,163.45907465052164,0.12067156348373557
5e68083669f4cf0c05439f94,0.02220981245361196,0.05039005255272217,0.07800689028945773,0.017016056647776008,0.3774173687168444,0.11723547986998306,0.2384477652581573,0.0992765742694606,1.9873249720450865,0.8188589154231769,204.46581583079495,0.4095112285336856
5e685de0490eba10cf5348af,0.0141070338900198,0.042008254000832,0.011241052250192809,0.041101488769628235,0.4671504773281512,0.1732311768583402,0.0972945667563555,0.1538659506203443,2.508217427431866,0.8329563355528778,239.36762938358905,0.027256478999106343
5e68dfbe9918b20349f76035,0.008612659842143865,0.0445556719025835,0.023727757227188926,0.04797416835753693,0.3076269598589859,0.183642037671903,0.20663628208244472,0.1772244627986835,2.5277432634133965,0.8008736741450293,214.41226286909182,0.7675889328063241
5e6a418620befe00096983d2,0.17502202566807476,0.03149708014502859,0.048397722289001674,0.05241340567609847,0.21665214403828004,0.22494956896530913,0.20568560204871417,0.04538245126023294,1.6712764732465935,0.8418706203961964,233.23867679120548,0.7373124800510693
5e6a608ce62ce1000c940212,0.01665329206475712,0.03355880609618032,0.03142313818469266,0.024709472173157818,0.600412739271952,0.17286388647882586,0.0729603819743744,0.047418283916181685,1.720034326954031,0.7166944237590949,141.49597531847107,0.7858002406738869
5e6cade3d92ffb26677dbd84,0.016921206514182843,0.03879765779797038,0.052936639115912204,0.010872899383149158,0.6706905455073343,0.09974113106290423,0.05047319140450032,0.059566729447949315,2.0470926145311106,0.808097552152566,219.9614721069821,0.8411972291203764
5e6d08da374f5b2c1f67aa85,0.08545252226874873,0.03807078625304963,0.05709319515409477,0.03304994476350829,0.3903306982138077,0.2239737091091892,0.03901069051522205,0.1330184538752378,2.9631179377631898,0.7852377629045515,160.22571171879994,0.5390581717451524
5e6d6545993427329a35b800,0.0194108457358422,0.0177281035884163,0.02542538640028609,0.05770515886296464,0.3824566170357153,0.08383015852695853,0.35796252386215915,0.055481205990190706,2.6889180627628275,0.8459059658026349,251.31210894662124,0.6039176148638917
5e6d93f7d038053607d17880,0.016287318120299963,0.01083400131515622,0.0022963769713098725,0.09334678520008764,0.3986656183201934,0.1873302730326291,0.08626352293466238,0.20497610363802393,1.9423463542645876,0.8789479132757583,269.92627717114704,0.8542310067943175
5e6db3f02649e03834220ef0,0.06221733181516933,0.041866042952136855,0.019055157778683753,0.035923387407026434,0.2557797834086775,0.34314352188310004,0.1454795559699284,0.09653521837211443,2.6818642498492657,0.7499240644429305,159.72573323172367,0.401468788249694
5e6e918521be18444d596213,0.04185038892421073,0.07487388526205647,0.044289699358642534,0.0043413647170858485,0.537190385286012,0.25285707552348746,0.03051350101883411,0.014083699966069568,1.540058446169174,0.7667259153060657,149.84020750172027,0.830477908025248
5e6f930a8c586155bdfffc4b,0.01931665817624526,0.03450168662837112,0.024420807884086907,0.014753728545664304,0.35231748944879826,0.3912081800660026,0.13441916592577632,0.029062284488951887,2.2962538541094686,0.7330511317675045,128.7959336507188,0.025962399283795883
5e6fe1df6319c15be2ea3524,0.023485399368088248,0.03539315840435258,0.022471925652189226,0.03316455770483811,0.18198506383532498,0.3869753451459549,0.18790756320611066,0.1286169869856987,2.1256422954518013,0.7473079523856686,145.0478166575727,0.6825775656324582
5e6fe3e20e34ca0aa955b116,0.06328553987953693,0.0230350851500525,0.015359022758931331,0.028838458080013115,0.22043693740247033,0.3989273130271325,0.17389753363932872,0.07622010976619008,2.9200901919728612,0.81467262317337,257.85984781816757,0.2596685082872928
5e702661ff04d660078e2be3,0.007590315545617664,0.03258819350851615,0.003374725355701546,0.009309243442341448,0.5106024339921004,0.06619864481994056,0.024736620150833433,0.3455998235951749,1.285081244771773,0.7098630778052539,134.90609102411014,0.9045383411580594
5e7072e5fb136c63e94f3fa4,0.06064653731475802,0.01668060700730279,0.09845244112579028,0.11385953741438677,0.29984303951270586,0.12393207898562847,0.15088078293378682,0.1357049760444231,2.1973186181045405,0.7345452133082561,140.6800859388887,0.5664263645726055
5e70f556ff93c704b41b2b70,0.2166039315207456,0.011247617437744826,0.07171226223982798,0.03982720863086913,0.15786661958615814,0.25023958907014315,0.11596097886258318,0.13654179241809555,1.9262974159211284,0.7666630639111921,212.15598008697535,0.09177215189873418
5e711d9e908b46031e32138c,0.09545005510234665,0.009845897311728696,0.016495596461675765,0.05223748987939232,0.14897825655301153,0.4238686437155641,0.1839307021585208,0.06919335871302489,2.83905078239953,0.8009965100634625,224.22540323290187,0.09009774755631109
5e71210f2471fc03f2a62102,0.12552425156985808,0.004689676754142721,0.0070274357169649755,0.07238023843046867,0.3343129471931427,0.30266870421177994,0.048904273120673934,0.10449247345021129,1.882014854306956,0.7844036176959553,227.20709110355756,0.697268588770865
5e714543bb9f870679f01411,0.03688520539137213,0.01666788729840946,0.019584952324278055,0.1596101540133857,0.15648957242178052,0.1651609053125958,0.21835853702646982,0.22724278560288413,1.6521624198752198,0.8508214441430202,212.1025690415837,0.14697313046293298
5e71556788152e079f80b73b,0.07644486778472288,0.045876448597373796,0.0627777984816274,0.023877950332556283,0.5201798554703331,0.11215738203065043,0.11745122760137836,0.041234469309146704,2.50102692457909,0.8109402792493295,237.6969058614696,0.9473445301861099
5e718a10031ef50be0aa2092,0.0167331598277693,0.030781051924468623,0.03200441741445659,0.022872628914492196,0.32131032895631195,0.22615633332867616,0.21885282221652527,0.1312892567505298,2.769514185992459,0.785635285015682,229.91461601218217,0.38756613756613756
5e723ffcc1c46a022a71a6dd,0.011748174139563803,0.03354368667905184,0.010428661740197407,0.036570356909076875,0.588288813014922,0.07182163095960917,0.17984238083497664,0.06775629571137712,2.1277838949774663,0.8101278236461108,251.404676058598,0.9533932951757972
5e725c81966bf419961abbbc,0.03608208725234461,0.02382452454568657,0.020534396815874975,0.049420758786486,0.4310144888384763,0.1737830860736169,0.02668113919094413,0.23865951862851403,3.209099949604455,0.7890580104058352,204.4864749468006,0.9243869209809265
5e730aa954a7b42617d99c5a,0.01584328023127844,0.09489125866654197,0.01509980317149891,0.0049732719732960284,0.5310268278349943,0.259680689298225,0.0480157990529328,0.030469068289140484,2.5258495235571043,0.828550644487036,249.49565258148542,0.7843803056027164
5e7315864f3331260bc56c05,0.14733741265820455,0.021118715277784493,0.08823342725202396,0.0545949446726393,0.12758380406529518,0.3897887011555867,0.09034168654897859,0.08100130850406226,3.139876581903065,0.8266173868457011,250.19320372731607,0.012875536480686695
5e74003a82efd537f0587777,0.03828413879830541,0.019218473767265817,0.018620408582554218,0.12401194738189085,0.3394538959916866,0.18592671546517367,0.0503788619479302,0.22410555787471448,3.0391580625299275,0.6880034579889551,171.10198056367045,0.06922435362802336
5e7413f282efd538fea9fe05,0.013887430603983753,0.039207697476680375,0.018380036051646904,0.0070005104827974285,0.7859509498437259,0.03925549107482948,0.09109933521615868,0.005218551377983344,2.2507002600998893,0.8367708353271063,233.24974475580007,0.6650717703349283
5e743a1d8c8f273b566b864f,0.05959505766167536,0.022532125057514132,0.007305844040211877,0.052418572754210635,0.5034958276660105,0.23017713958599303,0.07577085002963416,0.04870459520659154,2.522319681690413,0.6709678410990366,128.15685428980413,0.1687170474516696
5e75b3b5cf9c271200060583,0.03599427968764104,0.07424490431874947,0.056213681906254004,0.02173104623097153,0.3612220341822125,0.31516929530826415,0.024914289194108884,0.11051046872425124,2.214630122172343,0.7546932846385528,204.57921774176168,0.23659305993690852
5e77116039c4412820356b26,0.17093219328455703,0.06347786402632326,0.12526466169880612,0.020160576682501086,0.31427594971046247,0.1874914937099346,0.07312555326759766,0.04527170722035989,1.8161364664598374,0.7455397385614826,148.0272163858633,0.5385756676557863
5e7751362226d42b52f254d6,0.03847125494860762,0.022993226455358545,0.07437964095992478,0.06418455114038256,0.43156015179067303,0.1137423882949476,0.18546160764737085,0.06920717890972729,2.3196013447021935,0.8207029636838008,230.96568882537434,0.7845340383344349
5e77f95053032d0b15687284,0.06576898719814842,0.009225696621789015,0.016740551514586047,0.1732806065067287,0.2699583681184614,0.10523836294458418,0.04994916354073094,0.30983826410133813,2.1532031734112556,0.8134610775235586,207.84183541668799,0.6762811537384487
5e782c5d99df853a6f1315f4,0.04562997886711067,0.026990088401244918,0.027382300331659563,0.021222820491952916,0.28686815733077264,0.2784983752433363,0.09189318971949259,0.22151508993318755,3.530865060915901,0.7459167903056282,205.96142341660845,0.29604925602873267
5e790129bd76c94a7b3aa7b6,0.06580586009519926,0.022414339726773175,0.09106156132520324,0.06310794812718948,0.42841423658897104,0.09882970673860787,0.1326258682521564,0.09774048004563105,1.8971959002968053,0.8440550929300035,230.70698872353466,0.039491298527443104
5e792902c0da0d0cb5ee3de5,0.027662025497711917,0.01310017004087539,0.010406167074660546,0.04444959740779148,0.38152286637989336,0.36336087278163204,0.09664107254141142,0.06285722743393718,2.0612116204479487,0.8141184650702162,213.10094590476226,0.538961038961039
5e79340b6d9a624e3f39586d,0.06570247526141014,0.02287615880313986,0.030684696751661505,0.09552800947423595,0.22135344746583824,0.2368454083688896,0.18282099885121422,0.14418880523121536,3.1655229854873848,0.6900687253954125,150.8215592878531,0.19869831546707503
5e79352ea4d7d30d65532c51,0.012495461806633626,0.020648832751652392,0.01684890780620467,0.09682745925826663,0.4002323977202864,0.15111711556532106,0.12180702597505806,0.18002279930451584,2.489403287665242,0.8622417816032941,258.11675903105817,0.4455617198335645
5e798102bb0d6153ce71c3dd,0.0026551604585208417,0.05052451324506604,0.004793673477479959,0.04387841352180015,0.39002579998527426,0.13306577235733996,0.11806551328845949,0.256991154362809,1.8807310204526184,0.8043587590438231,215.84846292996346,0.5549510337323177
5e799448fb3c7055cdee5ecd,0.01176294164123646,0.03111360665518559,0.002093614205591628,0.01123790618693789,0.3339241239114035,0.46432681482990806,0.11516814508110315,0.030372847560180875,1.4794530334701756,0.8694491687096062,227.83157298330852,0.016115351993214587
5e799a4602f92955a07c7546,0.031101453324092178,0.04024499382590546,0.2419930894443717,0.03700415029877254,0.27503219040655,0.13188091725100876,0.1827696072822771,0.0599735984318462,2.6121195377725965,0.7561931643160688,176.70688907027457,0.8167997938675599
5e7a0db8588326011907fb6a,0.08004646033790248,0.015391719804583981,0.12863847274622908,0.07050500111865356,0.2783406778957128,0.14346750221031168,0.139485408927093,0.14412475455473234,2.100767261755746,0.6982827696406289,126.40479329856443,0.07373271889400922
5e7ad79b4a5c600c89af2462,0.025630205555057947,0.013467005830327415,0.05575264020206468,0.025028300237136245,0.3799444455850112,0.22942790752468833,0.0988800635977359,0.17186943002049954,1.8663915288515331,0.8145226514889164,234.6527823025986,0.5166204986149584
5e7bc9097c3dc10d282d65e2,0.14135419051376955,0.04296426717933748,0.03257606201867555,0.03476421651242992,0.18552764844764658,0.3784375773942504,0.10929268468400648,0.07508335293009313,3.073310744152444,0.6955765293738974,152.35470971209372,0.31148804934464147
5e7bd30c451d18212b458afa,0.009854233636770881,0.024589831943801568,0.005766682526054755,0.006666266590169752,0.6419985650275802,0.20260918693167393,0.08219639291339295,0.026318840030978702,3.8078412777548962,0.8319072164729427,237.36432710811107,0.8773234200743495
5e7cb742d29f7530898fb99d,0.2907483512318298,0.018461100785964583,0.03397036543821036,0.042615894693937506,0.3521946935132089,0.15189251770776035,0.07312105316056398,0.036996023563822804,1.8844228447930944,0.749365092565754,153.97010621035668,0.11838989739542226
5e7cf03fea45cb369b402703,0.03438218926930373,0.018582449282610995,0.03679582355067728,0.04225244709418539,0.19858667979718453,0.2603309867225365,0.09604984127336615,0.31301958328122775,1.6228159703096994,0.8129275567233774,212.78415445505044,0.033391915641476276
5e7cf6a91b20a2370376ec18,0.020866455642340572,0.020419855460737536,0.014280020864466248,0.06842449152408588,0.25448446401570346,0.2538484911945052,0.29167740680734106,0.07599881406001043,2.2488321585168705,0.7923312314063434,188.52211842778,0.8451757666417352
5e7d21d4b7838b3a5fb29246,0.04394570328296045,0.07757401104403493,0.02661955906947099,0.003516150100958492,0.5455217772267492,0.1517420656010799,0.14486851336146536,0.006212219857564145,4.599123695705505,0.6848058799045361,170.93436750477898,0.3354548858105578
5e7d54301b20a23de6e1fb74,0.01373322406330369,0.03604745089718891,0.032321741408815365,0.05244397568050245,0.4799554913639211,0.14264268619850295,0.12638194977945688,0.11647348281796571,2.365922075332736,0.8382334887450915,232.80671933427132,0.5365853658536586
5e7e70c583c34c53f6c643db,0.05114761145699482,0.015320473517337452,0.026916117312123008,0.06686868208029326,0.12564363696061923,0.3054422833027538,0.1411028944995843,0.2675583007299559,2.2517098797329917,0.7515161488926891,210.19068000207972,0.6113701578192252
5e7e9728b8637456f26f3372,0.030873143713033627,0.019954432266712185,0.008956720104097942,0.09130489021582139,0.32638894690384435,0.17365491947279652,0.1553272008457019,0.19353974610184074,2.683656784857863,0.7936991570428161,240.5767823266912,0.0008539709649871904
5e7edbf14a5c605bfacfce70,0.031278937365666185,0.022714178464657654,0.03472488570857016,0.03876809855494046,0.2904524363842505,0.22613659921096552,0.12812945116314967,0.22779541406291234,2.340547662862393,0.7605788447263594,165.55251826817639,0.3711340206185567
5e7f9714e74e0c66d2a04098,0.14722468194808683,0.022887476631716912,0.0747860068775632,0.02240197950461818,0.4494178108526563,0.19755435362145402,0.04509561142744106,0.04063207912865559,1.7728043519945917,0.7810072336171038,184.08334724377625,0.3705844572896596
5e7fbf90e06daa01664bc717,0.10481006113292922,0.09403527319593709,0.03772974134701115,0.007768241912527113,0.3042038351847149,0.3060201099387796,0.1148469784862546,0.030585758316806804,1.5253065180336454,0.7922659453055516,192.28724900574866,0.5156882591093117
5e7fefe06c12706d47e35211,0.07927699880334112,0.013911819809967484,0.021467589690862335,0.04770060505932798,0.10207228932117476,0.528475039998228,0.1318919071074284,0.07520375016073906,2.9418779208410784,0.8148161229106224,233.35820868583576,0.36741889985895626
5e80d8569d1bdf03449b0c2e,0.02184676043048347,0.03162214310886856,0.008491054787078305,0.028368370015137725,0.47433969983237245,0.22909459464634965,0.09778958131142626,0.1084477956628247,2.745295695592092,0.8018816712933298,205.8337456886508,0.5411696806464025
5e810f7ab7838b803809d3c5,0.17020375897347434,0.032137586226074856,0.13168588840502143,0.031755437977122984,0.23531776484583503,0.12837533274135227,0.23783978691343663,0.0326844435509235,2.7419888503054497,0.7346754118402762,159.186567696519,0.5071307710901619
5e820a4e26ed71918013d860,0.19244471144188566,0.008306576793711749,0.08491258295172896,0.09220499972906944,0.15339627205996725,0.1772020216140763,0.2620107567488822,0.029522078691801158,2.0372572451086928,0.7708847281373813,171.19748520165066,0.47307578302539277
5e82a7d6c17bb79ebe9b09df,0.07091472834508733,0.04358555943853937,0.2224969590567035,0.04278845884605307,0.2350026743572776,0.16174232088201504,0.14371937072016833,0.07974992786986446,3.04121042858114,0.7819833719044721,201.82101685471113,0.9556592765460911
5e83a35304f8a80a13ac590e,0.04738046546033449,0.012046234411364935,0.03627154007383615,0.1543564370162571,0.12106084594288136,0.2576262408429184,0.24551415122480985,0.12574408524599065,1.4873184128643342,0.8636749503587715,237.8350503110086,0.006485849056603774
5e83a8bafb06b00ed70c32e3,0.03638303216992964,0.0114512761846473,0.0523246030875572,0.03340852497087883,0.1608632558750726,0.2983626329852452,0.3273396028534259,0.0798670731917097,1.76930194512401,0.7502619323212583,145.51398416083305,0.48717948717948717
5e83bb0601aa8c11929fa6d4,0.12000045428726204,0.006476229333178429,0.25817035022375684,0.11187263904901452,0.08777219547501948,0.08778104635621561,0.259663939705999,0.06826314554902718,2.7205631539181687,0.8375685404349863,234.6601473057662,0.5922369765066394
5e83fa901998d415bd2e5eb3,0.02372090022024581,0.014842193466864193,0.04348799759364492,0.09263548922102476,0.2727442568880015,0.14146613298142272,0.14658747220586657,0.26451555672653115,1.766268716221828,0.8455552061206507,231.02569280232504,0.5058528428093646
5e83fab3af601d15b6fef5c7,0.11138396444308438,0.018335040817144568,0.0595599326779821,0.054233274061151936,0.09374568701450775,0.40890603224964023,0.1149731029915478,0.1388629652158694,2.0585435656253575,0.7192149026405422,152.8705883092004,0.5784103114930182
5e8408d21d9287000cae48bc,0.1634663321187296,0.02534161354543933,0.060541271720618565,0.08791355164796424,0.17603573407546436,0.24555488242888032,0.0656112029499452,0.17553541117904692,2.0421784768421105,0.7985111584942333,195.408825442238,0.486050566695728
5e84765c7206730182a6f738,0.027116576820289506,0.01959483168444973,0.0054467423877376684,0.044779318529061966,0.5100914409752993,0.20513995735133878,0.13381125308816263,0.05401987915383966,2.3149706682382774,0.7958587669150363,222.48315798381938,0.0070202808112324495
5e84be4fc39ab0054840a01e,0.1424288983524938,0.006651232047599389,0.030320249860266654,0.10084010443501165,0.08502824407497173,0.3761460873178168,0.18055757715354254,0.07802760790564656,1.9455100915609582,0.7774618449317116,196.75531199902395,0.0
5e857e9acec05016fd59b045,0.011735669935105558,0.03932141488575489,0.012725674965581205,0.018772603339529594,0.4530975800205584,0.21740902853781138,0.15491240816681376,0.09202562022494952,2.584870774163018,0.8124985891963806,222.14398802049683,0.39693058946634113
5e862e27f569ad0c21028e09,0.033926814386206344,0.0624938202589001,0.015238406795608584,0.01134812005550216,0.252353267327979,0.4472732116671302,0.09325929848807493,0.08410706096090165,3.2648776022413903,0.6829443939876712,151.79972167723454,0.39568345323741005
5e865a15d17bd61028ae0f14,0.022047912682404174,0.025469433088036345,0.01754860064596959,0.12215888197386938,0.12547652930776398,0.27607886226962847,0.23449311803392195,0.1767266610707479,2.314066233617548,0.6775698977793598,129.14555005310845,0.8452830188679246
5e8727fb90c37002d97ca052,0.064703290651074,0.022088945302584755,0.09005046617135558,0.06940999348906984,0.3204095965448553,0.11723662859819853,0.2765419359604083,0.039559143515018026,1.525616004372208,0.8344802699963312,218.18865092229828,0.435566728604219
5e87a7fae6b803426eebf112,0.037059942500184954,0.03081471695358909,0.04753802104910893,0.06700357158566793,0.22943303760610503,0.2718099856549502,0.06782286637534927,0.24851785883221533,1.4251450846951448,0.8116362225437328,203.46817233099262,0.9165919282511211
5e87b6503b574043226609c0,0.01903275439339879,0.026158220580094874,0.026806987133688474,0.014221138927674256,0.5921773741940668,0.1766673392311701,0.07705623996395715,0.06787994542178163,2.0139354547213735,0.817215958586584,224.0353400115236,0.5862226277372263
5e87fee4c740a748f50a63bb,0.09240407261694986,0.00676244260512027,0.01948962564442105,0.16603983038580275,0.19240383396303468,0.29847901809584815,0.11041968146558988,0.11400149496200457,1.9930013936203606,0.8509636038125501,241.55597903170133,0.2526652452025586
5e88cb47f23c8655935e7941,0.02712421153860954,0.07532756194844772,0.03817175525654972,0.01737411937330406,0.2940150670571999,0.2792262175683349,0.21377179467789317,0.05498927199987621,1.9101511627939198,0.7988378537051316,187.5268821770354,0.5171467764060357
5e88e9f57a40f5577f4fe75f,0.010578260871843072,0.022520560796844325,0.009698809771032421,0.017606401968118947,0.43334349239916187,0.21141840597612566,0.15749121196935384,0.1373428556390554,1.4560839380131962,0.8233376189115723,189.48011408954127,0.4534075104311544
5e88f058524dca58ab60da0b,0.4118091736078488,0.027435606475477086,0.040510466372282235,0.047987199129442236,0.12018788360132905,0.21563988566813355,0.06810443404971105,0.0683253514385284,1.6985502532984567,0.8338150960252563,202.42037784710047,0.18586710553384078
5e8a10fdb4921a6a6ee61d88,0.013017067628620487,0.020972737554530378,0.00769793155680008,0.01768931094464927,0.5708503188645465,0.1395846492025027,0.15388095364679708,0.07630703131210566,1.9623530459612568,0.7871681697315345,207.30785383255554,0.7623066104078763
5e8a26247ad7526bf85abbff,0.023427014538075563,0.016033144515162676,0.0071624488243717515,0.03139246712475755,0.3626030934354132,0.3355985953999977,0.03051388871571744,0.19326934821688546,2.0505241712887687,0.7628727321760578,133.7166619950592,0.1588785046728972
5e8ab4b84d3d6775b807e9ba,0.014738659535901507,0.044459304624799474,0.007797571118545101,0.02547333513518844,0.4623795034602468,0.1640150865113575,0.198713900900081,0.0824226383397795,2.4949266460624915,0.826416414043701,213.9725227657948,0.7131882202304738
5e8ad30c67bb9677e3970773,0.01795965678493111,0.0608994675862798,0.02646428917055915,0.04280488207206005,0.3324836114027881,0.2357417505365681,0.23239223403495834,0.05125410931314206,2.769391262036834,0.7388883046527144,167.92242685757174,0.016597510373443983
5e8b50db95c6e00171fc6151,0.2541312700251918,0.011115430734960869,0.153990828698494,0.023507940057724518,0.14384795974740258,0.2935295312612503,0.10120901633387085,0.01866802533694666,2.0541865654557396,0.7726012924165551,166.259063638565,0.09265614275909403
5e8b9c7054a5cc07dd6e174d,0.13601775917040845,0.024455875322930826,0.29974831627542986,0.057179617674384974,0.08905504074251677,0.14945616328380953,0.1980287139642352,0.0460585132735572,2.394932348982304,0.7345861030681572,161.9529849279893,0.33415637860082303
5e8bfc63e53da90ec5673f11,0.04037646227694144,0.022197186733028007,0.03230774853098985,0.03318857334971435,0.35971115557258915,0.34801574374957617,0.10472793434947911,0.05947519503137253,1.7678042216699228,0.845290719473589,237.4423571873145,0.22690327824437823
5e8c4ef7d1aaec03d6486c80,0.04315925215806095,0.016338742983149204,0.01243485721013389,0.06944290044633679,0.1769048278927561,0.3120388844103753,0.13375048774958587,0.23593004696093514,1.9802097851158453,0.8008112655442968,187.1587030816726,0.22132337689276083
5e8ca66ce6592d0350103956,0.025361179213367304,0.0010271595980499665,0.002963046810815552,0.19009451159887397,0.009692105494086181,0.3405865478757881,0.08845956663970429,0.34181588365143706,2.0368415395558133,0.6825184258935725,140.1351742046431,0.37215528781793844
5e8cc937ee95da07853f938c,0.026948227914684434,0.055765809966389496,0.02593846299170273,0.021933353772721143,0.44132839575482574,0.21734362658753792,0.10474605399834361,0.10599606847024388,3.1429343659911995,0.793538135633389,233.89103146335583,0.4638176638176638
5e8ccdf9b3423e07b04b4853,0.10991532793310486,0.053542176987897275,0.0657300812879291,0.016252452324973753,0.4041099333553052,0.2683452574399516,0.051908796182819385,0.03019598039809549,3.1073349191373105,0.7790940894394394,233.90697021352156,0.7282608695652174
5e8d3bbdcb3dc611389d1f37,,,,,,,,,1.9817476495941309,0.8534379240286576,240.07195481320005,
5e8e4fc4bb7e470d85c008e5,0.18110905791601092,0.015994552528966394,0.1356199708561893,0.05968873848264259,0.31317332716546237,0.15748563449574657,0.03305804317541962,0.10387067514981403,2.2746364395043877,0.7312752283405445,135.28467935861661,0.9214743589743589
5e8ea833d4e24915d6880320,0.011828542713051157,0.01018730192062167,0.0035326970297772306,0.03396573381901629,0.2376635073646226,0.4252381689088655,0.05936840353122625,0.2182156440094988,2.417254629496632,0.7718954121181051,149.32254814239135,0.35030728709394204
5e8f8be517bd620d49b9b5d8,0.07460670452951329,0.045802284011770916,0.10801862348829203,0.011987279124255564,0.28784089122008105,0.24300379012664935,0.16319341890200048,0.06554700935752553,2.1038461450865173,0.7679464563683144,229.81662352560795,0.24651162790697675
5e8fe10948e8062e52605345,0.03115088883112471,0.03736780800295361,0.04246232213876479,0.03422105543600495,0.15237993394890328,0.21296099682525835,0.41705031954115973,0.07240667593459212,1.7561184150225484,0.7561338938847086,209.25100347284481,0.14935064935064934
5e9115dde9961610d06e08b8,0.06307154201826827,0.015064974153584005,0.021824682321130176,0.01722686280425979,0.23344424169786393,0.4750305132707266,0.1195765398014927,0.0547606434582754,2.6901182545318703,0.6460881679934873,155.44009964322453,0.3345054945054945
5e91350e16b81046df5dcf52,0.0697069194333236,0.02930272880418728,0.04996211046528972,0.010983305921728201,0.2281246752959423,0.2223915212377335,0.38148303551451634,0.008045704949563665,3.469611529863453,0.7557915260053755,171.69595080371482,0.07231920199501247
5e921aa6a9e4ef549f6aa4f1,0.12783292520431241,0.009277238291830784,0.02684883721089084,0.094734917779971,0.19808915968419905,0.34168862224933916,0.06763952083762259,0.13388877874858782,2.5180950798818347,0.7704025377146921,212.68276332506332,0.28885135135135137
5e9402c78b4a3c252eafa204,0.008854798716126181,0.008347345264034335,0.003483455484720787,0.02498770445831247,0.7874515819591774,0.06593071803981189,0.024842078670881198,0.07610231651394929,2.295390857885193,0.7299279072917494,143.2043154158369,0.560458958517211
5e948899616f297dd873cb1d,0.043858320754848815,0.029873806708196615,0.0114564774368473,0.07097441317426928,0.14474843015793895,0.3754872450860772,0.17940428232092342,0.14419702346595634,1.3203259430552747,0.666563640831516,127.42199344836082,0.06763787721123829
5e948edbbae84a7ddd396364,0.04824404228524916,0.0475431997319827,0.03872895859291771,0.02637732701176997,0.17173532942620728,0.44542418296827346,0.11725157961552567,0.1046953812784365,1.709258770074075,0.7988775613325354,206.52259802488757,0.0010214504596527069
5e94b9964b34ff81dd869755,0.05562722588837448,0.0155759599112659,0.04804226281854388,0.03467252377896928,0.09679480946878842,0.33451092090122275,0.22406440366978322,0.190711893952631,3.0061291480134193,0.797432720763174,260.6314793606801,0.1595744680851064
5e958157d5fa4490493e6c0d,0.07279786778698023,0.023452341573144717,0.07616776959974116,0.050900753542842174,0.5547501750155631,0.1158468570730752,0.0828286892345717,0.02325554425601388,1.5273465739831664,0.8194480191262038,218.54785611476038,0.7561683599419449
5e95eb91a72181035dd053f3,0.02208347111238246,0.03717917627979077,0.011921102088182159,0.018100391405515715,0.2189871163293751,0.2760484850825205,0.36747466781808236,0.04820558945847966,2.1323481373208244,0.7788995608965409,208.85373721095618,0.21769662921348315
5e9679a26b86610fdf2c766a,0.011731167133108207,0.020357812928578183,0.007997255062792837,0.05118670078326879,0.48265320102867515,0.10015771073708879,0.0719857304966822,0.25393042184930686,2.2970316150974215,0.8230698258708462,230.49447393944965,0.7989031078610603
5e96a26dc5a849123463f9e9,0.01664412242303387,0.05365772154321016,0.004348936038598342,0.006910353664920089,0.5753460220676705,0.2403112179358473,0.06772938095261137,0.03505224548228538,2.097478446342165,0.8323781089850959,223.47361261516681,0.9253554502369669
5e96d0eefea475161115aba9,0.3570133182380954,0.0733359699556626,0.017230370084009683,0.005537608080202762,0.2446928243176197,0.21967060059708995,0.07896587202680232,0.0035534361268157125,2.4228380016789135,0.7296358091371334,143.16451811147084,0.0
5e9732d6bafec41daaf8fc30,0.054609855906202806,0.010644962945830155,0.07040938884225964,0.1330848948220677,0.12060078497355789,0.2977580461319591,0.23746894761719017,0.07542311911374949,2.5090758734789094,0.6994087467741792,143.71653315205526,0.7107684333290138
5e97478f8b670f09dad1fd02,0.01460093849582409,0.01954523717433446,0.013845278408656988,0.04261615056932543,0.11864183718974058,0.2911261561857153,0.17190516909380074,0.32771923397754,2.125539438400304,0.8199553219261156,230.59770281097155,0.3086021505376344
5e975ea254955d0bfe9f7929,0.24915700453484443,0.006124700541129759,0.09752902893294232,0.1314221984765047,0.1447042166089308,0.17187670074913192,0.16357426292416913,0.0356118876039475,2.303189112877772,0.8113061823813191,218.5675486773555,0.035769177029481625
5e9791114b57800e79af5a2d,0.010829045635960594,0.0466240618840574,0.021629382558838235,0.02402290152647588,0.5103910918660528,0.13701080482091976,0.06183506594880915,0.18765764505757393,1.7504400785937124,0.8415102827085914,205.4893767408783,0.8335866261398176
5e97af0bca82b6278c859323,0.10161441209293279,0.0217755242367896,0.11954711703109375,0.05565786463646852,0.2909438223318809,0.1684622712987196,0.044228201166962015,0.1977707897271709,2.449081279665444,0.8357989125734128,255.73264361135153,0.01990049751243781
5e9893ed5638a10bda112333,0.036627184906869927,0.024102346603059106,0.012455975321205794,0.020993829194109824,0.31595608455704804,0.41294060145489797,0.15904619590904512,0.017877782866834512,1.6521612448627985,0.7350893761722249,138.8008695946368,0.32751091703056767
5e9a13607f6aab090d1b4d29,0.06333293549900523,0.088950592074033,0.011318510612223606,0.027873649341741424,0.3416162120886797,0.3111524221267276,0.0388286904744553,0.11692698780291867,1.9850711170690607,0.7034495353845538,126.79965362244339,0.06502636203866433
5e9a331602672c0c3ac47c34,0.017136570442404925,0.052337693454940555,0.014729214181947916,0.018174309966601594,0.4576483876734398,0.1984149054582859,0.08347560417733378,0.1580833144569154,3.437146159439822,0.7660424103065547,217.95548399118198,0.827023498694517
5e9a363724927e0d07782751,0.018190575266668493,0.002675405302393678,0.0033702703622347507,0.019917035194531293,0.05410417851816919,0.5512188931255966,0.13689263131918328,0.21363101179579558,2.0848155850807335,0.8240328673775897,231.66509879360322,0.0
5e9a85acff642f1158b7d33d,0.01631560603690636,0.029344220243507343,0.012214442435032679,0.035424102135816184,0.11759491288273372,0.335392007554565,0.10755827763268011,0.34615643107485894,2.407173895956243,0.7947039492820692,223.10363539417756,0.18801498127340824
5e9b3c62943331040367e599,0.04763312493341382,0.059471665680036624,0.044284827143893424,0.05819341545876661,0.2789910146627632,0.2505876667621508,0.18415885289732,0.07667943218559646,1.9667307895338557,0.8328503303511019,233.79256465948632,0.45745361484325014
5e9b860b845ce808703dd6dc,0.009004245387662231,0.012268507493248202,0.004943035712187703,0.022481956210385144,0.5682158175498014,0.18872074828578125,0.056639860972187275,0.13772582843707143,2.4329664556613,0.7803478036309757,145.2333949642492,0.8356282271944923
5e9bc5c73a47a40d4ddc16d5,0.026871726728615552,0.030949137383891823,0.01154306849388164,0.05527504940268454,0.3731727576210232,0.21063139617661544,0.11640459542006015,0.17515226747558268,2.309509684612384,0.7717487571411904,188.19918377337936,0.5110913930789707
5e9bc7adcf719d0d4854a34e,0.06532899731366477,0.05020469719655954,0.036638040830611784,0.027569523140041075,0.2008008085502703,0.41869758024671366,0.043817575587297396,0.15694277720703928,1.6299119892036096,0.8068182845531569,201.47747355161974,0.9695817490494296
5e9c8aace6eae81abf309d53,0.013679375609106563,0.01125416879223381,0.009176295924656207,0.11994050509775182,0.1463143159609657,0.21013658247845257,0.1155823182571565,0.3739164378277607,2.891310437214329,0.8117658103994898,209.26358232302346,0.35265544041450775
5e9c97d06897c703fb05e12c,0.1345960697297804,0.00750453468276395,0.0229532491527244,0.06784883582463382,0.3640280737868238,0.27172026532244054,0.0974804007405394,0.0338685716228502,1.7507957104463558,0.7931004903994904,220.06084871513835,0.06014540647719762
5e9ce0a46976671ceda6082a,0.04336516628577871,0.02821661300278264,0.04229298855577271,0.011008242755212979,0.41105977234631813,0.3093636146384791,0.13926074158702756,0.0154328606493274,1.049941264562171,0.7603528065466592,129.5046020020805,0.5098456625864821
5e9ce726b7e350211b9ac963,0.04209760960859632,0.02281393605871244,0.011974766577547296,0.021038022101194504,0.5552298393982245,0.1850572535020256,0.05548009410059206,0.10630847997950281,4.471139610595915,0.792666240601036,231.7737069088363,0.7913238593866866
5e9d17806b65d7251242bb7a,0.08810655952761329,0.03901728454425869,0.1516059488958394,0.007341319392334602,0.21024923293717906,0.2837663189044687,0.16470245211838794,0.05521088336515747,1.8952579508037948,0.7440722267272818,204.0021091391996,0.6876267748478702
5e9d549e36f025000a0ddc25,0.12840678542411993,0.023099107751887556,0.23292454698614617,0.02072063701130191,0.24957257000410737,0.22463611141772366,0.08376275880772532,0.03687748271469375,2.1003508878428323,0.8488671580278155,236.14008192508769,0.7730682670667667
5e9dc4963217ff0f489c2287,0.11813292737508793,0.008954375292419036,0.007667544625503373,0.07410553669667906,0.4152715595420812,0.24136808671152285,0.09144644564297372,0.04305352403828375,2.0866963865465915,0.820244349806164,229.36887787300313,0.01002227171492205
5e9df26707933e1720927fee,0.031443037331151266,0.016631847347692512,0.031069634371908062,0.09141941613847365,0.26951196579728387,0.24433731310848797,0.15361535502494011,0.1619714304188476,1.7336345642585427,0.687127005318433,133.52130979146665,0.1721875
5e9dfd0b5484b719c94cff0b,0.06072759862826995,0.06760453592933702,0.01056387741875631,0.012437722819424383,0.36205159856173524,0.39969294384507004,0.03907983109053957,0.047841892302536396,2.07936049417683,0.7068125625160838,142.12798719173236,0.5136869118905047
5e9e23f67266611ed1219178,0.14998007840356095,0.03585039194287048,0.06596284346713104,0.09126037354583455,0.14694546081518553,0.292844530078536,0.11110936353839079,0.1060469590607085,3.960310944964883,0.7290441464886618,180.75449656486578,0.5525087514585765
5e9e884f0c8e5e25f51c6d0b,0.008190132858946646,0.061363132057782606,0.005314379276534305,0.008337078355845634,0.6171751507798895,0.19545835409513443,0.02390849534599014,0.08025327833784641,3.303972026129175,0.6575236776654757,150.9139973525617,0.5989717223650386
5e9f6e4e66dbcb0dc2c04dcd,0.026905805729556823,0.03211504268149269,0.01642194172283217,0.028382110069020413,0.6301941531255864,0.11297413252424933,0.028667723694305588,0.12433908973017312,3.1743611870341906,0.7669964684347035,172.15816697836522,0.8017021276595745
5ea081a83dec4804d565f7fb,0.016383404157486122,0.07642350002748878,0.017456299810402573,0.010201893887713805,0.41650644790146474,0.2868279351540733,0.022773997106311575,0.15342652192085743,2.073079828787358,0.7195933871717473,165.99636153956334,0.993006993006993
5ea0c966166d230d3969ef08,0.08392625210857801,0.009353189577903522,0.011747688590849245,0.0756287095931547,0.1537197895938905,0.38278664251928296,0.162108234770516,0.12072949267216679,3.0722688018238027,0.765859706185942,178.92094156163964,0.32784041630529054
5ea0d8c7e106cc0ebc3262b1,0.057408207363841994,0.047225085803882946,0.017961539875691945,0.00942349735539342,0.23570520110771162,0.4022367800477196,0.027808055264104434,0.20223163232983485,2.599737711979079,0.793511612506905,212.69892240230337,0.9928283281039892
5ea1119c737ba611c77c0b77,0.013752425747873213,0.044056801087276054,0.015690565975041766,0.008222507133053674,0.7163342512949503,0.104997576080398,0.04669747488317364,0.05024839891042138,2.07456145540263,0.8361706295665218,220.5768942282109,0.9303525365434222
5ea13ab244408e146458610a,0.18458265767198864,0.01701920491033063,0.059958011378204626,0.059221731121380614,0.22455611591527674,0.26945682547810135,0.08255668941343254,0.10264876449816117,2.1413144206164034,0.7092426217955335,132.9482410558352,0.3591363875724065
5ea1bb3ec066eb098519b672,0.0927993983779148,0.0316574209500927,0.009381740088329014,0.019145718108318208,0.11103492599324404,0.27890366602588823,0.4099655812191298,0.04711155028710323,1.9604244884555986,0.7985853101959853,162.87223868441433,0.10221586847748391
5ea1fcf9dfd09210e8645727,0.04814191865744577,0.03393928480961169,0.2607362436498918,0.01679195415344056,0.1772666516738873,0.23394427227689157,0.12948081510353276,0.099698860035611,2.206833077228574,0.6748549237374412,135.6323341960785,0.26579634464751956
5ea25b82a46065174c689daa,0.04903254995207539,0.10706455725549677,0.022042216795228057,0.0018134030295104842,0.5339281281254159,0.11567962353523135,0.16909642058084617,0.0013431020076650347,1.0399043255935427,0.7592554176994947,159.55951702005538,0.0510688836104513
5ea2b420ed31711d6868e275,0.009140117050181118,0.04282617045926648,0.02075440637742154,0.01293395637891781,0.5804291603945758,0.16704699703891832,0.14100769459092813,0.025861500425830426,1.8226331790277992,0.7956302986719148,216.97259696542943,0.8671875
5ea3310bf9c4f828f0c909c5,0.0424676715854899,0.02358093919616449,0.04883610127703975,0.06551240977393769,0.4454689838811621,0.14230023843024003,0.13117279459509473,0.10066086116675371,2.4262501024946923,0.8283048559462212,225.05817618576032,0.5345119883749092
5ea37341a5a4ea1381352857,0.09512610506506793,0.027040860324055324,0.0546759103616946,0.07069445646274007,0.2805733721934689,0.3494381125287927,0.052954132584080264,0.06949704991175752,2.8090765500442934,0.7987096997572225,231.5000569137765,0.22110552763819097
5ea373a13602a7135cee9b13,0.06851337836307886,0.07673290254952414,0.07137677719455562,0.01174070962027915,0.3636278598131084,0.17568891003811593,0.07537564177142705,0.15694382051843273,1.2716244876799323,0.6823600187372971,122.76256423308244,0.797011207970112
5ea3ccb9aa7054355ea371b3,0.026075170864211423,0.030127421285882916,0.011125367835968994,0.029930533868568317,0.17300935156958666,0.5470710521179688,0.11214607596099033,0.07051502694377736,4.897527168914617,0.743546287392823,196.37839916939208,0.15273775216138327
5ea3e54c32fd2a37c8d34279,0.10308821376325142,0.10334999772972021,0.05087844230197252,0.0351387067694216,0.4159425404577549,0.16702034186044765,0.07004690367998029,0.05453485352380906,2.109628783560608,0.7736883643684594,173.42588128793088,0.6989141164856861
5ea492e3b1b3620a6fee3b90,0.047488757938938815,0.06274672718526543,0.024732688421391605,0.03228197304410993,0.48438498541091995,0.24227113391480162,0.06429170117400962,0.0418020323619616,2.6286860176975164,0.8061532006080885,216.90644612169612,0.9442837863890495
5ea4a34e4085724768be21a7,0.016286288274058588,0.01983135555178054,0.016565627063107748,0.03179750641808743,0.3618304179921809,0.20834202785785752,0.31054049219833696,0.03480628449433781,2.8448504328382547,0.7892467872814128,225.6042789859783,0.31687953054884366
5ea523b2a7782138712c7e1b,0.041695927048066815,0.019913092990470557,0.037505802859292836,0.019789614990865356,0.5473250306163996,0.19914604199474845,0.06844054054742213,0.06618394897357649,2.2681973271259666,0.8236944780025292,225.04098336093017,0.7058572039333049
5ea5ba46461d105ac7fdb4fb,0.1118875467757538,0.05912569741655008,0.03176057252713566,0.03578308532340684,0.18529505822231024,0.3901577573709855,0.08016819307947663,0.10582208908436512,1.3220917093257993,0.7975875190065584,200.52554216741967,0.537199124726477
5ea5ce85c8a6d443aea2bb5d,0.02057693652045558,0.006955812028008938,0.005859058378917066,0.03532342783537457,0.5511206035798167,0.1804388993623481,0.028314103654878978,0.1714111445257547,2.7371699560239104,0.5363179774096033,149.13282526625858,0.023255813953488372
5ea6467fe88f00661eb5638b,0.03777920167893509,0.018617535076382953,0.05317474908325856,0.11744914392552386,0.1873078071703009,0.18884229730357413,0.10337816965145219,0.2934510960360964,1.8796633410387864,0.8534559167995448,227.47310264236586,0.6622516556291391
5ea6f8960deb82078a6ffb69,0.02154962705597124,0.027995933164442825,0.03249097614145238,0.009788948930760549,0.5935039280840588,0.18240906442278423,0.08269612161666307,0.04956540001493768,3.322340100717041,0.8015735760325028,247.67692495691117,0.9588100686498856
5ea7013f3fe3360abb654e38,0.020717284892458956,0.018088832905457212,0.023506658679615527,0.07107192754685518,0.38274091437639635,0.22757079343837275,0.12477810655798827,0.13152548166634956,2.4932401955417083,0.8350083994928975,252.69200688686442,0.7916233090530698
5ea70fb15789a40c67f9cf04,0.049605992834998565,0.0063223007684951845,0.016307478898823263,0.17334259253580694,0.10147936982776425,0.28951271102668197,0.18563631472144715,0.17779323979771344,1.6810845267370793,0.8717796741346642,239.10714290872758,0.060557341907824226
5ea714d0ba872d0cc55cdd79,0.0060152254117191726,0.025662962426623796,0.003990661177047642,0.0050445086014236275,0.6950278369784372,0.08903688008484166,0.15531831331480805,0.019903612170335115,3.151919455667155,0.7490501181430876,228.51461004405718,0.8396825396825397
5ea720c9f599000d94151f4e,0.06929796097003428,0.024009816628033545,0.028082119246351615,0.057958743313388586,0.34609365158842936,0.2827371038304162,0.0622251707989949,0.12959543260707823,2.4771748799480444,0.7941737463909921,212.1863236049263,0.09583736689254599
5ea72592a95dbf0c71404225,0.06343266866825581,0.028134968177689533,0.004977529551356317,0.032248680744738474,0.38065489236187233,0.2933256855311029,0.1516421940681517,0.045583381540999286,3.0153868611320616,0.7095757925012149,160.12946012201036,0.051070038910505836
5ea749262a23e31252937fc9,0.007246719787302713,0.02548914376350166,0.008057206092887534,0.012002917300899616,0.6767950942871623,0.10383425487810176,0.024452356964160538,0.14212230722821262,2.442730122854948,0.7533130735180947,194.48414003212758,0.515832482124617
5ea74bccac99141164dfceeb,0.015509695902195695,0.09373339445903844,0.019026081304126186,0.005087937278248116,0.6653122908713426,0.09276222851685029,0.07743442744100276,0.03113394414034707,2.2362232596451985,0.7802384140158102,198.55412355585793,0.26255741591346865
5ea74ea1fb3f711081d6763c,0.11589580612931967,0.017878717794584876,0.16768683739225348,0.012127230999513293,0.3522776036871892,0.25907536017840754,0.05056631427004445,0.02449212920306658,2.3240418644495495,0.8336877997780097,245.07522473579567,0.6195797943674564
5ea75e57fe8e7013dd8c1224,0.021651080953714128,0.044689913163808256,0.013202861213060144,0.02652413954145625,0.29667310354698456,0.2731197259184255,0.1998946698987543,0.12424450551477187,3.118985205948423,0.6717506148478986,179.88218181753294,0.9373368146214099
5ea7b376ba872d193c34dc62,0.014914450346437739,0.04138421115047601,0.007486212396685796,0.020025677100516944,0.4978361192138121,0.1868404362522062,0.03521178969260211,0.19630110431526993,2.1181346127622502,0.7066545000110525,131.53152914989957,0.6413662239089184
5ea8154dcfd4dd20473ed88e,0.10151330382826987,0.0282618992544476,0.07415689119762357,0.029969515818327016,0.15675972097545998,0.41749899618615016,0.1041267552732764,0.08771291812461471,1.7972549379854434,0.7437918228384943,154.0530513701054,0.104
5ea8716537c7770c1290b09d,,,,,,,,,1.7538985167004884,0.7023319003022305,144.5555002801762,
5ea876f4ea2ee42be043746d,0.08911005626820726,0.0847592267014124,0.09128895165470678,0.008251243256788644,0.3235864741029156,0.28434349192321284,0.07418606756407754,0.044474488651566606,3.5959703823492846,0.7538299371499367,186.38749176735078,0.8774080560420315
5ea89ce6f0ff073086c282f5,0.047188802240456386,0.012394424547688375,0.02064201746545134,0.06302567497816512,0.43606107393531834,0.21262385405145995,0.07713649165080275,0.13092766201766667,1.8351931941720596,0.8708175811776316,250.28533425754415,0.2829875518672199
5ea8aea9e641063184658126,0.04876923718444777,0.029544407724175964,0.03044725704877667,0.03595413922794635,0.2852273993707681,0.4158037713498591,0.04604834865027143,0.10820543996378265,2.269750571910891,0.8158215524774258,222.5493564360968,0.5281231497927767
5ea8bd7dde405c135b36267b,0.12877825142349336,0.030536398549280926,0.07235854424101394,0.1110826897101862,0.10136101497031792,0.2995223982630403,0.0690124925438391,0.1873482103442777,2.605276243774374,0.8093203347858625,215.3380340485807,0.1928374655647383
5ea8be59a6081b141edb65b7,0.07789882824090497,0.011528512153646574,0.017908849155451503,0.05411281062542199,0.44409670276290425,0.3078906117679721,0.04457858380090976,0.04198510209368876,3.4022764156912886,0.7706547172453249,169.91616083871384,0.068
5ea911550ffb2437c4241ec3,0.025017974547943668,0.004276404470899142,0.00846087725117539,0.13760618884871914,0.2259888293337546,0.19733911432027945,0.042410276093177414,0.35890033560533535,2.765462519089615,0.7713563154647001,170.18949195754826,0.012453300124533
5ea91e89257581388e79adc6,0.1227115499194719,0.01478711107720915,0.016204940256192003,0.07646870046526141,0.2620107379258558,0.3281711510707567,0.06804284012505618,0.11160296957609087,2.3562187917808664,0.7490740405360906,165.78117068821916,0.03373913043478261
5ea92954ef7ece00096faf5a,0.03163198596210524,0.05803060155773,0.11269676810988734,0.004639994227563173,0.40790850754309727,0.3230221376150045,0.04205161495658822,0.02001838997080462,2.200566070155583,0.7759365057883408,198.3712705641571,0.4592511013215859
5ea96c3da01cad04cfea50b6,0.01656127310334735,0.012990712101253528,0.013147103563661559,0.07135283403921637,0.4740761353529317,0.12401197215157098,0.06960400515159024,0.21825596591976038,2.757494481084529,0.8248075756366913,264.37734327543205,0.5813008130081301
5ea97c8bd9092906246d2621,0.02893264772566758,0.05708127253671642,0.03584270152944298,0.009939320795244412,0.6593819943191681,0.12972942643494215,0.05121786951446187,0.02787476727038833,3.2044989199271843,0.8130278041171709,231.3629192669085,0.5355054302422724
5ea9c07d1e683e1118000f78,0.2015888376037584,0.018140230267275896,0.08113442557763337,0.07419389665237229,0.16603932841566937,0.2646837512847115,0.12476152678786426,0.06945800330537533,1.9285744145246706,0.7104325481845073,132.7257278294655,0.34841035725991476
5ea9c6541eb4f0121a911e1a,0.13123964085410547,0.021465082278915783,0.16353125101966923,0.03091371211659492,0.22481431711561473,0.23415803286590894,0.11509953614371196,0.07877842775157842,1.5377880538818303,0.7610684030316651,157.6715662153437,0.853909982398793
5ea9d17ebd3d1011e05655e2,0.09441050092318042,0.024987854300875308,0.020887382455879934,0.032069080061005374,0.10407786868880833,0.36456565096724136,0.3172252701956775,0.041776392348654934,1.3036677461505606,0.7970078639908069,161.48631615237596,0.557358701734751
5eaa020e5ac39b18082f97a6,0.008387127135072454,0.03054916911972774,0.030084249247623682,0.02201498454688887,0.5935306542714732,0.13712196098981352,0.14423578599990736,0.03407606928031181,2.5196110074207767,0.8192304103153315,237.0354755636846,0.6385658914728682
5eaa26c17c3cbc1ae4881baa,0.04796777801934642,0.02870629150151154,0.007945475150956591,0.02736565602929657,0.4031261705583547,0.2750938125027748,0.11628818430803196,0.09350663192578763,1.7790657152352662,0.8029181247647769,169.2976103021401,0.2759728668332738
5eaa287bfb0fca19f4306de9,0.036733831005574834,0.02137980061253972,0.008832830792422735,0.10605410806008692,0.49606709194448917,0.15571518869106957,0.04914322819441644,0.12607392036700849,2.621834216926367,0.773621295634994,224.6115338355118,0.19743040685224839
5eaa6339b2e5311e8e020396,0.0746374015483719,0.023082945390045156,0.05065731180390094,0.07971043209998135,0.33117598981049123,0.2520309760414033,0.14936894183844093,0.039336001061964415,2.813559099011649,0.8241199952830425,240.71251584295507,0.4167517875383044
5eaabf0113401e01e554cd32,0.093192319813482,0.020549955402619575,0.02414712334691747,0.01699883642969916,0.1874006744234171,0.4136941820525682,0.1418960262995565,0.10212088129385807,2.4618479268281264,0.671226288166128,128.89964799343102,0.32554517133956384
5eaad5dcc2e64603e5122442,0.09798216079317718,0.025018884689576335,0.049240164057657396,0.06454284268155806,0.11724927114290667,0.3223997296038608,0.07654754645185256,0.24701940047263193,2.075537568045166,0.7498755909669453,153.6800597345397,0.3461036843821324
5eab120dde58220b71cf6599,0.04903763337857535,0.04287304868455571,0.04116519219944186,0.0040225985193979115,0.23651340696824666,0.4434616811395144,0.1658814018838883,0.01704503900668126,3.17654468315896,0.7766989288034067,232.44285944121972,0.8350515463917526
5eab26b28fdf2d0e3141f7ff,0.029535817670887615,0.012820417645124788,0.023351745929804213,0.08669015244066025,0.2961180226058036,0.20439306659594206,0.06686759206510738,0.2802231836141916,2.4493921175016835,0.6719890804781719,154.99598974485343,0.7000937207122774
5eab768005687314cb9fe515,0.02483566411813468,0.024167979113372196,0.01933025838301299,0.031656481886813935,0.42022604194525603,0.2499652104602401,0.14223996722758975,0.08757839762203179,4.306033836950856,0.7490756387220252,242.41825843753608,0.2777260018639329
5eab81a183d00517ecc69645,0.031541856509312835,0.019975047835388848,0.005855274292573562,0.0314187472315535,0.24528592217388837,0.40669234330420395,0.08948292029075836,0.16974788792849538,1.7866828618985564,0.8105945208501254,202.39605146880118,0.30022744503411675
5eab89102e910016bb0b5414,0.0843323078559892,0.037049109327171245,0.10330940307530191,0.02230530068110641,0.3311757651784684,0.3035150698203315,0.04935929282739959,0.06895375118036505,2.7813905420110236,0.8171226275887857,255.20146394492483,0.8405220084052201
5eac240458076b2299539277,0.1495916600684654,0.022731376890641416,0.058411124998839006,0.09464815454988573,0.2344889478066194,0.2524156516824464,0.1414750841059701,0.046238000315635595,2.049299984930487,0.7603067932795987,141.16697079315222,0.017023346303501944
5eac6e70e481222bfb2a8872,0.11186944467949432,0.023215607650495997,0.028288381198606723,0.04097377654035948,0.3916594031579865,0.21126363817449575,0.03899508115079511,0.15373466737076488,3.568186022991687,0.6359210727260796,167.0761243549435,0.6553652569031807
5eacd70006f95f33990e3df9,0.22896559010491743,0.005214531581071138,0.03695043615344393,0.07259460032664013,0.2735836542784345,0.27478907945971687,0.04043082811004726,0.0674712746838864,1.5964689678140829,0.7699125628922597,190.1219148267251,0.38461538461538464
5ead6b0e96a62440399d8caf,0.0627746608384073,0.013374061744167269,0.04501813838618514,0.023590034339214108,0.6304082076183348,0.1379749581807088,0.06348660081221266,0.023373337449353434,2.0026826481550137,0.8424407934677571,260.3313282573077,0.4851556842867487
5ead6f256fef94028e07d655,0.09759518436506265,0.021279175751618452,0.02968164337799112,0.06275362327030222,0.09672940237739579,0.5039109429032816,0.0915177124299635,0.09653231533007871,1.4777084417758963,0.7198201561740466,138.2938812388961,0.2759015455065827
5eadf3b39c169a4a5a017f76,0.13405946645430786,0.01485532655944913,0.037043227578170836,0.239644252619382,0.07697239153408664,0.17854726666202353,0.08208896497266592,0.23678910198212003,1.7052091864828962,0.731365561729778,145.4769447011418,0.45722300140252453
5eaecf0c3616515ad1eb1a5d,0.43114222760533993,0.019475867123014245,0.05315628118027102,0.0515008222401841,0.05633412594325723,0.2069058998047815,0.15574304509870737,0.025741731572869252,2.5524219717000567,0.728243209857635,151.4684362540138,0.018691588785046728
5eaf06728a4c375eb1a7f6b0,0.202408876135973,0.008503151461694378,0.024120687523726772,0.1482193140715198,0.12910860457727646,0.22134486125353353,0.040231042543906324,0.22606346217503165,2.4138526546741845,0.8107014484510164,206.97264629956177,0.46166263115415657
5eaf15bc1d4ec560bc37efab,0.08427110361420956,0.012725796182584783,0.018568596238245583,0.02653733795225471,0.4900069472807043,0.3079742403042313,0.03957877216324173,0.020337205584352685,2.664389541559306,0.7525493524550816,158.79261051055616,0.453437771975631
5eaf1a2c649fd108284c2b5f,0.09110642146791888,0.025893046015026247,0.03417718323428488,0.05949785705066865,0.5210488799852879,0.11133265949498017,0.10373146464745127,0.053212486199261104,1.7132296786703767,0.8647490367307269,220.54394748549365,0.0
5eaf5e17fc65f76590f73519,0.027345889477111824,0.03649418993407652,0.023686257856060933,0.013853516228419788,0.569058597415226,0.1858700272356009,0.0871962546286428,0.05649526744939222,2.6699085596493464,0.8135385767781764,257.1102387916656,0.37049905243209097
5eaf77532b6845665ddefd09,0.07849504267340669,0.030177378921542403,0.025097440969091098,0.02064809670714727,0.36760816622484904,0.32081007505674736,0.06964895943080747,0.08751483848327003,2.3383407389451345,0.4113758366194743,132.246083374355,0.6298283261802575
5eaf89868dc798686228174b,0.06361232606727855,0.01454150012450821,0.022981575364641387,0.04971605802749537,0.6563868799289879,0.08923164825354264,0.05121232296785426,0.05231768926356924,1.4936162383045037,0.7844494945310838,190.31966052107117,0.9375
5eafc593ea86b06dc1628d88,0.06251739893457732,0.059276084466617335,0.010753356909759405,0.01412134652504886,0.33888486712425775,0.40593535013991966,0.07521803424298655,0.033293562254906636,2.3573870501099115,0.7216162352571303,116.02539223638122,0.1925601750547046
5eb02a40b17a8c0868685d32,0.017575871724260776,0.06533008458888064,0.015552418335012076,0.024805708965339127,0.2982896323777057,0.18970366728487553,0.08535489679745244,0.30338771944392434,1.8784513503931413,0.8605081413643435,241.79187515670822,0.20040160642570282
5eb05058661fe60d7601edde,0.05309534272012936,0.013508650125378793,0.013998811998952764,0.07146671551369486,0.0916853905764002,0.48863479218302086,0.2090920940519588,0.05851820266570479,3.633895359516502,0.7400419930726693,163.8792715571399,0.07401255075673681
5eb06b4ab1f63a0f7384b7b9,0.029252431833994758,0.03955202272248458,0.02430930908958678,0.016429447223071207,0.49445584906697976,0.23948833003950296,0.057272737065833225,0.0992398736064829,2.40976504781702,0.7957267514430202,209.8321752809279,0.6991379310344827
5eb06b5c438b1810fe2e58a2,0.02555588356273518,0.030140759439374668,0.01690480936821995,0.04637611986979924,0.4046454145723897,0.25079478798311616,0.07494119377950123,0.15064103080955277,2.510225707847588,0.769296050752709,200.69310315796614,0.8593487747566297
5eb0c3f05aeb111911ad74de,0.06863132030950514,0.018125194974851568,0.024266788865309665,0.09475059853031909,0.35942749397513524,0.2390064921249239,0.07852355230746391,0.11726855883550484,2.844020786874401,0.7907611247071535,206.51131701125854,0.22203023758099352
5eb0fda3718c921beb4834d0,0.005109841901806078,0.043619365287268105,0.011789370248395806,0.010830663313332888,0.6287806595726428,0.08915585634013097,0.17783995154991103,0.03287429320539246,2.3024585222934375,0.7234182718139179,137.24553707877732,0.5531914893617021
5eb1080bc2728b1d513f5727,0.044809665706919466,0.10732689759152608,0.0769687382775197,0.00801287978264628,0.42187959133517305,0.1908310103848602,0.12309604494121883,0.02707517223659881,1.9980138237476937,0.7239751708987835,155.9912147298494,0.5926294820717132
5eb10e1b6e2f921d6d6567dd,0.050982886197701915,0.039065696981828435,0.06820162564282044,0.013828751556456029,0.5205075131610617,0.19577457126615616,0.06777984640004116,0.04385910920430307,1.5950921586532871,0.7013856265693189,125.9313299428861,0.4521591871295512
5eb166711c9ed5255c4ea6d9,0.07140467033380424,0.03258536340824646,0.13440010048949488,0.02306888010553256,0.42251909816031336,0.21372083377752787,0.04673052307997227,0.055570530992076754,2.6990181413647956,0.7185422515203009,150.82046403973453,0.9397781299524565
5eb1a905bf6e002bd25a5da9,0.034145293028810565,0.005283542376150035,0.010629635675599006,0.0940373982985746,0.1146307038925197,0.48104761128434254,0.0995880762459864,0.16063773863874406,2.2260448138536786,0.7201422840431997,135.91783966267298,0.007896625987078248
5eb1c7ea9d99fc30b502cc84,0.04036187821981476,0.03220814120393792,0.04190992655207128,0.033206520814095766,0.1638738243807332,0.4554889091203489,0.10211026944195759,0.13084053027825812,1.807007747700306,0.8322850784504287,206.1456052902522,0.5536
5eb1e9b96c1f4713ed5d0a1e,0.06835097406711993,0.0241795133543634,0.03433577072057473,0.07912154361746164,0.4225487029720687,0.1432601646573311,0.12831671208689335,0.09988661848939878,2.427169909894574,0.7850465004218741,208.88247292463907,0.6433405106121194
5eb1f6fc96a926357133cbb1,0.013693254289297328,0.010764345708542924,0.03164332679267607,0.03739108364386071,0.6200161203601879,0.1028075343735339,0.0753602455745178,0.10832408869980388,3.2943005150328033,0.8313876042707632,267.1623745608448,0.6962353959324967
5eb2130d443a54374163d76b,0.036616295066604236,0.09543990896471755,0.021412797153579743,0.0069818725114289245,0.3371727901755584,0.3669826919928709,0.046227992065337134,0.08916565196089292,2.031846685789748,0.6668392929717541,128.08874751332107,0.7407094594594594
5eb21f99b7adcd373d58a6b0,0.08248393219286108,0.02611191097609955,0.18363037582167466,0.04027701931895683,0.3882145317687642,0.08884432818367644,0.07102867474907458,0.11940922614798533,2.0686331565190277,0.7613170073069334,182.99346017821154,0.18329278183292783
5eb24e9991dfaa1aaf03a7b8,0.0707802415265093,0.01837428605597231,0.052828114254310964,0.016383775826805544,0.03884230800556903,0.1880385715092222,0.6067634177933662,0.00798928480943225,3.876045373886982,0.722308655200788,206.6132272193506,0.0
5eb25c0cc5b33a3aa08e0eb0,0.041334370136648826,0.040261569590646785,0.0671902396069467,0.012681699406621883,0.5307941808426627,0.13462458136171146,0.09938547420411181,0.07372788507064913,2.29215014430719,0.8163531289296001,262.07546022906115,0.9716024340770791
5eb29a3db97d6b0008d24a1a,0.09325481885966198,0.008969255860027373,0.058186472209101565,0.028540828940973612,0.17471224815314182,0.45114732736623336,0.13728506557370643,0.04790398221899617,2.9438480595671517,0.7306788516258048,161.58554927710813,0.5716312056737589
5eb2f1a1ce5ba10ab2c0a042,0.22495197705791722,0.023484058678138516,0.14606451762936115,0.036699913841604946,0.18256469949154397,0.22909595664078625,0.08536895057187945,0.07176992624318004,1.7751759060534726,0.7157088185742302,146.1153545968482,0.10691362552723271
5eb3137a95eefd0eb9985c5b,0.049010769440695885,0.030194239406953923,0.05013754972195744,0.043446337108553,0.31028064140885336,0.21445168083192984,0.1606593785234569,0.14181940421087524,1.7913769502564065,0.7223292437016571,125.9670649925396,0.5038520801232665
5eb33a377e2404137054ebe4,0.06749292947424736,0.013639644341005492,0.027621753077216548,0.05108646468040456,0.4262336463880664,0.22075755844409473,0.09349896677652156,0.09966903583491678,3.037476452754734,0.7959946543525266,234.44160380275457,0.6159346271705822
5eb35a554ff34414ebb41827,0.05740658359609481,0.018990903604322543,0.01755888720703742,0.017540370024474145,0.566497085028709,0.20792372572196485,0.0775134530755357,0.0365690013510347,2.968431484080684,0.7348947288049714,193.56946479669344,0.5
5eb35afb20c7f015a0697687,0.04233505052643108,0.0515510443586907,0.014018099812356055,0.010587431893441971,0.48275750527173267,0.2705892347550753,0.037444767121717924,0.09071686700048809,3.0093945491250724,0.7479273700635891,167.9351039745892,0.31426851294400965
5eb35e715308a1157ae3b853,0.10076503740225026,0.02029403758539965,0.019669477548494817,0.00915860217650095,0.2582815924904578,0.512424620434658,0.03064408084826419,0.04876255109761412,1.4523498657470353,0.6575640600565309,110.70144342679053,0.04918942926937597
5eb3ade7c66e621a76d48c66,0.007352037769383631,0.035268840789276806,0.0058076693046904115,0.03633833163384006,0.6390982773200444,0.09257951754822086,0.12583833793428734,0.05771698767800376,4.978951163686176,0.6704136645632106,185.66421815095592,0.29821717990275526
5eb4a3fb75168630c3e6fdb1,0.1569587150017455,0.017874335303936895,0.0395336333406725,0.1212565277668332,0.24821856722449875,0.26387125071362083,0.11240173507236266,0.03988523548483688,3.6956732988796896,0.7702654625582571,177.3314128559057,0.06681286549707602
5eb4c6510ef386339dde2a35,0.029303021458877223,0.055084932801640105,0.026622154770845605,0.011474998381030008,0.2481958087845657,0.2915254172392735,0.21633961951405054,0.12145404668536723,2.99471912619933,0.7386341245980713,210.2208858276129,0.7391010476512335
5eb4d812d25d2534cacd8c68,0.0182007060565377,0.069153289575563,0.01469445081863004,0.009177297138498488,0.30270939268216657,0.41173940361788103,0.10518541597635186,0.06914004559793847,2.5611372970787802,0.7652845375339478,219.1877925200692,0.36507936507936506
5eb626e38224d351c2580802,0.02465522027242011,0.08211145287694403,0.04185967063499976,0.013615090719770014,0.610117126028678,0.10534512767111417,0.0660230555072103,0.05627325595876051,1.580537229066863,0.7996004973736099,188.58117240357404,0.8268233667473212
5eb86384ed81047c65376aea,0.015969500684217697,0.020402438031507632,0.014498837650923841,0.012375262522477944,0.6769220491659989,0.12255142691100857,0.08635889142572073,0.05092159442960011,2.5192720117551186,0.8143773053265958,240.88730940266058,0.7822374039282665
5eb9798c0c0c95075ce61dfb,0.10924539932636193,0.02448608239010672,0.06292207533719181,0.01812613416412513,0.1769979808164735,0.4829470777423621,0.07719444740913393,0.04808080275150149,2.281721916172237,0.6951761393405345,141.3866718357678,0.28006635333149016
5eb97fbd6e48da0780149530,0.02055464643924471,0.017375608829320623,0.019941655628831156,0.09937048676230249,0.2898848971142422,0.1495390495619557,0.12960210307213638,0.2737315516016992,2.699772288587685,0.737690952673487,172.50015077068667,0.16071428571428573
5eb9af967fbf4b0d17bbe946,0.014917580258275196,0.04417282881234991,0.009062055097832578,0.029041055457857023,0.41058826527021947,0.18943048874789262,0.033900272866936164,0.26888745349607807,2.300463773261709,0.8529062120743334,259.51969994386315,0.2818574514038877
5eb9cbed3af3720f69cb5913,0.0604048075182282,0.010393499983616028,0.014804093107244669,0.030167293410294505,0.6049868334941867,0.2092534071636604,0.044428587128705815,0.025561477979672693,2.0391638484521124,0.7610619522770669,165.30514641782173,0.2594171997157072
5eb9cea0d0a682113d2c05a1,0.08135751040984145,0.024271669062793023,0.046071257371855086,0.037470200261901405,0.4001446783704573,0.25477962681229394,0.08411247520935569,0.07179258193043754,2.047962413943489,0.8346978471341331,247.07760994623004,0.03451251078515962
5eb9ea44968b651244404aac,0.06904931887134619,0.023953507888272427,0.043243832752592075,0.02504783196225385,0.1970260610980375,0.2644247471690515,0.32547002779036377,0.051784672166155434,1.979891217664668,0.8252910899576834,175.4815379485268,0.15214564369310793
5eba16aa359030156a6d5d31,0.006794655530154746,0.012032806520585521,0.008599151861013794,0.01777329861359584,0.6387455415167413,0.15206834153599944,0.08942808051775562,0.07455812352170214,2.02021611242362,0.791860367001787,220.9286112947514,0.5249764373232799
5eba2e33474e6517605faffb,0.034511250924760956,0.0424539364483714,0.01993922855559515,0.005459878823692939,0.4920210501193523,0.3256380499572734,0.02864837153293033,0.05132823384301667,1.6957722119022345,0.8413425680721026,236.22500924684905,0.7704752275025278
5eba34aa6f816b16d72f49e1,0.17683597761592776,0.024698337351509995,0.043171726905275994,0.018594058296516208,0.546993847674818,0.11415301983960631,0.028342969426419812,0.04721006326892866,2.2321690828243126,0.7159149237702173,158.9797516697555,0.7220149253731343
5eba357c3d72c116be317542,0.05385282524968545,0.005342719121104278,0.013883261232099943,0.13755485453691108,0.2754172316586146,0.28085634266869214,0.11349046464090883,0.11960230151498431,2.3134464785993893,0.8161635519119151,177.89213578062834,0.2223168654173765
5eba7dd788044a040e7d8d60,0.02307248373224358,0.0062424731714212384,0.010276049063407424,0.03278012159298711,0.13568425523489236,0.3437447521184932,0.17688246314802436,0.271317402554991,2.742750362222321,0.7471642567902217,196.88016862141905,0.07408231368186874
5ebab15a44263b000888f35b,0.02800713228390674,0.06958143541520183,0.021897070359390945,0.007412380769181823,0.46937105636495396,0.2211642582915842,0.026857599366450085,0.15570906675514398,3.6125081500293574,0.7921596811148139,235.31598912671578,0.9750346740638003
5ebabe2f4d32da02ed3a6915,0.022819427031874794,0.035684960061207735,0.008363499621089175,0.02204012135738469,0.32058935134544553,0.31152756293010875,0.15201835055508825,0.1269567266630455,2.2331990450358887,0.8146167422788313,220.97101850124463,0.22690401081568273
5ebaf9c3d131ca09d7a08a47,0.011550821519531861,0.038456205185106576,0.057822664865204675,0.01374897242663053,0.33222406807245203,0.33043719582526176,0.11718601448956548,0.09857405805014663,1.6162512419275061,0.8492674190666891,214.89293114262534,0.44672454617206
5ebb26803576b50eb12d87d9,0.03047584012903889,0.01617943683091648,0.02409154555663675,0.06501444268637438,0.2937110252350846,0.22762302834671677,0.09936083479554687,0.24354384654675892,1.8413409895285358,0.834464822150412,215.2323762580463,0.36775052291310134
5ebb48fa86aba5115f8f33c9,0.06297835185406932,0.03432589167479674,0.10028237254484113,0.012227700203956858,0.6277730966431389,0.10808600310196745,0.03312398279297066,0.02120260101119832,1.8289377096230033,0.8184958998873343,222.0116192046506,0.9555184876285794
5ebb60fe5b408e13222c626c,0.026381675712909797,0.032443769334984905,0.011153383605320887,0.03015938183572643,0.35822289283876013,0.3249094939778605,0.12768200857450365,0.08904739360893894,2.1364730362125495,0.7316068618095283,134.22649648113273,0.07969432314410481
5ebbfc3729e14e0372002deb,0.08190400078837479,0.026965867114478223,0.023633332852443203,0.03725584512836712,0.20027933862154276,0.32493391843782454,0.046221603832241887,0.2588060930692426,2.426969934091818,0.788074067782343,200.61729452134904,0.35753931544865863
5ebc6d34046b2a0bc9f2b3b8,0.049202880652216334,0.027444983377478922,0.11231755339373638,0.067943932816444,0.24590216542567137,0.16173024574410486,0.12854920279322388,0.2069090369303914,2.065699091605045,0.7570885762912265,146.62833916798965,0.011648745519713262
5ebcb23a12a15210197d1d00,0.09394946830605294,0.03896843686893169,0.09674001731582382,0.027316095909522005,0.37771443321896686,0.22921393954986413,0.07377913332243903,0.06231847617638188,1.2533602750337929,0.7431951222105698,178.3655614846957,0.8788182273410116
5ebcd8fc55e67d14203d0fde,0.14058502197297076,0.1035765493548861,0.079850109212638,0.0015479479435372026,0.227100620117922,0.37400814099525026,0.06500889030309877,0.00832271973540053,1.492909808419387,0.7647786532190085,151.31165501327484,0.857335127860027
5ebd52d8cb09d4000c9f64af,0.07876024544029236,0.023609066194159208,0.0717300798456621,0.063006488651682,0.1451583011208663,0.2995637973856476,0.14030546862097068,0.17786655328079778,3.353622242231252,0.7076551455212008,165.26505078202158,0.26267437904048996
5ebea06f9d56a105c10f6315,0.03372034830884521,0.009102801725501696,0.005452170405282544,0.07781491060772623,0.3925991693005344,0.23322784123453086,0.040154254067617114,0.20792850386788383,1.35046033852513,0.7493758137708686,144.27042707230984,0.317191844300278
5ec00f62cf12be40ea6fe344,0.07050513097421682,0.03757029529914073,0.024356832608512537,0.03509283232343708,0.25528929595629907,0.25017896727889943,0.13959185801820512,0.18741478799785677,2.484286940577788,0.8226191327493501,201.22844847572065,0.7444596443228454
5ec0a628aeb38236276f7d25,0.023259526192988617,0.018516405619802685,0.0179599448522021,0.02884516669864134,0.1570866971338046,0.31318737898287974,0.1716346970846956,0.2695101837210259,2.639866907587815,0.7575480094783965,142.84181415919215,0.6718614718614718
5ec18c4c2f44695b38204649,0.2162969589766609,0.022175684583776386,0.04822333021057528,0.019395402736266932,0.14410181980652045,0.439977271152669,0.09233108682924322,0.017498445116655728,2.3786015976095944,0.7296732070412014,154.18649488723364,0.8790322580645161
5ec2feeb47c4471339d3b2ce,0.1263682618594426,0.012959094927154515,0.035529034588466415,0.07039080346240853,0.12638719524696285,0.30270745188882614,0.14519027892923878,0.18046787934752187,1.7251002844154273,0.8187266369704024,202.05803513871265,0.15619189289698773
5ec4413c7bd12a11f5d49e04,0.05573044702444887,0.03266369067760479,0.08436594398729866,0.05191554566956455,0.4461838815174637,0.10696014417077507,0.12724141195681277,0.09493893484448127,2.783829156023127,0.8142173037355188,215.22413459391842,0.3969366562824507
5ec441b77b846b31db2d328a,0.010600208879075111,0.02714380267597009,0.004744679874570928,0.025287120012148865,0.2938799318340988,0.36633521213096804,0.0981840147900872,0.17382502969851174,2.4012815113736057,0.7423999930048126,182.15484029919998,0.1935483870967742
5ec44240144f4f30a24e7aeb,0.02985400684117108,0.003200232922327241,0.0046287810160984405,0.09080031260560088,0.11620727179302266,0.5053886397347912,0.05283483360073252,0.1970859213132616,2.0144149929900617,0.8194389622098411,235.99681723013347,0.05970149253731343
5ec453f93ba6b432bdf01d58,0.019824199055904324,0.0492136572063971,0.008447411625783937,0.018750589029828846,0.4443862890637543,0.26807129290926307,0.11746259371429163,0.07384396735071491,2.7320187823690336,0.8111708201753388,228.43043510419213,0.6085988590510644
5ec4a0fffe991f37f61b356e,0.0716298783324621,0.04537181527764548,0.02578664828827971,0.0318445937766779,0.4768068984689349,0.22270906544934466,0.07061220540259694,0.055238895629863886,2.9561827259118103,0.7441599737717931,168.1127770354309,0.9009186351706037
5ec571fbbe9f1b54ce2ea875,0.37604995708349603,0.019442364296390693,0.18899235073615475,0.017320223258649254,0.0896316066201659,0.1318627567353826,0.13627420094455567,0.040426539891167165,1.634685325984195,0.8176326359454388,210.7378514020706,0.9811023622047244
5ec5a705a9b68d5f1f482ce5,0.08905057779308073,0.005545617973980972,0.025946800334797928,0.288096974272419,0.03184363320262599,0.2638715919438515,0.15510916481200715,0.14053563949655012,2.6585082558810775,0.7678600477175174,191.33423341544352,0.2731112153918348
5ec5b367ec26b761ec0fc87d,0.03299333077850117,0.043166570005622754,0.038507660680191416,0.04232295204176864,0.29776525570787216,0.28577696469587344,0.14932822368682383,0.11013904257581167,2.8320797024911974,0.7880468109033837,207.26260176523567,0.07151793160967473
5ec5d393295d6e655f9842e4,0.05315877503280057,0.026116239433649997,0.04200614886768886,0.05205370214852079,0.2941694217819991,0.3256081106149705,0.13141424739879087,0.07547335500636276,2.5070936296075392,0.7876846005961868,209.60609171421544,0.16592071611253198
5ec5e401a6c1eb663c46efcc,0.1485336823447171,0.050053832210929496,0.10381020105745634,0.01066586706145735,0.39271302371864564,0.23894969403917887,0.034384730776579456,0.02088896897478599,2.699239019064586,0.7277915580473535,158.65962572087852,0.9135416666666667
5ec6c3fe8197ce0e352fbfc1,0.1285785416021226,0.01832920431478171,0.1319181983715718,0.04408700246145818,0.276851133815971,0.24349678412372697,0.09122769788284932,0.06551143748000436,2.3061100959056713,0.7652874110436905,186.64229028837204,0.8290155440414507
5ec6e4ebdab574105b1bf4d9,0.0933478809507027,0.0774784701490265,0.1785763989473965,0.025052024735675298,0.28117511297348813,0.22006377080413506,0.07784230155385224,0.04646403971640878,1.5702345984088357,0.7436097513934833,147.08053263909224,0.17912970004224757
5ec735fc4131bd17f438838c,0.05420816456603703,0.01461649022370595,0.015332566183847571,0.06539284000632191,0.23429291659197762,0.26300016473316423,0.049238657883675555,0.3039181992783689,2.291903932348166,0.8237448181664854,221.8288667187614,0.41070625281151596
5ec741f90b0a68183be0ac6d,0.026320353192673413,0.02932475017377208,0.006416424117508722,0.03259659227186734,0.4814661734348362,0.2368643487125541,0.14801564371221299,0.03899571389224098,1.7413137364994296,0.7341365038625633,148.75209218458917,0.08612040133779264
5ec74aa8015f9f1a3452eb05,,,,,,,,,1.7527706840078803,0.7833294300282416,199.02075556808566,
5ec81134ac7d6b2b9ac51453,0.1132625824962456,0.018013702084823544,0.051425033771479306,0.043145472555952656,0.353298263703311,0.24173136791177774,0.09922840331115511,0.07989517426278689,3.70207416029504,0.7533170332949848,185.8226463535396,0.33718578445535974
5ec8179eb5b1d20f88b26120,0.1315905527914837,0.023807707701314292,0.0346918448063549,0.038356130180987914,0.09566027828396147,0.4940804586307113,0.05094885109680274,0.13086417611224538,2.3631573933529624,0.8138379097847364,223.31526765846172,0.2824956672443674
5ec82c3f67c66a10c498ecf6,0.07340834809672085,0.04889322136123868,0.07026393368388187,0.008186882107155099,0.3745015749830823,0.2608884700672237,0.11632575690977232,0.04753181232037722,2.536119689735341,0.7841641997229174,207.60884139568446,0.46093133385951063
5ec8595410d64c343d8c7f2a,0.0296232828507752,0.05026317605202187,0.018360497594754378,0.024666611084815625,0.2946034525733763,0.29900663009823547,0.19623133464756004,0.08724501568692807,4.296382098408146,0.7441546103973773,188.67968335934515,0.486159634506853
5ec8a23062738338f917576a,0.11994239068772701,0.03367698593416739,0.057545374351721426,0.05528122600665327,0.1904924188773346,0.3435366872022826,0.05273145755523623,0.14679345975163227,2.2937692327104586,0.7610287221440822,202.31928508962645,0.15440860215053764
5ec96c9a80f84647e8582cb9,0.12707510255308538,0.06578714211936809,0.0406511524905688,0.02027887154023731,0.15490832412526048,0.4711761873420511,0.049912061246141524,0.07021115744454487,3.3046533074787368,0.7593265962146061,185.1630953092356,0.4895146794487717
5ec9d530f7f5db50c71639de,0.15985620461288008,0.003032510295227444,0.014408757235020428,0.2802360512234983,0.11271644794581089,0.17053858241830006,0.030290908173570275,0.22892053623886796,2.4507250171435735,0.6787132806620766,133.7835897433845,0.08302354399008674
5ecb2895bc80406a12e913a7,0.055602859096423374,0.026533325571938216,0.04708448052788497,0.05112995159427423,0.25051348984218735,0.3252737217336958,0.12361772327212893,0.12024444824510555,2.276496911353255,0.7357792016089106,143.54035567807733,0.4038614123247818
5eccbe0aa713d84c5bccd35c,0.0959482140308737,0.041649883743281664,0.04846023052051751,0.028005209311850725,0.3460728182695761,0.2891732781995679,0.07771100741237243,0.07297935866946481,1.7682393920089094,0.834797607343778,222.2971663919155,0.49569377990430624
5eccfd5e040498000acbab5c,0.011282817115052579,0.04617169175801508,0.031482961076343005,0.03540225944882431,0.5305175463764508,0.07959875242255565,0.10621422782641458,0.15932974381622284,1.743546504720963,0.8536523138313554,207.69477733395283,0.5743398392652124
5ecd65f6bdda300bbf1582d8,0.11752306131361513,0.014349212714670134,0.045050973936364286,0.0862405673487512,0.3130489019630167,0.18879527175232075,0.04056048422853955,0.19443152745656475,2.123817183804174,0.7484561493020955,192.5141469547611,0.6459627329192547
5ece6a57886a6c22341b1ead,0.026178120129524647,0.02213152222197195,0.014301225683715632,0.02314622217435453,0.26699504021113823,0.32635610748871263,0.2369740518816005,0.08391771056160595,3.0771860598254723,0.8282146292057786,245.0032556553324,0.7715914072775099
5ecf4b18f7b0443609e07646,0.016962654241176104,0.013653380240516178,0.014574273459607942,0.02856850494054531,0.675793290519437,0.1175741686349451,0.03725542234396796,0.09561830610190634,2.5108058513653884,0.7183329723288381,176.07729710678709,0.7686148919135308
5ed1247740e3ed03a7b6bff5,0.024113374450478793,0.034445287949918246,0.018017913487459496,0.017816307902616582,0.49695962275721767,0.1832626201296064,0.13173414864412186,0.0936507257217925,2.1098975832034594,0.745330753617224,140.82161081751835,0.6299722479185939
5ed1702b534bdc0c7d215298,0.014327138328596297,0.018012933159760203,0.02266030277811634,0.025490242743997978,0.40100169474318753,0.20634526337267223,0.1459570072600842,0.1662054183728833,2.2339966194922654,0.7271688007113165,136.1221587598772,0.008968609865470852
5ed17f22e1dc340c98fd6bc7,0.23279835607101718,0.034003314670425805,0.08108673141540296,0.05700832268231663,0.07500213562606693,0.22745721497408297,0.13382131659427332,0.15882260791775896,2.8693451766103175,0.715853254308029,149.52553096539916,0.11362683438155136
5ed1e0f7ba6548028fc64722,0.05964700151960392,0.02198628594367387,0.012346964085350768,0.016869292468807185,0.47699022766456245,0.3321640246107871,0.042206413365829566,0.03778979039733301,2.094737578460345,0.8459715690512245,228.6416337787394,0.31011315417256013
5ed2fa0793788128b41df2cd,0.19150716303811702,0.006064409936262301,0.024442817468511763,0.09598464806350109,0.10538529665801136,0.3762964878860352,0.058026483894601216,0.14229269224542515,1.5880343763854752,0.8393577222630867,194.21345352704765,0.051526251526251524
5ed442ea258f2e4098c6b153,0.019344321304578194,0.02059661070134041,0.05967776968658378,0.06680369628327448,0.4463350403747274,0.08984186251860835,0.23888426366749618,0.05851643534753545,2.7475207047629175,0.8010565906087668,234.1171447258292,0.6002915451895043
5ed56587e879740cccc9d62a,0.011053220906321977,0.03151217405995239,0.024770148779447505,0.057858991705937,0.46424366296642783,0.17883142217052014,0.1333696472012722,0.09836073210071843,3.2798125530010847,0.8275704034938391,231.20625607572686,0.43700623700623703
5ed5ac56ee608714bb21075d,0.06733327154815039,0.023448308625711196,0.14602866319721516,0.07042020792666993,0.36513805969806973,0.1212791350446692,0.1277043611242373,0.07864799238253978,2.15334462671873,0.7779111907599179,204.81575076240617,0.19294605809128632
5ed5e0276122c5175e4509d0,0.01404112233960488,0.034669888670635175,0.026234257827330274,0.014808171734320457,0.5229488611975907,0.19944091227952182,0.11898428803546471,0.06887249822224682,2.2673044720736195,0.7985926883492409,221.78546677836746,0.6180422264875239
5ed674a74aaed5093c46b6e8,0.06243351161292762,0.03313116160866357,0.03343488693390302,0.05695119968522009,0.21236038600365667,0.3150941674286676,0.20553556094038586,0.08105912575833618,2.5076011765760144,0.7578623625978684,202.77786704163213,0.46858168761220825
5ed6a20e56cb1a0f7f8f7d20,0.01475384513016749,0.018335704283422148,0.017137405494991258,0.029224053641041796,0.4768234594409273,0.2420977560870756,0.021026070578393976,0.18060170490032143,2.0774017380703262,0.8289362473224323,231.07013949311508,0.9222412807318467
5ed70903f3b2f8195f919e6f,0.2090660404943219,0.008339836877893192,0.01972527451854847,0.02621107693627936,0.16016602087119539,0.5017261713333716,0.0482514837946483,0.026514094195336735,2.4249817830217015,0.7166669871881459,173.07237212428004,0.02132998745294856
5ed74a20ac241e1c4dfeb045,0.01882269048654106,0.023814010033302354,0.0023184962046439695,0.013608683306424394,0.46077119683173223,0.34022806818523443,0.09773188950736107,0.042704965848753516,4.060301905337515,0.7339330427755811,163.0338763295871,0.0
5ed7c2a9460b76287b2cda9f,0.01791504474601818,0.055036482233497754,0.007729145925595887,0.022071410494692238,0.4798562919901929,0.30289757103401804,0.04918769295441926,0.06530635998796495,2.1139756610265543,0.8351720189678179,222.36749885046459,0.9508133230054222
5ed8748d4dbf2e3863002f76,0.018998665408782024,0.006728257489182089,0.006179864631747439,0.08426736700162336,0.074753845056193,0.36094653617529204,0.1372216637037447,0.3109038001317713,3.29431225553374,0.7196507612120239,183.01996724680058,0.6147672552166934
5ed885609d0c93397b6b50fd,0.07869683617906013,0.01476055935184768,0.009479614890268622,0.02219933441027298,0.4158908009427485,0.35548675762964127,0.047107916042116615,0.05637817973487776,1.7622559294998592,0.8589039091886456,240.832157819116,0.13271028037383178
5ed93d13a7c31c4be57ef096,0.01118052215874361,0.04459781286152295,0.013198394321812855,0.04752517687402065,0.5510519347258056,0.1400989853331789,0.09377231801135269,0.09857485580115087,1.977702140468496,0.7830088941554695,179.57560913980626,0.0
5ed94019c318241053930266,0.010696649474840532,0.007044164553878008,0.0014333410095466797,0.08340128010277326,0.4822877932081779,0.22202692134569807,0.07781406729671594,0.11529578284971732,3.119982533465239,0.7310442302891038,140.2033419838571,0.17828773168578993
5ed94132a8b177107d611847,0.008857111920405263,0.05453719530786936,0.006240566476006845,0.0017992617818566247,0.6904216369859532,0.1467199559519549,0.007608167931495927,0.08381610383073597,2.141094464027061,0.832474852459534,268.4572327876788,0.698494623655914
5ed944592219cb116588a9c7,0.08772019117645137,0.005328935345635877,0.022472452521519814,0.052783601207793865,0.229209036379519,0.3838629979389895,0.19043728680941716,0.028185498823614874,3.146746209929683,0.7741756998156429,217.720758824314,0.2808219178082192
5ed98dc98d52355330659711,0.037664386043294064,0.04167317032615092,0.04987646119059187,0.05807710845256041,0.2260037568084074,0.17720791079622017,0.27278303557516476,0.13671417064284358,2.04461596327526,0.8062908936676285,212.654973193935,0.31278781438186326
5ed9df4296035b58dce21946,0.021846122197965327,0.023121909255116167,0.024865266360622862,0.0208381805210882,0.49386392936106827,0.2528453541607835,0.04490178878695756,0.11771744973026078,1.3468056999858833,0.8579944703121448,234.6223519915399,0.8042997154600063
5eda93dcca52056b992dc4e7,0.0769057184089172,0.02511450476735029,0.048989511641985735,0.04462339977603718,0.1630808836197916,0.2366425697882306,0.2718994987005412,0.13274391301545863,2.635428456955094,0.8002107142129532,246.4708942377352,0.005644402634054563
5eda9c1285d97f13ff9ec230,0.2980616131170604,0.022741046949591923,0.035570581737044554,0.043956894854177614,0.13655575250314386,0.2908410261130617,0.045309675509238125,0.1269634101717874,2.154011338970377,0.7328409584513594,163.44454572536824,0.07225913621262459
5edacd8bca520571d4c0402f,0.013201075867488542,0.03633814546320632,0.009332684667779685,0.01752414596200576,0.5753434819970505,0.21190359902870068,0.10296319871995667,0.03339366853863548,1.5345224071961068,0.7460646936078814,147.67318981550227,0.003956913607386239
5edaf0abba14031b7899eb3f,0.014368285089201264,0.028003719997394105,0.012003571006070404,0.03468706773771182,0.4017290845629461,0.19822406331241874,0.1758111706985343,0.1351730376387074,1.7855497999227952,0.7606991608379786,225.53385452093178,0.263622210690192
5edb269fd20f6b7884b4af69,0.020243293207462317,0.022399439352126186,0.011611557704994453,0.012749104054492555,0.16210972499643309,0.23984451923622957,0.5086974274051517,0.022344933610165898,1.5134149383377922,0.714400615332034,132.45624988753218,0.8561151079136691
5edc3f9696a72790ae256a27,0.205893990554485,0.015679721388905065,0.02033671032726635,0.12826731878615724,0.1139449681474073,0.11910218336827774,0.10318795780874711,0.29358714919107987,1.9668770508023314,0.8215014543180181,208.68547124467847,0.2616501916481743
5edc54406e439f905691b623,0.06422161483585073,0.03264929090728359,0.03411657864994009,0.031210220388935173,0.3646856605157019,0.2967090127812067,0.11771260478393229,0.058695017314345094,1.8444302797099887,0.8330911042690622,253.5840897454819,0.2724
5edcadb5e81cb9000c4b07e0,0.0141748587759244,0.03342830682589803,0.0019276745784214755,0.04721885193055673,0.2288400164530589,0.3231036842656325,0.2207425068514725,0.1305640999659194,2.2539421498972776,0.7406042209214914,202.8285563345564,0.33639494833524686
5edd1133213f7a077ee2709b,0.16803721526104878,0.0289603423011726,0.05322620319301474,0.0861924618684892,0.1216388366425265,0.19137075512218354,0.27997952882382604,0.07059465714612291,2.3660358612354866,0.7297236346588275,183.77835770556015,0.2618399564507349
5ede1b9de880a5035a41da35,0.05767472151656062,0.023141708399015335,0.02333587314467797,0.013473042588934189,0.2819772538501554,0.4115409225949216,0.1496083760785556,0.039248101718510064,2.460960445551814,0.7605026219928089,154.1424297939039,0.5163841807909605
5ede3d2ef7c9f9068776c4d2,0.09622798269695952,0.0338066279537286,0.08518805334089094,0.040190340375389565,0.1943743619203048,0.19636686419666097,0.28294813715004746,0.0708976323161174,2.3129289573182596,0.8035462543506323,171.37117896538993,0.22550376865097677
5ede89655600b51030337511,0.022350993167167786,0.04110609078121996,0.020106118964268224,0.0314576178756748,0.17736676118561012,0.3102102984578639,0.33842290896507654,0.058979210589105685,2.1300407561313395,0.7607007816575795,215.04800807990085,0.08117249154453213
5ede94e7c68c75125f23ecb6,0.13200665786191215,0.016953656476201284,0.06297684140904697,0.047436115635354895,0.26311358331742746,0.3245032981608401,0.0866756028809315,0.06633424542386951,1.5122550756916806,0.8209883215697058,226.64077584939076,0.23956723338485317
5edef14e402f7d1ac3b97c74,0.06411316366397571,0.05062046990861304,0.1133507052614125,0.014188207885530454,0.2944105239016719,0.21620593137861302,0.13329854049079157,0.11381245773106641,1.800400097398772,0.7888988319375695,208.66707388802374,0.2335063009636768
5edf0bcccf71bc1c0b806934,0.015513804866693166,0.02460267003004366,0.02288809806480206,0.018156796069386867,0.6366686248427187,0.13291866112355274,0.09973403972907674,0.04951730516290847,2.4443268042756054,0.8474678240883259,247.5005571655008,0.7899761336515513
5edf2043d53fce1c797d9f5d,0.12981248412461105,0.039834635424448074,0.04215698519124336,0.027977004831078903,0.5194947598629955,0.1344353285150066,0.0667841157828964,0.03950468583397375,1.4671746723651264,0.7237475163302614,158.165050888768,0.7204522096608428
5edf25ddf4b5591d19edc462,0.020131517766184517,0.013203602816029504,0.007278176794060409,0.06943312258715661,0.33234045872492524,0.1572525105210321,0.029948499193726365,0.3704121116848728,2.1117300252895976,0.8028004487370717,189.97742290568348,0.39320029563932
5edf474096c5381f5b2b66ca,0.026857715954165504,0.02129398859715785,0.005625818883676084,0.029831897442708775,0.2584246342720983,0.2682559196570511,0.04544625940580042,0.3442637657850765,2.962358492266644,0.730858751985575,154.3234711906756,0.027645376549094377
5edfa08db0711a2891ebd61f,0.0885618268853267,0.13583523574859174,0.06742049332325864,0.003288234236878955,0.507245594555066,0.15186962299756632,0.034918360721990914,0.010860631606551655,2.2825666965409788,0.8379965703186609,233.53299855323414,0.2426470588235294
5edff301000fa631c7b5bd3b,0.04218438887554891,0.02778195876810762,0.15817044190164803,0.020845026192490908,0.3038400523112537,0.2084296416827824,0.09975385335866996,0.13899463681290603,1.8748318058275482,0.826558827022636,239.79461728827442,0.8505338078291815
5ee0010edfc47c33f1726e45,0.007655580760860031,0.041288039076872424,0.0035050095041475634,0.010912709197369981,0.5159126759373719,0.2713789305343976,0.06779806118285066,0.08154899372469702,1.799053668635288,0.754255732622511,187.34366586699417,0.06083086053412463
5ee1278f5e33964dcb11d20f,0.02517428645534073,0.008055242629305483,0.0062986409846719806,0.029181624082718537,0.5672958653003198,0.23793233801244223,0.08069771445194156,0.0453642922376586,1.4486647577538685,0.7002340645665925,137.8638427937413,0.391304347826087
5ee12e737def25505356237d,0.13183417708518425,0.02099948152851395,0.0333971816918741,0.026465368572345414,0.31736450014198364,0.3021574949749874,0.10643456343025948,0.061347235347722295,2.5506977415059247,0.8234875902268599,206.99564069311472,0.0
5ee13fce6b82194fb7a8fedc,0.021177202168925442,0.01855102682204875,0.017121387007279207,0.03703982778656089,0.5417556534199065,0.18435247559046483,0.09163645200852939,0.08836597577739466,2.0999701853411654,0.8010480688792447,228.49519902068417,0.1926605504587156
5ee143ff2ec63852160688cc,0.06389016878979532,0.017967913407699997,0.014346116779390529,0.027475068426788353,0.11636006234232502,0.5653298255736104,0.10456960517863483,0.0900612387742228,1.9453880308545353,0.8312413286252999,216.1889023537645,0.9165687426556992
5ee156d710299316d829fe31,0.11117967264035292,0.013917536391043475,0.022123047043636754,0.03441223672864453,0.3291511006390551,0.35474360105053016,0.05450368441378892,0.07996912158483507,2.2347203819476116,0.8281715182207996,232.28721284229601,0.1492295214922952
5ee1aff5d156f20008c98012,0.030516967620380087,0.022129009013670396,0.006304523452069053,0.019035163641613378,0.33532196751796556,0.4004378742583742,0.15261506750625933,0.03363942668182386,2.2746629345236253,0.7133596567012455,134.1420948242215,0.31518151815181517
5ee241268698436ab99901cd,0.05753897009931433,0.05470592274104455,0.022062993499313267,0.007291456029751743,0.5749799114469376,0.21898325414549966,0.049836617048250945,0.01460087611604767,3.81628057443062,0.7117809252713236,155.5411267159286,0.21588785046728973
5ee2916b70aa643be19c0036,0.21699674543635492,0.011928224839119799,0.09025983542962789,0.07589811375453567,0.1609810067543602,0.2222072186245786,0.14812011853958035,0.07360873619455373,2.1656765903218425,0.8247871951983611,251.14228564526186,0.40347574221578564
5ee2a7978099c00d4793c807,0.029424887799173852,0.09363253120503334,0.007203105118932958,0.004893443526385816,0.30205904450159654,0.23601968883261967,0.3166241634061658,0.010143136984734515,4.246652768712705,0.7226844645026662,173.66075527901694,0.2800875273522976
5ee2aa08fb2efb7bf0d0f60c,0.021342747124853755,0.042019236625876005,0.009964187095374074,0.031109864759604984,0.5533947839791674,0.23825767298859463,0.0311057064567008,0.07280580148606752,2.452197785129427,0.8073437146058441,244.40603982155423,0.8426924507251766
5ee2b44f470fa7446a470c8d,0.017703774292628927,0.04314252217231026,0.02097017075089166,0.011339336180292455,0.4158788797995979,0.25831685181207353,0.10186473322692507,0.1307837320675224,1.8863081288040586,0.8368269579669989,238.830150124686,0.6920638167314379
5ee391b86d4aaf01d972a327,0.02348676353327398,0.013868997374716776,0.0202388074114916,0.05276707843101515,0.3294926881389356,0.2920488742207111,0.1396340082868083,0.12846278509037054,2.0781524376066507,0.7958770991757276,233.5423798526548,0.2158154859967051
5ee3c4bda54f6807aced1eb9,0.19923857014094076,0.004926760558321628,0.08104236631853767,0.06247801742782547,0.2645715550918664,0.2964073973042624,0.07098168813224347,0.02035363717004653,2.040213616126733,0.8384347717063603,224.21604975266467,0.5333333333333333
5ee3c8f2eca1a2085413c9d5,0.01987276079403034,0.08357195174385919,0.014569096232054294,0.011518729616305335,0.33081287347446714,0.23383727902493007,0.08415941746547621,0.22165789188834129,2.7950665024548242,0.789881301182514,219.62387455437954,0.7793904208998549
5ee3fddcc8ba5c0ecbd0699e,0.011703663888755864,0.05988987412658277,0.03156089422977387,0.010327465644984678,0.5005858495627082,0.255670694862514,0.10582583268997207,0.024435725209786617,2.7473446957601038,0.7770539227215556,215.2241986846824,0.5160744500846024
5ee4a9a018f5a91af3e985cb,0.05540745457234589,0.031800908304852216,0.022606873402547183,0.008333528026758097,0.2992623767983781,0.19360981778764152,0.3866273376738793,0.0023517036846728077,1.422303044192148,0.7162759705777072,111.26364840257375,0.1574074074074074
5ee53940e704230cfe9c301f,0.04154254846520562,0.04204499844229306,0.01840731660678788,0.019428095697310015,0.41270772033025993,0.21701721649538455,0.08814742196572208,0.16070468213920236,1.8289525661012684,0.784014127351415,212.58253245158838,0.7875638841567292
5ee584e4acfd341ac542b0c9,0.0370174048553345,0.02029133945572131,0.050484316580613996,0.013919921235349521,0.4904255758197111,0.27373141359892483,0.07898158599062109,0.03514843705558232,3.0213401110572673,0.8260203461851561,236.12052135307192,0.25
5ee59169fbedfb2dede8cea8,0.03758880220499793,0.04453648414159651,0.01874803957893152,0.022816920597332552,0.4543405474503004,0.22625830243197623,0.04655761093966751,0.14915329264080607,2.35456051499144,0.824418953957581,229.68501936544834,0.8592304846466888
5ee6511c69b98d0129d62f27,0.09522360805580785,0.016372351443103013,0.03137974400501608,0.08592191317778523,0.19155535314411118,0.3954116425766991,0.10250306429843999,0.08163232325153905,2.53258311919508,0.7173903792891064,165.32442764629616,0.22024983563445102
5ee672f87fecd30400e752f1,0.01467895885256029,0.02555026241342055,0.02857083179987526,0.0675630292348398,0.24096210861123732,0.1528388431123552,0.37006713362275456,0.09976883296500173,1.9120747479918792,0.7891228811798381,223.49890174323744,0.5646209386281589
5ee69bf1ebbfd2420a065289,0.014981547474744459,0.021989606363793712,0.0038384348339162416,0.030262969986697398,0.44563843901533423,0.2557265867590601,0.09434233814758015,0.13322007722039253,2.027556275586799,0.6731161116665967,124.50917311872952,0.4019607843137255
5ee69c554039c841faafb13d,0.065517355438446,0.05069281424446084,0.021594847962632988,0.01899080151460091,0.2899673535362566,0.3097828756689768,0.16232871213138314,0.08112523879531629,2.3969577420515074,0.7247751027116921,149.53712679902287,0.42917103882476393
5ee6c849ecd49045280d2ad8,0.05073509343728357,0.023515419015551178,0.013816347461612822,0.029270262762713693,0.3680046546463812,0.3645062999189444,0.0434471889277226,0.10670473438509366,1.714314673470934,0.8177453793811428,228.705137803808,0.43629124004550623
5ee6e0d2ccd83446a3611dd3,0.06707038534291286,0.011487489387935477,0.03337070441877227,0.026512174153140652,0.09939064757140831,0.4649254819259463,0.2381632695756825,0.05907984760780979,2.5092912659042987,0.6865313271003277,150.82423501946562,0.9987893462469734
5ee6eb360d297347867f3e6d,0.049336498795511226,0.042298692534113724,0.03189047183452289,0.02886155676927531,0.31010023613112353,0.23860925492341406,0.22748801476735878,0.07141527398952024,2.597829651342269,0.8250977710205116,196.8294611468875,0.0
5ee6f70bf796cb48968abc42,0.024251990326978556,0.031212909552160408,0.06654695206281064,0.044065378956045474,0.3035202234187,0.25438114419445007,0.1555048783126506,0.1205165240648196,1.7817935802299216,0.7641606401975193,157.51842857252743,0.3953488372093023
5ee6f91291a7f3467cd37704,0.05412360442432548,0.021353260795122078,0.024328636462009452,0.034688334264570714,0.12073020296720514,0.3863765725095876,0.3276914754039592,0.03070791448200343,1.35958151539442,0.7530215363247942,134.43535281334945,0.08
5ee70f2038ee524987f6e9cd,0.09944413787581172,0.04532389779225786,0.08765804047342687,0.013562509597462729,0.29125590133676327,0.343155744841032,0.0643504629824622,0.055249304724123885,3.0515251754936195,0.7526819634640565,172.59023533807698,0.7676796364669128
5ee737e98452ec4c9cc1a1f0,0.026510253547880086,0.1291267616238185,0.07130897279066792,0.004331352645694242,0.3475856843118204,0.24336487629065529,0.16431567018569984,0.013456428180848133,2.4667411745964274,0.7920049456097193,189.45497161562085,0.5736514522821576
5ee7903e80706a01ea855d36,0.04291536268947052,0.012142849926389077,0.007848244478430187,0.027335732672884337,0.1747669662854433,0.6082569704481076,0.07795730942138397,0.04877656344037501,3.61901262605579,0.7319962036591102,149.08256785367922,0.07460890493381468
5ee84653635dc301d2f8d5b8,0.04355144165977428,0.0026344470987428536,0.0037644374570044875,0.22425120674471138,0.15319028706077775,0.3712079645025374,0.12108764241658186,0.08031256937778668,2.335649094700914,0.6144119157729397,151.13998609737746,0.0
5ee8f92c564e6212704b2315,0.029232335718561483,0.04443036276468238,0.025129798514202203,0.025097763065414627,0.20135548512699883,0.42432613346321957,0.15855693830151804,0.09187118275557726,2.382222609323376,0.7163892946012974,163.68285014666284,0.7252155172413793
5ee91d6e634e8e1290804250,0.03496771772674121,0.06554818338153216,0.020724974058366603,0.018174964474715664,0.4757718689850108,0.1253495870218873,0.19703119126398824,0.062431513119540843,2.1319041933692775,0.7652516629146363,223.25260396436474,0.033599088838268794
5ee9201596dd421333942d06,0.06315866567663166,0.03212814154902477,0.0660968002186406,0.03724935651421501,0.5270705610644796,0.11962867429237949,0.034024900826925185,0.12064290007675564,3.0747731666317337,0.8295664215357802,253.87168758078414,0.7655813953488372
5ee9617bd87fcd309db3fb2f,0.0171650760545797,0.04576525125366705,0.024787766963432357,0.06913073354241248,0.3589875457876516,0.21713658778882844,0.07131515799204838,0.19571188098343548,2.2442797691440197,0.8038461682500312,250.53804196360053,0.8790637191157347
5ee9c0d2de277c3621bfb1c5,0.03200774500377245,0.026464495112227652,0.016029204342823018,0.01627129631955808,0.49242580165031286,0.20983118967563302,0.07271868061530092,0.13425158755142003,1.8458758486892712,0.8074646794057951,222.6412429955419,0.6759868421052632
5ee9d0dfab4d21000ae469c7,0.03385378005499085,0.011587006216561174,0.017626393320950565,0.0861388443324213,0.3289783960806046,0.1497843181890116,0.18674803083032238,0.1852832314340293,0.9877731252344091,0.7940758106244362,145.5835456184714,0.45187769341268214
5eea18fc3e537f0c21f2e9df,0.02654005620436978,0.02935498529596379,0.058215189401258256,0.05029342239836214,0.2581824907166601,0.25910424989984115,0.2517970976301339,0.06651250925709155,1.6337702837156518,0.8272209795185016,227.24059994570248,0.6279747450218552
5eea4a214c865810724760f1,0.034267289466866004,0.022275841581279217,0.013855499596535314,0.015175871737309821,0.34677043569037214,0.40258896435114955,0.13277952875912621,0.032286569196263014,2.528427524464633,0.740425914368807,171.44819413837754,0.43017615522083225
5eea596158a5a50f8e29547b,0.3078119661502691,0.03224613752893552,0.17871895557254922,0.011372472722985647,0.13052056372368556,0.11778320265708601,0.2126811999091441,0.008865501912208158,2.4605168515237796,0.7909025781299294,194.52643752314106,0.48914285714285716
5eea95eb104faf15face3b81,0.05200449470639642,0.013256022497061638,0.010496709132108229,0.023397363525748564,0.18449896394005563,0.5694297224555233,0.04000386751852797,0.10691285686187854,1.5610513489389186,0.7447768812983148,136.67476164119662,0.14663951120162932
5eeaa8ee94a7f8046a02a20d,0.06185755260392189,0.0535468635789584,0.12115239473900546,0.0156414836075984,0.1438616600611971,0.365604671339194,0.19901878624740568,0.03931657538083117,1.2371740639985613,0.7776440359313195,141.41113367029803,0.8333333333333334
5eeaae03e1959f18cd331cd0,0.052468123005266064,0.021773930006274502,0.05486040146202025,0.0507840969791348,0.2859840257844371,0.2952568059496546,0.14552308436341752,0.09334953240291331,2.0022420610228138,0.7596320212530995,196.4590527400249,0.3755624437556244
5eeaae5f4c86581c32bf9a82,0.01657439767855559,0.042381409740516254,0.01840022898700157,0.009578133048520072,0.6173829856546871,0.19335876392333332,0.06660251069002568,0.03572156967372685,3.102911766539913,0.6973565955588684,151.21164031108123,0.2964352720450281
5eeabb917a37001964adb396,0.05498847305164802,0.035609518246025526,0.050411948865086494,0.11755359513917686,0.2599082989189001,0.2350115031755445,0.07880173404237124,0.16771492870568808,1.6811463662356632,0.7814446506821151,200.1755009994732,0.4197952218430034
5eeacbef6580b820c71e449c,0.008505074794801252,0.010739621984088534,0.0052746129416043714,0.012456386601352879,0.7999403956365936,0.05160649101113396,0.012338096605424082,0.09913932349810274,2.430373642827413,0.7960089920333724,234.03789233044049,0.10285714285714286
5eead18ae1959f1b046d1e4f,0.007874554207633843,0.03197278341556101,0.005220900221338299,0.027861078906756005,0.49358179301440724,0.17541671219092234,0.10378593735388175,0.1542862393148763,1.9672493745477357,0.8102507964778233,213.30605245169306,0.23171445289643067
5eeadad1a8405e1bf5c8c7d4,0.023250924997830137,0.04271121044127731,0.010575457374054187,0.031070241683554677,0.23740464127100128,0.3260553007046319,0.09443540942712496,0.23449681507145578,3.7852472193627857,0.7897630484105882,241.85173124108977,0.13382218148487626
5eeaddb294466620617d4869,0.03917100416739317,0.05659257897407544,0.011235054946739858,0.009681834897441666,0.6273403810990882,0.19576671550467276,0.031843134938650194,0.028369295765026545,2.892108996112602,0.7600507637771394,163.3837679598635,0.10465116279069768
5eeae0b5d11ddb2126b1e2bf,0.2216949555648568,0.024982292156131895,0.14468280840000974,0.06618818625145365,0.19745323248687238,0.22564659328632297,0.06310035295504185,0.056251577659931024,1.513474001719858,0.8128051614479701,214.39198057792976,0.59375
5eeb412dde2ce12142b917b3,0.007065460039471662,0.016081073069392195,0.013680693362724924,0.07597632159451122,0.4783868190013415,0.09048742860461588,0.10843391836985133,0.2098882863419343,1.6225333002025886,0.8473803197122335,259.66145056797353,0.9282218597063622
5eeb88f7507eb331b39e0d1a,0.041950786897934716,0.03432316648760464,0.016918716778657212,0.047359556002101656,0.3891329767893845,0.23924555569797418,0.11175894162076065,0.11931029988302434,2.5054909572712467,0.7541589079215971,223.62077456458678,0.40660919540229884
5eeb9d5c417b5b34b8ceed17,0.013404163382535498,0.014945510108707104,0.016945417627544986,0.11206613729121342,0.4099137522194668,0.1960299896129355,0.05410038298589928,0.1825946463552795,4.0044237315114675,0.8234295129022748,270.80817011402644,0.39331210191082805
5eebc4bdbc56df3150e4ed27,0.02010165710852215,0.018631503434999277,0.0911424781513866,0.07318577161510934,0.2134134093681096,0.08355885841500665,0.2737403493835088,0.226225970980958,2.4311714604188435,0.7952341811909818,234.19188509607133,0.6336254107338445
5eebff91bd2957196e75d9c7,0.04640900775938865,0.014687527163797051,0.023431417368600518,0.012507246126244953,0.1969338249723256,0.4501143627148291,0.21168452449363936,0.04423208906485094,1.94812127295676,0.6847022891660713,135.56995435983202,0.8472755180353031
5eec1b5d66afb73e27bb8c96,0.04008592253025828,0.05164388899576389,0.013956167399679476,0.015541040001976564,0.3984377434949115,0.2584072420877695,0.1601948798158745,0.061733116483403176,2.048240524673125,0.8555878918959586,271.7099119056441,0.14231642694928084
5eece89d63352e0c327ddb0b,0.15532142607052832,0.02024592077316713,0.1753327637315518,0.07847548486326783,0.08846768246321025,0.2179028507049224,0.12340538106539232,0.1408484905918024,2.870665136184857,0.7990028682303031,212.9812257031729,0.0434434113497916
5eed1bae9e63ac127ac15a77,0.10479308708009442,0.011040724998267764,0.19093457717065715,0.21903044104009992,0.07574572574714221,0.06327863758471185,0.2842357045610304,0.050941101322805916,2.690215318182257,0.7925420175783872,171.1818566672224,0.07909518749051161
5eed8bec94fa2f1be77c189a,0.04742101697186504,0.028568577418788342,0.10013305859374418,0.07206192686515539,0.3279480199770489,0.17161057618006562,0.07577504850775658,0.17648177551146393,1.6661733976592765,0.840645307428723,227.64941606427283,0.8868539889613648
5eed9581cb94ad1c85a27259,0.004373689885619095,0.08852444504648936,0.005168005487778541,0.002222446102846036,0.6724033084102403,0.1572512318246562,0.04210923764194606,0.027947634259600253,2.745410406200358,0.76988529682112,205.90002123339258,0.7739018087855297
5eee262c7da4d228a43a4027,0.1180501098998784,0.009516867099378054,0.055912543504088766,0.045453803916550815,0.3506769313630154,0.26313819118218496,0.07608193783023189,0.08116961236197542,2.134849480092057,0.7276319859727296,133.01888864211003,0.5176470588235295
5eee2f5b6a22952a2bce82fc,0.036309294750445885,0.05079374263223217,0.007610653338763357,0.0098446709107581,0.3806802731406238,0.4123817755421938,0.08358580455661127,0.01879378539745698,2.231057270866984,0.7904347004845849,228.41468552113776,0.14785478547854786
5eee306006ab9629fb76858c,0.048894746776229445,0.02867894647905614,0.2826196060767477,0.03151735754863868,0.14624283018309409,0.21448135514449815,0.1715082472681497,0.07605691072430537,1.821651305549557,0.7982397457463776,186.03332860215588,0.4777327935222672
5eef1e59872e07000ba6cb37,0.05973801347648027,0.06691911691825538,0.028445868531833268,0.008429271323822507,0.47364612515452525,0.2694036773301953,0.04299642872901483,0.05042149863682839,1.3294340573658336,0.7214316462759435,127.02728657005258,0.22564885496183207
5eef7517c8692d20c3279493,0.13981143812964678,0.03190782043999154,0.06900199983726411,0.02256197406626081,0.2880754751708263,0.32204439839457927,0.07211049138814639,0.05448640384491279,2.199943331498826,0.6963390587593739,136.45480794497846,0.23801169590643276
5eefcccaf9461b13feb83c5e,0.017787219941576032,0.002219391154305252,0.0018085942085567521,0.2022988863058701,0.06691051395215732,0.30204005483672186,0.03733482641444645,0.36960051263415383,0.8049772498757024,0.6545197769551201,117.68012507144026,0.0110381861575179
5ef00318f05e8b4fc02145ae,0.07116796089717212,0.033674862418070536,0.04639839812625364,0.06224294592126439,0.20543387372057895,0.4013136061066476,0.08887949162021085,0.09088886033693859,2.248647071347101,0.8685471676647596,254.27700467878552,0.07142857142857142
5ef060014ba8c51fbf60b54c,0.10279181845844464,0.04637026296605205,0.10210681079839597,0.015588854621287776,0.1653923654204375,0.328555998376213,0.190800096842019,0.048393792326817835,1.9731954492827812,0.7184257795684178,135.93284876765279,0.00948905109489051
5ef0b9fefb4e033ed8364c10,0.007618664449253526,0.07032315331070942,0.007382907659872637,0.002506462106314696,0.7302867458814832,0.11042542364079966,0.03225085273715266,0.03920578929339667,2.870722777398639,0.8066855531753719,233.43607950696077,0.5139259824494468
5ef0d0a8074e4c413a113a68,0.03166231071245084,0.019017519034905214,0.043090514264658306,0.0631488867344422,0.3464365070421605,0.1899237658839979,0.1466856174286638,0.16003487869863786,1.4460749707754852,0.7935182306812607,220.01024592046056,0.8788381742738589
5ef0d2abecae6d04de905512,0.036247023025381436,0.021436760884716646,0.037922348825090615,0.029407672259820963,0.2172762099475383,0.25391541371388204,0.24558169304433308,0.15821287790987149,2.0864030048665874,0.8162254241224128,236.23782044250132,0.28431372549019607
5ef1086d5234d40c8a15754a,0.15497470091905957,0.059048173020232735,0.05093477415147,0.009422064631797273,0.1789985821278582,0.39176270819516296,0.08749004539291667,0.06736895130558805,2.4751210105130443,0.8264544747049464,216.2060278054398,0.5334717176959004
5ef134a5b2112b1207d5c65c,0.02584676739381822,0.053669463242746754,0.009828915774981146,0.015398379027641565,0.4891776930793393,0.3025028601084968,0.06978959096413041,0.03378633087332984,2.0078718114207867,0.7431503409295136,147.15033265110708,0.4204025617566331
5ef19d99454675561e3fc9bb,0.04140912310725721,0.04562224217451969,0.03780321464485392,0.014929302737332258,0.34997498795129467,0.23748718820561712,0.18385389905405566,0.08892004209570226,2.0635491683833043,0.7967707742136769,217.8348392766303,0.5379336637438048
5ef3aa388ec82e1307ba5b02,0.08716116979731778,0.011544077618165362,0.02462746628751521,0.027830065494543033,0.4792072798483241,0.2597681723412344,0.06860227784390255,0.041259491198382965,2.0608101558153504,0.7798155053035528,175.6137442975146,0.8053173241852487
5ef3e76be991b816cd499e69,0.0143890361180846,0.015199032830199322,0.040229353623698394,0.039454346116968915,0.559762008093083,0.1684319471065057,0.10288214016333075,0.05965213613603555,2.4494106840771654,0.6886106413416386,159.0353217258421,0.2763182763182763
5ef418a3637bb41d140de7e4,0.07218856056899628,0.027299049431382547,0.01702968215946949,0.0548482606938303,0.3790921666864329,0.27154384711505464,0.04996239640654807,0.12803603612032383,1.830481977254431,0.7118706679563807,154.78976579451358,0.22375397667020147
5ef4f98e50dc6b12b6476d5d,0.01848495263930905,0.027415209195748906,0.011406487075887648,0.08641462298596717,0.3997660194924653,0.12109783401942713,0.2122831054682251,0.12313176927861254,2.6861093774213227,0.8114397052055412,216.04115311090365,0.31509666803784453
5ef517ab79cf2c15b7452eda,0.03925215903436899,0.02977845672329079,0.016651308058626687,0.0351915445174701,0.30937518055510893,0.38521750232022384,0.05657225854945801,0.12796159037340155,1.4586054459528366,0.6658061655704881,137.87822480526538,0.11134163208852006
5ef530ed22eb1d18a02d5701,0.011209508172895753,0.03016179056210338,0.05864128143199683,0.01981093158499741,0.5918830476319302,0.14500704058595473,0.07838071109305363,0.06490568877026617,2.7517002581670504,0.8112880774756445,225.37992321342978,0.975298126064736
5ef54b31234db61ac1c7fdb0,0.03386085536093386,0.03323793281820487,0.011131843025473665,0.022316073412756602,0.4431603504974402,0.18501103079893988,0.23485272903038093,0.03642918503819277,1.8264684551164698,0.7342298361921072,163.4836500303753,0.8665606476796299
5ef6743fa4d98d36b3d86694,0.2272450711311843,0.027751785634471508,0.06618516055471808,0.054536300204883176,0.3926209681279358,0.11791112163539533,0.0783126746010132,0.035436917607996346,2.379921454309869,0.739216187925114,159.94760272464887,0.2685018050541516
5ef6bb87b83f3b000a3f04ae,0.04339801683039991,0.030472435398215106,0.013682397763121275,0.029136935117146608,0.4289924312613922,0.20871101768973582,0.18790000118812644,0.057706765802641856,2.10804561068116,0.7012181857116941,138.37095925201916,0.09671253822629969
5ef6d07be683903cd5ae171d,0.21823371112542203,0.013709430642964598,0.08017962106514598,0.03539888095033967,0.07377930775555466,0.3133104414244444,0.12981639724489688,0.13557220962947394,1.4762836668513657,0.726064204132161,139.56107141988957,0.5693178679922674
5ef6d363d195c23ce977b6c4,0.12367911925363798,0.01942428936188547,0.047278391689279456,0.05694496000380154,0.2522655386899095,0.33897718596928167,0.0620100701777898,0.09942044475562158,2.2372309321244948,0.8218231255819488,224.0767248861534,0.6327854671280276
5ef831c97dcd65573bbb0649,0.029047672102541902,0.00929901025165648,0.005600022310224187,0.030907660574035566,0.38623390863373136,0.18994053330930108,0.32191209053109265,0.02705910197147648,2.0205339629331633,0.7287689826864205,132.88415089039947,0.15639026695015357
5ef865fa1fb3f55b2f7f3f74,0.021613586876120503,0.04304194190205236,0.03313189865990052,0.01655730709731649,0.5019926597128092,0.2034732471162242,0.07561652625547477,0.10457283240814652,2.1241536638731993,0.8097770347040277,244.42056796486688,0.9502382212811011
5efa5f1e85fd3488ef3fd4f2,0.03813275376778994,0.02055458349841492,0.011074654907842657,0.058865479356312755,0.38020277973984884,0.13646740176949043,0.03106053561327223,0.3236418115401138,2.6399958018966805,0.6808476755456332,205.2302321184546,0.8240396530359355
5efabf3ac16df890cee2b41e,0.058381488869475154,0.05328289620162038,0.04435954378798364,0.006847638591032805,0.1931898513881368,0.44435217743641536,0.15205744966988904,0.04752895385752358,1.84761916433282,0.7656173651150887,146.00945821274465,0.7024456521739131
5efb5f77ef19f50a68564191,0.15050469004070416,0.009759998328103068,0.02539288346856642,0.08963434225242568,0.15790183355305332,0.43331457802434464,0.08985058795649087,0.043641086139648594,3.07980288493629,0.6874760078078936,148.04428122325388,0.3091133004926108
5efbbac9041ae7163c083d36,0.07177845298093796,0.047741471470359946,0.04158586673711006,0.05519052448733058,0.307255141368362,0.20268284038414972,0.23439179915844488,0.03937390359265841,3.19269632989907,0.6988694266916383,168.7137472280122,0.1293598233995585
5efbd589ceb6b9190882911d,0.0620818498929158,0.017623660077571896,0.010495034973374269,0.0541462027315227,0.39249196149277893,0.28905424691956383,0.04260520128033798,0.13150184207775573,3.6969880560424313,0.7700875944808014,244.2804465626188,0.2021724673021503
5efbdfe2d66b1418c2ba858a,0.019944407621211385,0.016391690590169837,0.014958393750048841,0.030436780390694754,0.5398451679757753,0.12067206882085244,0.0338515440201631,0.22389994631110097,2.4170035962701197,0.772672689927434,212.54388090022888,0.9467325645249862
5efbe4f0c9f37c1a3b70afaf,0.009885566495708192,0.042054790372203096,0.015892258473534995,0.022302596928565347,0.4565707240242302,0.13459596037140753,0.2672735420127805,0.05142456242452906,2.0975395068277467,0.7244801423557626,137.4185986361724,0.20008785416209093
5efc9e6602650605d21ca962,0.0066808746624219244,0.02244000137403959,0.005857896560996719,0.0431436893978177,0.4665095487652841,0.21900730776487798,0.09033612476785823,0.14602455699419492,1.7343084135835276,0.7919966412205153,199.02265050208405,0.36286157024793386
5efd41a487c4ec1945330e9a,0.05954560666588051,0.02255682765676448,0.03567450434836274,0.059656063982984155,0.1917522153999329,0.41304968765567984,0.062061123800780035,0.1557039705990541,1.971833730412954,0.7457361184613477,135.52172539212737,0.03343324878948582
5efd4df059990518c92eca95,0.09424079295561859,0.007927628842405568,0.02547400644715746,0.08314303287114723,0.1775509339935994,0.39391524593699595,0.09243812630552838,0.12531023278140338,2.3028611154203324,0.6958209283411249,144.87720228983838,0.18935607174360483
5efdcf388c837e24c1bbb083,0.13433806961283778,0.02126289577482424,0.046020934530886626,0.012885921665098577,0.35557351596890086,0.34525900497405126,0.049479756156491285,0.03517990048196743,1.9959977413557881,0.7490181929207026,141.16299751093212,0.2477432296890672
5efe1fa306bbc52e5fde738d,0.024992468955418245,0.03746847350353011,0.043271745672253135,0.041528509518896244,0.4189170550515868,0.21856698607293812,0.07853092998816008,0.13672383130361407,2.361208238415751,0.7455523412320784,233.39934218810177,0.5097629009762901
5efe33b14177723069d82cfd,0.04697338892316744,0.011055035571166636,0.03714142855453936,0.05845434727157877,0.22132722452578946,0.22240780589577677,0.08829359653028987,0.31434717311672583,2.144321076959841,0.8049842947508761,217.53955251738742,0.4525219038598153
5efe549cd061693579bff438,0.036553516572616705,0.011664489272460494,0.005842513964095915,0.010179548398442977,0.7439350910880437,0.09940808939997003,0.020749082574384407,0.07166766733724253,2.640951712844922,0.819872568251528,230.72358731398086,0.08977272727272727
5efe8b72abf513385a21eecc,0.025216480665188896,0.012942921512011473,0.00813754458708486,0.018645239889071165,0.26008221010778326,0.2386316094850399,0.020766882856481882,0.4155771111987418,1.214715168567517,0.7099213328819773,130.17535428663845,0.7486752460257381
5efe907ba8384039f55a9625,0.04012930095519455,0.02445916966921209,0.04532263481963589,0.014549319936837331,0.4380657702985496,0.2219353863187972,0.028698118835784586,0.18684029899952886,1.7582765200354216,0.7595235556313427,173.07616395486372,0.8781792490916431
5effc7a64495250cbb0d8de8,0.05322458988993437,0.0091310862154268,0.025904229974967424,0.042055979704520366,0.048556369651251576,0.3196817814118906,0.05103514321073147,0.45041082014084466,2.9276798052236415,0.7215650118762075,145.37166569804108,0.5601392981516207
5f00bbd203e3291e95806b56,0.014961022313781222,0.05168057818895356,0.013201668525945402,0.008195435807132546,0.6598500971150026,0.15867447323093592,0.010527139565775015,0.08290958525595822,1.898988066330256,0.7870619685077624,205.44554726247833,0.9962157048249763
5f00cc127086ce2029ae6541,0.1505031951675685,0.01556425842090866,0.15115226560464418,0.12472523253768651,0.19826213394459236,0.14083130489331133,0.1702669404091813,0.04869466918406581,2.8373416459827605,0.7984356513646269,248.36390920981194,0.6559079948061585
5f0107db94097c2544c516e6,0.22086300534383896,0.017769634730792617,0.012643128886415585,0.019113825216137574,0.10740465796167077,0.5400366305164765,0.05032494017185804,0.031844176243186806,3.824911209428895,0.7742643262257063,219.25306138372744,0.6563876651982379
5f0142aa1eb1e528e7abce50,0.03520883869615444,0.015550678807013567,0.03761726015178877,0.06791516718901588,0.3624751466151057,0.24378715281220759,0.06177802856690415,0.17566772684361323,2.216156599534494,0.8522324003498271,221.37275306462138,0.5180866254164683
5f0165065e7e8b2a6cfb4c19,0.006559770083511525,0.03373384832041493,0.00430446696834599,0.043119457548618415,0.26829720928037254,0.17047652587986065,0.36095592089221856,0.11255280169085333,2.6632551066225014,0.6919855810117094,152.56630154198285,0.07436708860759493
5f0293ca91b83b4294d6685c,0.01905753567949977,0.014875238543709684,0.00721323636151279,0.03351312593651946,0.5277493306947675,0.19682654358097246,0.026603386310689616,0.17416160274894024,2.5841095050658387,0.8178863621605525,223.46821693674067,0.862411157301864
5f0298ad4a1b58435567e7d4,0.056653739726260734,0.06336665414817913,0.027739713310263387,0.009640234450184288,0.4186056558365541,0.3300592180905597,0.07826429231012297,0.015670492203186254,1.807241228094081,0.818323417982169,198.93673342464834,0.29230203931655335
5f035993cc8d3253768d9804,0.05040083618623974,0.028545134836861233,0.05118335987373447,0.04329035921292694,0.4040564753549108,0.1627553545213151,0.16353598334010017,0.09623249683064401,1.4944083717308478,0.745364215024741,153.5041968969804,0.751865066493675
5f037eb9de02ff2a0082dda3,0.047992544792498,0.04096169110752083,0.007527520689907013,0.01003753987068347,0.5103429953347298,0.25849772957742095,0.07978936798632633,0.04485061082232743,1.9663770131467209,0.7075782669099147,111.71794962498657,0.7318181818181818
5f0395a63963d05bc235abdb,0.15531143206988612,0.012857681032467018,0.04217088347325511,0.0808331987216744,0.316948730748525,0.27025533243143496,0.09568268278483658,0.025940058680217894,1.6776780964062377,0.8164984296416724,202.40753318955174,0.4900681044267877
5f03e4a77df42060e6b3dd13,0.1295068279984387,0.02188507962608303,0.06124343853318313,0.0688305755761303,0.10473140291034272,0.41651429924609107,0.07542917194437733,0.12185920471199141,2.403997064045509,0.7328004126382692,149.61427011672748,0.3483074976273331
5f04797c88d91307286d6379,0.07556071662320195,0.053488505032155895,0.1395458957633983,0.010951354011118521,0.3628344615572195,0.22172328383192996,0.10679661694268903,0.029099166399776877,2.7051426193352683,0.7101865309867094,158.681843243706,0.6221213104119364
5f053720c017078437e04818,0.04198983165442359,0.012284665795690335,0.024655377324546094,0.10887314924628104,0.33686195296240307,0.186423852799506,0.23469347135609486,0.0542176983403379,2.5332570464128183,0.7410617781349811,158.7135370185154,0.05659592176446109
5f055b6ca28292863f750383,0.013096580654626473,0.04056190488980142,0.007482805642995014,0.020054315823511765,0.4950892200708185,0.16988947836959353,0.04024603549113774,0.2135796590946678,2.8953807093641593,0.778430417025142,198.00417313482328,0.8665358194308145
5f067c54f05beb1e8392a532,0.19147192211794917,0.006285574093220476,0.020343076932839533,0.06711730433614867,0.039136742207604366,0.4594989369922118,0.1761118379211913,0.040034604781070404,5.3736209034400355,0.651817746996339,181.6567015212923,0.09142857142857143
5f07070d75038e05e9fcf515,0.04670627782961314,0.05935070595261501,0.03327348636292221,0.014532144409335434,0.3115761143289817,0.3696728929489513,0.06755045781270307,0.09733792030240826,2.1984148061337967,0.721396371368743,151.70636100174335,0.4517524881003894
5f070947ea1cc729b610c462,0.13032951066213405,0.04436941472707595,0.10197815014986643,0.019704296685778923,0.2727483964539684,0.28002935494054554,0.0898334130575262,0.06100746294506329,2.0551153019154493,0.7212283790128118,133.2784753641171,0.04453749524172059
5f070f6f0b00e807015e68d4,0.1403319369628806,0.0057536369180567395,0.03309872326330948,0.04430495516740161,0.07877681466520385,0.4439942959591237,0.081788497229524,0.17195114057358946,2.151237416035213,0.6957782603604915,134.20650164818986,0.004796163069544364
5f07c86524cc101f35f443e6,0.015641274895334116,0.03485529286633979,0.007988014004622594,0.02054007642735329,0.41665534860533965,0.26859008536359086,0.11271256633601516,0.1230173416684644,2.23417765871437,0.8263701153221513,242.79323029067973,0.16931637519872814
5f07ec0ec025b5421c3e3379,0.024668729495336134,0.1347061229318253,0.012063910320664463,0.0050970507929721945,0.4671905538116953,0.2501764283755982,0.0345276520991611,0.07156955255552781,2.0783598525171745,0.8619798368841592,234.32132806500175,0.4728894989704873
5f08891e392f740a659bbc7d,0.07907737243173842,0.024834299717115895,0.0443551332952119,0.04112485194054404,0.23196800892079975,0.2514925568378203,0.2853232631769125,0.0418245125986387,7.917890948607826,0.6278440198651494,222.57528118163503,0.3850129198966408
5f08916db314750bc9206ce8,0.020679368694019325,0.044257211544074214,0.015133940392862439,0.03220017938518172,0.5308931203464687,0.1788723171787747,0.08747774296439476,0.09048611988225362,1.9980686659978741,0.7620535440443612,221.3386619087525,0.2077634011090573
5f08bea1c1c4e111f286d7d1,0.008958972794771168,0.010861096376654337,0.003362517925192273,0.007150990697227123,0.8404032583491797,0.07660717293515149,0.04272928532864086,0.009926705716642028,2.220937899843686,0.7578790030117036,144.0178072512692,0.40816864295125166
5f0963c6310eaf000b922e94,0.04038671336572567,0.0846535849368773,0.02970174616102592,0.006501096503395126,0.4907470902303918,0.20084361912393053,0.113422576984738,0.03374357200071777,3.0614745952621427,0.7746546795892306,233.55029115190717,0.8283541553503531
5f0a1bbf4095fb1232dc7940,0.059277994538685576,0.00999029202415416,0.022273281257538368,0.10362248874372773,0.03724438257595501,0.3755874557123447,0.16738244163793378,0.22462166447542495,1.8088300564006692,0.8005455768759308,178.20867616251945,0.0024242424242424242
5f0aa896791e0236de3fbdcb,0.049243218504104395,0.06381103089762538,0.0275372766569707,0.024030455315008033,0.4085767572701954,0.16986876184731864,0.06765858422836558,0.18927391573792376,2.229321228757614,0.8435700318282914,227.98113450810646,0.940983606557377
5f0b33e16edeb5429793f878,0.0807303298993311,0.02980627072472323,0.1401155569967161,0.02944003490770505,0.33737448450417357,0.21585443672786372,0.08217266375086742,0.08450622268043777,2.4756683455756057,0.8243392150028118,248.15637636359676,0.2964185928371857
5f0bd06834894f4fb33be017,0.06635487746654196,0.0378034214325781,0.017483571271555566,0.034931646232860665,0.49343887932336306,0.22069294863550484,0.07376246035593455,0.05553219604043785,2.482892865524293,0.8064675708117883,219.9418749521128,0.04222520107238606
5f0c058eda9c680009ef5de6,0.034724752234656674,0.022661523902750714,0.03296208140258796,0.012497274045032633,0.6650563600301764,0.10007788293392847,0.060843690898637684,0.07117643416889088,2.67299101904261,0.835803410798183,225.61852220660768,0.7999042604116803
5f0c61f219803a07239a4269,0.09500616865268488,0.021001372748789115,0.05300551570774748,0.03850642320238528,0.43503972706301847,0.15772566884594322,0.11684752801465137,0.08286759583368672,2.2177218131625644,0.7810719659516904,235.2117544160706,0.7972805933250927
5f0ca4c7b278534b639a6891,0.00915353093229832,0.036343618684895426,0.03338607795382174,0.025533466423608008,0.6182564869764842,0.07345747374697115,0.14125479010745465,0.06261455591888035,1.8700437219999115,0.8254962535714506,210.65339606810213,0.8063794068270845
5f0cb89500197b14736aa784,0.036532201954053635,0.01517880211942102,0.0074080893929949635,0.03782745976098654,0.3814452690289991,0.3858425407997768,0.10832908843838623,0.027436548306884006,2.6016596576833253,0.6992756417690466,150.47483965040882,0.002106741573033708
5f0cce2c0a181350357ef913,0.06770567397624962,0.0377300166003324,0.04308218360342759,0.01491881167821232,0.5320077410390075,0.1722388804219904,0.11950122718219329,0.012815465498864084,2.3197725422380664,0.7497638862866076,141.68460036053406,0.05401350337584396
5f0df6c9b64b5107b88cbd4b,0.09238109677382672,0.016463875936632604,0.03140119816909711,0.04303373347006959,0.5323030911432175,0.16305187721969064,0.04522873531788373,0.07613639186276852,2.465245000897305,0.825888548480501,235.774738456699,0.6088428974600189
5f0e08d6cee7a90b940fb9ab,0.05385626394133963,0.029295192473283948,0.046154159978907594,0.02127666767500065,0.35451335223240754,0.3311249916326665,0.10720344387359795,0.05657592756555499,2.050335977683113,0.6970630800525396,129.3166369180099,0.46926070038910506
5f0e16a89f0d68127670c288,0.04163286598714347,0.026406393403624533,0.062117121117563116,0.03054020197319231,0.3127603956571836,0.31947496835336386,0.1180799289462982,0.08898812389602923,2.0596352838807945,0.7347949027849069,200.52554813893386,0.5882077678989237
5f0e30afab8b8f15654689e8,0.05886374660328769,0.040888943777903156,0.027262646026504016,0.046730519532074466,0.4731645130246318,0.18044370045353977,0.07566507554965735,0.09698085550793453,2.2106670931240355,0.802719567136208,184.94345762799205,0.12802148612354522
5f0e50c3a8d93519188a7525,0.02585203407234496,0.06510398258697686,0.011189737244675162,0.013769080338770693,0.4267492611652861,0.2885097006017756,0.09534028787966158,0.07348591611653874,1.2777044349603495,0.7811342193820269,167.4997352428077,0.6406196213425129
5f0f62de21b8db102948c958,0.028249384086025345,0.02204285270182588,0.005289826123160183,0.07497754602161953,0.3790220057682075,0.2451632429429063,0.0706354255305948,0.1746197171514959,3.033092281241889,0.7321756703102251,151.43996033484575,0.2812977099236641
5f0f74f79ae45313d4652776,0.12233576798166546,0.024709473144807537,0.07640203009007644,0.13313687262668442,0.17756600968296876,0.18274141110388198,0.21118741971282373,0.07192101613420776,2.2615639478640737,0.8021313745117924,214.11846559554647,0.33350050150451355
5f0fa78daeef1d18edccd806,0.007839680468021935,0.025569208281849602,0.0038559046652944327,0.0278355761845864,0.5951382782543729,0.0826551931972904,0.009254562774616035,0.24785159574031493,3.186550163673239,0.7341472301061883,172.84956806016163,0.7664584334454589
5f0fcdf51ab5551ea56a297a,0.07615428382703292,0.0586789616856675,0.03353084121523794,0.021809317591391632,0.33680754184108697,0.31203099805293727,0.05152805137000593,0.10946000379831439,1.952794235569197,0.8190199796376523,205.6046541427497,0.6688931297709924
5f112c3557b476490891ec16,0.08581459456316869,0.02754592535537113,0.01883120437446482,0.012001649931556238,0.3234431187335071,0.4251197977305603,0.049892440968199954,0.057351268144825815,2.721988079855492,0.7952425971066468,224.26277062107212,0.44578729281767954
5f113ec4c304894ad573296c,0.0606446971234793,0.010897745410761503,0.02588424884723951,0.2251491510053745,0.18460960424940767,0.14765023140254158,0.11282675674011038,0.2323375653134899,2.3170242977721736,0.8274218039878364,223.11712168092063,0.1393671817512877
5f11f693a02cfb0f417c3c02,0.056951277191214254,0.02546057436881424,0.059249440100613206,0.04092169008105221,0.05429737049660006,0.2724846582653848,0.3694579892653299,0.12117700006182154,1.5051053352732617,0.7863590578235644,193.00960501880778,0.3107011070110701
5f11fc790127d60008657bfe,0.02087864775918542,0.04949796644462422,0.02463628064544458,0.029843135220184627,0.3768328225149728,0.20169895910522428,0.06909617107758195,0.22751601718904832,2.359605450510105,0.8261902882729534,263.1130716892741,0.23737373737373738
5f1221640ad01c141571dc50,0.0199941142930296,0.018580237585774036,0.017183633280488688,0.047317463851352354,0.46267731332072043,0.24094890581263118,0.07290281205984785,0.12039551966811946,2.5687490905396455,0.8291618288514176,221.818902792932,0.4568210262828536
5f12264477e2150008d329fc,0.06163531822851,0.035377679859412196,0.032462235080027727,0.017171424755873726,0.1401374787486458,0.5126418839588477,0.13718170001660632,0.0633922789800882,1.948456606270873,0.7545079152833586,188.51488079847738,0.7755610972568578
5f122a156da6b5164a0a028c,0.01458750281520839,0.020596757931321204,0.006299721151576452,0.03299484005289528,0.2887683234701989,0.29496075459987325,0.20293488471247625,0.13885721462751063,1.9883068164088813,0.8292361136849515,216.93908148351287,0.3196527229676401
5f1269b2bf131c1c3ad768b9,0.06841161317522253,0.028083876309875667,0.031157988694568154,0.0462705153106686,0.24875087125847772,0.4024578937891016,0.062172447171925986,0.11269479489956498,1.88846328294953,0.8291871244474506,213.7989407997554,0.1896551724137931
5f1293fd0e75a71ff5a9d088,0.029457974225698156,0.03485872315580944,0.18480750328414614,0.016409423518586833,0.4208237513938252,0.18229202876653655,0.09927406425508856,0.0320765310720517,2.310908992826399,0.83331989986254,242.70058724403958,0.7514925373134328
5f12a44dadcb8421418b6a80,0.027595847782802288,0.02099173210678499,0.016148576170963228,0.04705779590460046,0.31472819870726804,0.31516484637914277,0.07545727128110859,0.18285573172155364,3.227765573178097,0.7658298686068828,215.42770549566325,0.7426284751474305
5f12b2d469688113079cc273,0.06054708365710659,0.047596884346990144,0.03996828244365573,0.03396534171201233,0.2910741423224433,0.3931761996229285,0.04765177241202522,0.08602029324839527,2.484704623572356,0.7633573431738064,189.6710491854001,0.30259671436142027
5f12f20001f4ce0008767b19,0.046085937640596465,0.04768059959676229,0.04776458385435926,0.0595518382153436,0.28515992728755357,0.27770097033977975,0.15176624492144078,0.08428989879603911,1.1048843199939302,0.7377360383868942,148.49679447730952,0.8421213979153893
5f130f1ced1d352c7cd914dc,0.08052806571234475,0.021848057953335994,0.007737905942437684,0.030643630167255922,0.30365289258786954,0.45722315087641413,0.06285190833613324,0.035514386537206705,1.3280930507207636,0.8284603973751905,199.7034446573627,0.36363636363636365
5f13bae4a544193e6b94b0cf,0.022486703577265454,0.02428345931806111,0.050862641019052045,0.10184771386239326,0.25369224038936095,0.20294496103364393,0.16430984275837826,0.1795724377219073,1.8737308538876172,0.8405466464956358,222.70351090523667,0.940536013400335
5f14c40b8a043d54837e0601,0.045094160952658585,0.013935362748993532,0.030802448910152373,0.04678351545528929,0.47100166954597017,0.2299469686268659,0.08964104166937305,0.0727948324695965,1.8258428291533715,0.8209439278925524,240.30525079133466,0.33583489681050654
5f14cf327627fb00097f9a8a,0.06788951561586978,0.013292905045733843,0.01122375385373543,0.07363010798267411,0.34324318132708787,0.26239617657876896,0.18552272685002946,0.042801632977208785,1.5088160917414775,0.7668138103022316,173.25309891207124,0.020616271336732432
5f14d5cdb5d4c20e78dc1672,0.016824954178993014,0.07951079299621581,0.07569366155169113,0.004448848155470928,0.57125407953488,0.2022297157340596,0.02936600271523338,0.02067194516611296,2.5865512224989704,0.8071301147375985,233.9876921017009,0.8871488938603033
5f14e0f456500058ee865863,0.11123089504283522,0.011680456014587585,0.0527009659845024,0.10135128871768101,0.09303213813208426,0.3042954906200436,0.08165855691545816,0.2440502078068155,1.9026139118930407,0.8135649096153451,202.82539726917443,0.5902612826603325
5f15da27044c9b700c9b7432,0.16159271068917677,0.010804014089906423,0.02794279547681531,0.048023190064241716,0.33745623698957933,0.3253457335654585,0.03780121934939958,0.051034099692869095,2.2977032364859276,0.7578213190694237,163.8387402012368,0.4227388715622342
5f15e493d2423e70aa0aa3a2,0.009017310552851251,0.029370830452429404,0.026692180680602334,0.03614726238570483,0.7066777461436597,0.056710212011917324,0.09921756854335399,0.03616688965089923,2.015875133196957,0.8329256331005812,245.92581261601651,0.8896232650363516
5f15fbdf2c61ce144ceeb357,0.03353355804558051,0.03422131924598007,0.13822972646835444,0.05053064045031849,0.2981375750007581,0.17180563885928227,0.1983581270983863,0.07518341459579515,2.0573347673910076,0.8090052708466591,222.35820838530833,0.43273986152324434
5f160a9a0d20cc1450342fe1,0.02268965845298024,0.025834946590439164,0.021889343627424597,0.01355380400725882,0.548954029078363,0.2154681587898469,0.05685719345536201,0.09475286597094276,1.7507927796890765,0.85003883080365,230.1755393805774,0.6003500583430572
5f16520a9e2ee97d266d4241,0.08741560731468169,0.028253898528230934,0.036150596936768,0.032043349358627654,0.4225195045277002,0.2659386450768982,0.05238018916686757,0.07529820880875827,2.3032822397860495,0.740048094693087,174.41293545883786,0.3319027181688126
5f165eddcff9011bb582c376,0.021672738073111,0.014063818232843181,0.011799684166490408,0.011378468475711266,0.17585675084783967,0.6517057085483264,0.06229161577498499,0.0512312150583638,2.7813591770434964,0.7299876621276215,164.98393371637675,0.4754262788365095
5f1664b2988fa11bd92ee0fb,0.012326169864956112,0.005752887986343203,0.008039111369491567,0.10058538276686141,0.0804393976986834,0.20435196165534464,0.5112136868442936,0.07729140116213598,3.0404502860586855,0.7250083856128381,169.83159959513745,0.20833333333333334
5f1664c5e764871cf6d224aa,0.03491475462529173,0.11806653999120814,0.020788281760013648,0.0071001918377832695,0.5873825128270199,0.14663308655046817,0.024786296256171497,0.060328337240004304,2.558132676869456,0.8164817839353739,233.99655682027776,0.20030975735673723
5f1681427a99fb7e7d6bbec6,0.08155739079686447,0.02519029440174581,0.0668302347216281,0.036420660363897434,0.21599505363064594,0.34666478868777717,0.08784014090903278,0.13950143680920832,2.609372146142621,0.7453533841463198,163.03448268122605,0.7448132780082988
5f16fa8069dc2901cd1e0b05,0.12774294867167246,0.035208704478660174,0.026481699707417643,0.0392698143957247,0.2641283271118543,0.28166019599304776,0.125328455186872,0.10017985409185416,2.62143008703255,0.7640828671582472,159.69481202003962,0.34328358208955223
5f17821d53d8590009cfc951,0.03043162687695953,0.022424389257594806,0.010753956060359207,0.11397007362917524,0.29607910066634757,0.24780460928657838,0.13543820434749634,0.14309803990960085,2.360451089953479,0.7409038801609462,155.36466542009205,0.43743130789762913
5f17909c1cdb3701aad2d11c,0.03213138129589516,0.010077991630413218,0.01203689923356182,0.09046740335285772,0.266296333765832,0.41102475747174927,0.12427845419621628,0.05368677951402175,1.143347448020783,0.7096167365154922,125.53743994692016,0.020966271649954422
5f1797269c4348022140d2f9,0.22828010513905875,0.02225306019108511,0.06768833043134297,0.07039915909031992,0.29650282039310544,0.16718105941673628,0.04986041821367611,0.09783504690189763,1.5869346947226877,0.7691988649881578,204.05630727492,0.6417910447761194
5f1798fcec2e75013c28cfc7,0.03523571688062267,0.01820002725191941,0.02502883791737374,0.020639202820834306,0.4335671218211465,0.2683659882320004,0.13191917793698318,0.06704392720392517,1.8041741835111083,0.7539363787423675,154.66394590310324,0.5206297502714441
5f18fa06ade41e1406c07a34,0.06719449595815856,0.013829891176974862,0.02087909761400235,0.035408498545147916,0.23845041062753644,0.35249863529905634,0.17740761968885116,0.09433135095046188,1.6688014329684149,0.7368108168158956,206.0222803049177,0.033486707566462166
5f18ff404f90fe1473c2e3b6,0.1657321213731342,0.011048461629104191,0.04776595758063305,0.06430801665514761,0.094232673134679,0.3881855327701046,0.10808357270814302,0.1206436635215322,2.529157029161957,0.8167030861831709,210.44093724610443,0.050666666666666665
5f195ead0ccbf2018572a26f,0.07039711503028165,0.025364027950801015,0.15516686653449344,0.013700013075517728,0.4471851094466851,0.13032875401295402,0.12467640999899704,0.03318170456734274,2.554370489077034,0.7187232975403947,145.42147957518367,0.3957415565345081
5f19ad917bbdf2021cafbedc,0.016678655947228137,0.013267217992708545,0.0431904821417341,0.12350702472553503,0.39043675487897095,0.09198247581673062,0.18221837253687437,0.13871901662163452,2.021559162395412,0.8259796401023134,213.07376107427223,0.5875402792696026
5f1a93900aff791b8c4444f5,0.08178975691040528,0.010992180997700073,0.013075569543851646,0.1307488020287814,0.3185536021203309,0.1863901097985014,0.0847072143490673,0.17374276432033656,2.5951825807673634,0.8447104711988882,257.2731999833456,0.09121621621621621
5f1b1822f97ccd2b3e486960,0.021478934637045217,0.029094798446625537,0.019857535882568937,0.028236120995870445,0.39082834709694053,0.260540544201761,0.16084949812277122,0.08911422046920965,1.855421606872099,0.832065373502025,248.76700354003933,0.375097885669538
5f1b1f6a908b2609a62ab7ad,0.14595329451157618,0.054137465633506285,0.040203056302355676,0.012013243027747414,0.18793775853075234,0.3079004862422496,0.23486222774739227,0.016992467867275058,2.872969842934995,0.6723768487243033,127.688628425787,0.056593406593406594
5f1b2282a3103e2caff2fd7b,0.04541989098086607,0.03753179134514442,0.031268652500763716,0.012943119072899339,0.3798942587127894,0.3589309856472661,0.0803091728972059,0.05370212893382752,1.9527510798962215,0.6676271753381333,125.73793357723812,0.42731614135625595
5f1b95cfe2161c3aeea48077,0.04746334633224064,0.03325047780441313,0.014652338991807328,0.02532991298682706,0.37972360707792896,0.19547458273799057,0.09242071307633541,0.21168502122751212,1.9556119102129192,0.8332862322158573,232.48801131488815,0.8826423049894588
5f1ba4b61d8b7c3adf75d9e0,0.012139818358309984,0.021855587274553747,0.005317985291516218,0.014215941192920332,0.5887835603997609,0.11414537361326581,0.13915949917674608,0.10438223465340517,2.0017103637987934,0.7304865090836483,201.28616700113247,0.603448275862069
5f1be24b23199840b6f741e0,0.1636195969848045,0.013245373698932028,0.17436053430863055,0.145013827808008,0.27740950509464973,0.09914018941374289,0.04181627492681724,0.08539469698856227,2.1271274862994205,0.6885423352937946,131.31516574605718,0.5690737833594977
5f1c9c4c1ca48b000961faf4,0.06515197965208934,0.023777303173720454,0.0913546777277851,0.07189270885728379,0.21243282206511643,0.3006783392991611,0.11580493098630544,0.11890723840573701,2.0669965264353665,0.7749406784680447,176.07790280237123,0.3810229799851742
5f1cc717981bb7584655fe62,0.017675545816847778,0.038240811117319744,0.03637699880000869,0.016425165190617288,0.49908132294116103,0.2719798222555825,0.08784188533777937,0.032378448517266525,3.937084211721653,0.7640170819249293,195.42879129757935,0.5687801260659993
5f1d266c6f7d7f62a219fade,0.08829443512238118,0.023143466492457108,0.03445322715455056,0.1185647430477754,0.23505701424015468,0.25534190866077205,0.1264571085474773,0.11868809675445136,2.436154645856391,0.7547367851071703,154.35477563132335,0.17811529168104936
5f1e2d97255c767dbdd67c86,0.05608544397331593,0.022885186067312175,0.027838125226586685,0.12674823440823324,0.4029954946688292,0.0843095135611418,0.1282917000220087,0.15084630277218225,1.7398107268450298,0.7814420776424671,155.5299106122062,0.37018181818181817
5f1e9b5ffe1f70029559f24c,0.17439373967349028,0.021258961996237943,0.03839971972541249,0.07642964228471215,0.31694810472365637,0.21535367142675815,0.06766204914657589,0.089554110852963,1.8568648279500384,0.7300068884400399,147.0757751018211,0.18362465501379946
5f1ed1caed4f03012ac210a0,0.006989928264880379,0.02656772161288065,0.014323234062398408,0.015407314378776698,0.6169777872712384,0.13970913938960128,0.14617094781709292,0.033853926981083964,1.1958741173419198,0.7236038663656107,141.21203720468696,0.7277526395173454
5f1f02dff0628308ca27f3ba,0.06366965069356297,0.024197575387899562,0.030817624727077445,0.05330882173243182,0.469927789513042,0.16383870687492447,0.04381662722950671,0.15042320458035627,2.3098857576947003,0.7549066926793493,215.30477400173015,0.8051282051282052
5f1f2873b203930cdcb8fa4d,0.04729502379267228,0.04768434889281085,0.015938861001901637,0.006802678770550173,0.5734090700363477,0.2033406113537562,0.06367894374404343,0.04185046192767912,3.7034725968113746,0.6898401373051025,172.29723082308243,0.14600231749710313
5f1f2cf5a441a30fa1b79b2d,0.007267676713281169,0.03455609835913891,0.00457509121380939,0.032279401723943946,0.4762158093204904,0.16026619733555514,0.08520882907030301,0.19963089625376032,3.3157587562074844,0.6947445464152511,148.6604324593511,0.08770555990602975
5f20240d7dfbcc294161ba43,0.14187950746523578,0.004155011263686005,0.026768666337553176,0.26536623256997594,0.18452912480152123,0.15783202144683725,0.11261645665904389,0.10685297868788107,1.9311085522275364,0.7618463292785329,202.21710093788184,0.10972568578553615
5f220462c16ecb68c97ccad9,0.07303454720728651,0.03895742638761591,0.10919974902799312,0.03067617513404005,0.28895124091758134,0.17676959306776177,0.25786890306420795,0.024542364947117378,1.3322723765222286,0.749255165718016,153.49567768637056,0.21311475409836064
5f2226b52841bb6c1e759c13,0.07105296291559457,0.01596062513576367,0.0715434077610394,0.03950621898072493,0.2721253396796805,0.37550706131333733,0.10625845965919616,0.048045923838435346,2.0538797424255413,0.7761936145400746,188.4175665692291,0.7481977342945417
5f23ff398626c51fdd6c3fb5,0.042719459540729574,0.0066812265234801205,0.012812220115084103,0.15037156885703779,0.23507012447725145,0.30871906409220745,0.14715325863040146,0.0964730777794829,2.086186310061089,0.8357421788898067,225.19114078179902,0.009303899179565254
5f26378609aca228dcfd19fa,0.019386255483588966,0.02983539867276918,0.06978073143471636,0.03807606572635889,0.4437224397246291,0.17904842531362253,0.1524786554823116,0.06767202834600969,1.8575427389301242,0.8006154617747012,189.87699567068515,0.7327868852459016
5f26523b9e04df29fc462ea6,0.028221098280622463,0.014299447681918683,0.017065041613560226,0.07821203048080586,0.435560580769298,0.20950499241905754,0.0513048882827253,0.16583192068867567,2.637832566589399,0.8221366348231075,237.75498244288013,0.6748585046172177
5f26bac88dfa6b4245d86e2d,0.10819297336974641,0.01114210823808826,0.016779471334975832,0.025320036661869702,0.23237482129304854,0.39762549453064994,0.20238571246886486,0.006179384849048048,2.382237672316578,0.7512941217846552,157.4397080629034,0.04878048780487805
5f2712b3488e134d570bc387,0.025071795833210023,0.009668388273004896,0.032146388333928695,0.23841245360353613,0.30924318923857236,0.06463756977309645,0.09930731360480616,0.22151290152048891,2.2431155839109254,0.8586483083571089,242.0041269176298,0.6457851239669421
5f2850a9d9a5f01279e1bd16,0.16077752931349903,0.011536746199406143,0.0401292724107432,0.06778887219193978,0.32984244549670266,0.25023161741609184,0.05177657223069,0.08791694541301338,2.246320671734462,0.8200234867889942,220.30426527755407,0.6181575433911882
5f289ddbb09b371e42173fe3,0.15778346408166793,0.03315298805860296,0.06808117350706334,0.01797796106465913,0.0706279971473655,0.3380580931301299,0.29485635998938364,0.01946196206738378,2.0436001331273896,0.7359048149409331,152.04571232427318,0.44913020558777017
5f29cc9048d8b1151c92f9f1,0.05991580881195018,0.01634074758436103,0.02459583634670096,0.0966954063991629,0.26787258368996153,0.195321320931598,0.15869115704212305,0.18056713914147599,2.131382164540879,0.8071895726184208,231.87401462420718,0.1
5f29dfe7512c2817f7957e1a,0.006457398463586516,0.07714055318016004,0.006622180052894168,0.011808278516765257,0.6298769375544432,0.0840931212208185,0.04434651683785583,0.13965501457336182,2.1986361070779328,0.7470527799175598,187.3703087332409,0.790188679245283
5f2c32ad4fb75e0ac17a60f5,0.03155359366561476,0.05563306671997663,0.005799197751664311,0.028694810049502594,0.22533443485606267,0.45667468909695913,0.06015828076390041,0.13615192690780784,2.898909382561199,0.6611953157203668,137.38004926435124,0.35805626598465473
5f2cc8cebc4bd01d61151550,0.14243056401138016,0.019316416036629102,0.015220443737886771,0.06077912211961523,0.1428812262377308,0.47472244302851324,0.04889504229214902,0.09575474271205439,3.82676368848341,0.7545028349526293,215.3171664423849,0.29210526315789476
5f2dc72a2839110f8f256ec9,0.14432057528393316,0.01666480890969781,0.09148537374978676,0.08040484976354488,0.27054505658613504,0.2130502917802979,0.05928781142718495,0.12424123276818357,2.3368405015708036,0.7181692534154636,174.56594855838568,0.524341580207502
5f2dd9a6f7105d130903473b,0.08762546179604798,0.03533364391358007,0.019693461350132873,0.02119777134069662,0.14442793256950714,0.46246537749861144,0.09026999087876189,0.13898636058393535,2.9109910024349004,0.8326926434191739,208.68310550273674,0.1326198231735691
5f2ef358d45f6110ad8ba935,0.03689460871378165,0.009412952799486228,0.011341336910546411,0.03943702986931395,0.024674492113103318,0.6308986876372056,0.085208509019838,0.16213238360120868,2.8128172880490934,0.6905028484092283,185.4955780005215,0.28534031413612565
5f2f6bd965964e35e20c7445,0.048108921351488976,0.025037010555098847,0.0328907339547509,0.023630079491849504,0.2580933220337817,0.19022281214005235,0.3984841278276186,0.023532992303306032,1.950776514731044,0.8429722317202164,223.7181213401718,0.42041078305519897
5f30841ff614014e92784605,0.028423066489698327,0.012987247141135194,0.0246581418292628,0.09263747870378673,0.35926816014930435,0.1691338756861821,0.22558944573410003,0.08730258469464945,2.1242639257779174,0.8153222107724295,219.1518357517453,0.6280296784830998
5f31841d1f74f304ef5567f7,0.26826541060861864,0.022826481093922327,0.050224769430163595,0.0571097419305636,0.24494620490911848,0.27875977792618967,0.04872052351692327,0.029147090726491427,2.6713758546825845,0.6394877769504442,128.6989426812317,0.002569043031470777
5f31961c57eb9507db148757,0.014262459586749016,0.029421214774491163,0.004471917463515998,0.02419806118717446,0.5632179710894483,0.1630452243382626,0.01950827529330424,0.18187487677913133,1.798083782053196,0.8263766098127934,237.50184931713312,0.6963824289405685
5f31c7c8152f590f64c8e902,0.028816487176575437,0.03219316077050149,0.011470866545886154,0.02409512816534669,0.43117614607637916,0.2911082028564839,0.05288743866725247,0.12825256991878678,1.8378818852602663,0.7097116012535273,137.31478887298482,0.5485318107667211
5f33f1bcea047124b738476d,0.22692855058529207,0.01971684036449048,0.11956791984802527,0.031470629367981215,0.18856949866952016,0.3223783378191447,0.056503192074941394,0.03486503267144134,2.094850812796895,0.6835742345229388,125.2621650388837,0.7685589519650655
5f3441525cafc1321ef51ac0,0.03969119829197736,0.02253112566055519,0.021144194235090938,0.026770865736115004,0.28679670900932946,0.3804575265641642,0.07537179157199098,0.14723658853064894,2.040986811213176,0.7941805982170046,199.44793139033513,0.9236259814418273
5f352e9b8ad4af48c58d8143,0.04415690153562597,0.017780752003177303,0.012765194433083648,0.055922634392801804,0.3250065912261715,0.27695886858315255,0.23452980223821365,0.03287925534975584,2.320807350981658,0.6584694172351786,132.00007749317703,0.5301681503461919
5f3546fa1fe9184d7f649d65,0.0044676021755519135,0.03465304632537909,0.03626220487129951,0.02180097085386194,0.6051385848053051,0.08566548629491506,0.07523598615463678,0.13677611787265578,2.93665867186002,0.755750821718033,215.2676591000655,0.8714285714285714
5f375d51fae4971ed086f809,0.19110730622867533,0.02137953035279731,0.08780933742179749,0.03838976763707924,0.20712626560915245,0.29656506294538953,0.09371793950412508,0.06390479038213555,2.344605019969498,0.8065003376374841,213.9233013462296,0.2544589774078478
5f3864a4596925371d23631e,0.07051961270522603,0.022878406498914317,0.019751623631811155,0.02646382269451218,0.5884947128527033,0.19975501270167054,0.035785613631446306,0.036351195910842196,2.006473060178524,0.8057846743058015,218.3434542344507,0.2677165354330709
5f3898caed1478189b8462a0,0.09421205594045226,0.02818705904618911,0.01790147313801931,0.02152387392138955,0.3165977302781864,0.31303047572842213,0.04063629764948706,0.16791103370561786,2.198524702386603,0.8863184047543777,273.2941754625677,0.7059585492227979
5f39a2f898f81753f878f7f9,0.026349668998163298,0.014800151925208622,0.010315785240655122,0.13577894988552272,0.30569690686559325,0.21355005083035622,0.09865378527871746,0.19485470063096036,2.016086827676602,0.819360063970249,201.152455697665,0.01405672009864365
5f39ae82822a9e558a63d053,0.026645453717421733,0.04765632392589869,0.009438351195601167,0.00981314393279383,0.3986917922522994,0.29752112369473344,0.17711612329747423,0.03311768854316377,2.347622095749981,0.810247010192882,216.4264655192164,0.17006200177147918
5f39c08c4b0c7456a60d4932,0.11103788289331015,0.007788876822587297,0.05290867407768048,0.12625196031306213,0.25183886570364933,0.2236137792270065,0.13601021929206142,0.09054974049898955,1.8750666685049964,0.7811231145765708,210.27204360888902,0.40884476534296027
5f39d80f9bbaf517512eb86d,0.044346227695026365,0.03689328154460105,0.030095543420285902,0.026511130179816617,0.4752851744644586,0.19927742417787522,0.10630431253064507,0.08128690607958235,2.9760275707059853,0.818166312484487,226.50269984417497,0.543037088873338
5f3a06ed07aaa21cd8a2e3b4,0.03433284000814858,0.035465867294016365,0.031845486382370565,0.02369023963508546,0.6246876419196998,0.1535609813593558,0.047296652511848315,0.049120290786940246,1.7741787834420106,0.7899488952167046,173.2335329464518,0.11540075535039866
5f3a99865242340d71f85620,0.04821938083652237,0.05331821949273374,0.02633360470241164,0.02295222556370442,0.2613756910008601,0.29245133584846095,0.20524078761082623,0.09010875545496243,1.5465975728513914,0.7381866950517991,146.18879293572482,0.20681063122923588
5f3ac1732efa0a74f975b1a8,0.03182028190499641,0.04201497417915069,0.0034312512723304427,0.018310944217131357,0.29433066695272686,0.5030817200596571,0.0859152421205116,0.021094919959874583,2.563778359444083,0.804395185028666,229.83613432751562,0.4758429793658782
5f3aead81965e27c4a531d95,0.14106289881519293,0.02126791254118082,0.025129759353146583,0.037639126620055856,0.2005170192712109,0.2888561907952315,0.14295464653616374,0.14257244561398583,1.5135878465679322,0.7876808654446072,149.78112123236406,0.7460398569238631
5f3b2b15f5d396257a4cd215,0.06468101302231467,0.031783843361391645,0.043380156075486995,0.03161022396617237,0.2926338816336696,0.3094725724591677,0.07470148421837762,0.1517368250560843,1.7031025292863096,0.8503794727018168,233.89030248689977,0.6904581118704125
5f3c2648a9ef86a4c10de377,0.042806071174164656,0.021691374972030913,0.07714848720370877,0.09068517340828168,0.20730587373666462,0.3225367818331561,0.14846289870340781,0.08936333861523593,2.3190146045425863,0.7878884369756424,149.8563399175615,0.1394677781340173
5f3e9f121e84430ec9310a7b,0.10790028190696285,0.007671340553209715,0.013136816220938933,0.06650543913796624,0.25454506714686753,0.38375127266472064,0.07945949036605157,0.08703029167307545,1.8295497483521794,0.8103376162329131,208.42400861041713,0.28128144917812814
5f3fecd2bc9bac0b4ca93d30,0.013001460052787813,0.024067268589681466,0.02875804337112308,0.016026265184181425,0.44919745683673207,0.2085330537519247,0.16427634540938685,0.09614010709095906,2.545102290063971,0.8300642464811007,249.6861841424309,0.649594178561433
5f400d4a51a8cd1011b37455,0.036967727183748814,0.015709517161849797,0.01848932322508079,0.0690379125074388,0.23967212062876647,0.3601960587081066,0.12236764746825549,0.13755969214599562,2.5008761091814344,0.6799598857601644,137.9161753164949,0.1511681172698122
5f40844f08e4b91ce5dee945,0.011587689201612232,0.04012046278694739,0.037796882494582316,0.055673977198584246,0.3309143282455444,0.16450495199315956,0.27336124337215606,0.08604046489068509,2.6473755116574966,0.7579583599851349,216.11164938221572,0.710077519379845
5f40b04fc9ed761f282ca31e,0.07674788025634997,0.026540422618053186,0.20254519855126468,0.014533151153914523,0.19382471283022032,0.21927754117561038,0.2125641697240072,0.05396692332292962,1.8970803797803184,0.7883579362462501,225.61538992548057,0.9034676663542643
5f416c04539a9d31180b1648,0.13877140141358138,0.06359853801619982,0.029599685575017774,0.007798521632308209,0.41174616057881347,0.16901197640039975,0.1433524191030738,0.03612129778241681,1.7988911549466138,0.7889537763877305,176.4960654906625,0.752465233881163
5f419b522dc53535e3ee8f0e,0.051068267017804085,0.026995839828132594,0.021676481569663696,0.07534436279747901,0.23714809107481516,0.27207869156863085,0.09853949248676949,0.21714877330402116,2.882640295058565,0.6507062470799925,167.0634641155115,0.4394800974817222
5f42c2f45333624dea17b538,0.03590052990652524,0.014007522913197021,0.041545442997161286,0.02120583829752167,0.6645662614245279,0.1609728434613978,0.03271874886847904,0.029082812661051276,2.6725134998848854,0.8136435949263627,214.55481644175777,0.0594467333725721
5f440d9f63546316e56a10d0,0.016681873243189115,0.09538986922136575,0.02597857908108405,0.0048670706574279275,0.49689539129652244,0.16743076717453959,0.15208344768849133,0.04067300189513394,1.7928833328748337,0.7125134262495805,128.143556196077,0.4769850402761795
5f469dcf5fcb5d0355771013,0.06534371413777917,0.004971068316585813,0.02000644316650432,0.12402498946315266,0.2099970014281631,0.25895963750879464,0.06296065797261009,0.25373648821087325,1.6502744694335818,0.8057272389495567,169.32038111240576,0.17262804366078927
5f46d30b7190200a2cb1905c,0.015330780566589163,0.024969963385325967,0.014641124940375908,0.0662938238168544,0.38154477265164266,0.1536687315136305,0.03796649001524894,0.3055843129221651,2.5300414899154653,0.7760913911786572,211.65113340710107,0.8536585365853658
5f4723d5d8bdca116b466a70,0.01988352734078687,0.03967260855163012,0.007044472404008239,0.00590506648943127,0.6095835983696535,0.145056452295176,0.13111942396259643,0.04173485172400671,3.1589042593796846,0.7267076069292121,169.1457366169822,0.7911975435005117
5f47b6587dfbf11be8eda97c,0.07110090589235478,0.016217977158278222,0.05294519524290718,0.0920049496697565,0.13590962302068482,0.30669001119808914,0.14887656241030217,0.17625477522780336,3.3270606705308667,0.7484924453927465,203.75504234412173,0.6099137931034483
5f47e116dbc4a2230a521331,0.00494631521797063,0.042951727765944595,0.008487397611203396,0.003702794826953523,0.5744146133138943,0.2792779791163543,0.06542455418688843,0.020794618813609975,2.7099803348602314,0.8195700269596491,197.5570569129579,0.7892387218045113
5f47f0dd26b052111e2d323b,0.09644952794719154,0.014204430029127336,0.031791589055417915,0.02291888890571174,0.36048411153283083,0.3997770427410945,0.04874607979812933,0.02562832982353978,2.0658945991672244,0.8006517375977905,226.61578859134826,0.4061784897025172
5f481e6faaf9582bdcd9697b,0.02236373678162048,0.045053133617284385,0.020244735499336253,0.01740411522491574,0.40432953023489643,0.28626547959731957,0.1320656593692532,0.07227360942568896,3.240748237471495,0.7764897153951279,235.22510055896535,0.5808888888888889
5f481f85c6a7d02c489665f2,0.04820197346164325,0.022006828488590265,0.03807147044361924,0.06442692889553611,0.34711901787960414,0.2672049905021056,0.08486385577441202,0.1281049349153703,2.9825209199601983,0.6410970784480233,132.56791702762936,0.3171677982541222
5f4828b6dbc4a22da4be4d72,0.12448929718979343,0.003208124128362295,0.003430349945333563,0.020507503476811594,0.009758271737507346,0.5088314292253696,0.30140348561946734,0.02837153920794598,1.7137433852178217,0.6674234114178004,134.1528807995576,0.0045871559633027525
5f482b0da1cde52de45f174c,0.10338202114033687,0.016155742590920737,0.025379750158009782,0.04959829600528343,0.06024013577989238,0.4882776156862597,0.06171720160750917,0.1952492371240871,1.2267571890401803,0.7549898650722119,139.88200572233754,0.09170212765957447
5f482c4fe3554b1966defc03,0.02023954640993234,0.03563490910976679,0.019714855725608618,0.017604881917089806,0.6069578581937178,0.17588308209064255,0.04799750242677918,0.07596736402472232,1.9400981570467195,0.7993491845069913,195.4631128544298,0.8695652173913043
5f482d1cb56e682de577bd46,0.05691702000290583,0.009131530394862527,0.04350040454828077,0.15100534019162734,0.1749900328278715,0.2725636319820236,0.19267582082232865,0.099216217849893,2.5345509204967036,0.7997178135118637,228.39690061928167,0.7628437986507525
5f483a1fc209342e6f419be4,0.029712049693078318,0.09727033081843497,0.055181272413879656,0.00761198661571088,0.2804090457256568,0.3480881676348982,0.12348668072272731,0.058240466820120226,2.5505283247540196,0.7862138450668767,215.28570958412556,0.7007978723404256
5f484cef1d9c4630fdf85265,0.007349722135220396,0.020876067580495785,0.015945792981424865,0.05600349314629608,0.5387224795086809,0.09461761636430174,0.13804388473189924,0.1284409431894684,2.347480632031147,0.8523980790880924,209.16264745492683,0.7076984763432237
5f484d7b5a01ee31c81bf9df,0.09314585913330412,0.021236106931958106,0.008615952953525333,0.03411358333944554,0.16892288997237873,0.4006585653600667,0.1081161831561119,0.16519086013785744,2.9588555785409842,0.7862480125416587,164.77785504768255,0.19855595667870035
5f4871d41c384e3435c7e092,0.09264277684980014,0.02162711067477606,0.08113283990282337,0.06710726889774718,0.1984674694955375,0.2362224022766666,0.10491347313650362,0.19788665949691744,2.6033517122118974,0.7063273228990802,189.2180437351587,0.6192439862542956
5f48843bab878a22705b30b0,0.017018602806911653,0.011633743668894915,0.0119161982468077,0.03769679238451447,0.1778599416086278,0.3879403096724574,0.2520514831625566,0.10388292961704076,1.7822879757108618,0.818087153546826,206.16866343766438,0.26580861779518744
5f48bc9bcf3436245e79a2c0,0.11343105291690518,0.019742759427866522,0.0448203629954887,0.013110385432617506,0.5990222755039241,0.14493190115346136,0.042960860057692264,0.021980403134194325,2.2813048452959883,0.8567747905377547,261.1027720267306,0.5764033264033264
5f48fc7ff922922cbcb9c25d,0.11286582200869744,0.035290030035654694,0.022371753939045055,0.01593642731030904,0.39377187411987574,0.2672695487358303,0.0549812236424894,0.09751332053569908,2.480923037318171,0.7750400120111198,197.1377570256331,0.7558197127290738
5f49553539747213d0e5f1ae,0.026317636488589067,0.06320931175858578,0.027613305403460155,0.02541325997701586,0.33162458131266387,0.2690058770790822,0.1534471861350449,0.10336884174370552,2.436862762804485,0.7609237497264808,208.23455674681637,0.4257493188010899
5f4964284f80c214e8404fc0,,,,,,,,,3.7585901884136077,0.7913338679847679,248.97111247173876,
5f499b471c384e50e424e5a9,0.05156457398494222,0.018671591579724794,0.021309842063904984,0.11701605701570594,0.13206264686195368,0.2566104591893672,0.22999939771237088,0.17276543180800835,2.7174421776033983,0.6721593799309816,149.99277232174126,0.09195402298850575
5f4a4da1575d605c43bef871,0.23499546707056215,0.01939280470864182,0.07306133208903759,0.1830591733703679,0.11286646213044543,0.08039997059396212,0.19251376784873336,0.10371102237103269,2.319863210213922,0.8485519016495249,193.3157605763555,0.29614408316209356
5f4a7225cf944c08a81adca2,0.01550015468779399,0.04369781962426918,0.011008880983632138,0.04414748626601667,0.19306704294505847,0.3346521050125181,0.14184642590236687,0.21608008475902923,1.5543533198357466,0.8217037398042941,219.03357275906376,0.5710005991611744
5f4acc7968b4376a97fcea19,0.024605309755394385,0.0353475813808403,0.03659648482856678,0.00954272795223144,0.48677536703865404,0.26216382918414755,0.02851339798458415,0.11645530186376933,1.7919345801406439,0.7219918504949487,228.19147433299977,0.4321608040201005
5f4afb1288eb746d1804dc1e,0.07133938682023479,0.032659602909259,0.05697689237220409,0.033947794020925764,0.17018776191432272,0.38743594874272747,0.11022045724917373,0.13723215695156699,1.4070206662689524,0.7104367417492576,118.86539082587464,0.21651376146788992
5f4bc3259e842579bf1a8b0a,0.04009100623784709,0.051514810146212446,0.024409033220900257,0.010512542153771743,0.26941630201329947,0.3760994020246724,0.12693987078337557,0.1010170333869552,2.5305214513385734,0.8279111001785271,230.89002101985076,0.130459444129325
5f4c043843154b0efb8a1a25,0.019314449454663284,0.03731797187020299,0.016567674648894727,0.027019279507865406,0.47752852288760067,0.17618665328939376,0.07235783035908562,0.17370761820612834,2.1579758505757423,0.8490407813492992,225.60052979354646,0.6335128286347799
5f4c17256e656770da1ff9ee,0.041733695995887825,0.02670999665239157,0.02767338193714084,0.009170065283898006,0.5288205897328092,0.24194924907699575,0.03258456212119551,0.09135845923684809,1.422823368589994,0.7706792301205087,173.97092148415442,0.4889251997095134
5f4c3b115080c673d7923c91,0.013829063482207932,0.048229800144500116,0.012198856863726255,0.019906024493489858,0.29221054856674084,0.35429928338657984,0.10241114911239142,0.15691527485774778,1.9258377289120412,0.8238955166870127,233.54825928164792,0.5751111111111111
5f4c5105ad5ee685d48bcca2,0.1658793799587979,0.01643447468371449,0.10005594818939088,0.008992923522284433,0.2064707167653551,0.355144277669168,0.10977787998664479,0.03724439864633028,1.4426752605963402,0.7615212437269381,154.9804863731627,0.9629334396173774
5f4c9e74da9c148b0d42ecbd,0.06018661739823691,0.03235474764272235,0.015128272416946097,0.006455281304353777,0.1872817239032227,0.556963360592271,0.10022116276593974,0.04140883388012323,3.118678468634779,0.7127495372189684,144.53833499547434,0.4110774556469061
5f4cf071633ed2922c6e06dd,0.06490767448165063,0.011282733700409548,0.014543753342050086,0.08077912146910486,0.2837356845675118,0.37656187893217563,0.08802843848164396,0.08016071517210997,1.6264196793430425,0.7281387660927742,142.96351565689963,0.5207311636201516
5f4d2156f727e10c3c2c4a35,0.027411648615888722,0.04264081787172639,0.012685414393781229,0.009923855756403695,0.4651938658545606,0.18153812862822882,0.023798320554708458,0.2368079485044458,2.268087224446406,0.777366243288553,179.60836930350632,0.8724146523797658
5f4d3bfd17e6749c197ef1cc,0.00987087071763393,0.01386633784982545,0.02246622058247941,0.043545999252926126,0.2978059233199562,0.23596560916996648,0.18310812338501986,0.19337091608541584,2.191562018838489,0.7860402699107916,195.1497574636697,0.46458141674333026
5f4d435c030fef9d0136b496,0.3564291171624447,0.032048808692639756,0.10032436711409222,0.0728715740523387,0.07588475184941623,0.22096500192911345,0.10160435475161103,0.03987202490388463,1.984913040595639,0.6910476016950731,139.63197880596482,0.01503369621565578
5f4d4ad0fdcc2b1371ceec98,0.027343848695672628,0.0790322665373085,0.032010673174382914,0.031051237769055152,0.4448515256853808,0.22208951782491443,0.10007130813818078,0.06354962276533496,1.559988365084186,0.7347141863758184,143.59159018055428,0.1235657546337158
5f4d53f96aa639a0d605052e,0.053532734330590595,0.016020628035369622,0.019142283163916946,0.05944778692632929,0.1914071091343491,0.4314343085797901,0.13782648003216463,0.0911886698487547,2.850423815251639,0.7709418008220121,213.408140269652,0.6498298874640147
5f4d92a4584ab6064be44ce5,0.016156300047402407,0.031123184131018413,0.028564919780988685,0.015015164293701238,0.633261801321769,0.1620284789411308,0.03199289527954171,0.08185725657844597,2.421234003278109,0.865328771805234,254.1013784822639,0.8736743605739239
5f4d953dc185c2a72d7d56ab,0.05559689203589018,0.035273913933450446,0.03388198510005158,0.038283081371458506,0.3457145152672314,0.29812805584329793,0.13273541846447712,0.06038613778429909,2.123028760750581,0.7341939884179697,156.80676099379988,0.35962251432423326
5f4da0c092c4bb080b6c0ebb,0.2494180183094385,0.02886355886070208,0.09017994271316815,0.008751949250616455,0.20037170633530305,0.37564145074370786,0.03907673125752619,0.007696643403252287,1.9615539852451216,0.7923327163642138,190.8235048513556,0.0014064697609001407
5f4e391f5dbb441153a43289,0.027997543700290697,0.02117532666014027,0.008796242037673659,0.00715168837849034,0.6745958623805777,0.17183777038724532,0.06568891688882804,0.022756649667956912,3.0042590428207085,0.8308516435796668,237.85965294017882,0.8073811931243681
5f4e7f5ac0126206d331b7b2,0.005578564493242139,0.06936985807571083,0.0018347788823349462,0.006858470321306602,0.7648654746873771,0.0736762501102136,0.02144223463152045,0.05637436818347485,1.7849052755900312,0.8122302086027401,230.92555041331806,0.4066666666666667
5f4e8f0ac0126208c0db2f91,0.06102865488690338,0.03999332018105703,0.11117541333534407,0.024104514326837034,0.5206719367794247,0.10126294197337796,0.03384505872612288,0.10791816011052076,2.378186600999504,0.6847896619141544,144.054617764109,0.4654474199869366
5f4ee74eb0bbd513fda75ffb,0.006575226851308705,0.025862098040176414,0.011489517641835777,0.008581128187042654,0.6636826587347809,0.16914392578429596,0.05813991243349997,0.05652553328864131,3.0471397886592753,0.8153287782906192,232.28588296231663,0.5864661654135338
5f4efbf90b8cc113d26921a4,0.009719049599068053,0.042044535956291734,0.012464805514762414,0.07365057360578654,0.3148210002277798,0.14041158508253565,0.2839895264237743,0.12289892347471083,2.489223576319999,0.7542221473235672,155.1623925604055,0.8229994700582935
5f4f29b8c154ed17df64546b,0.03692295820817278,0.03557586722427772,0.020477328499625743,0.04629396127587755,0.2207429551369814,0.2349552051464266,0.29874376362977456,0.10628796086708305,2.5577634276409453,0.8193480305916107,239.8529112555376,0.03269484808454425
5f4f880fe0a90c049c47adca,0.03290394805268336,0.057964687166080435,0.018297153358094315,0.00848888275386061,0.5832905308046827,0.16362454698685233,0.11091175171900428,0.024518498822084296,3.515416684588473,0.7449636371622667,191.6931493547466,0.44505119453924913
5f4fd45ac62ac40f6bdf8ee1,,,,,,,,,2.0504698955843135,0.7405265768796854,136.1981664674099,0.0
5f4fe72e9468441227166179,0.033153453110489145,0.08352239005377211,0.015066944046628696,0.006997192826398027,0.5416019929799296,0.20705170222953467,0.08679234570760198,0.025813979419085344,2.4963652579704543,0.6515027774798351,125.24031497543452,0.3993963782696177
5f502bf5e0375819a32f2e16,0.055433283203166483,0.014508876143007002,0.15937009052858941,0.039291086452338725,0.377820985623623,0.17187046519422614,0.07834507794795056,0.10336013481667294,2.1831351333350826,0.8354122461285749,250.19080587953025,0.7973637615581349
5f5046b65bd4a21aab7422cd,0.01748714556211068,0.010618675973582797,0.007945530446372383,0.05200567593115418,0.5427610124279261,0.16178958777004557,0.12085258655899939,0.08653978548960518,1.6008903945223107,0.8711284106127467,278.41273857961784,0.20973782771535582
5f5053004eaeb51d946fe1ff,0.06736779569929052,0.0281653306845101,0.10721463385690443,0.0403993731843526,0.34296152552414905,0.20791173678216746,0.13784920204370577,0.06813040179520928,2.134368919812214,0.8144013640731915,202.4488083718446,0.9572736520854527
5f50544b526bec1ce4a44f70,0.023209877317637618,0.010104126095677861,0.00993614452598087,0.031498610623085385,0.49432127612156607,0.17088126266858758,0.1677041355859064,0.09234456710896051,1.7859341758205387,0.7339732545370041,139.95146325644112,0.5491861288039632
5f50732850c7c600098593df,0.01789282045854031,0.04919674407160692,0.028715597711039337,0.02018230407398604,0.3692791912324056,0.18325204761024333,0.15238410838549343,0.1790971863600256,1.6802629875899784,0.7055618406236279,139.6490905939142,0.988268418582825
5f51263e54863a31bd83b07d,0.08100045168460963,0.02726656528091752,0.03822018888314826,0.040061677892588576,0.3014924245583128,0.24140574034442744,0.17829296079606258,0.09225999125647272,1.6352879661514077,0.8019365530150271,219.64893208436237,0.3167062549485352
5f51265c4873f23082851a5c,0.0684896816652093,0.02463935995652256,0.06026966154417456,0.028144021001724702,0.5592279083603559,0.14653346782062424,0.0419143141703246,0.0707815854695877,1.6849218987016616,0.8186490147069863,233.8885079080193,0.7661093695576454
5f51268b7abc4a30c4d8240d,0.06354743839135377,0.029487096702762932,0.07127047611007711,0.04645959993575366,0.18769330356943126,0.35965314272450855,0.10311638312820308,0.13877255908199182,2.1569954966518132,0.8334342610769767,240.7762591613039,0.37498035517837497
5f5127e45185c93094565dcd,0.03678776815338355,0.014928936815846543,0.018249969974587076,0.06331665998849355,0.12314350431548605,0.4117252878434207,0.13263757142006558,0.19921030188515856,2.092052556414548,0.8370168799638958,208.46022227720388,0.7554387237128354
5f5128258dff8f30b0c3c1eb,0.025325340847828774,0.039148309407025544,0.008197011223216708,0.031109054681559428,0.5906565758493528,0.1950403308896626,0.07375547404089362,0.036767902297755534,1.9710383722179536,0.8254293453634859,235.02494360811087,0.39923591212989495
5f514f870e7da937375cdde0,0.021275993931200186,0.024187320963790747,0.013048491483793244,0.046620223680469045,0.6429134313632823,0.1474922976977805,0.04668339636465436,0.05777884449707802,3.3579164343322163,0.8002258737690348,218.2234859562716,0.2591493570722057
5f51530ebc50f53857d60824,0.009340492367729155,0.023660195271758232,0.004351180096826394,0.03192328687554869,0.4812765775704984,0.3012327593621684,0.048477765864500394,0.09973774254333412,2.9014920801195516,0.783815489848061,241.82216602057397,0.5251046025104602
5f517ddee960a93daa69b8bb,0.04276838508068319,0.02540195096137473,0.010049091626472646,0.021711630020403397,0.3535943843150944,0.27182200743491264,0.21757764851949016,0.0570749015311063,2.255106067845275,0.6866223085238915,157.82486603736493,0.1797979797979798
5f5295b28bb79656686ac868,0.03445287434979542,0.0543666095282582,0.011955687962083024,0.011460653366383772,0.21418431545453712,0.38763115513229135,0.08955415620535193,0.19639454777121954,2.479691556438941,0.7937766761601689,212.1376269941933,0.6912539515279241
5f52b70c47022a5b8ae771b5,0.02383499716925507,0.019903982193408293,0.02847720689711972,0.02910060478170908,0.5618233209693715,0.142072672192407,0.03308166063067066,0.16170555545828083,2.844545850657009,0.7619537058169706,209.66843888801318,0.8934850051706308
5f52c941fc18905c7e8f78fd,0.042972416251339574,0.008177459738126468,0.028632703612917112,0.07249145741077709,0.3745620832677985,0.17313369080223914,0.22986366188002444,0.07016652698639711,2.845601339274491,0.7822909624069989,184.04986738435505,0.6446161274746499
5f53d12e8401650d33179059,0.03435839975894915,0.15422501671044261,0.020125616895744564,0.007019569509981943,0.4776278137585673,0.15832992406790428,0.12184406852817899,0.02646959066022763,3.2282902655278876,0.6834070050607174,142.97718500748257,0.3401734104046243
5f5452df72345118f58d187b,0.15667908279368858,0.014272058273873078,0.047147607855997746,0.06469295815598372,0.08042298375942447,0.4250667837377135,0.10742371744475047,0.10429480803735379,2.3111679975166664,0.7658747426975994,177.39348255148323,0.20811974574533526
5f557591aa1c4e950ba02f01,0.05823572530489018,0.01413045635137765,0.02848661745689585,0.15690039825801264,0.23799190224241162,0.2401132951545466,0.1052424248772304,0.15889918052820834,1.9754299207324142,0.7722889191579259,207.27882440265904,0.15673374613003097
5f55970526475e96dc125bd3,0.026506945977147603,0.028423465687965922,0.037269221865656364,0.015954053643621558,0.1966029678004519,0.3890017468767143,0.050356719700401856,0.25588487815298233,1.8071306576129453,0.7949179361236708,206.27261942995148,0.9896995708154507
5f55b2de5c3cb118507479f5,0.08012666158154991,0.009622698819584911,0.008261283905073994,0.04328363028261239,0.09293000818782338,0.6024988670488372,0.07897975190539203,0.0842970980502431,1.3701332470945315,0.7444974666610229,157.86994674545255,0.0001682085786375105
5f563397d628840162b467dc,0.4006017855927196,0.019833907932345886,0.07085809757891834,0.054971713226706395,0.07468822912362585,0.24965202494680333,0.04155983766302808,0.08783440410143822,1.9996753054923484,0.7395923998485011,147.57024904476353,0.25747863247863245
5f568b81712ed00cb3759181,0.0525854999194496,0.023894672775194855,0.15640518392351968,0.007655730801624583,0.6124043675861056,0.03819587716936159,0.09943191211442225,0.009426755723498489,3.4609381796290815,0.802315125697091,238.61761913157437,0.9637137137137137
5f56b56b0fa1b412025708cf,0.14175816807726513,0.0437649269960385,0.051275617236550754,0.02584653831112447,0.401834309691435,0.24700410733105702,0.037204873209279614,0.051311459858965444,1.4904974552428731,0.7916068757062636,203.2288449371356,0.46501506528289255
5f56e1d1b72358165158550d,0.05362829800696369,0.015842701649910258,0.014930258986727101,0.07348900831947226,0.046708569372986966,0.40341448669826707,0.27600312161861273,0.1159835556206453,3.9475900175464362,0.8098840511529465,205.14068081551213,0.3497221754504125
5f57120cba207c18f058a62b,0.1983030039954817,0.0076504273570367305,0.08272081471424854,0.10587418372438363,0.049465856909176945,0.32879735762466084,0.07476841102028503,0.15241994487801683,1.8192782053827379,0.8063400845354509,212.21167061814893,0.2290748898678414
5f57f60be98f8e3493e3f739,0.04868080912745393,0.02225168610597645,0.0754653002108602,0.04390835891079244,0.3184933313450185,0.30559443972787914,0.09917487586071227,0.08643119890881297,1.6964829174319789,0.8227873293102566,221.93633017146925,0.16580844490216273
5f582002dff3f038d1eb83c4,0.018450344057262577,0.03128602459462448,0.00902025046717576,0.0239033461957262,0.5061919301929896,0.1559940200095487,0.044210407914239,0.21094367565937613,1.3164790169355376,0.7114045045992572,139.72825846604877,0.8423831070889894
5f59a1b945fc451ff6152886,0.030462343580655988,0.056655180056182065,0.01711532486924044,0.01712773788661647,0.3672939170115432,0.27902728594058995,0.0790092427236184,0.15330896766256732,2.088450475278297,0.8052437937908812,208.667316829908,0.38133333333333336
5f5a3a4c829f790a5c6d1ff2,0.014985096210208613,0.06620847958182438,0.013224511187252182,0.01778000643540118,0.5478667597277453,0.15663684538479294,0.09181655545077187,0.09148174602040623,2.4657865498766682,0.829429078055028,231.33633735577808,0.7664219474497682
5f5a6c23009333128f6f7d82,0.07836325873556617,0.034527600432241026,0.03286626364174296,0.024797471621663063,0.2749214140406631,0.3936168171983439,0.04054189711119012,0.12036527755779285,1.839532594224994,0.839907345248089,215.17383948829107,0.3875862068965517
5f5bac39ce8ed832aa378a53,0.3669574091725409,0.0038995807745450923,0.06184696534852888,0.06024489094112555,0.0720919994481369,0.27105014484829865,0.1195906803130937,0.044318328845127784,2.114971210850865,0.714987058093082,126.26494946377058,0.06579634464751959
5f5be35f7e4af23a5145586f,0.030817737556161705,0.014941702851408728,0.03864933622107472,0.06090088675640729,0.3583440892870338,0.15583477806145515,0.13987502728238582,0.2006364423070792,2.118743811652119,0.8191406206550844,238.32379340237324,0.5611952517396643
5f5c2d8dc6768e436b290d73,0.04976568902985562,0.04326582214416713,0.04405857810737128,0.02647692435525577,0.481560831482353,0.1606383914206364,0.06113453869319968,0.13309922454765688,1.7470158428434008,0.8149689460072751,214.30869135272047,0.9575242718446602
5f5ce2af3329104f89c492a9,0.012335434938877995,0.013219446573024249,0.005880368796392724,0.06161713966296994,0.20131318680708854,0.3081175594589255,0.2913389675014348,0.10617789651776718,2.357406744194401,0.787813066594807,209.47919199181095,0.6885676741130092
5f5ce7f940a2614f6cb6e747,0.05077304669944228,0.039176445175357004,0.019713577549327684,0.05670614259839737,0.3773382002329786,0.23790013179522257,0.07581508396180323,0.14257737197347703,1.7803810542457534,0.7902626046594832,220.8158782627658,0.6893593721482022
5f5d072a03bb910d975cc8ab,0.01393480340762291,0.07455398799076732,0.06593780014987563,0.012340076401215514,0.7179253278061066,0.041523225102410216,0.04043897306875935,0.03334580625658447,1.8858631199639124,0.8678320267143705,245.20120064682027,0.9825641025641025
5f5d699b1b86c05bcf242f45,0.04080765309944038,0.0130920724457612,0.015164139982436717,0.11100651493653627,0.17802264013236394,0.38241271616341144,0.1155634278567845,0.1439308356982792,1.751537233401324,0.7708683428075244,175.03185995097502,0.171181782489203
5f5e8c58f7e0497501c4e356,0.029785541268328674,0.02139050280820464,0.023395194896697436,0.06981666308736456,0.19640648133926228,0.3315392988104459,0.1398769991271495,0.18778931896286616,2.8236672768317237,0.7888814934586496,214.42012438280776,0.3683127572016461
5f5ea24540d99b76cb6af503,0.022929620652143455,0.06719972122753949,0.07205058638140849,0.01511284591941362,0.408875562188606,0.20278035717542356,0.0800842710410447,0.130967035156018,1.7052366443996818,0.7941553276710854,203.15503046973464,0.9400244798041616
5f5eac716f1f7176f11d2bf0,0.049305052695306106,0.1224999987849095,0.029322963213154137,0.02014906020167757,0.29618505560989344,0.31629601327473617,0.04456066392639025,0.1216811924318645,1.770644959444219,0.8000575561125044,237.08414972851963,0.14600231749710313
5f5eb22e58c9fb7782a6e90c,0.09900611153621626,0.04423189504136473,0.12191968676010546,0.1383016397180186,0.15188497345284976,0.1188656447705196,0.19050026135042547,0.1352897870502619,2.914379266244891,0.7831082750252043,170.1546393561885,0.361128526645768
5f5fcf3aa5691f099d7ed990,0.06982691600228062,0.027999290967050342,0.007302904865220557,0.024038221967551846,0.30428996804067876,0.417752332069513,0.10037046452080207,0.048419901384183305,2.302905158154084,0.7523439335388439,151.57801824016383,0.23976608187134502
5f5fdc58bf88350b1c455de4,,,,,,,,,2.5392574215789843,0.7716348275371785,147.49581614555953,
5f5fdd9ae0a5c90b28f6372e,,,,,,,,,2.1320829467842257,0.7619746439521116,140.2961584530207,
5f5fffc902adba0e8f3fdb75,0.02342347131066109,0.042970570612485874,0.03796750582003848,0.022423333974777058,0.537099402546439,0.15537162500658838,0.054727676948788016,0.12601641422885157,1.5258151084682192,0.8249660717696958,223.23932790377634,0.4354275741710297
5f60371e80ea02132146968e,0.011814206912455445,0.022285257491142553,0.010545144142740307,0.0036555669254207377,0.8175997334941,0.08925628364612537,0.028744321874697523,0.016099485709892246,2.178283421493422,0.7873748059171977,216.16993862655457,0.7226062910473556
5f60a93d6baab60522f3d1fa,0.05488334392041132,0.04482826921135894,0.04092834623725892,0.023666766172242254,0.2027960793316899,0.340081277836134,0.24969694271122161,0.04311897451132887,2.660513315075645,0.8268597712300306,226.7017128087769,0.6573741007194245
5f60d31390a8c1044e775b18,0.1918778400244264,0.01740681214875477,0.03743296660968426,0.06921126594134228,0.1093881053514767,0.42000322532448503,0.08517679086539266,0.06950299359786093,3.993674602247196,0.7128484063460794,177.9147374909077,0.2469119579500657
5f612984e5033f09587f0faf,0.029311170197264633,0.03367550891916547,0.03586165628487141,0.02179630189060381,0.39683376935639725,0.2641039017506347,0.09618256506219469,0.12223512694135318,1.8450070547795752,0.8567793820488291,258.50738976426345,0.6011332840601133
5f616e6d5399870fad4c4d17,0.032266699880507774,0.02973315733058872,0.04482169833040686,0.11733109845264307,0.13659506075681088,0.23833188833485913,0.20482705785797883,0.19609333832433848,1.7104688203565839,0.6760762753270365,135.23294405253398,0.23022151898734178
5f62498a23e52627a1dbda93,0.006829406500221215,0.044443872434710624,0.01467950161613474,0.016726121014530814,0.6786785578655297,0.06823383486437322,0.0651340501722802,0.10527465495366158,2.3380331772149057,0.7926572711490718,212.94851750151557,0.08108108108108109
5f6388bf9ae5ad07ba1a0173,0.039273539472647875,0.03646863672257115,0.014699396899685534,0.022758779198630886,0.2327152201758305,0.4126634663276235,0.16321723346947517,0.07820372700253464,2.0394402277279444,0.7932699658941548,208.44214574829388,0.22402844805689612
5f63a85000cc960cd8c64767,0.03435823631435449,0.016322067075831802,0.013773168549957738,0.06351423098744867,0.27950894695542905,0.34156710882305646,0.14426071680501518,0.10669552586378477,2.653632313410244,0.8246736879024086,225.71027704352872,0.31297185998627314
5f641cfa0c8b8b19b424aa4d,0.04660631874375605,0.015433540256146851,0.02516317384629424,0.050307038040517026,0.21815899575613118,0.43602209638632694,0.1350864117840011,0.07322242488772938,2.0323615658615704,0.8302728756832305,210.71653013405344,0.10559265442404006
5f65597823696e0e9bd8f63a,0.018852517064417228,0.045549585974889985,0.010798017507360431,0.016941442467009942,0.4227058943730538,0.15244858827804122,0.1615737752775997,0.17113017851892665,1.9622919713936746,0.7936016701719244,216.72368578852192,0.835185687178097
5f657048f1af6f0fac94a852,0.09741434578188357,0.06948269005058531,0.032983330060294885,0.018673544553826478,0.3296759565077805,0.300567423300311,0.07199931871460245,0.07920339181079579,2.054416009173455,0.8137664052089566,219.17334878181214,0.45931632161771785
5f674f8b8dbc2b0416c59902,0.1184418714268913,0.01273962517597586,0.023757271737833176,0.11700105991473743,0.1744395153496539,0.224511278254688,0.18216602432199144,0.14694335412601367,2.1143583232200434,0.6980194604969246,166.71170212493345,0.031568228105906315
5f67c86c73bbcf40f72deeaa,0.015295452437084656,0.030763832922692066,0.0066599248248108206,0.013781890438524385,0.7806806303007264,0.07534858397736095,0.03066804786252964,0.04680163753903453,4.248035326642561,0.7503151115415908,198.14555143142476,0.666735880398671
5f67f123a9151c4484c6e1f4,0.010244939316768818,0.014767825906228044,0.004339319133039768,0.11997838915773265,0.28656696808246007,0.21677437021503737,0.1766127254237074,0.1707154630107916,3.5067862867235156,0.8223998251442232,240.40676018039522,0.15472918350848827
5f6817d32dac2317c0453f2a,0.018052773543325906,0.03546679115501529,0.07720124805445747,0.06297092874765818,0.22335121703563893,0.14223839286827467,0.29912332298795596,0.14159532514020248,1.729885988439394,0.8062001701204384,211.46166361949628,0.7200956937799043
5f69256939716410ede6f2be,0.10081349933001857,0.009503740071488907,0.02619674334689265,0.029758136304131058,0.08531769069939088,0.49723393726108156,0.19131323286781401,0.0598630197197605,2.99586575167833,0.7568763585631691,158.1886461036185,0.15832141154029566
5f6a9691737c9117d1ed1152,0.1982950223288707,0.02589821332822241,0.08444544921166801,0.0470131801717778,0.17401957120260086,0.16493142467110863,0.1885298372933916,0.11686730221122432,1.6322235955552207,0.712851459642407,146.05518659398442,0.4184641932700604
5f6b69d064b69d05a7c7c621,0.02647985081689396,0.030207059593291143,0.01935948934533509,0.060811547563582,0.4185429124560431,0.1870625335830079,0.02437404855578743,0.23316255782596496,2.733823452766508,0.8019359478000928,229.31852356305603,0.4666059502125076
5f6b75742bd7e60776191cb4,0.039062999335485855,0.006250403249516222,0.007253801279760148,0.11340708711383247,0.0598820813279575,0.41760020963965233,0.1067896264084106,0.24975379146734056,1.8245409086109612,0.7940176484098076,166.20163600170835,0.07103499627699181
5f6b9e2aab8b000def48cc53,0.03802218402717644,0.008173279205338972,0.0656756129442403,0.07263398508461728,0.2578688265184289,0.2710023541858856,0.11219445064535791,0.1744293073026985,1.6261924522299562,0.8221602788573351,217.85941919484452,0.43390129259694477
5f6bd7c0fddb9f153e52cdb1,0.034535997732231365,0.05847238805416055,0.03831832892199957,0.1034659101783016,0.16889470809441195,0.30502756109860846,0.11570254495129557,0.17558256083894652,2.8642349308341593,0.7201450468069371,139.188797391634,0.01201923076923077
5f6be2474140c215c8ebbe52,0.05616817075164693,0.049148937362179866,0.05642432447609563,0.02559057376721743,0.4261236736460913,0.16372228221429322,0.08679235199807966,0.13602968549156705,1.9742582991662456,0.7885704108930734,205.46877452777014,0.8830751794484322
5f6c7fd05c4f380266f5b78a,0.03266896389132476,0.013575783070026593,0.012451117744835287,0.03609842552089482,0.2678643635973729,0.48418226432220746,0.05394393870605498,0.09921514309464476,1.7772544376127926,0.8249676557744089,219.3226080758069,0.1267980820458178
5f6cdde7a8d71310b06e402a,0.023928677942941384,0.039793425863342946,0.0030150627269578643,0.015676614804137887,0.35799409152402345,0.39254081008736397,0.11846394248599397,0.048587374157384115,2.0971931604946263,0.7717469786306594,214.5090442779989,0.13766730401529637
5f6cefecb8137d13565d8c33,0.02499252443603494,0.05653748966403127,0.02123057499032547,0.02673476476879692,0.425658820504155,0.1921744414650939,0.06161671637570614,0.19105466787709208,2.677492605091251,0.7525688477774564,181.72850682977224,0.7281434184675835
5f6dc2d7fa66e824dbf70d24,0.0228324238646067,0.042588315320239246,0.006313431213139461,0.020508947001256342,0.4107134896060945,0.26034902571373886,0.07985576009731507,0.15683860819437345,2.597068108801207,0.8243285604567546,197.34678555620488,0.13575190169689877
5f6e71f3b273c13b726f3622,0.03676827065172086,0.007737182080260078,0.023032748482246672,0.04475359245364794,0.19335817639711053,0.2833034593631262,0.06991708362102868,0.34112948728231945,2.0679619437711185,0.794987096679984,216.96147345382573,0.47371647509578546
5f6e7ce18d7ea83c39acc2d5,0.06095180674794662,0.022380474935880905,0.06447574881878897,0.01963732276009695,0.6452822230399943,0.11101457520334773,0.05560440052546201,0.0206534479476985,2.7501145226488815,0.6603973678005409,159.21003467213595,0.6541819205857505
5f6fe97d8641835be70202bd,0.007630788335533734,0.022529451226603756,0.0042436515421747055,0.010324839305044103,0.6192449690517552,0.22062549940576473,0.07731630866145935,0.03808449241576251,1.528533421225399,0.8378975707480038,227.97261416015408,0.5327342747111682
5f712c16875f0375275c57d5,0.10675082724367829,0.008667364667954288,0.01954541486092738,0.056743712891373914,0.16035874335394643,0.5132650832005026,0.10177420079031091,0.032894651932297354,1.7634719740759002,0.6449062342200067,138.07856457221766,0.12909632571996027
5f7197fef298597c841d9ea7,0.25295898366973385,0.02062917884162715,0.0331278507721154,0.06218866344723145,0.1379004003585926,0.28684122145912216,0.14951534064201735,0.05683835968596548,1.2119491179019788,0.7719364693781976,130.60452096519978,0.27058146229130686
5f71eef2e138fe08fba1d131,0.09870919297382943,0.00652267379313688,0.015270049128444069,0.084417730146866,0.06247170992686489,0.4827988498448216,0.16734758469010752,0.08246220249102662,2.0404155310740943,0.7669290282194042,163.13397276703455,0.09090909090909091
5f722f85f1b79f1326f59ada,0.09589963694618871,0.03192434859592364,0.0241420929405802,0.016171055848579904,0.4550451685017956,0.2503998143198902,0.09041003642361593,0.03600784601424631,2.2994015147288787,0.8209933275670195,234.70898987142212,0.7824631860776439
5f72d964dd42802225ed83c6,0.05991792310114667,0.03208343506201091,0.019880165405071783,0.013877261756014404,0.32854354803113256,0.37583303243333027,0.13418554973836797,0.03567908422705307,2.058203373553922,0.7703785590769081,203.47542611763234,0.2090469916556873
5f7357ed17b7c1054311b85b,0.02478452781086706,0.007120870294170084,0.011222285315348456,0.09407807741809436,0.11310294929547478,0.3835274805749467,0.21229737436298915,0.15386643558967533,1.8528003935144381,0.6958302637741287,136.4611449080052,0.06686527639854353
5f741b74992460061db87287,0.15441960932652346,0.03483113082276491,0.03706964746794706,0.006889661056959074,0.07717203260754237,0.5298974655295149,0.14959449696804752,0.01012595565962614,2.2563255598460303,0.6690563696605419,127.29842265278842,0.891566265060241
5f74c1ba1150ed0d689c831e,0.057484596683183564,0.005011679292905697,0.007673138202173481,0.00884201910436736,0.4709336326335671,0.4065988146167503,0.022779613632759634,0.020676501291884673,2.9035010214594927,0.8356973460811724,275.7372518500048,0.006944444444444444
5f74d520b30576105d455fcf,0.0023624358143080784,0.03251416837999314,0.007284484757521712,0.005135332448587513,0.8403642427576478,0.04149097894986259,0.012112291474589549,0.05873606551410097,2.2081315014445457,0.8139247965902262,217.33619676947694,0.9752008382815229
5f75f66541d27f011212af83,0.029324958687433497,0.07136485055118268,0.05103299585698125,0.007327032788841539,0.4680798314400625,0.24227903405921747,0.0452483917086561,0.08534290588327136,1.6157387459419588,0.8324776787954176,214.87468084578848,0.4025423728813559
5f7650394e4cec0eb873e182,0.031614589723024965,0.024740998212980935,0.014665907799184768,0.027305834424108427,0.15478847053796121,0.4049998917620411,0.1851220232695347,0.15676228467556097,3.239760275680027,0.8001372008879741,235.55515017258776,0.19832402234636873
5f775d8ac99f3125e763b144,0.10391615839288607,0.007872443463538183,0.009889874541327622,0.08366654594340829,0.21035798932612598,0.275986817806338,0.05303811620349737,0.2552720540521232,1.5718212928946667,0.7422819966485286,147.875171973184,0.17757575757575758
5f7794db1fcf8419cb697f2d,0.11057678603060937,0.027707636853492167,0.030102929733027372,0.010458716938466275,0.31656600054516476,0.32894905563514604,0.10993855938703702,0.06570031477922056,2.528873475287718,0.7617192287274318,154.18853103885476,0.5652173913043478
5f78dc19c0ca6c1197e189ab,0.15351029610108607,0.06038098867345359,0.011360407884700106,0.005746950801593053,0.2015733598724677,0.4412539911342175,0.11836646423375427,0.0078075398325746954,2.9161675115638728,0.7179432167726151,166.3318532305493,0.3673469387755102
5f7a0bc4853bd46503a27113,0.06423156099834099,0.025941152337615334,0.027364678956629754,0.04999502296639099,0.4757700626498556,0.20940918463497504,0.05051154479548947,0.09677679213701644,2.837532926487423,0.8382885319950549,248.49810554962258,0.14528795811518325
5f7a71273223ce16be6ec4a3,0.06831221674728524,0.004290889338195073,0.005935010597049821,0.11560389052610141,0.12964856574840541,0.4616013527413534,0.07435476917575265,0.14025330518368226,2.1674292668581177,0.7535313104111534,150.74560594075695,0.057318048520394564
5f7b058486367d0229c422d1,0.11147476734206643,0.028435009862865568,0.04035537060055824,0.007598100924094392,0.2652212997420249,0.42950635941301457,0.07348963461531671,0.04391945847670022,2.445688777050024,0.6915687974382647,162.0241316878462,0.35714285714285715
5f7b883e86b82815a5a63f06,0.06704809710536866,0.019826673033565057,0.03655507641064529,0.05891587139974656,0.37081335988854647,0.23984147624603985,0.038650390135115016,0.16834905618997165,3.3715464986918593,0.7480182090347307,180.42987584667173,0.9492430988423864
5f7ba78144712b190d608580,0.0069822119959948,0.024390055194986784,0.004051461719594781,0.04576922749804843,0.3100910698310223,0.20244432299215587,0.1576272672228398,0.2486443827377934,2.1341699184597083,0.7593427781862416,206.12453402139417,0.8119148936170213
5f7e700fa9c86614bbb5343a,0.013855160698711469,0.023126272362337826,0.04638561392417463,0.05243421989685026,0.5529485433976334,0.10191392494359186,0.11041395814379398,0.09892230643664093,1.4337589798446522,0.7882792657709246,226.2130479421266,0.5400641025641025
5f8239eda08cb4367e704ba2,0.02570013757157269,0.0035776570754064395,0.0014451215175350068,0.011558168592644604,0.09628860633086939,0.7869083460696211,0.054379740831205434,0.020142221736155593,2.750911546913623,0.7578922918386302,179.909062240708,0.0
5f823bb0349c5037632a2bbb,0.13208839514603213,0.0018032873534441832,0.012251939236496832,0.05882320847983158,0.580085371931394,0.11228202655911441,0.02536239436206715,0.07730336021631953,3.35316057815917,0.729730329207116,179.29061814284427,0.0
5f84093b9b3e190008131671,0.07656129906831212,0.03918645051425871,0.14067694703090972,0.01031901233622437,0.2748181143521318,0.27665033603952577,0.14229170078372225,0.03949613992002326,2.63880105018902,0.7985571819255872,211.543433191496,0.2727750065634025
5f84e179b04d981b82eec08f,0.09920938365345672,0.028597892838757067,0.09802680507774761,0.023363386990041892,0.2679233193914864,0.3014980303147423,0.07832830655338037,0.10305287564882532,3.234551302074601,0.7686825578110219,215.32518360536432,0.480204937121565
5f880d491c31fc25c442fa70,0.047681512682013226,0.03302284256365288,0.04218838223191154,0.045159538752653335,0.45836404512132206,0.14801496670451078,0.07708728948431165,0.1484814217099387,1.4454860521178832,0.8498087414289381,234.89982793126975,0.3830665978316985
5f8b1c0849eea7208ee49a38,0.21609902026587188,0.05953624302599888,0.05326801625154837,0.017451705969729295,0.19581327824611608,0.3341183056903187,0.07822186016619356,0.04549156992939262,2.0787228579371986,0.6489975146681155,116.4949687533647,0.2885496183206107
5f8bbce9ee73572fb4ee63fd,0.25879895560326593,0.005996048370288495,0.04183487479448038,0.24150086692904968,0.13537616866990596,0.11718243410006142,0.08336500249758412,0.11594564926372466,2.0256692252838855,0.759423934972206,191.69227139372762,0.11538461538461539
5f8bc33039724030231214bc,0.28083168846729273,0.019000089201292803,0.053179345432085495,0.01576890101826613,0.1461489666441387,0.17443161632830115,0.19585393321941588,0.11478546000462493,1.0905614271910822,0.6367072141675425,115.09716367670339,0.5485347985347986
5f8e2a9201810e1f2b9f63a2,0.07976397493913205,0.019450854245835123,0.05612035599003965,0.06361057372009347,0.27338585788555236,0.299354610956587,0.11778903775116188,0.0905247344010957,1.863958357813551,0.8032755001670986,208.3201599938931,0.33785354513754356
5f8f590a06d17e1aafb3e50d,0.046971759227039084,0.0499088188383568,0.03475867027682987,0.0632764255124674,0.2759973720499714,0.2172685721460008,0.24273096523736995,0.06908741710543705,2.5220091253503454,0.6990015087710278,148.70182734612584,0.20188531029065201
5f8f5b679cbcab1b8b064970,0.04735588884209368,0.10469834310671844,0.06179434906286995,0.008024527929866156,0.41371960064806534,0.17516291810140266,0.018222922981199517,0.1710214497198969,2.105531390568475,0.7090355068604658,126.25459783250923,0.7278133577310155
5f8f826bffb7ae1fb5dad299,0.08441457158119384,0.051518265037616494,0.02276240734156714,0.027671264457902942,0.20420934736812363,0.45130561363539023,0.11881874251981177,0.039299788146237295,2.384277701047884,0.7333094153670106,130.56016899707066,0.2770935960591133
5f9046884e1e100ba07765be,0.019933435956703657,0.09609777633565789,0.023970135391697487,0.013460040650161549,0.40593554009457744,0.26754936101009313,0.11803598457171482,0.05501772523347485,2.070525961035429,0.8469966551009747,253.29741686805824,0.7866666666666666
5f907b351fe59213d2314559,0.14135158378411425,0.014931752122268653,0.0341901399500977,0.036170316576321165,0.4053784971732429,0.2513400814743217,0.06449447526103808,0.05214315334048479,2.1828798687949504,0.8022368385295842,237.1800695874695,0.20748299319727892
5f91a4aeb9f8bc031e8c27c9,0.04271790249376657,0.0045457121367022514,0.010946850518445886,0.06930970080214101,0.6808795534019118,0.12363613961178255,0.03613227456445905,0.031831865603776814,2.6400167021412124,0.7187877694310406,157.36378376910574,0.08064516129032258
5f91a6fd02a12e041dd41ec4,0.013305015987670431,0.028953509297550462,0.005152838302696573,0.02309375748857193,0.3304980957904049,0.3278077969588722,0.10498734977173649,0.16620163716213318,2.301684067424039,0.7945301175914666,227.86142018091095,0.06854838709677419
5f92e13ff89ab603071b6125,0.006005038167602286,0.05467871384585031,0.014621184253713932,0.00714369919920435,0.7390223040575711,0.07882251605281723,0.03172623441448301,0.06798031023951127,2.0125657682212577,0.7961495023267701,208.7777265016876,0.9037690457097033
5f93386aec8f5f0e50933a4d,0.03312357949036998,0.03725226901743157,0.01508537985682788,0.03492155557396261,0.3171836545103025,0.25278404141279165,0.11581642504709244,0.1938330954443159,2.218785259129833,0.7182215217442819,200.37515729848792,0.6433878157503715
5f935494c542c2119a47e3c4,0.03313454158731064,0.08691815523965474,0.03584791297431483,0.01338676129290291,0.48363580015207464,0.20932788978082584,0.07666070290616542,0.061088235461324705,2.5501108976899314,0.7205407965001525,145.98098549423568,0.6058294742576954
5f94aa40f830e83034baa1c0,0.04095879151757087,0.026711110751741093,0.027511784357050886,0.03758730604692826,0.37279142788566255,0.2840626151637201,0.05952442126922889,0.15085254324920058,2.578576706717672,0.6743967692141903,142.19839800225802,0.9385560675883257
5f95652e3cc3b13bbb321626,0.05630337074204534,0.03196871650329807,0.023136823643206596,0.03380031969858529,0.25703754161379955,0.34087885095998083,0.20754745450012213,0.049326922001684835,1.7306594394719768,0.7683372213774622,213.87649965901238,0.29393223010244285
5f95c1590b160b4597c93a76,0.23333879843398816,0.026946625795079136,0.29222359794190117,0.014446070427755033,0.1515548634257457,0.19723796843546168,0.0385448544182937,0.045707221306339516,2.5568281260488086,0.7015901952915321,160.18805439012274,0.05902004454342984
5f95dba27ac0f247b0177e9d,0.02586945969750923,0.050837345675309904,0.02331699893140411,0.025088251579460232,0.43020637482052326,0.2588461586103967,0.08843302614862932,0.09740238500274334,2.406901729856937,0.8004234051661567,206.24210751847784,0.5947176684881603
5f95fab20e1d0f12f97f4f93,0.029108067778200866,0.025157363237791507,0.10808306556201099,0.05976674587696176,0.43325134133109755,0.057740480916825904,0.029782323510041217,0.2571106113644025,2.1013574493337606,0.7941383280618417,240.58930494602112,0.8882521489971347
5f96fe135f09520451546f1e,0.18305082289813093,0.014397550041392239,0.11821646197790894,0.06791046391712834,0.03987243576782066,0.33139080872230525,0.1934636116114971,0.05169784432475746,2.9761345512090007,0.731008775175461,177.99470794797386,0.034753363228699555
5f97876ff0dac31565af2afe,0.03849581419029802,0.054432539429400996,0.02883660516104445,0.009494016833990473,0.6442540827857866,0.13694625977702618,0.04969889275467981,0.037841788427451416,2.020483433046964,0.7540632061237259,178.54364009144456,0.9767621998450813
5f978c9948915015fb3bd00a,0.12948239898121708,0.03662327720024648,0.08871708929134876,0.037550659804354736,0.34376520881284534,0.24661340996412282,0.09100389799620945,0.026244057617433328,2.4117469614314446,0.7871269628247595,211.24928171854967,0.10208248264597795
5f97a2147222e0171a3a651b,0.007337534906541516,0.02026617335922125,0.0032688353514072465,0.05088709096074103,0.3793957234849503,0.17477355605005598,0.10284663363218625,0.261224452323954,3.247139842800879,0.7930232339292379,204.92288093435633,0.3669724770642202
5f989f291028cb1a8b555969,0.07067177095768115,0.030895813567028745,0.08608426700893958,0.06830492712922823,0.2408770826331202,0.2653600499764823,0.17022841387392476,0.06757767526617176,1.7013785733181106,0.7295899779363625,131.16060566266836,0.8104395604395604
5f989fa02b5a611b2df1a305,0.03898975126252071,0.011016455955007097,0.027159920937089892,0.15432463184032968,0.20318322064106706,0.17028411541271032,0.09406227029737213,0.3009796328563103,1.9099924273164317,0.7970823247211504,225.85297175824607,0.15151515151515152
5f98aeb71f6d0e1cec74defb,0.022135008762820853,0.029651268046776053,0.021824199669055525,0.03073470118968306,0.44303739603879366,0.2310734240538928,0.17375337283908784,0.04779062856243571,1.151438129687092,0.7538575158013706,141.23129147238575,0.4625531914893617
5f9addbfc4733c24f8e81be3,0.10258391300013278,0.02572657498776252,0.05249258199626138,0.08073061921558514,0.27976430372581373,0.1775893259156564,0.19721334712761904,0.08389933313931285,2.8356337396370517,0.6784573902972706,149.5170752794658,0.38744154976619904
5f9b44bb3e13ec35fc8894d0,0.029891175946449765,0.023833187291411127,0.02026258753059039,0.0125176334365729,0.14503369689332032,0.6001682983692976,0.05966838980688041,0.10862503112324763,1.3321988686749537,0.8539087610508191,206.6909614789716,0.028611632270168854
5f9bce73f770af3f314336f1,0.08861806644436218,0.006214390694389043,0.011509147447968954,0.12379133718051558,0.21571157204038738,0.378202386338258,0.07937977697179205,0.09657332082781718,2.669137702559069,0.7757033542378768,179.48200012728265,0.6853002070393375
5f9c755c87a954121022de9e,0.03870110495468788,0.03293611003532876,0.03743849001384891,0.02323150754401261,0.4372936419025795,0.2891219577497183,0.05874862585902276,0.08252856239757336,2.6883875671310147,0.8079722306868616,184.10550427789195,0.4116945107398568
5f9c9d259e7c0a17abe03413,0.01821115115612274,0.04560635956874368,0.055298533599408464,0.01832125752692685,0.4013296271784842,0.23013665230407904,0.12600067720715594,0.10509574142341134,2.523958591160103,0.6580568997401612,142.15973757533794,0.7626200443240582
5f9ce612801a251ec3c07ecf,0.02553936121414577,0.047134424566629314,0.032992789926486986,0.004526228769758443,0.36400368833866764,0.4495412492192562,0.04990960385935435,0.026352653830495495,1.507785710786413,0.604561058747576,139.90283530771725,0.16827743035815804
5f9ce8cd0c6e891eed46dccc,0.01594543585724142,0.01400634838562427,0.018579702725492708,0.0991857185524077,0.48144268600897905,0.14697941529309536,0.14583928863585832,0.07802140440648686,2.360814409565066,0.7463514118744157,123.28196626931202,0.3919854881266491
5f9d9521d0edb72c4a201709,0.08910004205469373,0.03420237989219264,0.01924620691041738,0.05017625044928016,0.2999587160846797,0.3452310738577555,0.08429045558786646,0.0777948748696896,2.804279263279212,0.8533295212981172,237.2857857828227,0.3881057268722467
5f9dbe7b71894b333e8722f7,0.12245444344633148,0.025422488585186163,0.058874433360741635,0.10400851809912506,0.10209372213643293,0.30892991464099573,0.11788451225437023,0.1603319677313838,2.1070963444238755,0.8121894911711117,221.90188387410544,0.8833241607044579
5f9ebe0aef3e674711654bab,0.03540679735743281,0.05283915567808773,0.24293825560897264,0.014676549255592345,0.15307918434786974,0.26341815051043277,0.20680224181966067,0.030839664503954953,2.5699134203418947,0.7195970973428665,127.19123341358194,0.7662976629766297
5f9f1dd3e20fb253392e4bf3,0.09833027076641424,0.01933292987133237,0.1130840940661434,0.010362761977734648,0.5867133151303012,0.09752404042141627,0.012619602464032192,0.06203298579342551,1.7442444160935344,0.8410662418001924,247.96433877279705,0.9563058589870904
5f9f6e40ea7f965ca33bf97f,0.11807443829687611,0.015253783176451152,0.03355787241207022,0.04307413967040845,0.41862519225452016,0.2526788174331664,0.05278787829791428,0.06594787440122257,2.462801474789113,0.8215345875154595,228.18716440367794,0.5395189003436426
5fa00df9f09b1d00088801ee,0.04638428240649947,0.05196660383657374,0.09285856091084843,0.008153479526579539,0.4103829770901633,0.18400078063489034,0.19208854066126158,0.014164773905159073,1.4556426773410815,0.8691388156657338,252.60836428117736,0.39006439742410304
5fa0270a0f22bc03bd0380ee,0.016569007943821795,0.02531000051365228,0.001957349413699344,0.013242779351069826,0.3511207013099243,0.38415980744952277,0.13816605876238566,0.06947429653753497,1.7925891866015766,0.7175675639962479,135.32257854357903,0.0045871559633027525
5fa072f4f4aa580b63834357,0.036270799734625964,0.05534101389883106,0.02513517643367964,0.038082408632844386,0.4437764742338547,0.1222321837227419,0.031090899464801293,0.2480710436691271,2.0340951792831308,0.8225837871180481,233.67540871998347,0.9191780821917809
5fa178d8e80131145a90af3b,0.0851629923153869,0.06091287505963145,0.12834708115612978,0.008861881729531599,0.4247038396216445,0.22347411955156002,0.029904439428296816,0.038632769993333024,1.1533531672678141,0.7625237489528365,144.20706649105216,0.7924929178470255
5fa19ff29675d12de2935107,0.01579935066786633,0.0490521934272901,0.044383634770521437,0.01620195520947768,0.6390831792592034,0.10281884283563149,0.05056999492145604,0.08209084866343855,2.5767834914598815,0.8413805255617941,219.7690691830282,0.6292834890965732
5fa1da0b8810903802fc6390,0.021599559970337197,0.006918824388306369,0.01673361895021984,0.0916851471928755,0.3479344109119351,0.16033600987448496,0.15651260336017445,0.19827982620136528,1.559867605271753,0.7896287807002921,226.17532984977686,0.6846846846846847
5fa41b6733b31601ac3f79c5,0.09485255395986877,0.01706626080613992,0.02439662024061689,0.06814080548435855,0.12438685663661611,0.4548385112574702,0.08173992782834726,0.13457846475356297,2.6582300593086345,0.7904487918385358,227.66633691123815,0.2872655478775913
5fa46f7a614df30ea736fd1e,0.08377311687218852,0.05389748907559742,0.1369677234366945,0.029293016746725496,0.2606565501566344,0.24190100928255845,0.08154858198535982,0.11196251289340785,1.9423041640781726,0.8174274849866355,229.80958075508022,0.530196369025565
5fa6006c1355231e6094a472,0.02448873153146833,0.0482101349783085,0.021475009072395412,0.014860432042040472,0.35456732680475445,0.2731614775221557,0.1898580698535841,0.07337881830158877,2.1891475467342274,0.7603016674767848,211.27776679939663,0.7070777855641205
5fa727ceb78937465e777bc7,0.052586251567699006,0.04529969892807143,0.008487029259799451,0.018112354434717308,0.18564451199391693,0.5406521586317731,0.05734178579397386,0.09187620868953456,5.068657058155088,0.7534496068030567,254.0976928657408,0.04843304843304843
