convo_id,user_id,prob_face_anger,prob_face_contempt,prob_face_disgust,prob_face_fear,prob_face_happiness,prob_face_neutral,prob_face_sadness,prob_face_surprise,jitter,intensity,f0,smile
0020a0c5-1658-4747-99c1-2839e736b481,5a73899f9cdd1800017786f0,0.029677919556718887,0.019765981462689867,0.005202396817080634,0.007173193194407135,0.8223753237175171,0.08335863814809867,0.00870296148426091,0.02374358451377375,3.084472034719589,0.7611441331636656,168.73265208554218,0.5425219941348973
0020a0c5-1658-4747-99c1-2839e736b481,5fa072f4f4aa580b63834357,0.036270799734625964,0.05534101389883106,0.02513517643367964,0.038082408632844386,0.4437764742338547,0.1222321837227419,0.031090899464801293,0.2480710436691271,2.0340951792831308,0.8225837871180481,233.67540871998347,0.9191780821917809
002d68da-7738-4177-89d9-d72ae803e0e4,5f482b0da1cde52de45f174c,0.11488004706297276,0.01596586371403987,0.03684381929019805,0.05000012771947975,0.07275634389147285,0.44118225874414574,0.05983154446957638,0.20853999528691522,1.3810396383079713,0.7337752873016162,144.43437360033036,0.2958883994126285
002d68da-7738-4177-89d9-d72ae803e0e4,5f57120cba207c18f058a62b,0.1983030039954817,0.0076504273570367305,0.08272081471424854,0.10587418372438363,0.049465856909176945,0.32879735762466084,0.07476841102028503,0.15241994487801683,1.8192782053827379,0.8063400845354509,212.21167061814893,0.2290748898678414
00411458-8275-4b92-a000-d52187f03604,5d510396f6725b001a4fc025,0.06527139314593995,0.02997080726111343,0.03916469848221738,0.04046219251966707,0.17754244530258206,0.23441549274849768,0.190462170111143,0.22271080089500736,2.3448841834486,0.8391603556472322,238.8122699770763,0.17967781908302355
00411458-8275-4b92-a000-d52187f03604,5dd5bc3bd5cef8000b9861d5,0.04490246693294941,0.024093516791789504,0.05872100307615813,0.04360471384238944,0.3845118249363751,0.2770518183696117,0.07294479523171106,0.09416986119465083,2.5613803240916644,0.6966571682036277,140.7265689681087,0.1846234309623431
00ae2f18-9599-4df6-8e3a-6936c86b97f0,5cf274cb201b8000190c85cd,0.0539164618045821,0.053908151087346215,0.046943574128565514,0.013877154884347064,0.26412168781171497,0.32483856860868465,0.17069244785919188,0.07170195435201299,2.0193552314712413,0.8134848879323101,227.49369506668086,0.8995327102803738
00ae2f18-9599-4df6-8e3a-6936c86b97f0,5dcf6037b103ee09ffb24ad9,0.10469221379982319,0.01279473163244787,0.049239536761483564,0.05882676975968833,0.4880998698820806,0.18166983219170554,0.06806117393020507,0.036615872031837866,2.7119191642180756,0.6411293577897906,180.38565177664222,0.4168336673346693
00b410f7-8b5f-4404-8433-0fb8c4be8f62,5dbf9446a3f5cb419e9d28c8,0.2060544964716164,0.04183878357219682,0.026923057612252173,0.018825138687538382,0.30748340124401585,0.24365465533406974,0.06451127545720663,0.09070919141062457,3.205346404259565,0.7201041408207607,192.31588925070238,0.5562130177514792
00b410f7-8b5f-4404-8433-0fb8c4be8f62,5e7fbf90e06daa01664bc717,0.1714742414118138,0.06463625672386047,0.04103261477922748,0.011335107195974022,0.3070160103977024,0.25590963123245225,0.13738147629373298,0.011214661931996581,1.243051709477456,0.7217496515662486,131.3947668053231,0.15228426395939088
00deb2e5-cf7f-4a5c-a8db-7fc335634ad6,5eab89102e910016bb0b5414,0.08036059186267325,0.031340987856018576,0.10750807966123714,0.03516984424723472,0.3378819978009441,0.2394166814026854,0.06791057588103551,0.10041124115900985,2.626186998570184,0.7963337726010271,250.77109286330057,0.6919459141681364
00deb2e5-cf7f-4a5c-a8db-7fc335634ad6,5ef0d2abecae6d04de905512,0.036247023025381436,0.021436760884716646,0.037922348825090615,0.029407672259820963,0.2172762099475383,0.25391541371388204,0.24558169304433308,0.15821287790987149,2.0864030048665874,0.8162254241224128,236.23782044250132,0.28431372549019607
010a1b2a-7b69-4245-807f-d94eb6aa165c,5ee1aff5d156f20008c98012,0.06783292425357985,0.004940884899042822,0.007117725275968695,0.06824169788195823,0.2427019824623269,0.47217728910943224,0.10605690470632949,0.030930598262305747,2.6435791696079742,0.7281354180394958,141.27320550762832,0.0
010a1b2a-7b69-4245-807f-d94eb6aa165c,5f0df6c9b64b5107b88cbd4b,0.09838873152484953,0.01500903857491148,0.030815001504655423,0.058255838477665786,0.4625469682291523,0.1754086952103537,0.04779188382979973,0.11178384235431385,2.3314430404949245,0.8324105764222671,231.60843222644758,0.7378138847858198
012dd705-ee62-49f6-8016-cf2e3cc066e4,5c102b9461df5c0001cb468b,0.09935012004878516,0.011186996400713403,0.022445214845130314,0.042467455476086616,0.408828201079067,0.19768930599376963,0.07511066142477331,0.14292204461864266,2.3405209162683085,0.8018514663785702,212.7160041475697,0.11806981519507187
012dd705-ee62-49f6-8016-cf2e3cc066e4,5e8bfc63e53da90ec5673f11,0.03967397610726788,0.010823419321937774,0.01682288792132931,0.05128256904102277,0.30975967578304753,0.37902554765363616,0.12188964726135985,0.07072227595001129,1.8819990000163378,0.8027445201534161,230.66348201505764,0.36815670517327975
014a3227-9b4c-4f23-ad5b-8325235301ed,5c670a430d80fd00014264f9,0.1334326618015818,0.0293127878100894,0.11536106426701086,0.04157867120326612,0.12470933958416994,0.2614982709914496,0.11022408146194468,0.18388312301818246,1.914669447069766,0.8012217853184039,189.51673847965873,0.5414507772020726
014a3227-9b4c-4f23-ad5b-8325235301ed,5e6cade3d92ffb26677dbd84,0.009884794205518351,0.06029388925428218,0.03724706413992833,0.004054664610722194,0.6075588309787112,0.19075685482802335,0.05988201905494511,0.030321882922462948,3.6524075407793735,0.7696040733618605,225.52046572962462,0.9026345933562429
015301b4-a132-4877-8bec-557e9b99a01c,5bf5f40635087500014257fe,0.02860007564266747,0.041650678760369216,0.013458060080494279,0.007386040489307098,0.39529051719185887,0.3547694393520104,0.0670445468259423,0.09180064171837841,1.783090870269064,0.8112628346348197,200.6071974690815,0.5703275529865125
015301b4-a132-4877-8bec-557e9b99a01c,5e88f058524dca58ab60da0b,0.462950957268637,0.030971420835975143,0.05770170154265367,0.058433742922421636,0.07894994443043059,0.15042951557935916,0.10113806135471445,0.05942465722405256,1.5957331747488641,0.8404752802948633,208.3477210150513,0.1444015444015444
0159f2d4-f6db-46f8-b7c6-96a3df97b246,5eb2f1a1ce5ba10ab2c0a042,0.2528067738647604,0.023927373398528864,0.217455475362939,0.034867090567128764,0.15679918532504816,0.17177082760386794,0.0907138957221614,0.051659378601430245,1.9036275309247066,0.7175158015243727,142.4424818503925,0.1906474820143885
0159f2d4-f6db-46f8-b7c6-96a3df97b246,5ec6e4ebdab574105b1bf4d9,0.12609316345238386,0.09463297163877174,0.2711144339147639,0.02670723268873167,0.22335853926805324,0.1591205050322244,0.04805024368505429,0.050922909662745125,1.1880706159029575,0.7628769871665528,147.51203704705725,0.034013605442176874
01849238-f5f0-487e-bca4-7b4fe0c9625c,5ad7c075c25ea0000188486b,0.09034074985266059,0.025725503468350872,0.05318854785789449,0.052802352359850806,0.27293668664699056,0.3000016217358358,0.09572299656892139,0.10928154260620948,2.0823799313037616,0.6487269408816382,146.12189833060597,0.44259421560035056
01849238-f5f0-487e-bca4-7b4fe0c9625c,5de5538f8fde1c4dbc951498,0.23146119188101277,0.022708103185297705,0.11138838162158277,0.08567259768030597,0.20695760770581764,0.17011381182197305,0.057990333863281666,0.11370797183968394,1.9989442253374798,0.819727730212025,227.04152491639098,0.49407114624505927
01a4c01c-cf0e-4f37-ab2b-641bb604af30,5e6cade3d92ffb26677dbd84,0.015277431917511772,0.03806295532011426,0.038834038817314405,0.013374406597701945,0.6619161026837002,0.09225493457118542,0.03330195243752984,0.1069781779277351,1.4584169226569659,0.7920378161943126,210.56907622568193,0.5733532934131736
01a4c01c-cf0e-4f37-ab2b-641bb604af30,5f1b2282a3103e2caff2fd7b,0.045903500577700276,0.03952881211016614,0.030516541674627248,0.012151218965826653,0.506953469464693,0.2517428057230627,0.03927133386857476,0.07393231780812404,2.102563915257832,0.6588162635118832,129.37804550730527,0.6635311143270622
01a62310-06c3-4b69-9d75-50f1e2f1dabf,5ea3310bf9c4f828f0c909c5,0.023399437883814645,0.02402011881205142,0.02583205256692853,0.04655606682907243,0.6426065484394885,0.09353217048594423,0.037338597541791474,0.10671500660845623,2.1860928052955373,0.8422165846462287,242.19986222823286,0.695977549111319
01a62310-06c3-4b69-9d75-50f1e2f1dabf,5edff301000fa631c7b5bd3b,0.029904194685020112,0.023356866034505923,0.16252457108569807,0.026172580170413958,0.41710773531755346,0.1252326995851193,0.06578205607061104,0.14991929743527896,1.925788919170148,0.8512009218580763,246.96143343902187,0.9718574108818011
01b9ad1a-cf5c-466b-b227-dfe3a36d1359,5e714543bb9f870679f01411,0.019957346520370324,0.021551103857936283,0.023519304422242128,0.14323121755885845,0.17843280443161363,0.18449764154775591,0.24707357009263195,0.18173701169024478,1.7310888432035845,0.8640043550320634,215.50613406204502,0.021052631578947368
01b9ad1a-cf5c-466b-b227-dfe3a36d1359,5ea523b2a7782138712c7e1b,0.06682621101390311,0.02791892316642601,0.07092091285251544,0.008888733487627802,0.4112876263963292,0.20902865284939384,0.1375705621426975,0.06755837782491252,2.0090903887462916,0.8380892424517764,227.99226077113173,0.9641089108910891
01d74df6-2a6f-4c0a-b2c8-6aa4ac78ab18,5f4a4da1575d605c43bef871,0.3587545402855028,0.016037826831724316,0.0943319342925235,0.1529827567247345,0.0849193765613791,0.06147793794442934,0.18238144266617737,0.04911418519626989,2.624597473739981,0.8494805819227317,198.47030912558446,0.2744868035190616
01d74df6-2a6f-4c0a-b2c8-6aa4ac78ab18,5f5a3a4c829f790a5c6d1ff2,0.018177340309551936,0.07749012166175585,0.01393504451936144,0.02973991467452589,0.43177934916835964,0.17683144418138352,0.10841270120677116,0.1436340844384619,2.443575470075749,0.8254589402036302,235.37567287521563,0.7061818181818181
01e64778-2ce4-482d-814c-08360b12c88a,5db25a62299961000fc5628d,0.11904561738311382,0.012086048039668501,0.04520721642172743,0.08015587014305507,0.20340827376917223,0.30826692385289184,0.12146108293556288,0.11036896684117117,1.8049937799909772,0.8558325342483946,256.0791350063959,0.839332748024583
01e64778-2ce4-482d-814c-08360b12c88a,5f823bb0349c5037632a2bbb,0.13208839514603213,0.0018032873534441832,0.012251939236496832,0.05882320847983158,0.580085371931394,0.11228202655911441,0.02536239436206715,0.07730336021631953,3.35316057815917,0.729730329207116,179.29061814284427,0.0
0203bb21-da17-416b-8e2f-018b99689616,5a49d6a06d85f80001c25bc4,0.040696346218826236,0.021601955853198226,0.060672553609837476,0.014022733527664685,0.6433261151154236,0.14953519606410526,0.035094748467910976,0.035050351282581514,1.694975255211302,0.7881140189858942,191.7337659184283,0.7913669064748201
0203bb21-da17-416b-8e2f-018b99689616,5a79f14a8fe2dc00010593eb,0.03376524806341096,0.05932469356272175,0.022141088073018823,0.00583174571750977,0.6616568336798816,0.1464844651928179,0.013333529056783627,0.05746239776041928,1.9937740800393748,0.7907414635623853,202.21786058974845,0.8722466960352423
02053f7c-a002-4797-9139-037798747eb2,59d5126df35ff40001914d8e,0.08160405962080743,0.018512321917750017,0.04623416313361406,0.05318522685104963,0.21778295397315678,0.23384245660339614,0.16137383570352315,0.18746498222815317,1.9512762130704548,0.8189619761777028,204.48004089624666,0.7642079806529625
02053f7c-a002-4797-9139-037798747eb2,5d10eaf23afd390019075267,0.08948622273291966,0.03228089949464056,0.137147804451295,0.03045587233869201,0.34990539906373286,0.23813764325558914,0.07693126882662532,0.045654889252948604,1.9530670146669287,0.7906087429698234,220.5066852548406,0.3892145369284877
021cae92-8043-4ef1-b115-47b539bad870,5ee1aff5d156f20008c98012,0.023085738569228954,0.02555191167461336,0.006142579619900602,0.009236003717947272,0.353766632636112,0.38615143832443755,0.1618868215542111,0.03417887217007907,1.7116034301407115,0.6920388253354659,123.2582158694753,0.40638297872340423
021cae92-8043-4ef1-b115-47b539bad870,5f0107db94097c2544c516e6,0.22146797162875723,0.01780655153005921,0.012673880539620519,0.01914297833702078,0.10606166860743076,0.5406222760868107,0.05033915950633389,0.03188551254795983,4.787629402966001,0.7594930059523618,224.3925618679813,0.6611694152923538
0235bac2-3469-447b-adae-e39559adfa4a,5977e3867412f8000194e1fe,0.024216538805096742,0.03472354981161278,0.06430911899686582,0.05397964175391743,0.12691578351944388,0.22165190554370687,0.22573252638449764,0.24847093544272844,2.3993896125346494,0.6993393481711562,138.20340095211577,0.9427012278308322
0235bac2-3469-447b-adae-e39559adfa4a,5de33ff0cc246f3633dc01d2,0.07797625428584815,0.05730422994776362,0.0426454913805226,0.03439846093897293,0.32769467397261215,0.16574386635183394,0.25424133716137437,0.03999568695392677,2.108245805529799,0.8073576856268079,165.39568382505303,0.29617486338797816
024c9be7-c98d-4a2e-b4a9-7884d0b0f626,5cc93712f2915d00148a0602,0.016422293306529927,0.0209825555454374,0.010094312692849656,0.0017347313514433026,0.8193785387564309,0.0714923451689241,0.05109165397808003,0.008803569886228105,1.6979514166499596,0.7107444552907698,135.25942965587677,0.8799149840595112
024c9be7-c98d-4a2e-b4a9-7884d0b0f626,5f4d92a4584ab6064be44ce5,0.009913579510349357,0.03529116998120628,0.022414501839906308,0.005742880838664989,0.7607160704741305,0.1053494290416157,0.020530109435757535,0.040042259692032366,2.465211717837213,0.8688398751475201,252.96923134296807,0.9615736505032022
026c91ab-94c5-482c-aba7-42e83a79c423,5d437b12e2051e0001a248ca,0.11669508955117741,0.011034792352221831,0.022006358266494726,0.14507763815353694,0.17835251818126874,0.2292361118784575,0.2143014398053511,0.08329605181299819,3.3791090132506962,0.7809450041252815,231.92011440380517,0.1447861965491373
026c91ab-94c5-482c-aba7-42e83a79c423,5e531b2205acdb33c0f5f24c,0.12612943239864766,0.013378524358816682,0.03674747710118724,0.028957875005496264,0.4444636275708833,0.22528004729146756,0.08101665497696893,0.04402636215558286,2.1495007273752855,0.7958911390882015,187.3198122171412,0.02092050209205021
0278950b-a7e0-4e15-8a2b-1629ff1b17ba,5d2f7fb4bb27200019010768,0.031682369072760855,0.04504915580436603,0.014625084203549724,0.011024767319702613,0.24415661938277655,0.5072228543386273,0.06513176977244847,0.08110737907587241,1.1394494956111723,0.6754472105551866,128.69477385302076,0.1926605504587156
0278950b-a7e0-4e15-8a2b-1629ff1b17ba,5ee59169fbedfb2dede8cea8,0.023395137134316676,0.0667666965502643,0.019376895123473768,0.012882382560387342,0.4877760024502334,0.23352026623335526,0.030923756995939543,0.1253588634330687,2.5583732007367948,0.7898075160923068,221.7118723510465,0.8247011952191236
02e02af3-8df5-4e65-a1b1-bb1a5ca44879,59d5c894c732930001d88b5e,0.02952015048738882,0.04302423730952897,0.011289955691876493,0.01567083862113561,0.2629395442228332,0.4494791540171612,0.0866880888105419,0.10138803056731446,2.2975559412137327,0.5237474173963949,153.49017959165687,0.6061797752808988
02e02af3-8df5-4e65-a1b1-bb1a5ca44879,5f612984e5033f09587f0faf,0.021257783745903487,0.018899478454457136,0.024670828977284183,0.058601998879520306,0.44870234728525743,0.11950503604380917,0.10885018191783953,0.19951234528146167,2.073236632487412,0.8615271880610657,272.57557320535125,0.5912806539509536
02f3959f-e462-42c7-b92e-9ef5a991b98e,5c5fc0136467ac0001b80940,0.0991889076281615,0.05862468602360561,0.05812922876397461,0.042231842265647905,0.36254539408111347,0.18550437610370446,0.09210869327106001,0.10166687219601675,2.3475791031925133,0.8033429968560454,211.0744096141131,0.536117381489842
02f3959f-e462-42c7-b92e-9ef5a991b98e,5e8ca66ce6592d0350103956,0.016312881450280318,0.001295518596248636,0.0027070246819759706,0.20975373601055744,0.013598965017269019,0.3448342498991969,0.06232239215255622,0.3491752321284892,1.796070364266009,0.6711881006565568,132.6405474689351,0.03180212014134275
030c76ab-9e19-4b78-9a7a-86cd7ba8472a,5ea3ccb9aa7054355ea371b3,0.026075170864211423,0.030127421285882916,0.011125367835968994,0.029930533868568317,0.17300935156958666,0.5470710521179688,0.11214607596099033,0.07051502694377736,4.897527168914617,0.743546287392823,196.37839916939208,0.15273775216138327
030c76ab-9e19-4b78-9a7a-86cd7ba8472a,5eb1a905bf6e002bd25a5da9,0.034145293028810565,0.005283542376150035,0.010629635675599006,0.0940373982985746,0.1146307038925197,0.48104761128434254,0.0995880762459864,0.16063773863874406,2.2260448138536786,0.7201422840431997,135.91783966267298,0.007896625987078248
03567661-8004-4986-82d5-a32582ed9a6e,5ee2916b70aa643be19c0036,0.2147616656539093,0.02041929128655527,0.11728914867756936,0.03729549659745997,0.24591373988053997,0.19363486993719517,0.15038173620352627,0.020304051542472227,1.9682856517338525,0.7697725717910315,222.19290626320074,0.7122263747997865
03567661-8004-4986-82d5-a32582ed9a6e,5f7e700fa9c86614bbb5343a,0.013337864585914079,0.030578799609631436,0.03832719644045369,0.03768830113189802,0.5219279193578436,0.14152936324223586,0.13498337329340518,0.0816271826816463,1.5152905663496898,0.7736892097338277,216.54985134508837,0.23940677966101695
035b1a02-b973-47a0-bd65-cec240353f0c,5d2f054b1dde3600015e43d9,0.3400681390226665,0.021851823653168106,0.11097171141370003,0.034914985725504305,0.11002821961715897,0.21789981600169217,0.14599984365707175,0.01826546064123623,2.952154347513915,0.7272205025514324,149.89360585476157,0.5665349143610013
035b1a02-b973-47a0-bd65-cec240353f0c,5ed94132a8b177107d611847,0.012603671161225478,0.07091863248345232,0.008749986781236575,0.0008420606983910941,0.6488301807262206,0.20285911979267365,0.010570154429560342,0.04462619347233065,2.3385299744521473,0.8037061832892286,261.87868188201884,0.5227817745803357
03d82c5a-c923-47de-90f8-621776ff6cbc,57950da04a84da00014c5dbb,0.0680274255279548,0.016662936286018615,0.045096352584689456,0.034000053354725876,0.09734978161145133,0.40899088179253323,0.2388177794841207,0.09105478743240562,1.8787465499378833,0.6373819179428667,130.11887493042033,0.24242424242424243
03d82c5a-c923-47de-90f8-621776ff6cbc,5ca6bbf13b5fcf00100996e9,0.05422849477343994,0.006480639178112674,0.00827139009996521,0.0675625131189114,0.13326259457287004,0.4432031812909788,0.14362930481980304,0.1433618804272116,3.6278330437643334,0.760289249701907,197.05941678759294,0.06510416666666667
0441a81c-70d4-4caf-83fb-84349edadc0a,5e7f9714e74e0c66d2a04098,0.20762977233110266,0.021228103039983712,0.10923728919129484,0.035163230372240256,0.2561039776621858,0.23671281613031245,0.06195620890800396,0.07196860240289364,1.3920147793339384,0.7388090273673267,163.79970875988377,0.3724893487522824
0441a81c-70d4-4caf-83fb-84349edadc0a,5efd41a487c4ec1945330e9a,0.08182721336129446,0.02806999431851744,0.03348487201804607,0.03878389035592011,0.1976686587998086,0.472271628652497,0.0587273722916464,0.08916637015855339,0.7411745921360887,0.7468211832145956,114.09681499694837,0.008704061895551257
04542d1a-168a-4f90-b7e3-33adb675525f,5dab7683c514d8001730ae4e,0.015900649758516152,0.05066720548722942,0.006642991727254155,0.007671257753545005,0.5936151640700553,0.18421988118988228,0.0950395916004899,0.046243257340533694,2.2272146314609502,0.8536438934907243,250.1733137973398,0.9060077519379846
04542d1a-168a-4f90-b7e3-33adb675525f,5e79352ea4d7d30d65532c51,0.010731842498185994,0.015085922025076111,0.013571090193184063,0.10999654793082979,0.3584139509018626,0.16040428673349835,0.13942121839606278,0.19237514227012692,3.040333558581613,0.8818990005778164,270.4307144180075,0.7422096317280453
047ad63e-bcb7-47c8-9e54-f53572e1ad5f,5ca7a84f6c0307000114930b,0.02508014326171617,0.11147458025870201,0.014443542454965435,0.003075159226508254,0.49464945446272335,0.1236537734629366,0.2000529891985548,0.027570358272786626,2.8006693712161024,0.689969936803208,160.07280345905465,0.8204010462074979
047ad63e-bcb7-47c8-9e54-f53572e1ad5f,5d1ff768c1dc1c0016162bf6,0.05050267296482126,0.019513493085159272,0.042665000097454324,0.005727786792586654,0.683352890573566,0.10475187612714654,0.07661660710829725,0.0168696736085541,4.03691910298615,0.7796399452973859,242.465002934152,0.7662889518413598
0480a711-11cc-4812-97e2-7a5fa69858fa,5e646abe244a7f1feb0f6321,0.06388026977974293,0.06713320282031542,0.02118430842345265,0.002982527011589428,0.4117909523312501,0.29473281571194404,0.10602790482663066,0.0322680185846274,1.6900925791137646,0.7538468458262176,140.89472153938547,0.6935598018400566
0480a711-11cc-4812-97e2-7a5fa69858fa,5ed5e0276122c5175e4509d0,0.0158906947298359,0.03653524744750382,0.03064085713760213,0.012484013007981597,0.4501972743435206,0.2566371811592788,0.15408183415627025,0.043532898423795784,1.8561934512361324,0.8005162091594211,217.40285848570198,0.6067323481116584
0526291b-8050-4bb4-803c-ffb88cfcd3b3,5d10d808156091001a74639e,0.28296352698414867,0.032321879994851796,0.035487578961495195,0.12875065320691653,0.20143444619344347,0.14936962040623497,0.07521019550612433,0.0944620990534154,2.393960418124541,0.706064906777635,147.6349544560186,0.06536585365853659
0526291b-8050-4bb4-803c-ffb88cfcd3b3,5dd352c51c219b35931aefd1,0.04466675890164027,0.01086151813521596,0.02406924888605931,0.026865599686948575,0.5672326598443321,0.16913345216050865,0.1208949160660406,0.0362758448045525,1.4046927269479128,0.8196770045430049,223.125484584979,0.02106318956870612
0542c0f0-6c1e-4e54-b3df-afa48b19f9b5,5de59698a2db8951b9955ccb,0.2731875555709065,0.01822760766711143,0.11254171574870557,0.06425494309942557,0.15116530645777612,0.14025923191404308,0.18277039537406284,0.05759324411865282,1.4295706829138728,0.7133649262040432,118.68093091145472,0.5713665943600867
0542c0f0-6c1e-4e54-b3df-afa48b19f9b5,5de7b588ff15c2a06658dd1d,0.192283629628486,0.008827153494570108,0.009222827583310935,0.13421035165257286,0.17460204095033643,0.21588684198514377,0.0779733171520908,0.1869938371992727,2.770409789756193,0.841637729182109,233.17813306033074,0.16695727986050568
05aa5dd6-77ee-454e-ad3d-1e34b0d0b62b,5e68083669f4cf0c05439f94,0.01994297480993769,0.08276741977808613,0.07998183208313711,0.010365325162937103,0.4527593830519914,0.10564879774756714,0.1617570657309356,0.08677720159531693,2.1563691682498916,0.8177233155799468,200.61825892151143,0.5242718446601942
05aa5dd6-77ee-454e-ad3d-1e34b0d0b62b,5eccfd5e040498000acbab5c,0.011946548308889906,0.04853017162635099,0.02174598506481284,0.027140984201278567,0.5658799762065991,0.07209090267867937,0.11693083611989775,0.13573459568457158,1.8256132374200413,0.8434358005991572,206.02717180323006,0.35356200527704484
05c47f39-5d68-45d3-a760-45359a9e775b,5a883128b093f80001a7eeec,0.021504737628676544,0.017923492603746,0.08804529302026477,0.11814448480756172,0.10332470485497833,0.25559721975755795,0.2518805764816707,0.1435794915127469,1.4944389068535362,0.9093297498104178,260.3853555611864,0.0022222222222222222
05c47f39-5d68-45d3-a760-45359a9e775b,5e6d08da374f5b2c1f67aa85,0.07317459364401596,0.03892204158035911,0.05400879188031831,0.022927336475637338,0.4428019445639385,0.2260501656752348,0.04337574774910409,0.09873937814582696,3.4184949806925333,0.7959789686115823,175.0267107720341,0.610126582278481
05d984c2-1a2e-4bb2-8f4d-98c81fde6664,5d8d821215875e001482ece7,0.21970654300118125,0.048363052012898936,0.1818327595509331,0.006751191813092343,0.23096021987071938,0.20496541302492183,0.09293793183256142,0.01448288879747093,1.6664209280233038,0.7657279859895575,194.0027239197211,0.3822562979189485
05d984c2-1a2e-4bb2-8f4d-98c81fde6664,5fa41b6733b31601ac3f79c5,0.09485255395986877,0.01706626080613992,0.02439662024061689,0.06814080548435855,0.12438685663661611,0.4548385112574702,0.08173992782834726,0.13457846475356297,2.6582300593086345,0.7904487918385358,227.66633691123815,0.2872655478775913
05e45b17-5feb-4a07-9562-cdba59cd8f00,5c3630c83ce2c8000111b504,0.22180695194909067,0.004244820557360172,0.03131253962099083,0.27213002505951206,0.15255035098531672,0.07450444178226537,0.16748206722129141,0.0759688023376235,1.6091023374583413,0.8258170901271004,215.21125756351492,0.1679902260232132
05e45b17-5feb-4a07-9562-cdba59cd8f00,5ee69bf1ebbfd2420a065289,0.014981547474744459,0.021989606363793712,0.0038384348339162416,0.030262969986697398,0.44563843901533423,0.2557265867590601,0.09434233814758015,0.13322007722039253,2.027556275586799,0.6731161116665967,124.50917311872952,0.4019607843137255
05f15eb5-1fe9-4407-8006-bbec9814c2a4,5e322c53287816210062d0ac,0.024114649094546352,0.009640678605132237,0.00941952967355777,0.03949722899018029,0.11454926520936291,0.15497710985894134,0.623599947182856,0.024201592530489233,1.639057837138491,0.7303721366611149,132.84251570117206,0.5426966292134832
05f15eb5-1fe9-4407-8006-bbec9814c2a4,5f3a06ed07aaa21cd8a2e3b4,0.03289960797659442,0.0434521680016576,0.03232929155924619,0.020919702778588324,0.5922628569216053,0.17939144402641813,0.043627106670591935,0.05511782141652489,1.7646567952592744,0.7912942912965887,175.66928222595243,0.13488372093023257
05f2e66d-b3b6-4bdc-8ae6-9b0241a58642,5f5128258dff8f30b0c3c1eb,0.013622131370130582,0.03609682639992836,0.005758093724307277,0.008612448823676365,0.745161505871577,0.12681675986116303,0.042314739310127504,0.021617492669671737,1.9955861844280323,0.8115734112671774,237.3841143769439,0.19113573407202217
05f2e66d-b3b6-4bdc-8ae6-9b0241a58642,5f568b81712ed00cb3759181,0.04125664698120858,0.02484078235733978,0.11309250313609952,0.005178456005350773,0.6521247667325204,0.05326000900836585,0.0983835576728466,0.011863278587366292,3.6122611362506416,0.8005235680797614,246.05608350970283,0.9292604501607717
061b2400-4107-4662-99cc-3c5ec58c8f93,5c35101dbef9a20001e323f2,0.09907354602635807,0.006768633921395645,0.02331229089311047,0.0903163626858606,0.04935143230808156,0.38912768498392664,0.28480268312872886,0.05724736559088183,3.8675768838710427,0.7530854827320393,198.39789216363903,0.6996268656716418
061b2400-4107-4662-99cc-3c5ec58c8f93,5edacd8bca520571d4c0402f,0.020761947091766927,0.050346331803047074,0.022496397089925787,0.01682835415344532,0.4210504190265264,0.28046895076861905,0.15181666504741143,0.03623093603346637,2.0425931705130203,0.7267161735155834,146.9698531002521,0.0
0697223a-23a7-4e7e-9917-6c8c7dc265c2,5bfb3c42b2fc16000101296b,0.03608464786958642,0.026078709528991884,0.029742440447324457,0.03883062009238858,0.2884000598291202,0.20723005631713334,0.09146033056896283,0.28217313549353945,2.2572332502510046,0.7671013123654312,212.10023443535098,0.39963614311704065
0697223a-23a7-4e7e-9917-6c8c7dc265c2,5ef418a3637bb41d140de7e4,0.07218856056899628,0.027299049431382547,0.01702968215946949,0.0548482606938303,0.3790921666864329,0.27154384711505464,0.04996239640654807,0.12803603612032383,1.830481977254431,0.7118706679563807,154.78976579451358,0.22375397667020147
06a5a69a-362d-4947-b16d-d1d09dc075ec,5c5c76a0bfe5280001447999,0.03484077409054897,0.04938533733540569,0.019041299251051535,0.012872340565494956,0.2421174398048471,0.41282840222793526,0.16496393197798445,0.06395047300028069,3.7124784962773214,0.7527501159923784,182.70682149776084,0.950592885375494
06a5a69a-362d-4947-b16d-d1d09dc075ec,5de40feb61872d000d8803ff,0.15540313626072383,0.0775310765659083,0.05595896612656065,0.030345792576884162,0.42647580794564227,0.13421067453527258,0.06913635268794759,0.05093819307462518,1.5621910559353827,0.746287558536772,190.7090428280481,0.3952513966480447
06afb9c1-b367-45c7-a9ff-74c47a2cb61c,5d961edc1b7e120012c4ca34,0.2295463592301734,0.03718116227087172,0.041027476741297385,0.03828045181414241,0.3343252660658066,0.16689982955792582,0.1088520657665794,0.043887389523857435,2.33436941368915,0.7484883455593915,181.95905378256666,0.5805500982318271
06afb9c1-b367-45c7-a9ff-74c47a2cb61c,5d96fe713cc967001852334f,0.4181390354745853,0.005916820423327738,0.045134476431484855,0.10858068569322905,0.11119424897999561,0.15620682408885528,0.07190578745652529,0.08292212281338622,2.1995799171742707,0.7765562832414745,173.80815232783797,0.6816176470588236
06b83c0a-7bf1-4cf9-9e72-034615d97050,5615777c7ffc8a000a811c61,,,,,,,,,1.3338798632055233,0.7459720532991244,170.06731334401005,0.0
06b83c0a-7bf1-4cf9-9e72-034615d97050,5e3db8f9456974000afeb855,0.09108864613675663,0.041962733985276036,0.20808747024662066,0.011485466656012307,0.3961139724654734,0.1472133798421078,0.06324507175722031,0.0408032587369414,1.5970497794914909,0.8450551593897567,241.66622621159058,0.9880863737900223
06d767f9-e1f9-4677-8fe6-40ca4b91e1ee,5ee672f87fecd30400e752f1,0.01467895885256029,0.02555026241342055,0.02857083179987526,0.0675630292348398,0.24096210861123732,0.1528388431123552,0.37006713362275456,0.09976883296500173,1.9120747479918792,0.7891228811798381,223.49890174323744,0.5646209386281589
06d767f9-e1f9-4677-8fe6-40ca4b91e1ee,5ee6e0d2ccd83446a3611dd3,0.06707038534291286,0.011487489387935477,0.03337070441877227,0.026512174153140652,0.09939064757140831,0.4649254819259463,0.2381632695756825,0.05907984760780979,2.5092912659042987,0.6865313271003277,150.82423501946562,0.9987893462469734
070845c2-dc10-4db8-b889-7a5704d31265,5f0b33e16edeb5429793f878,0.10495189139203469,0.029009505262409647,0.14471042223360192,0.01813494406714815,0.35486796664379944,0.16898753631648658,0.07072958237724698,0.10860815133144915,1.7318148901128705,0.8740248267405644,259.0122572879576,0.3936087295401403
070845c2-dc10-4db8-b889-7a5704d31265,5f3898caed1478189b8462a0,0.08627198928618632,0.022995017702657626,0.016629265974540116,0.015594980676593779,0.27578035900830883,0.35273985476333464,0.03702221444801682,0.19296631746768605,2.4368204979445065,0.8661993828318132,287.0338481202331,0.7120141342756183
07094abd-8b2a-426a-8dca-edead45c2143,5af67a42e066a400011347c0,0.12292922415363663,0.010866494017004758,0.009227998249596886,0.02493383692357573,0.37147160570843396,0.33892020342291357,0.09378819269713141,0.02786244512711654,1.8107665668458863,0.6056112050079726,114.98866833041873,0.013173652694610778
07094abd-8b2a-426a-8dca-edead45c2143,5ec82c3f67c66a10c498ecf6,0.07344002116496655,0.06888623316816017,0.12531744587137916,0.009176786519158356,0.34709338180187443,0.22927945440055789,0.08547631397098047,0.061330362618386765,2.729840487523445,0.7914267421835701,202.51014715232986,0.6832993890020367
071cf0a9-87b3-4bd5-a6ca-f0798227e8e3,5afa5252672ea800010d97e6,0.03602572889510629,0.015746360371575247,0.061936122965274995,0.0855670601620352,0.10039895793477809,0.24757497906727502,0.3689568775108146,0.08379391361176963,1.9494990144250686,0.8625286487431053,242.86507718935377,0.0027137042062415195
071cf0a9-87b3-4bd5-a6ca-f0798227e8e3,5ec453f93ba6b432bdf01d58,0.03577355721539399,0.026109258445420388,0.012761827920031147,0.018440426701819636,0.506028623332849,0.26414464436528684,0.049462710909416736,0.08727895080225966,3.562770911830319,0.8167583173201078,239.9139802978869,0.05209397344228805
0736fa95-99e8-4707-bd64-4552eb79d05a,5be04ea54a5e53000157ac4f,0.014529302241930647,0.02029584600185601,0.09611644160339726,0.06393208911023146,0.45618800357717904,0.05678834106274164,0.19579667327504707,0.09635330356135995,1.6109341486267528,0.7904432506743936,193.64399099761954,0.9403620873269436
0736fa95-99e8-4707-bd64-4552eb79d05a,5f4f880fe0a90c049c47adca,0.03371416685660537,0.026935014300607806,0.017488944172449575,0.03428179670206689,0.4803902462729455,0.19719328071473496,0.1591464365579815,0.050850114108225264,3.276662567929473,0.7372371164775388,188.44072878428662,0.003605769230769231
075926c6-9b88-42d2-8d03-f5fab051bfbb,5c102b9461df5c0001cb468b,0.1352625239440033,0.01679351136861567,0.03177058519070632,0.034469645323434495,0.3849293328512414,0.22501495207033015,0.06581001893147018,0.10594942958778655,2.491092202690271,0.8371780316193762,218.53591593347417,0.11075949367088607
075926c6-9b88-42d2-8d03-f5fab051bfbb,5cb35e2314235c0001320446,0.1294227237495899,0.013580374217426569,0.02345660770159704,0.016679592658720155,0.35633027812709567,0.3867242976516464,0.03355140115662288,0.04025472485793767,1.5932678578519341,0.802162782006434,217.05298901250555,0.45007451564828616
0777bb85-b225-4fe4-b2d9-ee9bf19d3999,5e7d21d4b7838b3a5fb29246,0.03834142203667925,0.05636877804561177,0.023187853887856602,0.004226922510101014,0.6059244450846574,0.1225990743223833,0.14342503561081366,0.005926467896852855,3.755716176916524,0.688531345028984,153.05814494827766,0.2300357568533969
0777bb85-b225-4fe4-b2d9-ee9bf19d3999,5f7a71273223ce16be6ec4a3,0.08811299949950664,0.0036584772053157096,0.006931055673601878,0.12604454324325445,0.13409696457776182,0.4674611074281491,0.08165611257294486,0.09203873969337065,1.9862903988431488,0.7492585254075205,137.90361652766634,0.04556962025316456
07b732f9-a9e0-43e9-85a4-263a6d78af0d,5f30841ff614014e92784605,0.022256997509180115,0.013395415634673932,0.03044575278141743,0.07353029355522182,0.30981511869560946,0.1984726962457697,0.2640236931682891,0.08806003237520167,2.197974926261229,0.8117786963436523,220.3399843053484,0.752765126870527
07b732f9-a9e0-43e9-85a4-263a6d78af0d,5f657048f1af6f0fac94a852,0.04556742750279443,0.06865953616268551,0.012618684348796427,0.016127376676083438,0.39496520294683823,0.3042359707399375,0.07621117344484266,0.08161462921961288,2.139065300130425,0.8086828589459907,214.88205820924063,0.5175438596491229
07c818b1-0fe0-4c8c-972b-184da443fa5e,5d09658d561a350001d62540,0.011854502668698275,0.009963265019252114,0.02402351428915503,0.047086106838421786,0.09888880267330405,0.04211190750571483,0.7398050001497108,0.02626690129848573,2.7827992797728225,0.7449030792595988,194.8471024298579,0.7889641819941917
07c818b1-0fe0-4c8c-972b-184da443fa5e,5eb29a3db97d6b0008d24a1a,0.15041339482968596,0.009735457169889414,0.10126353785834087,0.04157809931323136,0.18413383638405317,0.3911239614269726,0.06434191653412114,0.05740979517547858,2.718869106565751,0.7394221766917524,149.36019603631058,0.6694063926940639
07dcb0b8-bb2b-427e-b0d0-29e03550c560,5dae16d241fbb6001160ce72,0.026235889167840514,0.010488814850875761,0.006104948187545424,0.05734765080789903,0.36300982508318397,0.12228334125479967,0.012777779693347894,0.4017517516850279,1.2807085382948271,0.7845893920277719,154.1658129423568,0.5464071856287425
07dcb0b8-bb2b-427e-b0d0-29e03550c560,5e87fee4c740a748f50a63bb,0.11978567392350352,0.006558445695768181,0.025000925916201216,0.1445008599750986,0.13506221386732248,0.353006241296403,0.08707031638573387,0.12901532276777597,1.556981804247127,0.8506450307383299,227.54705091810834,0.07221458046767538
08faa0ab-2bfc-45f2-8286-715209b26de2,5dddbebeb966ded354c7ab3b,0.08012860740634085,0.025957658355332754,0.03994532247766511,0.06331240059309694,0.13686287001903938,0.24651144709265255,0.29320651884255555,0.11407517551405993,2.756104088932973,0.7743170341780001,149.91288789070526,0.020581113801452784
08faa0ab-2bfc-45f2-8286-715209b26de2,5f1e9b5ffe1f70029559f24c,0.11585322493273333,0.01989716281084336,0.02576721113888193,0.06911932290453304,0.3115131428574091,0.2721124783776013,0.051338276516697805,0.13439918022806555,1.880777181162834,0.7439467152640339,155.70064909065042,0.19692737430167598
08fed9d5-6213-4742-94de-64a879fdf28c,5be76781f6d13b0001cf5257,0.0806203259380697,0.009434024955224822,0.026942957555989435,0.10511043136509104,0.20446699313376526,0.2894271115839444,0.1935415803944009,0.09045657504908935,1.6603309370740358,0.6993340328465926,123.71356409060887,0.2407906558849955
08fed9d5-6213-4742-94de-64a879fdf28c,5f26523b9e04df29fc462ea6,0.03399994589794684,0.012981568489327374,0.014528977279338643,0.10138471460417066,0.4332888791702337,0.1752774761098685,0.04264703102529231,0.18589140799768544,2.5760790462850536,0.8188785993731154,229.39783435464315,0.7267950963222417
093aadd5-f50d-4f43-9793-faf61c11a70c,5e26a04f727e048d3e0b9459,0.12704189287264875,0.004706697473588029,0.005541643468749124,0.02898779968177492,0.07930770270651376,0.6379277346598209,0.06307263840032301,0.05341389147039138,1.926053619597955,0.7455292574002623,156.5792645495638,0.036312849162011177
093aadd5-f50d-4f43-9793-faf61c11a70c,5f15da27044c9b700c9b7432,0.15295336745032337,0.005182394898182133,0.029421121443357394,0.055758431799630526,0.44365156203174183,0.23512971252253678,0.0401500908498773,0.03775331907443685,1.7756074151588386,0.7753976769128629,140.52712975393834,0.257679180887372
0a0cf5b9-84f6-4d8d-8001-ec7fd4b7437a,5cf6231511ba980001e3aa3d,0.04572315248893593,0.026056046143882617,0.028802808509725622,0.13876492065854204,0.243926070636228,0.14309107931272827,0.10479782429228586,0.2688380983936333,1.9402372369426422,0.7593954953481479,196.51413176682118,0.4649350649350649
0a0cf5b9-84f6-4d8d-8001-ec7fd4b7437a,5f49553539747213d0e5f1ae,0.026147456795860797,0.08267841021145733,0.015287345892261143,0.01942289963072737,0.3388672007638792,0.2898746896682977,0.12236425752117404,0.10535773887806772,2.138125230800478,0.7912694537877524,204.26100417687337,0.12846715328467154
0a294776-ca94-4114-bc24-2bf3b0a0a813,55ed87f0748092000baa9a0b,0.12906364394525421,0.016018076050136474,0.028085850257825087,0.02864417356216478,0.17210400246579521,0.2162987741415735,0.3311524426541453,0.07863303783015435,2.273643273605177,0.7015319465558885,133.80925315207878,0.4343141317861583
0a294776-ca94-4114-bc24-2bf3b0a0a813,5f067c54f05beb1e8392a532,0.19147192211794917,0.006285574093220476,0.020343076932839533,0.06711730433614867,0.039136742207604366,0.4594989369922118,0.1761118379211913,0.040034604781070404,5.3736209034400355,0.651817746996339,181.6567015212923,0.09142857142857143
0a6ce575-4650-4942-97c6-f220de641a0c,5ee13fce6b82194fb7a8fedc,0.021177202168925442,0.01855102682204875,0.017121387007279207,0.03703982778656089,0.5417556534199065,0.18435247559046483,0.09163645200852939,0.08836597577739466,2.0999701853411654,0.8010480688792447,228.49519902068417,0.1926605504587156
0a6ce575-4650-4942-97c6-f220de641a0c,5f11f693a02cfb0f417c3c02,0.056951277191214254,0.02546057436881424,0.059249440100613206,0.04092169008105221,0.05429737049660006,0.2724846582653848,0.3694579892653299,0.12117700006182154,1.5051053352732617,0.7863590578235644,193.00960501880778,0.3107011070110701
0a84a137-b947-441c-b94c-a03f4a5851ea,5eac6e70e481222bfb2a8872,0.12231492520039973,0.022276809472953043,0.03873724116350642,0.04089234989752051,0.4527017531098577,0.1849483207309095,0.03674031894749794,0.10138828148134015,3.750140600732445,0.6074279293027669,154.15401809276742,0.7151095732410612
0a84a137-b947-441c-b94c-a03f4a5851ea,5ec741f90b0a68183be0ac6d,0.026320353192673413,0.02932475017377208,0.006416424117508722,0.03259659227186734,0.4814661734348362,0.2368643487125541,0.14801564371221299,0.03899571389224098,1.7413137364994296,0.7341365038625633,148.75209218458917,0.08612040133779264
0af09289-1953-4e71-bee5-b34a5828fe52,5f4f880fe0a90c049c47adca,0.03649502449519308,0.08273724767882472,0.01886177154919421,0.001397217542288241,0.6040457953688962,0.15950790477754373,0.08532288401676173,0.011632154552829347,3.6816342961752984,0.7363659461909726,192.64447455229532,0.8157700810611643
0af09289-1953-4e71-bee5-b34a5828fe52,5f568b81712ed00cb3759181,0.04387175854469825,0.02563542041324417,0.14563835774987974,0.004831615939575069,0.6611186367847095,0.032187694280310195,0.07890772837263493,0.00780878801860442,3.3868148582063458,0.8035735217930359,227.54747208750916,0.9958609271523179
0aff0afe-6552-4f0d-a868-265e51c25bf2,5dbc46b70338051eb7999760,0.08178459355342028,0.0440234528109135,0.052383458518971866,0.06853759540259964,0.35021504304863094,0.18365587548995416,0.05722143447676117,0.16217854738135715,1.7071172781556918,0.8020789605385548,215.19534047474994,0.9680851063829787
0aff0afe-6552-4f0d-a868-265e51c25bf2,5f00cc127086ce2029ae6541,0.14695031593253347,0.028972910575728424,0.18781896333231726,0.06206582407560245,0.27802790263572097,0.15726214455053722,0.1003083189300212,0.03859362025569216,3.603084954206233,0.7545738367137984,270.84196201849124,0.9779985805535841
0b019c01-a6b7-4753-afa3-f7bf964932c9,57656f6c2bfddf000125cce5,0.11305744240454911,0.005760353727191675,0.010866957297959815,0.12606219827104717,0.1327218955580116,0.41296910697925415,0.11549912103821867,0.08306292365267266,1.7606824192644683,0.706246374175359,118.14805662257051,0.18025751072961374
0b019c01-a6b7-4753-afa3-f7bf964932c9,5ed70903f3b2f8195f919e6f,0.23100051373123148,0.008660081791709994,0.021169660838688403,0.02133989696900192,0.11556901452032575,0.5341122620417114,0.04894696519974361,0.01920160403430332,2.341491850764071,0.7213262320495757,173.42426392826746,0.00703125
0b30b3be-4bc7-4b70-a484-cb00707dd282,5e2be6efe179572183644844,0.023878506340491403,0.008595799914975178,0.00489814273563743,0.08172938069900099,0.0667171975554047,0.39024840290745477,0.3569951829179826,0.06693738800345307,2.5298011098358524,0.7722323156823646,154.36597643256223,0.0
0b30b3be-4bc7-4b70-a484-cb00707dd282,5f4cf071633ed2922c6e06dd,0.07846433829855963,0.009264674899144048,0.021229723565742962,0.06975538738120976,0.37620490120388567,0.3361818846040846,0.06516733766214555,0.04373175083172861,1.4154114122126478,0.7265142037549658,140.10641665971946,0.18250539956803455
0baae204-e051-464a-982d-70df8b90608b,5f4a7225cf944c08a81adca2,0.010777816913820272,0.029670042003812434,0.0076757772455973115,0.069854870974436,0.1871786772577686,0.25874575294819896,0.14025687818987473,0.2958401842932094,1.476793657980094,0.8382018389014324,222.85962044516938,0.8299024918743229
0baae204-e051-464a-982d-70df8b90608b,5f989fa02b5a611b2df1a305,0.04646876974691245,0.00997927585407118,0.039362729251930566,0.16598805810828773,0.17972779583264942,0.1969761731859994,0.1008065921514339,0.2606906056223825,1.6251639804596696,0.7817999759896288,216.3287688584155,0.23846153846153847
0bd4dd2c-1cf0-46fb-87d3-a88b1de310a6,5f0298ad4a1b58435567e7d4,0.084331079588363,0.04703137386457341,0.032959806992876955,0.010640556375105267,0.3315545027151135,0.4012331583648201,0.06960263971560061,0.022646881608280222,1.688456196710712,0.7979389312260212,185.93189374754883,0.6292749658002736
0bd4dd2c-1cf0-46fb-87d3-a88b1de310a6,5f17909c1cdb3701aad2d11c,0.03213138129589516,0.010077991630413218,0.01203689923356182,0.09046740335285772,0.266296333765832,0.41102475747174927,0.12427845419621628,0.05368677951402175,1.143347448020783,0.7096167365154922,125.53743994692016,0.020966271649954422
0beee373-bc7a-44e2-929f-e3419d82835e,5aea9a59852ddf0001ced15e,0.07889745429241332,0.07207206246469824,0.02906229489368915,0.008013873115363942,0.3930217666374064,0.2855180805355789,0.08378526619343798,0.04962920152088794,2.4629908994514764,0.6987218826848393,128.06575508651534,1.0
0beee373-bc7a-44e2-929f-e3419d82835e,5f63a85000cc960cd8c64767,0.03435823631435449,0.016322067075831802,0.013773168549957738,0.06351423098744867,0.27950894695542905,0.34156710882305646,0.14426071680501518,0.10669552586378477,2.653632313410244,0.8246736879024086,225.71027704352872,0.31297185998627314
0bfaca02-9d10-4880-8065-749c1f8891cf,5c6f2e7632cb70000169b490,0.14953111561943083,0.008062437439655545,0.03953892395543521,0.11896573760224648,0.3169628748666839,0.239958147516905,0.07053966503266627,0.05644109748841276,3.2345991217162915,0.8386650201378699,264.06846623835685,0.5462184873949579
0bfaca02-9d10-4880-8065-749c1f8891cf,5f1b1822f97ccd2b3e486960,0.021478934637045217,0.029094798446625537,0.019857535882568937,0.028236120995870445,0.39082834709694053,0.260540544201761,0.16084949812277122,0.08911422046920965,1.855421606872099,0.832065373502025,248.76700354003933,0.375097885669538
0bfe2cba-bf84-4a8b-887d-f19378aa07d8,5e2de5a5ca99353d0b03b72d,0.010233595735298874,0.05094821954029558,0.035021671249556505,0.010316252879000136,0.5846561321771478,0.20173813665804857,0.03675427580892232,0.07033171598811422,2.892724070491967,0.8001106100829454,228.20959329779603,0.8426124197002142
0bfe2cba-bf84-4a8b-887d-f19378aa07d8,5e55483da19eae000c314220,0.0200066970606938,0.029007523551825686,0.03477413100534151,0.04768757937844856,0.5155276689355106,0.12446621104841629,0.1598164389860752,0.06871374949435222,3.073977626093826,0.812983715710088,219.15255860565605,0.22273998136067102
0c6b3a4a-7832-44ea-8830-ff727f2b803c,55a43cf3fdf99b02ff6cb0b4,0.010587692250849202,0.05303212711899026,0.011800314001130227,0.0024603507548916193,0.8133814355370672,0.04299113925248192,0.005619114797143133,0.060127826412567094,1.4776998681539935,0.8477662664364323,213.72267347426404,0.9723502304147466
0c6b3a4a-7832-44ea-8830-ff727f2b803c,5f220462c16ecb68c97ccad9,0.07303454720728651,0.03895742638761591,0.10919974902799312,0.03067617513404005,0.28895124091758134,0.17676959306776177,0.25786890306420795,0.024542364947117378,1.3322723765222286,0.749255165718016,153.49567768637056,0.21311475409836064
0c9e034f-2fdc-4ba8-b104-1fe709f786f5,5c228e5c867f660001ad66be,,,,,,,,,2.070948821997615,0.8011791951439531,213.18711460263455,
0c9e034f-2fdc-4ba8-b104-1fe709f786f5,5d338bb02381b7001761694e,0.20085867520315964,0.022823016213876477,0.028969167423592967,0.06510112353666116,0.1272628224479387,0.3422619200575386,0.0774281687244597,0.13529510674823125,3.451392603985934,0.7157507038881833,155.84214384399442,0.20188133140376266
0cf5b16b-83b5-476d-a2d2-c696a4297f6c,55cb7fdafdf99b3c26ae4d4a,0.010282388059985305,0.038476794177663594,0.008641457659842295,0.013756298968016886,0.6923935148720491,0.13488568716802984,0.06529486102451126,0.03626899902034809,2.9806466649518213,0.7756526882951125,205.9991999224203,0.6960629921259842
0cf5b16b-83b5-476d-a2d2-c696a4297f6c,5d25fb29c03bad001a86e557,0.07454053914317081,0.02804302817514788,0.0658598895568885,0.09895821067128888,0.12915863005788755,0.2760711307984476,0.20879811890626795,0.1185704543238511,2.707099014738479,0.8092605505016068,177.87154334427345,0.12746756909193457
0cf99695-c570-4da0-85f9-02f9bc109e5b,580cab86b869700001d71628,0.02628769154355147,0.027474601323855916,0.016919771996235993,0.07710139202055044,0.08515293481953766,0.2154845981096427,0.37721980423108065,0.17435920697514498,1.3591954166265245,0.8526352362705899,232.40134761242845,0.5242718446601942
0cf99695-c570-4da0-85f9-02f9bc109e5b,5ea0d8c7e106cc0ebc3262b1,0.08434334700450931,0.038910940884416566,0.02399301604371187,0.012199285317304215,0.1359965837171641,0.44650608042900564,0.02978141243845683,0.22826933228001287,2.453248858292533,0.7805039765211081,203.1466272968464,0.9852941176470589
0cfc4a5e-dc61-4f61-8f8c-81c977e2f4dc,5b4d15c23d01bd0001ec4018,0.016479794632235117,0.014406277404269804,0.00780622946461119,0.07025845269017326,0.26659419816325736,0.23163262252008898,0.2412718733538816,0.15155055139098442,1.9077651319149016,0.7551258782184168,211.84784701235645,0.39900249376558605
0cfc4a5e-dc61-4f61-8f8c-81c977e2f4dc,5c91c693765dad0016f8495c,0.03263435632568281,0.003934790747891747,0.0025013075264803683,0.0903432124850821,0.02095559832905341,0.1594167750705064,0.6750570366383309,0.015156923907823371,1.5689244619708487,0.6985356825400247,127.03274542544004,0.0
0d0b2f79-3370-4a86-9a21-a723847ff204,5d36600685d1d50001affacb,0.1757511497466384,0.03322668362078753,0.04705786238570182,0.02440990708454179,0.09585039896020722,0.4885715586829128,0.08944300731488654,0.045689432825303425,1.493090781151652,0.7598749425404598,157.95871412953403,0.18225134008338298
0d0b2f79-3370-4a86-9a21-a723847ff204,5d37d2861566530016a061de,0.25619174950324697,0.04655852876944929,0.09493175629897752,0.02210096786104163,0.1790473056942575,0.1508398082506739,0.24489204923693597,0.005437835543222088,1.1594572439626925,0.7622709901507636,147.81166338063244,0.011834319526627219
0d0c3cc7-667b-483e-a2f1-7028ecbed62e,587418895c17910001ea4e75,0.025314448475396708,0.012675018726626554,0.007395647325004936,0.1307099875173064,0.25305331133919845,0.2034612253964817,0.13137847882549578,0.23601188112237795,1.7827129384992284,0.7709383377223858,202.69255415161436,0.005780346820809248
0d0c3cc7-667b-483e-a2f1-7028ecbed62e,5e438573651bae2106fb0f21,0.03115580535042766,0.06178161590732849,0.01842948964901865,0.02615676254147509,0.280401862193505,0.4126617353597624,0.09215078761108636,0.07726194069489013,2.7354033554844,0.8072699620188732,231.85340214150582,0.6211180124223602
0d4a795e-7026-4d98-b6d0-739a2c7c1661,5e5ca080bb37ff47b09dd4cc,0.0031525026597483455,0.017454678727500613,0.007637223295987038,0.00318051778323636,0.8767391820356915,0.02648997693522673,0.04927148658932604,0.016074431847807977,2.9514539549051095,0.7930261540463783,200.10169155866694,0.6964951528709918
0d4a795e-7026-4d98-b6d0-739a2c7c1661,5f17821d53d8590009cfc951,0.025246830028407784,0.024135234130532906,0.021410293989362,0.08460870999953116,0.2719614002445519,0.20107294997895142,0.23630168181290206,0.13526290094653637,1.8327484261249538,0.7300799314362237,147.5745897495503,0.8734069668649108
0d4f91ca-dcee-47f3-8549-7bf112a2d77e,5e4aedd76f4883000e48bfe4,0.027412623774636824,0.02085467951779683,0.02099354302570721,0.048857993113794546,0.18712289683672104,0.29074153872232866,0.26851966185547266,0.13549706331333947,1.172859525370461,0.697570431218438,130.57313349439366,0.030857142857142857
0d4f91ca-dcee-47f3-8549-7bf112a2d77e,5e67f8f38e1aca0a31ee82d7,0.164813967081361,0.019016939759162955,0.0866673383405021,0.06026600895211372,0.20010154202581068,0.27283570069378005,0.11418685057742001,0.0821116543083864,3.1708981249637356,0.7057792911641062,163.45907465052164,0.12067156348373557
0d7fc2a3-37b2-44b8-a60a-c69d6016b65e,5d5dc2d37bfc8400013b653c,0.0835349255800436,0.062026687651998196,0.08927208801459735,0.03944196737252445,0.2656363392061486,0.2616289786623775,0.13258944388898153,0.06586957006986716,2.0645226188939017,0.7894319090702913,231.99545423378595,0.5431701030927835
0d7fc2a3-37b2-44b8-a60a-c69d6016b65e,5dde8fba82f458000c8c7c75,0.08592500591474857,0.023052823380784463,0.024843774003632295,0.055456576678313996,0.41139930209513903,0.12596454082537234,0.243955399281096,0.029402577691260007,2.037957936706905,0.7303422148477432,131.0147494851616,0.5094059405940594
0da3e9ac-d5a5-4df0-abf4-f3eb3fc62788,5cf942378da406000127871f,0.04541498537058734,0.03438436962016795,0.010339600280288798,0.02485903119088872,0.2579126351171614,0.4653290001575033,0.044110029901128944,0.11765034886924496,1.9062363558309656,0.8472064707925338,240.48000879882827,0.38155136268343814
0da3e9ac-d5a5-4df0-abf4-f3eb3fc62788,5de79e713cf27970edc23950,0.06279291948333654,0.018364822335634676,0.04108484786500134,0.03468899389548668,0.43146728388390976,0.2444210960890214,0.09307799503375092,0.07410204185194894,1.9085234435790261,0.8110367245243086,230.06241278302775,0.6205648081100652
0dc1cce3-6b9c-4c8d-bcfe-32909fab0a8c,5e149c03864020aa6e1cf04d,0.046364557589352456,0.047698310439982274,0.046767587556682554,0.020163187065018014,0.6368129456330036,0.10424692329171473,0.04144092662413157,0.05650556189102384,2.2502206107801235,0.7217286109314555,145.6886539524208,0.6459480723839497
0dc1cce3-6b9c-4c8d-bcfe-32909fab0a8c,5f67c86c73bbcf40f72deeaa,0.01460365799729747,0.02713299976189082,0.004808462918718764,0.009644415352494991,0.8188319464151932,0.07497642112886384,0.02609690695009798,0.023905189128805408,3.700987900886257,0.719480958122408,174.7827233904921,0.8357705286839145
0dd022be-f343-4afb-b170-0dc8003078c7,56df9a836b4093000bd896c7,0.1245255717448207,0.047995454170072296,0.022755961280541463,0.03477978540864231,0.492190454037934,0.1888790576714116,0.03897007606727017,0.0499036397105898,2.6699329641232588,0.745413805771554,180.8301057568675,0.9766718506998445
0dd022be-f343-4afb-b170-0dc8003078c7,5eee2f5b6a22952a2bce82fc,0.03854541609701713,0.04187610908985984,0.004087957059055327,0.007368424797987949,0.41456985857918327,0.39965664619478225,0.07845521780287305,0.015440371011805487,1.886764902024456,0.759762482250959,229.92990418794435,0.09266409266409266
0e27c49b-ebf3-4b9a-9b55-3d371a44dc58,5c5ce95a92e37d00012f2d94,0.01318109015933267,0.006399428108662654,0.005197036417151852,0.060520519951418855,0.7425254373676566,0.051569684736460404,0.04187646656685974,0.07873033691555824,2.471938085806836,0.8187764381243178,233.87654381734103,0.006003430531732418
0e27c49b-ebf3-4b9a-9b55-3d371a44dc58,5e5dddabde7bcc0f4e431817,0.009166364799404997,0.03264362002908824,0.010563128116126431,0.014348960215063067,0.7342580467497839,0.08486838209740907,0.0505026705072811,0.06364882686760066,3.154164216126364,0.7946082128701916,218.85462020636763,0.49835526315789475
0e772ef8-9014-48a8-8eb9-762ef55b4fe9,5ded1483ad51833dce7ac867,0.05770513116359819,0.005889585266284402,0.04221157719244681,0.07076619388516031,0.053254418817483516,0.4728945210715847,0.1955420080845255,0.10173656627557665,3.2050197900649917,0.7173825145277523,165.0614563636036,0.2827102803738318
0e772ef8-9014-48a8-8eb9-762ef55b4fe9,5dfbb9eaae7b308dbf97a681,0.038182406549004,0.010579122858790905,0.026226573236066125,0.1130611535544195,0.2287376236918861,0.21214160113965846,0.2822202293830758,0.08885129048548548,2.0852076570442852,0.7639371658753903,164.50951331449107,0.18745387453874537
0e8d198c-fe6c-400c-a88b-5a3ead8567bc,55f5946a32af74001017047b,0.10935878317003567,0.016360288005358485,0.04585023455130324,0.1286815821896978,0.21555104143532786,0.24645040162675977,0.10078154186001169,0.13696612900248367,1.9978435814574025,0.7644221016729097,186.52583444866713,0.0
0e8d198c-fe6c-400c-a88b-5a3ead8567bc,5f469dcf5fcb5d0355771013,0.05264386272037187,0.0070800156238476535,0.02523804031477624,0.1441432395425913,0.2740669787863483,0.21692617339479836,0.05819444557533503,0.2217072452637284,2.079651183223448,0.8139721148779396,179.17504508323557,0.07939189189189189
0e9c68be-efc0-40cf-8a9e-06f818063cb9,5f07c86524cc101f35f443e6,0.015047953229026282,0.03533962612214146,0.007620621904773266,0.017672896746481894,0.4349851666676018,0.24911686964662688,0.11357414285530645,0.12664272293801943,2.2122605442569627,0.8296631317731614,247.252283331536,0.20497860754570207
0e9c68be-efc0-40cf-8a9e-06f818063cb9,5f18fa06ade41e1406c07a34,0.06719449595815856,0.013829891176974862,0.02087909761400235,0.035408498545147916,0.23845041062753644,0.35249863529905634,0.17740761968885116,0.09433135095046188,1.6688014329684149,0.7368108168158956,206.0222803049177,0.033486707566462166
0f263deb-4828-4682-9759-86e37c84e5fa,5c4a40123714ae0001863e8a,0.04268575957505691,0.014064132182602785,0.02075636071801445,0.0690791623734991,0.3055020626839422,0.14780201088710132,0.3003700598442259,0.09974045082542907,1.7660377065641883,0.6795994217092153,157.4007818546197,0.0
0f263deb-4828-4682-9759-86e37c84e5fa,5ed674a74aaed5093c46b6e8,0.06326408051605287,0.0368100907362467,0.035411966939676374,0.04565239212474599,0.200685389908453,0.3293508102831272,0.21188750715358537,0.07693776199480827,2.5078410085357823,0.7873156326094236,203.53532153795646,0.5260869565217391
0f4a13e4-64ae-4a98-9698-0166e5819808,5e4ce1b969ff371388c86078,0.22352654259014543,0.03556127401914309,0.020932112782774896,0.04010072918420015,0.22697227966677663,0.30457473249444644,0.0768444946066389,0.07148783334448033,3.6880983643863297,0.7239439189880635,159.0775623250612,0.32284644194756557
0f4a13e4-64ae-4a98-9698-0166e5819808,5f14d5cdb5d4c20e78dc1672,0.023619042322426453,0.06063959213805498,0.165154794711084,0.003521935860448803,0.5080211017838326,0.17573952841996382,0.04438721863127897,0.018916786365963414,2.4698191366818967,0.8071843491157633,237.63863575791407,0.9967532467532467
0f6c2eb4-5e44-46c7-8ea5-ddb74702beee,5ee91d6e634e8e1290804250,0.05078821643043007,0.057879639196199324,0.03149731483980353,0.023042053231936463,0.2646051499240913,0.17799600345697003,0.340478752097482,0.053712870055425,2.290614293483722,0.7410469749067204,211.52915809926958,0.0022026431718061676
0f6c2eb4-5e44-46c7-8ea5-ddb74702beee,5f55b2de5c3cb118507479f5,0.06140420799230509,0.012280433808732396,0.008392231781175019,0.05508948641443944,0.12035989911966274,0.5623569410018878,0.07843486814203007,0.10168193248931659,1.5708860672324558,0.7414053595049832,155.6404826945106,0.0
0f918385-c53f-4454-9f94-5e08a4419d6d,5e77f95053032d0b15687284,0.08575020577839904,0.01116465527999817,0.021007282894258857,0.09824912948307521,0.3212560989938639,0.10321351644161024,0.03442450347772802,0.3249346091368226,2.0017254687405583,0.8253369271761141,209.80924183940567,0.5870748299319728
0f918385-c53f-4454-9f94-5e08a4419d6d,5f0ca4c7b278534b639a6891,0.009411691391334277,0.032670170057085175,0.03127848927309144,0.02752431260075145,0.6301026689844165,0.07029201926001419,0.121041437657157,0.07767921082451233,2.425312472603551,0.8021688280235385,220.91835849141313,0.8478543563068921
0fd433c9-b0ef-416c-be8f-601fbf4875ce,5c159f7745de2c000133c3f2,0.017813872629018512,0.007567940191484258,0.010802162181223967,0.24047445099401057,0.29662735495613224,0.07483517312893008,0.23423890942898606,0.11764013689558801,2.248008792787025,0.6949179369539289,132.58575808251015,0.23462414578587698
0fd433c9-b0ef-416c-be8f-601fbf4875ce,5f60371e80ea02132146968e,0.010417390370705219,0.011752238268314343,0.008735349315412007,0.006191295085937999,0.8209114390990887,0.08857191853001731,0.02782838763992447,0.02559198198258435,2.2518533884111167,0.754728566293822,211.6459463748588,0.8790613718411552
100af445-702a-4fbd-8474-ec3d17e9490e,5e2721b01160079464059b5c,0.012742100553049005,0.025698873947654157,0.017786626772463548,0.025319617116047917,0.5138801405126556,0.2793224753983461,0.056278574394056514,0.06897158981375573,1.4682964612765104,0.8263666084742702,211.3649462587524,0.3606194690265487
100af445-702a-4fbd-8474-ec3d17e9490e,5ec2feeb47c4471339d3b2ce,0.09367187546030084,0.014170609955464462,0.04011755741727927,0.0748239477022888,0.17994293145899168,0.2758534263198481,0.09736733098919566,0.22405232134340203,1.6187270429989296,0.8135765851415419,199.10546102872627,0.09624911535739561
1049c59b-7332-457b-8e5f-0ef9d0792719,5dea961cf4c5e11bd9c4058c,0.08873416596182661,0.009997511961898135,0.04510714459716326,0.009175832991199399,0.0031139176520164785,0.4208413020664441,0.38402421226261285,0.03900591166147698,3.2983196784333355,0.8307583738180313,246.43731394305706,0.189873417721519
1049c59b-7332-457b-8e5f-0ef9d0792719,5f04797c88d91307286d6379,0.05335869277233362,0.06526618943494375,0.16939978442032738,0.008995078559826277,0.3702843476692165,0.18880091598106713,0.10816284419777111,0.03573214587355915,2.8272863692352352,0.7037398108337338,157.78775361969844,0.8574610244988864
1051ef33-9361-41e2-89d9-46d4eb851508,5d96203d74f4a000159a8c58,0.08513045243492624,0.005770112527530097,0.02642990565093185,0.14354101393191618,0.07327202444647142,0.3846234101130011,0.16638001610217085,0.11485306444939218,2.8905163584740623,0.638790668894654,131.20870856040818,0.13070692194403535
1051ef33-9361-41e2-89d9-46d4eb851508,5f53d12e8401650d33179059,0.03651641557742792,0.19416249227245083,0.010914063896137048,0.0036553278231386006,0.43951337414831165,0.19669324499904414,0.09810647760366045,0.0204386034020236,3.390241765467509,0.689107005133278,144.67775785673314,0.2598944591029024
10d941d9-76ab-4d06-b9e0-35ddedb28ac8,5bd0d9bf25db7b0001786a5b,0.025673928916362918,0.004216938080895624,0.013942080043203804,0.11878252927455835,0.12135645032733088,0.2327289557271966,0.07401025237311336,0.40928886385769303,1.3898335706034886,0.6316550016730983,135.51475121271102,0.02937576499388005
10d941d9-76ab-4d06-b9e0-35ddedb28ac8,5de59698a2db8951b9955ccb,0.27180608948297813,0.02287591856929705,0.13641080542455764,0.039983632195977004,0.21823146630268045,0.13467330732661678,0.1455159162214316,0.030502865071032306,1.6785971140755689,0.7273263212860613,121.3414488703987,0.731442869057548
11303b4f-a7fe-4c9a-80cd-4191e3c2b930,5bb6413cb4dca50001df0096,0.09525029810634845,0.027269840377005347,0.0408489026296432,0.06003284290282833,0.2068175533840041,0.3439375297042531,0.05185024114593747,0.17399278939930823,2.4334143099513734,0.8171329795253798,262.503761197547,0.20249221183800623
11303b4f-a7fe-4c9a-80cd-4191e3c2b930,5ea96c3da01cad04cfea50b6,0.01649120137702956,0.012548052414765814,0.015826638338772882,0.06910271025866498,0.5089087093756771,0.07335005258718973,0.054083500053659424,0.24968913811796187,2.4403965089467032,0.8319352067963174,261.9796395575501,0.7239958805355304
113c581b-c891-4735-90c4-61f1e6efdf93,56f91ae77f69ff000aff9a09,0.39140134563872775,0.006665771073607548,0.019562202951300605,0.09447738136278067,0.08843282080598784,0.2666313247692447,0.10052366752655646,0.03230548679089479,1.7620070579593516,0.7671297791141394,196.71183161890258,0.036555142503097895
113c581b-c891-4735-90c4-61f1e6efdf93,5e1b7c078b6dfb3ab0565e50,0.02575512903584193,0.018156624120668496,0.02015302086932828,0.08217918021651287,0.23784923748387565,0.15256653474282705,0.3863975689472386,0.07694270415712312,2.3477881868906443,0.8581983336437135,257.6531087268442,0.15843270868824533
115ba192-7e26-497b-85b2-adf378b33387,5d0fb996286e1700010de2c1,0.016689970304293814,0.032597042468969405,0.01431582322939138,0.010049469955343766,0.6559965055223873,0.15800384471301146,0.03345223105067784,0.07889511209406984,2.035310911747188,0.775272912514767,196.59315181926732,0.8939157566302652
115ba192-7e26-497b-85b2-adf378b33387,5f4c043843154b0efb8a1a25,0.006297084525666549,0.018568848031549744,0.006855993887344644,0.026180115434508835,0.6504023842376602,0.08647877546942487,0.0565046842500569,0.148712113811524,2.6344497352054295,0.8847301259058522,238.32221102874772,0.6369098712446352
11cb78ed-49fb-4634-8a7a-3c59109563b5,5dcfe5ec41fb3f0de0080f1a,0.07475180267845846,0.02880155308131924,0.09117695442820806,0.029628329025128144,0.3249493034515963,0.07936631430172923,0.3332610734451985,0.03806466898264118,2.618660168498203,0.7579557021236486,187.4584829385037,0.8128342245989305
11cb78ed-49fb-4634-8a7a-3c59109563b5,5f499b471c384e50e424e5a9,0.055320207136092286,0.03667090414186763,0.040027081357234554,0.036231026552148035,0.1952764613398156,0.2111086380489859,0.2785370439638147,0.14682863705284319,2.045232956579909,0.6996570680564829,144.68267173193408,0.09198813056379822
11d12d5d-4913-4134-a768-79d47cb72374,5e6cade3d92ffb26677dbd84,0.01761778344748031,0.025200975770484958,0.03434488559702971,0.017338939924697972,0.642065443931039,0.12796858571622277,0.05742223014011357,0.07804115620085592,1.499033591813256,0.7927489611792661,212.22053893966898,0.9237147595356551
11d12d5d-4913-4134-a768-79d47cb72374,5ea25b82a46065174c689daa,0.04903254995207539,0.10706455725549677,0.022042216795228057,0.0018134030295104842,0.5339281281254159,0.11567962353523135,0.16909642058084617,0.0013431020076650347,1.0399043255935427,0.7592554176994947,159.55951702005538,0.0510688836104513
128f15b9-a6e4-4575-8b96-163ff189ee8e,5c738ffc61dd7e0001a16a72,0.05094849893029861,0.039230619345485676,0.06738957542931441,0.05138296652842562,0.32537217187091133,0.25290826125596505,0.060546375146702996,0.15222153126127133,3.0001387327097104,0.8367646760295344,237.0842782935734,0.3460639127045986
128f15b9-a6e4-4575-8b96-163ff189ee8e,5f0b33e16edeb5429793f878,0.08846636894886961,0.0480129070303218,0.42013854844761134,0.009017330250731044,0.23423964103539877,0.11978319988546388,0.05950895563729649,0.02083304813596218,2.733026323491604,0.8222110402042562,242.0632202267654,0.6005199306759099
12a3510d-960d-4ce2-9933-f473f4ee6800,5ec441b77b846b31db2d328a,0.010600208879075111,0.02714380267597009,0.004744679874570928,0.025287120012148865,0.2938799318340988,0.36633521213096804,0.0981840147900872,0.17382502969851174,2.4012815113736057,0.7423999930048126,182.15484029919998,0.1935483870967742
12a3510d-960d-4ce2-9933-f473f4ee6800,5ef6d07be683903cd5ae171d,0.1997632473994381,0.011465471164672213,0.08300750083655285,0.03824996923761813,0.04954038058659317,0.33041019553050355,0.10530738118995608,0.18225585326927812,1.552313819102739,0.7173879637017159,139.14181730460248,0.6669470142977292
12b1692d-699f-430c-81bf-8f2add0796f5,5d42eb0db3dfc40018ab2c36,0.19192926095042048,0.004464129359008392,0.06178179481605462,0.08354168487127459,0.08314008589450887,0.244451248434919,0.28330859818155674,0.04738319794995536,1.5232374177083134,0.7608545220333743,151.39263206742683,0.1391492429704398
12b1692d-699f-430c-81bf-8f2add0796f5,5ef134a5b2112b1207d5c65c,0.024566125860689153,0.04964785576422656,0.010801627261388096,0.012084345758088288,0.5546528986207545,0.2740315809359968,0.03278919450194074,0.04142637195465496,2.493673268569952,0.7209891122962891,157.83375742623434,0.5404761904761904
12b99e75-a23d-42c7-bc81-24550224e5e9,5ab4149e0527ba0001c1656e,0.03237993887150988,0.010241209245234821,0.009437368163150146,0.010791454185332096,0.7879581408219755,0.09529283819378954,0.03179902058775914,0.02210003003074724,2.112694572770803,0.8248330270249697,213.12479355608897,0.8922686945500634
12b99e75-a23d-42c7-bc81-24550224e5e9,5f481e6faaf9582bdcd9697b,0.01359914058921407,0.05149815424490452,0.02017627578939816,0.012169259542335002,0.43752835077468705,0.25042104761752265,0.15015070778934905,0.06445706374941933,3.073338879720313,0.7908628925949756,241.67687159460095,0.8564356435643564
132bd17d-7109-4d08-87d3-00ae478d66b1,5ed17f22e1dc340c98fd6bc7,0.10768574551015618,0.03402077663057812,0.07593896463533163,0.06554041913097954,0.05930827043782294,0.21423813717486886,0.18760626663220856,0.2556614198002471,3.2014666551103446,0.7159543093816045,148.1920799349836,0.10063897763578275
132bd17d-7109-4d08-87d3-00ae478d66b1,5ef134a5b2112b1207d5c65c,0.02755798137754528,0.059043200370801845,0.008529162913144397,0.019826644023498704,0.4016886616748104,0.34054664503521037,0.11923012072333738,0.02357758408790514,1.2473200830877336,0.7733283133926363,130.42478138388574,0.2570194384449244
13a7bb68-28c3-41e0-83b7-ec01d0eb86ce,5d7fd2a5987f70001602d95b,0.06446920548742363,0.00804761760102648,0.020162191793534477,0.1392023768732074,0.3873230320759522,0.0959526965619641,0.0378824078618094,0.24696047148563494,1.759692357272838,0.8551410294297855,255.98286680960385,0.43983402489626555
13a7bb68-28c3-41e0-83b7-ec01d0eb86ce,5e4ce1b969ff371388c86078,0.09580037261892685,0.027252582225518098,0.007571223572749421,0.016701493238991817,0.25810230510182813,0.4733910875640721,0.07102084443927387,0.05016009150702262,2.4295206113122916,0.7666223703854003,148.36031058910623,0.13872832369942195
13e15556-fa63-4315-a6ee-7b2c13156d1a,5eaf1a2c649fd108284c2b5f,0.09110642146791888,0.025893046015026247,0.03417718323428488,0.05949785705066865,0.5210488799852879,0.11133265949498017,0.10373146464745127,0.053212486199261104,1.7132296786703767,0.8647490367307269,220.54394748549365,0.0
13e15556-fa63-4315-a6ee-7b2c13156d1a,5f55970526475e96dc125bd3,0.026506945977147603,0.028423465687965922,0.037269221865656364,0.015954053643621558,0.1966029678004519,0.3890017468767143,0.050356719700401856,0.25588487815298233,1.8071306576129453,0.7949179361236708,206.27261942995148,0.9896995708154507
13f6956b-ff2a-4ad3-aed6-8fd3cfdb2cd4,5e799a4602f92955a07c7546,0.036629544176580146,0.04664339815333923,0.2721848074670731,0.017192766218324575,0.27794892545206806,0.13871383385666297,0.17796181625575436,0.03272490873470186,2.5839777992135446,0.7620980090086054,175.53147899310997,0.9288469781397343
13f6956b-ff2a-4ad3-aed6-8fd3cfdb2cd4,5e9bc7adcf719d0d4854a34e,0.06532899731366477,0.05020469719655954,0.036638040830611784,0.027569523140041075,0.2008008085502703,0.41869758024671366,0.043817575587297396,0.15694277720703928,1.6299119892036096,0.8068182845531569,201.47747355161974,0.9695817490494296
14129310-675c-4ae1-b82d-d934b98ae14b,5dd3488e181abc35d131ef34,0.1515905653649631,0.008579702053753321,0.10545100452357516,0.1009010810667729,0.170182392434418,0.26443075649275355,0.15041841567925485,0.048446082558518136,1.867009239857088,0.7582710196242701,155.66835682187275,0.1019047619047619
14129310-675c-4ae1-b82d-d934b98ae14b,5edc54406e439f905691b623,0.05875856598687721,0.03418530496747517,0.052270391579358234,0.04586645184763767,0.22877897728998173,0.3291004277484399,0.2055178080941221,0.04552207267294249,1.9953331254082645,0.8176297802572604,242.40300205910503,0.17597765363128492
1418f25e-a014-4119-9d6c-b67cdbe90b94,5c1d8e5d0091e40001c844ed,0.009660179329757575,0.02964746422845345,0.012609245754840655,0.022645673710377564,0.5339382899164816,0.2475650678697007,0.08485315576940941,0.059080923800843024,1.3922492311208399,0.8429175678646096,245.8250077139817,0.23402868318122555
1418f25e-a014-4119-9d6c-b67cdbe90b94,5c5dba4ed86a7f000191e5d5,0.403856161030865,0.011050088117341268,0.10464694914641615,0.022479236839987152,0.07470995466268139,0.23864206282918554,0.13018553300985294,0.014430013707665104,1.277275197285843,0.6858452040678542,116.24202602341975,0.04330446369087275
141ea746-d1f1-402d-9b0a-a4cdb0b1c4f0,5e387b36caa8e1000da3f0f8,0.048729015738245784,0.01214807465418749,0.13611123133003464,0.30647504860502045,0.20413566877012398,0.0734093017766792,0.08584180889168083,0.13314985265666165,1.4389936027786374,0.8041205439710325,226.35386861808075,0.0121580547112462
141ea746-d1f1-402d-9b0a-a4cdb0b1c4f0,5eea18fc3e537f0c21f2e9df,0.028794270648943767,0.023054966589651973,0.09680911301150201,0.06772003017660756,0.24640402492075866,0.17844972994082897,0.2824202777976177,0.0763475878343641,1.478088258435198,0.8328108471915167,229.8739573886101,0.9678260869565217
142c436c-0d8f-49ee-9725-291486519f67,5eef7517c8692d20c3279493,0.10284732954304245,0.020568823307440077,0.06185286731264541,0.018327565874423208,0.4337015480366311,0.24909221572790335,0.043896143970462695,0.06971350714227645,1.9935490309467794,0.6877589212556409,130.33959871851346,0.7175208581644815
142c436c-0d8f-49ee-9725-291486519f67,5ef6bb87b83f3b000a3f04ae,0.03567672918350083,0.04585886086974468,0.019933973039170737,0.02574695066824723,0.4377229943508138,0.1688186215332761,0.16229744359903517,0.10394442720707327,2.178214183344818,0.6973804020797658,133.88396906719552,0.42068361086765993
14642cb6-c054-4403-9c04-ef62460950b5,5a2ef2d89c334d0001775a0c,0.013262276435499053,0.006692212093941682,0.005632047189833648,0.12408633509571085,0.5464779621331722,0.11347254256510524,0.07570980895634463,0.1146668165452287,2.295027568030069,0.839066273598698,248.19868620019508,0.4279749478079332
14642cb6-c054-4403-9c04-ef62460950b5,5e21d253c7fe654b45073bcf,0.07198903694291449,0.008583006433142448,0.009810064715150883,0.1883338936375426,0.31211392283279515,0.13676796567910143,0.16033256882864735,0.11206954239808921,1.6326955956024194,0.8456541808774674,222.0174100856282,0.018255578093306288
14e34c4e-4e27-42d8-928f-ad4a71f80764,5c7e91c1973c990016ea72b0,0.18892030616166988,0.023446589768525723,0.023092523992913682,0.08220638769792914,0.10851333400508094,0.3175120195520612,0.12182470361901089,0.13448413614983,1.6696874780692184,0.800238535946594,199.9200330169778,0.0
14e34c4e-4e27-42d8-928f-ad4a71f80764,5eb9af967fbf4b0d17bbe946,0.014417755256149653,0.0408093055296229,0.011566931120388514,0.030338995166449372,0.46635854443596947,0.08469320413389184,0.038999792324734404,0.31281547205692506,2.1417388513245044,0.8567149936514769,257.50776000369893,0.046228710462287104
14f2a116-4fd3-4ed8-b1c9-d0195052674b,57af9cdda169b50001a434e3,0.0638269714770068,0.012690532776143201,0.06628762429596657,0.0364346798245099,0.44623216749222233,0.09964747373937563,0.23286506101377832,0.04201548888226371,2.0834023272702282,0.8354877543962158,223.66442287696233,0.6156225831399845
14f2a116-4fd3-4ed8-b1c9-d0195052674b,5ec4413c7bd12a11f5d49e04,0.018293170061496587,0.030249707513436672,0.01680119547163689,0.030034850656598906,0.6513294453177872,0.08069513891476074,0.08546645494338793,0.08713003664710031,3.025074861878885,0.7976568250488077,202.4337550185584,0.4206827309236948
14f5fe6e-1c37-491d-87a7-4dda9d07966b,5d5162f1b50a1000169da137,0.01917715519486124,0.0752819732871555,0.01111924465423783,0.0032759150394381198,0.672582465709137,0.1294931946101828,0.05940105007994003,0.0296690001171467,1.6990130852968697,0.7952314582080048,188.75477530745272,0.5908596300326442
14f5fe6e-1c37-491d-87a7-4dda9d07966b,5f75f66541d27f011212af83,0.01995630879484025,0.09487431317981511,0.039640042408964155,0.006903925670982686,0.42819070868931774,0.2647461489754068,0.04253851018443315,0.10315004314083177,1.6580609357663998,0.838410535418402,217.69225073971714,0.05682951146560319
1507fb8f-a797-4911-a695-15e9856cb173,5eb05058661fe60d7601edde,0.10199953743010173,0.007399441851060632,0.01622230438084056,0.17737946240325772,0.045818955357500225,0.4442295557846516,0.06541436785229904,0.14153637498793054,2.9678319350138542,0.7293504259378926,137.57278345195564,0.0
1507fb8f-a797-4911-a695-15e9856cb173,5ebab15a44263b000888f35b,0.02800713228390674,0.06958143541520183,0.021897070359390945,0.007412380769181823,0.46937105636495396,0.2211642582915842,0.026857599366450085,0.15570906675514398,3.6125081500293574,0.7921596811148139,235.31598912671578,0.9750346740638003
152e9736-6632-4049-b7d6-58b721f7a146,5c4af67cdccaa800016b3192,0.013687518472949717,0.03364936512236367,0.029442483553636503,0.04336894456133881,0.5393144140258961,0.1431302945653511,0.06494665760580046,0.13246032199959484,2.93298725850656,0.7658776538929205,147.82371247730543,0.5950920245398773
152e9736-6632-4049-b7d6-58b721f7a146,5f3aead81965e27c4a531d95,0.12793838837561844,0.01985353676611002,0.01913363764360496,0.03316657868758757,0.2084407972809034,0.3118346986298371,0.17092687683539926,0.10870548507153208,1.2936574185038454,0.7868597100047141,144.85925855520634,0.5582750582750583
1550c143-9b3f-4d11-8001-0990ccd4a103,5bd8d97c26903900018579d3,0.02595233617366553,0.013189636817118914,0.01478237677190508,0.10216718142109674,0.21851579884416522,0.220671815203517,0.05791051154752364,0.3468103428741091,1.4223961655241188,0.830764712020317,213.79188008340503,0.3814102564102564
1550c143-9b3f-4d11-8001-0990ccd4a103,5ec82c3f67c66a10c498ecf6,0.08461003996531866,0.028275889658253398,0.03460054650090807,0.011115050797048139,0.32340400311569517,0.33076087263885195,0.1511414027349906,0.03609219487763076,2.766099306853651,0.776017762386741,217.0426221062165,0.25444839857651247
155203ec-a9c3-49d7-a135-b8b3676d8658,5c670a430d80fd00014264f9,0.1655178398997357,0.0094945125614207,0.08760255940511331,0.07767501329892428,0.07646444933993574,0.30863683171269213,0.10925656872849426,0.16535222548525477,1.9417322330652247,0.7828659804228104,174.25656964924923,0.6343085106382979
155203ec-a9c3-49d7-a135-b8b3676d8658,5ef54b31234db61ac1c7fdb0,0.036829804322981614,0.024469031130254726,0.0117641106794819,0.04696133693275476,0.23773874892253022,0.2859060885363113,0.29610536745905075,0.06022551240783412,2.4532963673789747,0.7313613204014144,161.1715809844923,0.6171328671328671
15e2e683-a9f6-4a51-9a03-27c138b50bdf,5d1ba5653788ac0019ced548,0.026405035636014044,0.029972736645821448,0.04389024850578486,0.08539600382900481,0.2750094611712216,0.17382712929503558,0.14063309093156295,0.22486629365334845,2.0441323540388496,0.849052944521748,227.68130519738213,0.5536568694463432
15e2e683-a9f6-4a51-9a03-27c138b50bdf,5fa46f7a614df30ea736fd1e,0.07016681724089659,0.07677306444614956,0.12699094155099752,0.020022592502829995,0.28073396259350536,0.2588443401725531,0.09344470119938751,0.0730235805634168,2.1048739840923747,0.7990788546311701,229.44701563241986,0.299860529986053
15fe8c92-30ba-47f5-a0ea-44a1cd47dba7,5f07c86524cc101f35f443e6,0.01570774528123066,0.03749325519407652,0.009418472698202748,0.02884983999520557,0.3811490694085828,0.2623411796184437,0.157907132512799,0.10713330508272338,2.4349640854926684,0.8243000242944196,248.96548357901094,0.2044522554188635
15fe8c92-30ba-47f5-a0ea-44a1cd47dba7,5f4cf071633ed2922c6e06dd,0.05440946621881444,0.01425759316042745,0.009885377903357886,0.09976957790300767,0.16825402827851954,0.42476215144604,0.10537056087805532,0.12329124481686499,1.6300711309712415,0.7281691952042091,137.04961605602955,0.9016689219666215
164bdd54-904f-4308-8d4e-90ba75777e31,5c6babadec1fb80001c18bed,0.07158490603266619,0.037685853584258716,0.11482551426530464,0.04513355799067804,0.43401464647039556,0.1476597910149729,0.05194608695221586,0.09714964373966348,1.8233216388159117,0.7222742254807661,138.44655232722775,0.17071197411003236
164bdd54-904f-4308-8d4e-90ba75777e31,5f60371e80ea02132146968e,0.0076123133519808315,0.02995712604749607,0.008203417281114561,0.001032617945325733,0.8090173288079999,0.11845128277714088,0.02037108181406727,0.005354833514169983,2.261640892122824,0.7780052683667299,207.2303449241072,0.7237715803452855
164f6283-d242-4804-96af-b01140c2a8cf,5ede3d2ef7c9f9068776c4d2,0.09085101846448637,0.02816021204982042,0.0925906579087994,0.05006829494640698,0.18492998846010963,0.17751162160126138,0.31537959891647077,0.060508607370117984,1.7531804721021578,0.7729793444831206,149.61615897641045,0.32269257460097156
164f6283-d242-4804-96af-b01140c2a8cf,5efc9e6602650605d21ca962,0.008669587120028563,0.032128615250834276,0.005300802104157751,0.01289789521657511,0.5592020811054093,0.2328836259204642,0.08510183186032835,0.06381556280180217,1.8734612699317734,0.7775338654715633,209.530266610461,0.2639344262295082
1672c478-3dd7-400f-8be4-e474b1044eb8,5d9d2e421af9ed0011c31894,0.03002190144411466,0.02725732700367257,0.0365485037312602,0.041729202491072294,0.4952100275522128,0.052200497884745845,0.29967916793624716,0.017353371353156982,2.156456153657048,0.8309777508138567,219.55550110769582,0.585496866606983
1672c478-3dd7-400f-8be4-e474b1044eb8,5edaf0abba14031b7899eb3f,0.008682448503224905,0.02299743174225046,0.013192327038534738,0.029175921511072334,0.4928874154249069,0.12232512925007533,0.1529587895549884,0.1577805366311008,1.9357121190584807,0.7824587416379739,230.43700471996203,0.28416912487708945
167471c0-9faf-4d4d-b9c3-291e859d3dcd,5e387b36caa8e1000da3f0f8,0.09121339654548474,0.021501257326689605,0.11691372338084115,0.2390249497753749,0.14455635052600577,0.1411516004046361,0.12404187367026584,0.12159684892830848,2.2275472392780524,0.8011585032127166,235.15637808796714,0.005197505197505198
167471c0-9faf-4d4d-b9c3-291e859d3dcd,5f055b6ca28292863f750383,0.012071826602983336,0.03186211936720481,0.00897798532497522,0.03151564604102738,0.46328656926586115,0.1765575699623413,0.03834722953603026,0.23738105354885936,3.148924181220926,0.7718611099806473,205.91638594874152,0.9194174757281554
1699d7c9-be90-437a-bd68-eff94e651105,5ebb26803576b50eb12d87d9,0.02149449625008139,0.012966653441650966,0.01803367504827999,0.08796327266390293,0.22236762747395852,0.21786910574536697,0.11420775721004132,0.30509741205740076,1.8259176190070772,0.8353598851147642,215.38809308097458,0.23940949935815148
1699d7c9-be90-437a-bd68-eff94e651105,5f84093b9b3e190008131671,0.0930440064536223,0.04536010040256843,0.15851801406108404,0.012540856798518732,0.2678430070987009,0.28461026727522076,0.10120170443368487,0.03688204402534947,2.4131711008599126,0.8233292174636964,215.10441760762896,0.1321257325519446
16af37de-347d-4826-8a60-691d9a0e7fea,5d49a0b751695e0001a188a8,0.030378777378808012,0.02165896976032188,0.024692875682418913,0.07858612110663847,0.23545341854004662,0.22358165621006318,0.2735401117531175,0.11210806854333233,2.075353823437892,0.8104621070505303,229.08348161490258,0.1948608137044968
16af37de-347d-4826-8a60-691d9a0e7fea,5d6807f9778de5001a120d9a,0.025404791314810375,0.00400780536715025,0.007834554972476475,0.15331948325466185,0.13537660585432829,0.3570009739980381,0.08413702574142534,0.2329187595020347,1.8935105006579656,0.7407776618675618,150.55966701102724,0.21327319587628865
16f12fd9-54ee-44f0-963c-073c4b717635,5d42486206811e001ada5b4b,0.10748592847810368,0.004981471192882113,0.006404021241489993,0.12070635748517208,0.127991804711992,0.4686353975751286,0.08045314330522545,0.08334187552110123,2.475171259993463,0.7605030409060134,156.8954442064644,0.017117117117117116
16f12fd9-54ee-44f0-963c-073c4b717635,5f23ff398626c51fdd6c3fb5,0.04582328576096302,0.00854665318848241,0.012170648942993047,0.10071904071117146,0.27525765666251895,0.34051388769315755,0.14782001689928267,0.0691488096757072,2.070353815006811,0.8077209694899241,211.67730986945972,0.003980891719745223
1715e446-f495-48c9-b25b-9dbe4c34108d,5f07070d75038e05e9fcf515,0.06099509924919815,0.05911467873325668,0.03728543216342012,0.014156051619279342,0.3285450885822666,0.2955931859632919,0.05421407086419512,0.15009639331486296,1.6871106775101068,0.7341814987144729,134.0006187765578,0.5575715282623867
1715e446-f495-48c9-b25b-9dbe4c34108d,5f14d5cdb5d4c20e78dc1672,0.015193305338705321,0.10863175467528659,0.11026717547425582,0.003358788598783049,0.5398057164347453,0.17427446931238688,0.03301621261793266,0.015452577776326408,2.4100698722924663,0.8190444306868838,235.1268347965189,0.9932065217391305
17460295-99ab-499c-9c0f-8b8524018405,5ea1fcf9dfd09210e8645727,0.041211063425605175,0.039279961959557276,0.23215187757534242,0.010503336218843093,0.22551350717815186,0.2379587566736805,0.12482603679456145,0.08855546065869342,2.9704279580576896,0.6960430828814009,150.66448558589892,0.48549323017408125
17460295-99ab-499c-9c0f-8b8524018405,5f50544b526bec1ce4a44f70,0.03303496324000703,0.007630054539662406,0.008382068383127326,0.03618629477737116,0.38658833600744114,0.18171109757318685,0.2520348408963138,0.09443234490801915,1.9838641118085754,0.7079179020793273,140.15924010282228,0.4934362934362934
178000fe-cade-4f84-94f3-5e2aca75e454,58ae59babb9e0f0001acb414,0.02609621403024517,0.06977203556753499,0.004712435599632355,0.0025895683533860552,0.5246180455029279,0.2879099617539309,0.010813179096035193,0.07348856097172589,1.8094312164043547,0.7835295951901607,149.72730288361262,0.9521028037383178
178000fe-cade-4f84-94f3-5e2aca75e454,5f0293ca91b83b4294d6685c,0.028527766399844424,0.03425901356752553,0.013996357379527084,0.03206978044878813,0.5099651452575239,0.19871010741337042,0.037454630797208725,0.14501719919440423,2.4263613063849894,0.8225744007686082,198.7984496717502,0.8157051282051282
178bf887-0aff-4253-be58-e363db00af7a,5e820a4e26ed71918013d860,0.24832571658150673,0.009572497765255015,0.1276677921566771,0.0637377350755134,0.1271807789802362,0.15814154337209543,0.24148724462830726,0.0238866911792902,2.340060618076162,0.7839530982855959,173.50888971848727,0.0693135935397039
178bf887-0aff-4253-be58-e363db00af7a,5ee53940e704230cfe9c301f,0.038640365787001564,0.04884103656100336,0.025707050318014433,0.020285947810361298,0.3712151896529003,0.22788496982098502,0.10194953267959257,0.16547590760938127,1.694085807564489,0.7801692526170122,206.4914342494399,0.9312252964426877
17ab5197-7d36-4697-a969-e6b8db3862ec,5ec8179eb5b1d20f88b26120,0.1315905527914837,0.023807707701314292,0.0346918448063549,0.038356130180987914,0.09566027828396147,0.4940804586307113,0.05094885109680274,0.13086417611224538,2.3631573933529624,0.8138379097847364,223.31526765846172,0.2824956672443674
17ab5197-7d36-4697-a969-e6b8db3862ec,5ec96c9a80f84647e8582cb9,0.12707510255308538,0.06578714211936809,0.0406511524905688,0.02027887154023731,0.15490832412526048,0.4711761873420511,0.049912061246141524,0.07021115744454487,3.3046533074787368,0.7593265962146061,185.1630953092356,0.4895146794487717
17dbcae3-0087-49c6-af7c-c92099e3377a,5ccd0f98bc4e160001c0d622,0.054195622850126086,0.021769719825190267,0.02807534657980682,0.058124415700131014,0.2649555158895245,0.354045966359554,0.08270885955536494,0.1361245526604507,2.6022218322138415,0.8723235786779647,241.33644679610322,0.6940397350993377
17dbcae3-0087-49c6-af7c-c92099e3377a,5e95eb91a72181035dd053f3,0.027586385730521537,0.05268092016693906,0.014274867107762034,0.022748563657746794,0.2947622398342778,0.2627769532119432,0.2731490844109603,0.05202098527943257,1.9893809287249187,0.7811513706907474,216.31862516009886,0.1312785388127854
17e0d586-466b-4911-903d-eae6de438b55,5a73899f9cdd1800017786f0,0.17457941085521486,0.017697148832876642,0.020395318800779966,0.1411910424913111,0.2555767644716065,0.21352794354945975,0.035386051353648626,0.14164631859353602,1.998857273166339,0.7257325993362003,138.23153439093008,0.34046890927624873
17e0d586-466b-4911-903d-eae6de438b55,5edcadb5e81cb9000c4b07e0,0.0141748587759244,0.03342830682589803,0.0019276745784214755,0.04721885193055673,0.2288400164530589,0.3231036842656325,0.2207425068514725,0.1305640999659194,2.2539421498972776,0.7406042209214914,202.8285563345564,0.33639494833524686
17f79204-f746-4b86-84da-6e1fd27bf6e8,5e01ac85617219d6da5ab31c,0.02972672803505572,0.12815731953231949,0.01222728449158487,0.006316484310567974,0.5642144870264372,0.1780702034145528,0.05225388397218924,0.029033609447208116,2.6722258386030764,0.8223861776532486,218.36488753973657,0.18890356671070013
17f79204-f746-4b86-84da-6e1fd27bf6e8,5f400d4a51a8cd1011b37455,0.05892670038588123,0.024446058372705734,0.03577327934386743,0.07710160680434876,0.18944373627605324,0.30875959339995057,0.1715085802503098,0.13404044466683646,2.705592245691635,0.6806190371560911,142.39429973052543,0.08846918489065607
1816c0b9-9abc-4330-a66d-e5c1e3c50b95,5ebbfc3729e14e0372002deb,0.07644185216435465,0.023005960489521474,0.020858044807364057,0.027728791660089378,0.24655737633074865,0.2991591243837476,0.038922357723993294,0.2673264921155703,2.53936165906881,0.7708485902401797,182.5156106282602,0.14145974416854779
1816c0b9-9abc-4330-a66d-e5c1e3c50b95,5f483a1fc209342e6f419be4,0.029712049693078318,0.09727033081843497,0.055181272413879656,0.00761198661571088,0.2804090457256568,0.3480881676348982,0.12348668072272731,0.058240466820120226,2.5505283247540196,0.7862138450668767,215.28570958412556,0.7007978723404256
188c0cbf-69bf-487a-bb75-c7b088df160b,5f62498a23e52627a1dbda93,0.006829406500221215,0.044443872434710624,0.01467950161613474,0.016726121014530814,0.6786785578655297,0.06823383486437322,0.0651340501722802,0.10527465495366158,2.3380331772149057,0.7926572711490718,212.94851750151557,0.08108108108108109
188c0cbf-69bf-487a-bb75-c7b088df160b,5f722f85f1b79f1326f59ada,0.09589963694618871,0.03192434859592364,0.0241420929405802,0.016171055848579904,0.4550451685017956,0.2503998143198902,0.09041003642361593,0.03600784601424631,2.2994015147288787,0.8209933275670195,234.70898987142212,0.7824631860776439
18984e66-990e-4e54-b3f8-921fdbc351ff,59877315f8b162000167a2c6,0.012880321165879095,0.05786000888923534,0.008305570876521609,0.015670815207356758,0.4514010081729373,0.2796836947366022,0.06690772963227844,0.1072908510670896,2.316176750174381,0.6997027502889366,144.9621066992529,0.5151943462897527
18984e66-990e-4e54-b3f8-921fdbc351ff,5e7bc9097c3dc10d282d65e2,0.14135419051376955,0.04296426717933748,0.03257606201867555,0.03476421651242992,0.18552764844764658,0.3784375773942504,0.10929268468400648,0.07508335293009313,3.073310744152444,0.6955765293738974,152.35470971209372,0.31148804934464147
18b861c1-a592-40fa-9488-03cf10d8390f,59c25b315364260001dc4b45,0.08565875360822627,0.043515884077582855,0.034587442925132966,0.09770081524291574,0.249175707277537,0.19967355995911826,0.09946671956668458,0.19022111817632503,2.52813699081459,0.8137171862826881,255.71869227261078,0.009285051067780872
18b861c1-a592-40fa-9488-03cf10d8390f,5d3758292faa0d0016797c0f,0.03479777614959587,0.012840841990151269,0.01066532623321845,0.022870928244707718,0.22682655041007294,0.5023328379278725,0.13656351056270474,0.05310223006695916,1.9956320608102713,0.6613930762393342,144.50783700240868,0.2961165048543689
18df217a-0c9d-4355-97ff-72ada9452e8f,5c4098bc2dcf46000167e4c9,0.14285696083540583,0.02623021181992493,0.03939021667096116,0.017796715482063522,0.21655853321895568,0.42109830857675384,0.11677602887713566,0.01929302456876592,2.0753962832274064,0.8464061746704088,247.16481492650345,0.017241379310344827
18df217a-0c9d-4355-97ff-72ada9452e8f,5e975ea254955d0bfe9f7929,0.09400399397572844,0.0051391385379082576,0.013519359416614224,0.12672946011037056,0.13030113597817433,0.4040328661911135,0.14770152829868397,0.0785725174422858,1.9769967694033783,0.8222792420227117,227.34094352021464,0.0
18e54549-a1e8-402a-a7ad-1a50f0c353f6,5cdcfb9de3e7c20016a4082c,0.1229886163053785,0.028561925608707947,0.09582695919512861,0.009611007124422739,0.37794230440687343,0.288442023818465,0.0638930488074808,0.012734114753999564,2.049198704198079,0.665451110240247,139.9682737670221,0.0012033694344163659
18e54549-a1e8-402a-a7ad-1a50f0c353f6,5ef3e76be991b816cd499e69,0.010453783620579747,0.01776075072488325,0.07549282455316578,0.027636891769942065,0.5773574182370073,0.14819354947346497,0.09862411885523868,0.04448066258606418,1.818313977600705,0.6805838239833947,136.10521413610527,0.33537206931702346
18efe569-a8ea-49fb-8776-aa4da710502c,5f5127e45185c93094565dcd,0.034407132405323324,0.012358512158510438,0.017737529237093853,0.059427269624575084,0.1252740458598265,0.40315166988828044,0.17092626263923064,0.17671757864799392,2.040493027492647,0.8461429410464436,215.46094399468038,0.801814375436148
18efe569-a8ea-49fb-8776-aa4da710502c,5f557591aa1c4e950ba02f01,0.04679800365130419,0.00954179556638773,0.011213805102983816,0.1974656069164726,0.22538521069955914,0.17390221347538756,0.10004423604642951,0.2356491288303341,2.2295430404180543,0.791406955285453,210.78461710206238,0.029543994861913937
19313347-d014-4c87-bc6c-9823d2a64bc5,5dd61a909ca8a35c14d8d610,0.12677971701873253,0.009881753073286498,0.010271152324608566,0.023295404481775694,0.30287420002591153,0.4395693336535437,0.03915570586948995,0.04817273271676346,2.052054264300007,0.8323315268331747,224.39997637941977,0.12209302325581395
19313347-d014-4c87-bc6c-9823d2a64bc5,5e11882114ae638303c715d9,0.06912783311937003,0.03714178354389628,0.09445228573308842,0.007093684557119606,0.35727687482752296,0.34396292237658993,0.048221583870752566,0.0427230316280926,2.9298781262832385,0.8080330262408232,215.84345069306715,0.6685606060606061
19378a93-9f81-49c0-8433-674ea8bfdda6,5e2a2246ff519c000a305892,0.023549856480084716,0.06710593186612043,0.01222258463029892,0.0164651591665388,0.31584777965149535,0.3522404719623428,0.12326377072247977,0.08930444572140213,1.8366357459143874,0.8222302616894586,219.29352515626996,0.4109195402298851
19378a93-9f81-49c0-8433-674ea8bfdda6,5ea8bd7dde405c135b36267b,0.1584812014950419,0.031243125951793335,0.09133792861532256,0.10174063234543766,0.10206042221320696,0.2799278848714296,0.0699067393741857,0.16530206548952925,3.3743122960248386,0.7978585716818211,221.30314670106557,0.0684248039914469
19c78684-fc44-482c-a0d3-d19223b4ba65,5c7f6bbdc2d6ce00015af169,0.013502892432013348,0.019694575036730267,0.02578454131093759,0.03498041377155665,0.18933712577446482,0.21870548821140698,0.46737819838442574,0.030616765947853068,3.8295117608441918,0.6878704379421657,159.06924949412596,0.008319467554076539
19c78684-fc44-482c-a0d3-d19223b4ba65,5ea8154dcfd4dd20473ed88e,0.10151330382826987,0.0282618992544476,0.07415689119762357,0.029969515818327016,0.15675972097545998,0.41749899618615016,0.1041267552732764,0.08771291812461471,1.7972549379854434,0.7437918228384943,154.0530513701054,0.104
19ebf7f7-5bbf-4a8c-a94f-1b7d2decddbf,5987c9f26ab9880001b5b04d,0.03938006554830001,0.014759932749400571,0.03199637487741509,0.06542004835014373,0.4330667165337431,0.2253904032953673,0.10066702942607972,0.089319430124082,2.584980207618548,0.7675409223834401,185.0215728428077,0.5193050193050193
19ebf7f7-5bbf-4a8c-a94f-1b7d2decddbf,5f1f2cf5a441a30fa1b79b2d,0.005611467504519851,0.020914433287912877,0.004103269084449336,0.0394929450413096,0.5390226098007562,0.09343931591912526,0.07415365566664357,0.22326230402009922,3.4349456877570597,0.6892090874246674,146.9042918178965,0.07427341227125941
19fd3ef7-6ad8-4f2f-a3aa-fd8e2a0b39cc,5da8ded81844f20015bf9a62,0.07829326542673185,0.061334730384141285,0.03148534560950544,0.02539880252914845,0.23534104488938742,0.2966403178685591,0.2193358757246898,0.05217061785987389,3.994825463277708,0.7486961511026208,201.90726035604368,0.5865704772475028
19fd3ef7-6ad8-4f2f-a3aa-fd8e2a0b39cc,5ea5ba46461d105ac7fdb4fb,0.07232540528933375,0.07626423230551618,0.029913072927671907,0.03625130349700128,0.19199402760386342,0.38716202326663735,0.067095462612916,0.1389944725737327,1.2291238258134658,0.7844223127530632,192.0488619150116,0.8028399781540142
1a19835c-4dd1-4d29-b945-e0b25285a26a,5ed1e0f7ba6548028fc64722,0.11992392406774566,0.018913089269303573,0.017119162727102333,0.034706939346232035,0.21948890739067284,0.4765824168318847,0.0663523923857961,0.04691316803842943,2.223007734526198,0.8496557491698931,226.67356796980465,0.32873806998939553
1a19835c-4dd1-4d29-b945-e0b25285a26a,5f641cfa0c8b8b19b424aa4d,0.06291668752278269,0.018212180312982766,0.04094329870840514,0.07439547324894569,0.17212271404571167,0.37461968343109486,0.17617634590318995,0.08061361689092666,1.9251619085862592,0.8313782371702073,216.28819707251895,0.11153846153846154
1a4f9ccc-8bac-4733-802d-b93c2781302d,5eb06b5c438b1810fe2e58a2,0.031625449548688345,0.0336187411444401,0.02649096434224637,0.035576703644589064,0.47106644427906985,0.21740524533754224,0.025702945659896635,0.15851350575347592,2.4507520094041046,0.7487039856162295,196.105368716686,0.9144851657940664
1a4f9ccc-8bac-4733-802d-b93c2781302d,5f4a4da1575d605c43bef871,0.06922626125057325,0.02010264132411299,0.055601891768879357,0.1806426130221922,0.17039324144083753,0.08539142280811211,0.28387469564599466,0.13476723372795296,2.4046706908801094,0.8507552481439827,187.92414639820674,0.29321663019693656
1b11ca2c-1939-4ebc-8dfe-d40c7b606da6,5687d85e369319000c269c55,0.047123262871101426,0.025765946815915108,0.016936772974776287,0.0765748399111438,0.1938260091992226,0.3119734166160755,0.2412252747480508,0.08657447609629922,3.9045722422718985,0.6896814353864261,168.1072891544919,0.833578792341679
1b11ca2c-1939-4ebc-8dfe-d40c7b606da6,5dd0103cb2204f108c201552,0.15601052662677234,0.01598133323317971,0.06029694605495037,0.06143726216386625,0.36174378755852293,0.2543076795938225,0.052697679263198106,0.03752478596611958,1.546461096877175,0.8654810981566334,229.491846970346,0.007133592736705577
1b360f15-9b2c-4ef7-a639-211b0cefb9f4,5e3dd36d19be0d040a17f13f,0.04042280197532776,0.026039409556000863,0.023670961473190776,0.07482862697327751,0.29163901510567636,0.15969628047353598,0.17655967949276904,0.20714322484495887,1.078034308200756,0.8080067704167289,130.48515716496144,0.0014781966001478197
1b360f15-9b2c-4ef7-a639-211b0cefb9f4,5e9893ed5638a10bda112333,0.036627184906869927,0.024102346603059106,0.012455975321205794,0.020993829194109824,0.31595608455704804,0.41294060145489797,0.15904619590904512,0.017877782866834512,1.6521612448627985,0.7350893761722249,138.8008695946368,0.32751091703056767
1bb8ee77-ac56-41f9-8103-a4314cc334f0,5e9732d6bafec41daaf8fc30,0.041906261030197185,0.016384012546771205,0.08921906080727925,0.05904351187407631,0.23612679444061654,0.290545566944219,0.21040773958339437,0.05636705305807474,1.901895110040447,0.6837675294782417,133.8164775347126,0.8637770897832817
1bb8ee77-ac56-41f9-8103-a4314cc334f0,5eeaddb294466620617d4869,0.02567330011404809,0.030446457628803648,0.017215678729755712,0.025610262497118206,0.6824106479793051,0.09734359725864929,0.04587501810528111,0.07542503779670177,2.2057426658114365,0.7355829969705107,137.36542960942086,0.26895734597156395
1bd0be8a-e85c-4c7e-a965-a87dd64992e7,5bdf8df9ed3acf000166aafd,0.011915614191156094,0.052832775642970835,0.024008811331074367,0.0046398353558202736,0.7121346411290751,0.10428425829728663,0.008872677936560497,0.08131138470428091,1.931659582696239,0.7318568034481359,161.92210943284718,0.9918300653594772
1bd0be8a-e85c-4c7e-a965-a87dd64992e7,5eb1080bc2728b1d513f5727,0.044809665706919466,0.10732689759152608,0.0769687382775197,0.00801287978264628,0.42187959133517305,0.1908310103848602,0.12309604494121883,0.02707517223659881,1.9980138237476937,0.7239751708987835,155.9912147298494,0.5926294820717132
1c0af8fb-1c26-443b-b732-0f6649116972,5f484cef1d9c4630fdf85265,0.007917626680739445,0.025937492485228517,0.012630125399441054,0.05847969494709134,0.5316918395963435,0.10208511027255125,0.1063428437044613,0.15491526686563606,2.8985685761171824,0.8473285991660853,228.68182795520354,0.7373371924746743
1c0af8fb-1c26-443b-b732-0f6649116972,5f4a4da1575d605c43bef871,0.0709505073156509,0.013144226299233938,0.05273070426680375,0.21713717951752676,0.16245660584249372,0.07049101075748207,0.21882389419540718,0.19426587253167413,2.4926596639552634,0.858111589984814,199.9288836305045,0.31698564593301437
1c0e34d9-5c5c-4e74-9046-216fcd5cbd6d,5eed8bec94fa2f1be77c189a,0.06509557357088684,0.048540245534491495,0.11464468961480197,0.06243060896130177,0.2781420857722746,0.2221835867155998,0.04300524867117879,0.1659579602332505,1.7667739689560873,0.8329437696787921,227.88202873411106,0.7871720116618076
1c0e34d9-5c5c-4e74-9046-216fcd5cbd6d,5f5452df72345118f58d187b,0.09971729971929429,0.012639992899096298,0.025566989588676016,0.059284793709650806,0.08201160075390568,0.44808039226629665,0.17092067434383923,0.10177825664490556,1.753950889601578,0.755470021248182,155.67570015934575,0.0764748725418791
1c76c243-3a37-4416-87d3-2e4eac7d2f3e,5c75471e5eb59f000131c7a4,0.08589987890124352,0.04851925875526737,0.033363581946556496,0.02165407384845785,0.18406872750889752,0.48484274849272846,0.08574946540191627,0.05590226457707281,2.0074920334433357,0.7958558118753308,193.95698307442072,0.535851966075559
1c76c243-3a37-4416-87d3-2e4eac7d2f3e,5ef6743fa4d98d36b3d86694,0.24042038329020696,0.030868901058589845,0.08186172337936658,0.04654436781227838,0.34787378690101517,0.12207930061827145,0.09767463243612416,0.03267690723370987,2.2405609777452224,0.7437009565938297,159.62683649854893,0.5016949152542373
1c82d05c-19ce-4d2a-83db-a54021c9196d,5f29dfe7512c2817f7957e1a,0.0069708777882212716,0.09877875921452584,0.006597867986140229,0.006005329768104968,0.6023648076883558,0.10332920604968354,0.028990692282904656,0.1469624597384893,3.184632031126908,0.715910088119081,191.0023694600775,0.7511737089201878
1c82d05c-19ce-4d2a-83db-a54021c9196d,5f72d964dd42802225ed83c6,0.04731469901939507,0.026890885502921083,0.009861505305420345,0.0125697757538225,0.301645717584304,0.4186508680621223,0.14630313296227823,0.03676341636055658,2.3810553743924414,0.7453220007716159,195.55399454093242,0.06877828054298643
1d258491-0ed5-41c8-96c3-af875ef4f1c5,5a135875074b1900012527a9,0.18744715515886914,0.009936777990434858,0.00806259963423847,0.06450909280719559,0.06040094420617499,0.49710051882221185,0.14571288374898492,0.0268300271942178,1.6521509077543048,0.8087916022039174,187.07351498999085,0.0
1d258491-0ed5-41c8-96c3-af875ef4f1c5,5e7fefe06c12706d47e35211,0.10783858495722173,0.014377527055401745,0.0185501360910881,0.043545936182548345,0.11972731418358533,0.5013686044191042,0.1390064620506892,0.055585435796911185,2.03043421661256,0.8216684571570607,235.56468039918252,0.3978638184245661
1d28deaa-e598-4cc5-9494-77c5cc82a155,58c1ce3c3783090001b49355,0.04058822351160199,0.013035579776476562,0.03806954515525622,0.05047095491081149,0.3871733108217083,0.19401025610922365,0.08794969192885453,0.1887024377166571,2.9305505806509666,0.8195137348313491,243.7188107360882,0.6276595744680851
1d28deaa-e598-4cc5-9494-77c5cc82a155,5ef54b31234db61ac1c7fdb0,0.030823468332422152,0.02825156490467784,0.011133013194213165,0.010350378795744535,0.51777693413765,0.15930764906629236,0.22614793290545637,0.01620905893528726,1.8223259183625444,0.7267766271680806,163.40380119410668,0.9275893675527039
1d8d3279-e796-4d53-ba7f-3e633e7f8452,5c738ffc61dd7e0001a16a72,0.035406463797241904,0.06918202631935699,0.11884627877333352,0.04015852311111914,0.4372720573156238,0.10828946899120015,0.08570191192410677,0.10514327016774434,3.1939870352878934,0.8046849673615245,229.75859870009546,0.3557422969187675
1d8d3279-e796-4d53-ba7f-3e633e7f8452,5ebd52d8cb09d4000c9f64af,0.0831228750046793,0.02634323572779541,0.09445353968349096,0.05536467299975853,0.20858254299606596,0.24691827916641096,0.12420561951420497,0.16100923528984792,3.1310042015422637,0.7299328363124842,158.39521386623656,0.29200463499420626
1d932c05-9340-4f74-90a5-1820ae5c1646,5e26a04f727e048d3e0b9459,0.09622658937695683,0.0055208531078673176,0.010708857990613418,0.04290419481165664,0.17204505111040366,0.5300552976235803,0.06785304075078957,0.07468611535399737,1.690889223143541,0.7030154967715385,145.8906225606145,0.042805100182149364
1d932c05-9340-4f74-90a5-1820ae5c1646,5f0ca4c7b278534b639a6891,0.008958131923441378,0.03912401434905495,0.034981290252524104,0.024026615330868528,0.609290233074811,0.07585337384585883,0.1565540696687528,0.051212272825936475,1.4769750115512796,0.8427247148062637,203.386940791899,0.775049115913556
1db0a83b-76d3-48f4-b0cd-13d559c67e61,5d4c7ac3e8ec490018b0050d,0.04508334481547398,0.023665424728416668,0.06873888318935888,0.038925218926680376,0.1885731889096844,0.04923006683595104,0.5179715854534261,0.0678122876392022,2.5552063618970378,0.8115970227050565,209.5536800694284,0.0018867924528301887
1db0a83b-76d3-48f4-b0cd-13d559c67e61,5f0e50c3a8d93519188a7525,0.013797421052280741,0.04615697904136075,0.006526017869571828,0.013272967006338182,0.3684347537392387,0.3862773205732416,0.07988735549320684,0.08564718556812745,0.9679489474529335,0.775988700344208,162.96655458353013,0.4850678733031674
1dd0b2ad-3bd9-4159-9d3e-e617850002d8,5ee2aa08fb2efb7bf0d0f60c,0.014697026084055731,0.04429275955581836,0.00946154790973189,0.012512179980983055,0.6809897732393091,0.15089148313045972,0.013774621488494346,0.07338060966946403,2.0850214454476292,0.8154525483666469,237.99686918230185,0.9731369150779896
1dd0b2ad-3bd9-4159-9d3e-e617850002d8,5eeaae03e1959f18cd331cd0,0.06808283917821505,0.009539742516539575,0.013806754351029717,0.053974147648365334,0.3274651212505185,0.3540248376939527,0.09216696716017182,0.08093959028939567,2.036335473444805,0.7453754604754429,197.60433348069375,0.14012738853503184
1de1781f-ae79-4467-9724-f0808b7f55d7,5b71f50a4d08b700018a90d8,0.03168347125512788,0.024082487808486954,0.02412548988109034,0.016845865421073768,0.11180010058364354,0.525843172197623,0.12660166788978516,0.13901774614103032,2.908169236354206,0.7034093539624086,150.5954932959527,0.1523809523809524
1de1781f-ae79-4467-9724-f0808b7f55d7,5f563397d628840162b467dc,0.36375300018330725,0.026743462438868465,0.04955795375288801,0.04716699706698837,0.09461844354179756,0.27879144234034825,0.036410450765926895,0.10295824953913138,1.8466050567439884,0.7237003647964683,154.42888758508712,0.43739279588336194
1e113df7-07f6-4d1a-b5ed-c401e230f4cb,5c284e0970d93a0001211e16,0.0812826324834331,0.011697568653302943,0.008946256839965722,0.06344161876227733,0.3230775370887765,0.27874784122154833,0.14309842069047585,0.08970812570372846,0.9820196423917009,0.6789432307128752,133.09221889775512,0.0
1e113df7-07f6-4d1a-b5ed-c401e230f4cb,5ef6bb87b83f3b000a3f04ae,0.043905189279846296,0.01043977546207957,0.009600548202573615,0.038779725728477724,0.379269086759938,0.2925120000697507,0.14635222556472652,0.07914144920593588,2.1312759836504034,0.711332937093491,132.54747214240672,0.020719738276990186
1e14a9f0-d173-4ba5-b9a4-7e0da15d704d,591bc89fb817f400015b7017,0.04762690432375471,0.009926975448666792,0.06222724662573705,0.02274796071507461,0.7011674534760642,0.11210643624263397,0.03301088737302107,0.011186136551211286,1.3607469391280445,0.7569939072490727,147.26707484890161,0.09796672828096119
1e14a9f0-d173-4ba5-b9a4-7e0da15d704d,5dae16d241fbb6001160ce72,0.06772883890292054,0.03422382247170296,0.015676885508483566,0.020937510419459005,0.3281178392959886,0.20630837765253726,0.016426828937510792,0.310579897219591,2.5782110618690806,0.8006383516920484,189.54378716715328,0.9735503560528993
1e19df3e-4637-4eeb-8719-715b1f80b36a,5ee84653635dc301d2f8d5b8,0.04355144165977428,0.0026344470987428536,0.0037644374570044875,0.22425120674471138,0.15319028706077775,0.3712079645025374,0.12108764241658186,0.08031256937778668,2.335649094700914,0.6144119157729397,151.13998609737746,0.0
1e19df3e-4637-4eeb-8719-715b1f80b36a,5f5fffc902adba0e8f3fdb75,0.030306301905856637,0.04653015329859093,0.04281810719489105,0.02241579264045516,0.5108997358416675,0.1743780487883222,0.06888538523032693,0.10376647533468841,1.5540783482780343,0.8213828233267473,225.9568941925684,0.1685878962536023
1e339eff-9480-432d-99ec-700d4329026f,5c7a4ca80b94ca00164122a1,0.11537793272848523,0.011489334372602656,0.02236084592886449,0.07250610556228142,0.3742471172167184,0.16287765100032467,0.18797108755931335,0.053169926565815415,2.281323495296025,0.7831451558013727,177.56319971514597,0.014150943396226415
1e339eff-9480-432d-99ec-700d4329026f,5ef3e76be991b816cd499e69,0.02035413852550383,0.018312337101600906,0.08960681210189239,0.03622906074147305,0.442167243258832,0.2116902846572489,0.13789241661005625,0.043747705889289376,1.976461697449079,0.6992116644291188,151.01504158695698,0.4306784660766962
1e35a2d3-ce3f-4b01-bd3d-b466ebc0a951,5d633f7d4b3d9000011fc60a,0.038594359354918756,0.017634874981039272,0.0230001037439616,0.012893949344895857,0.6738662219478205,0.16606136530459728,0.05324487546676893,0.014704249215287606,1.8273175335226146,0.734593975072591,155.60745744377772,0.2363919129082426
1e35a2d3-ce3f-4b01-bd3d-b466ebc0a951,5efbd589ceb6b9190882911d,0.0907176821244455,0.01655640435470457,0.012005642904268485,0.056868705408696214,0.34049063423676224,0.3223832777094105,0.04293741924192183,0.11804023374181481,4.522774405324816,0.7807920430776385,253.05613276750384,0.028465346534653466
1e3c22d6-422c-4921-8892-e31e09f9a2f6,5d81611eb54787000140f73a,0.01748183941823806,0.0254655343904921,0.0068218721088696855,0.021249502316988238,0.30350312824194087,0.44631902518293337,0.09293998449178167,0.08621911388399425,2.045314515151556,0.790855894844809,179.8053807940444,0.3192090395480226
1e3c22d6-422c-4921-8892-e31e09f9a2f6,5df9d7c2451be5738da84e4d,0.07899527480461344,0.07601738428031689,0.10810448603488933,0.014194180384383685,0.4254918580964435,0.16109761782805235,0.027189781094068114,0.10890941724708546,1.9939924702584697,0.7860885342585971,143.01936436896827,0.5193965517241379
1e606ba1-3721-4da1-b721-d2530c1546bd,5869dec37fbbcd00013974e2,0.018936866360706267,0.010344262048057244,0.006266111358338828,0.07602486587666395,0.07637097681572605,0.2298502399728058,0.17970261955230307,0.402504057387801,1.8779630215054923,0.8351097539693405,201.00106072519984,0.13783783783783785
1e606ba1-3721-4da1-b721-d2530c1546bd,5bd086bbc3b40e0001df9551,0.07657072951836617,0.145548193012864,0.004839215540946681,0.002056714527812733,0.43657315866037627,0.2894339671746175,0.03655180242271605,0.008426219439262767,2.986504214303005,0.6971755083196285,178.65722971876593,0.5894909688013136
1e8868f5-b771-402a-b5b2-ba76b9272f2e,558823c2fdf99b318cb4224b,0.03608872106926514,0.02306790949717774,0.007226230005386767,0.038908246522751405,0.31747166466952803,0.40118499088007387,0.11457490814776868,0.0614773279205489,2.413750860124551,0.7580355803802838,139.45253311791444,0.08362989323843416
1e8868f5-b771-402a-b5b2-ba76b9272f2e,5c43c90d5aca820001f73f6f,0.1317069802557929,0.00523001446159738,0.025901660635099622,0.12592387236391997,0.09594832402380356,0.4265308931795593,0.10705146264097685,0.08170679250175332,1.713565768072219,0.6647400043435436,146.45738937644524,0.0374384236453202
1eb0a263-5575-4bfe-a61b-c2c31e324834,5706fb93914b7100093b7925,0.018072258525283522,0.06718686869495594,0.01031968900784326,0.0020858564059350873,0.8192459044800243,0.06463580096242692,0.01158228519606792,0.006871336316138943,1.2817454604827245,0.7263102280486966,139.08459025527293,0.7291291291291291
1eb0a263-5575-4bfe-a61b-c2c31e324834,5cb929bfebd17d0017e7f848,0.12410839928867777,0.007664297543180179,0.014477203275658854,0.10164481032613919,0.13865944926731533,0.2555409500062544,0.30650517103103303,0.051399719892098114,2.1168032379285084,0.6666294407097617,126.89224116249278,0.11910286156225831
1ec76fe8-2893-4a25-878c-d37b8e949dc7,58043bb3bd8a970001fdef44,0.009677769906241576,0.021577086235656386,0.00689994015366781,0.009000066808112429,0.1957849666860275,0.49355832673196226,0.23919450751761792,0.024307341439818757,1.5041577511072064,0.6732166578219678,121.06293429215805,0.022988505747126436
1ec76fe8-2893-4a25-878c-d37b8e949dc7,5e8408d21d9287000cae48bc,0.2640006667148644,0.029627250832051956,0.10679005991740186,0.039831818312371335,0.2266423829211905,0.23735243796498445,0.024189368825833724,0.07156601485828379,1.9636017492663898,0.8208820035797093,201.55551703085482,0.5996168582375478
1ef4512c-1ae0-4edc-bf53-7b966c2c5a5c,558b7b06fdf99b21155f2c1b,0.08438190079835545,0.0422512844486706,0.04258419958752422,0.015468956742111099,0.2508893419741235,0.38150053521406857,0.12040293916859868,0.06252084308962157,1.8482524361318928,0.6408553347584898,144.26733676014211,1.0
1ef4512c-1ae0-4edc-bf53-7b966c2c5a5c,5f51530ebc50f53857d60824,0.012668294881263233,0.015894734841827247,0.004228422185394702,0.04301912033606806,0.4582018940142826,0.282862575540221,0.05073082401650229,0.13239413358152563,2.9608222383684746,0.7771100463650896,241.66365841277798,0.6604683195592287
1f27e83c-e6e2-45de-9200-fbbf0541b2c1,5ee3c8f2eca1a2085413c9d5,0.013293726467192558,0.09510723164756403,0.014024715634873855,0.01205553814553717,0.3274845034108051,0.20665565196832675,0.09114849244819134,0.2402301404544966,2.632431463807714,0.8030019791071313,233.79259889828683,0.742822966507177
1f27e83c-e6e2-45de-9200-fbbf0541b2c1,5f0293ca91b83b4294d6685c,0.013572008403269194,0.01091791834188327,0.004783214680339076,0.034586514570411966,0.5364632221418937,0.17411657163843533,0.02349328471358654,0.20206726481956577,2.951282668887626,0.8254847196334401,240.81155170868374,0.9017467248908297
1f3847bc-5d44-41b5-bd4a-72f200e5f078,587418895c17910001ea4e75,0.02063303566048656,0.008905670400790332,0.004729473233107686,0.13298371803224537,0.23317499133986658,0.21266069014927869,0.1582204181330225,0.228692001720265,2.852797456827432,0.764788945754415,206.4303199157335,0.0008375209380234506
1f3847bc-5d44-41b5-bd4a-72f200e5f078,5d3758292faa0d0016797c0f,0.01750408093083002,0.013057927227973524,0.003753939512006524,0.021083395634783748,0.2085163194844182,0.566500280258925,0.11037264489980413,0.05921141231575049,2.379817265187621,0.646018993261649,133.7436828862835,0.4245742092457421
1f44e120-3ee1-46dc-9288-0f1b1d03cdbf,5c340fd5a83d180001783c67,0.25905868229523954,0.018527061132222054,0.027139234517639717,0.02218054491355651,0.41002335452555766,0.1495252486415788,0.09917736208842161,0.014368512689702665,2.064145184649929,0.7578615686034986,157.30979704837122,0.14714714714714713
1f44e120-3ee1-46dc-9288-0f1b1d03cdbf,5edf0bcccf71bc1c0b806934,0.014738717338351961,0.024566542214502177,0.02275278416222605,0.01033259961025049,0.6853003652472351,0.1341321758856469,0.0724576630581551,0.03571915246269631,2.5895416737197934,0.8495823866149831,237.28680051291056,0.7941729323308271
1f7e582c-c6bc-46b6-b5a4-e5d78e8a46ac,5bed01c8306ec30001fb80e2,0.07624877875371265,0.008815017035693946,0.004114428188885786,0.04102619465412225,0.15930644783907008,0.49785794295170616,0.0912089459115277,0.12142224416390561,1.7979283487159432,0.7837025153855374,206.09202275911926,0.2558139534883721
1f7e582c-c6bc-46b6-b5a4-e5d78e8a46ac,5dcb55b60133ef83a90f85ac,0.05069977662881374,0.06781585284767092,0.017832691209445556,0.0038597792470370183,0.5050184407028595,0.180387019335215,0.14707046586407868,0.027315972561341963,1.9760023762753773,0.8588781182049906,262.81196680784046,0.7619047619047619
1f8de023-817f-4a7b-aefd-bcb1184a1d9a,5e5ca080bb37ff47b09dd4cc,0.0081577191061591,0.02864597807307113,0.012079495031662045,0.005728799757110536,0.7686624470009461,0.07336945310218303,0.06332162412616354,0.040034483525765045,3.2841404178288762,0.8173395445220407,224.2954519784131,0.23835832675611682
1f8de023-817f-4a7b-aefd-bcb1184a1d9a,5e67b5c4a027430517877069,0.04040338480076364,0.006371714465418539,0.011370800901121674,0.027704229080114225,0.6590065744218754,0.12676205725895454,0.02423229457812596,0.104148945458574,2.1732864931080482,0.787787405106016,158.06244227546415,0.1575037147102526
1fdf2fcf-746c-446e-a3fa-d70fbbf3e2c6,5e5ca080bb37ff47b09dd4cc,0.00830736147713972,0.01211509755299283,0.012015307595988305,0.006570970382570388,0.8373692631354454,0.040022488581520285,0.055054962832328545,0.028544547831596958,2.817068070183146,0.7977524918972242,206.61069535791924,0.8301354401805869
1fdf2fcf-746c-446e-a3fa-d70fbbf3e2c6,5f6e7ce18d7ea83c39acc2d5,0.047188185496835566,0.02352244946108949,0.055834961473788226,0.021327274795938156,0.6321042328381761,0.13741735052381626,0.06861544536520556,0.013990100540151332,2.7366175462429165,0.6782987102940629,163.04982150123453,0.25041322314049586
1fe173fa-edad-4bbc-bac9-4730d7b4d8c2,5e743a1d8c8f273b566b864f,0.05959505766167536,0.022532125057514132,0.007305844040211877,0.052418572754210635,0.5034958276660105,0.23017713958599303,0.07577085002963416,0.04870459520659154,2.522319681690413,0.6709678410990366,128.15685428980413,0.1687170474516696
1fe173fa-edad-4bbc-bac9-4730d7b4d8c2,5ea37341a5a4ea1381352857,0.09512610506506793,0.027040860324055324,0.0546759103616946,0.07069445646274007,0.2805733721934689,0.3494381125287927,0.052954132584080264,0.06949704991175752,2.8090765500442934,0.7987096997572225,231.5000569137765,0.22110552763819097
2000c98c-93c2-450e-bc2b-bf7b0ab92ceb,5bd63dfb860b840001dc249e,0.07199967789207273,0.008918208267574897,0.022431818317019434,0.22244689534833526,0.20726358488010588,0.22762638990281922,0.07310818348691285,0.16620524260551242,1.920105458276717,0.7846555014295784,191.84074529261022,0.1796669588080631
2000c98c-93c2-450e-bc2b-bf7b0ab92ceb,5e80d8569d1bdf03449b0c2e,0.02543842888166527,0.037280326966169376,0.01030739344184875,0.029928208153155153,0.40398648048712105,0.29706541982999685,0.078543530564868,0.11745021190105237,2.699197694239201,0.8099004084113651,208.08731564320433,0.6181649675625579
202d99fa-91ea-4893-a15f-365039e198b6,5c97d5bb41502a0017b3aadf,0.15808605401756473,0.10704230061397964,0.011391582050677855,0.012940602465249283,0.23393764998597097,0.4092913603746399,0.04909155182600423,0.018218899307213248,1.9522389220808727,0.6931370332046525,112.02622725458833,0.8696498054474708
202d99fa-91ea-4893-a15f-365039e198b6,5deb1865986140241391d84a,0.01417378863633124,0.025754604792323096,0.012906204873322282,0.01948420173125468,0.49303564460277,0.2622433671833756,0.135032917024757,0.037369271400917906,2.0400029776142192,0.7945600378316612,212.8356637129835,0.14184397163120568
202efa06-7621-4347-b945-d46e21fa3150,5f56e1d1b72358165158550d,0.054775399150131215,0.01649321571388604,0.014817166578292651,0.09238795551281152,0.04830740566413547,0.3884631380330264,0.22530679482419746,0.15944892472736027,3.572567689540492,0.7886658308758575,191.9279445283058,0.3217726396917148
202efa06-7621-4347-b945-d46e21fa3150,5f5eb22e58c9fb7782a6e90c,0.08319848425747967,0.06890737994935621,0.12190170582307419,0.1026105243051929,0.13125827097582815,0.095186009848076,0.2596860905121813,0.13725153445281763,2.2464895135290615,0.7769696665419373,157.55279223746385,0.6991062562065541
208392ba-e44a-4d2b-be77-1927ad69bc5e,5706fb93914b7100093b7925,0.014512248116105828,0.04669789812113756,0.0013082844238610108,0.007699753436623256,0.5692247205864812,0.24251202704134026,0.08042543072264037,0.03761963740656625,2.0120827922943296,0.6626346501492164,168.66578285367555,0.6298342541436464
208392ba-e44a-4d2b-be77-1927ad69bc5e,5dd3488e181abc35d131ef34,0.09025308610301169,0.011120948284386863,0.3095833539871837,0.055998289418267476,0.1493934711918129,0.2260078271955283,0.1319996841739439,0.025643339924931247,2.2800269648039575,0.7457973959072944,190.07902040952453,0.6043956043956044
208d0dd5-458e-4530-9a8f-ddd6b05bffca,5e8727fb90c37002d97ca052,0.06552014409495921,0.024057825453158946,0.1162458215760405,0.07505805088024615,0.4424689786728612,0.08878036484849855,0.15243907000493923,0.03542974512932081,1.407062993751006,0.8465979297191386,214.60415088809341,0.7018716577540107
208d0dd5-458e-4530-9a8f-ddd6b05bffca,5f14e0f456500058ee865863,0.062229868249856775,0.006566485262820614,0.025876064538704314,0.12742331409544091,0.09971258678414781,0.18819294352302277,0.0728650498406675,0.4171336861259796,1.5575636686632581,0.8319753897499402,213.7180219507236,0.2646017699115044
209e1eea-1c64-41bb-8707-47c4d77e7e92,5a791168f49c9a0001f31061,0.11270919909581532,0.023723041302180066,0.021889561371614685,0.0711949306438842,0.3206379777640682,0.19491389558977842,0.12758369123859611,0.12734770294223363,1.4773787498907553,0.8129118636869584,198.8437359000007,0.9628400796284008
209e1eea-1c64-41bb-8707-47c4d77e7e92,5f3e9f121e84430ec9310a7b,0.12632545410971527,0.006456044396876696,0.012758631620270529,0.08132344227730304,0.15173001063025446,0.45198712221610154,0.10189118168022607,0.0675281120440717,1.8923114470924394,0.8062340548956887,207.46524887648664,0.010685103708359522
20bc98a3-efaa-4657-8448-f731bdec47cb,5850d667b64b9e00017cb722,0.04919915802945552,0.009611922626711967,0.011480689855142083,0.13241937045384364,0.17311093665093624,0.3608669406650566,0.08671639419138334,0.1765945875696193,2.193250693202862,0.7557378081306285,163.20260931251792,0.024886877828054297
20bc98a3-efaa-4657-8448-f731bdec47cb,5f7650394e4cec0eb873e182,0.031614589723024965,0.024740998212980935,0.014665907799184768,0.027305834424108427,0.15478847053796121,0.4049998917620411,0.1851220232695347,0.15676228467556097,3.239760275680027,0.8001372008879741,235.55515017258776,0.19832402234636873
20c21d82-037a-4faf-a439-e8be15daf201,5ea91e89257581388e79adc6,0.09546426140585668,0.01630786660901631,0.01500867082934794,0.05693136689781399,0.37739660188358437,0.2784620851046651,0.05168299821944419,0.10874615015125495,2.337004904673267,0.7354499097179685,164.64170461589742,0.040092521202775636
20c21d82-037a-4faf-a439-e8be15daf201,5eda93dcca52056b992dc4e7,0.060659327385467,0.004105906676200402,0.015516602420237483,0.0618498661356681,0.0661917383737451,0.25694279189210933,0.3173991484822544,0.2173346180171232,2.8918933469893076,0.8210913247354193,240.27012752191607,0.0
20c24d28-cf75-43fc-890f-2dc6e33279d9,5e0d416d13ec504cb9c43cbf,0.05441434676585218,0.026322900372837077,0.039182546231286065,0.05828889796527813,0.22156413879973133,0.2820626976033626,0.15581493709578417,0.1623495348150576,2.273390928115259,0.7525597674981211,166.16495116267117,0.6530963302752294
20c24d28-cf75-43fc-890f-2dc6e33279d9,5e8727fb90c37002d97ca052,0.05906480912614833,0.014712071550538846,0.07629749402161336,0.056006115120605555,0.26086351001027763,0.07379909365052487,0.4440051258519833,0.01525178045765251,1.5833542772703835,0.8489212310336118,231.06816928733383,0.21536144578313254
20f92d63-d3aa-44bc-a593-2d50a720d30d,5d42486206811e001ada5b4b,0.10889528173022368,0.005223677607106195,0.0041495143082000766,0.053819391874458,0.12163494404745474,0.5846330410351571,0.0749923468920619,0.04665180308493676,3.083232027578684,0.7644274141730655,152.351330122364,0.0
20f92d63-d3aa-44bc-a593-2d50a720d30d,5dea961cf4c5e11bd9c4058c,0.05307608883548136,0.008960910482804129,0.03133295410865067,0.009355371793057801,0.007231549154932616,0.34802648308920775,0.5107314479934992,0.03128519486800712,3.2389779063150397,0.8292678577840046,244.6914856119281,0.0
2174f1c1-9ab7-454b-ba48-a1ff70784398,5eb4a3fb75168630c3e6fdb1,0.2409551207871189,0.02152150198218028,0.02779227076034194,0.0885640300259105,0.18731639923259294,0.31618972642221355,0.0828455969409269,0.03481535432770997,3.5047278854528865,0.7387103832689081,160.38993002977713,0.013611615245009074
2174f1c1-9ab7-454b-ba48-a1ff70784398,5ec18c4c2f44695b38204649,0.10885298141065056,0.030527276033075864,0.03286094531495313,0.00936767453650985,0.20978322985828904,0.5088577007081896,0.07908402201714243,0.02066616758104322,2.4362347468660257,0.7485870915335402,172.49138023610925,0.9769452449567724
218f2c21-b626-44e1-a0d7-ef9d3646a0a8,5e7cb742d29f7530898fb99d,0.21853305390101868,0.010384097211095959,0.04439133318286278,0.04971126882368128,0.4017276236702342,0.18072132714236458,0.024171418907118446,0.07035987838217916,2.1063842252084615,0.7260403395416682,143.31621835107805,0.008571428571428572
218f2c21-b626-44e1-a0d7-ef9d3646a0a8,5f9b44bb3e13ec35fc8894d0,0.029658839332988036,0.027668907568497346,0.01772498170031875,0.010758003052751644,0.17180744136428958,0.5997245202843567,0.057157252429627645,0.08550005467101206,1.3127145233062025,0.8597565451977954,210.45952683853406,0.01928374655647383
219f3a85-89a1-4611-8d80-61f63910ec13,5b66ce776f0d0400010d678d,0.023826108203311974,0.05202708170690346,0.011712056842994338,0.014311188699276447,0.5802516943650763,0.20242610706180333,0.08874975296899663,0.02669601142902076,2.2453352739921444,0.762423221146758,168.63431316356017,0.07664724338861498
219f3a85-89a1-4611-8d80-61f63910ec13,5ee9617bd87fcd309db3fb2f,0.0171650760545797,0.04576525125366705,0.024787766963432357,0.06913073354241248,0.3589875457876516,0.21713658778882844,0.07131515799204838,0.19571188098343548,2.2442797691440197,0.8038461682500312,250.53804196360053,0.8790637191157347
21b8dec1-fa9c-4603-993b-86e2130529ec,5c4534332b1bda0001f5791f,0.03389365161209541,0.015745833975126144,0.0023420020757681497,0.006797763579809196,0.16580737641839818,0.6873455280385654,0.04409757811993485,0.04397026653402247,2.2189956671277513,0.7098528069994933,127.72924324493948,0.05019607843137255
21b8dec1-fa9c-4603-993b-86e2130529ec,5ea6467fe88f00661eb5638b,0.03282937066696747,0.012822458090637099,0.04168723452218751,0.13692464555394554,0.14307397891270815,0.1550622819925021,0.11156987886848671,0.36603015114623444,2.149680258307869,0.8620845596013115,225.44620742496062,0.8327841845140033
22083989-6244-440b-af5b-93a3a10f6e04,59ad6f1e09709e00013c2ba5,0.012653568979444287,0.04139993241700773,0.007207212382586959,0.02121800908717238,0.31771365150826925,0.29088810723034775,0.10342956270519127,0.2054899557508456,2.033117540036487,0.7894836255947874,203.01351315226395,0.8830769230769231
22083989-6244-440b-af5b-93a3a10f6e04,5d37d2861566530016a061de,0.2346554854332891,0.027868088105074927,0.12465455649535565,0.025263991463971465,0.2548873907823769,0.16605978852393313,0.1574544254709945,0.009156272415582945,2.054744208914675,0.7403803181272373,142.89302446524542,0.016176470588235296
22579311-0848-472a-a1b7-9b663fbb4aab,5c6babadec1fb80001c18bed,0.06948687612654411,0.025580709401493047,0.059341751855573256,0.034307510744626624,0.3776869059486658,0.23797807906423632,0.04573806850456584,0.1498800995032615,1.5099399936894813,0.7377727621519238,144.50421201395412,0.1404140414041404
22579311-0848-472a-a1b7-9b663fbb4aab,5e2be6efe179572183644844,0.027270073478673378,0.010842360554722916,0.0027867946263055764,0.02657144635109556,0.08162154008193574,0.38463962878704644,0.44651430046772855,0.019753854033194688,2.387821247907183,0.7890860382461161,165.6798820006186,0.006718924972004479
2267d6bb-4542-4dff-872a-5593771a2d24,5e2d9faa72e2fa39058e5b4a,0.026642911134395333,0.004943475499236629,0.005381479260373679,0.05377797874057152,0.21210657131871544,0.5070527834646306,0.11020066938749666,0.07989413119834551,2.0813499506172306,0.7059821267883579,153.09356818354303,0.0029515938606847697
2267d6bb-4542-4dff-872a-5593771a2d24,5e8d3bbdcb3dc611389d1f37,,,,,,,,,1.9817476495941309,0.8534379240286576,240.07195481320005,
22938143-89e2-445c-b3cc-d3503abeda83,5b8e11444cd6dd0001bf07d9,0.10289437697322339,0.014722641205968449,0.00952348199045183,0.04212256666765018,0.44266839619022985,0.3138378329425195,0.04618477223646318,0.028045933115264706,2.854686085010784,0.823346749681013,195.7490963263804,0.5710116731517509
22938143-89e2-445c-b3cc-d3503abeda83,5f4d953dc185c2a72d7d56ab,0.02815045133139237,0.0482821459574348,0.031636959485375975,0.029541606114929234,0.4123983774875635,0.2565107743999103,0.12501754290339515,0.068462142038133,1.793692272673314,0.7299108247443714,149.43883144829528,0.5469798657718121
22a2c682-eb92-4e85-b570-7418de44ad58,5c97d5bb41502a0017b3aadf,0.11888187400107998,0.037860336559972965,0.008757073784343735,0.04691087765734053,0.40672433767170857,0.2283546533703047,0.10417170949440704,0.04833913803813579,2.6742407267783617,0.6682410203229198,125.50714820779571,0.0027447392497712718
22a2c682-eb92-4e85-b570-7418de44ad58,5dcdcf1f3d341109f64a5127,0.19485239290823206,0.0660067732519381,0.05187669096875048,0.025479609034911945,0.23395634420543898,0.27376317621041785,0.049347522014897754,0.10471749178751505,2.5957537993007795,0.6884972091639471,133.87195768497608,0.5831087151841868
230a227f-e1e3-46ef-8817-37912ba9f87a,5c75471e5eb59f000131c7a4,0.06164833719577795,0.03341213151308208,0.031756956395516255,0.047822441742568327,0.23847633841606872,0.40482662682839216,0.09640463799739656,0.08565253020539661,1.9873757334275515,0.7990421015352045,198.36807266217426,0.44155844155844154
230a227f-e1e3-46ef-8817-37912ba9f87a,5c97d5bb41502a0017b3aadf,0.0303834672116706,0.0626060229632217,0.019144431438942386,0.07046839633911609,0.25206628281013066,0.3081706497171831,0.06315984941265028,0.1940008993527522,1.995269357524091,0.6741769398245377,118.59548749495794,0.6952054794520548
231d78a6-e5bc-47da-bad1-67988b9c7dad,5d49a0b751695e0001a188a8,0.026064705918766428,0.013836596583269203,0.027344597781965334,0.10023171720381575,0.3406368473538039,0.11137597764068366,0.2043385574945869,0.17617099981262863,1.847272069991731,0.8377005177306233,251.80899282553733,0.45417095777548916
231d78a6-e5bc-47da-bad1-67988b9c7dad,5e83bb0601aa8c11929fa6d4,0.1950809962577441,0.006954304751090135,0.20459966207915278,0.10637524047995557,0.1399907469922411,0.14428898862296338,0.12937493835754757,0.07333512250592192,2.341805628132732,0.8461369191172151,240.88958553050435,0.3128531073446328
235004a8-6643-4be4-b09d-e19a6a2662f6,5dfeccdf4c81b2b61266d02e,0.030262600748259944,0.020746911053125865,0.0013287919676418206,0.027692660374951144,0.2507294627606716,0.5915005533269674,0.04592946804050733,0.031809551116372986,2.3657460574392593,0.7465438621082642,130.9541219641335,0.9327917282127031
235004a8-6643-4be4-b09d-e19a6a2662f6,5ef3aa388ec82e1307ba5b02,0.08716116979731778,0.011544077618165362,0.02462746628751521,0.027830065494543033,0.4792072798483241,0.2597681723412344,0.06860227784390255,0.041259491198382965,2.0608101558153504,0.7798155053035528,175.6137442975146,0.8053173241852487
235f7b67-2ee7-4195-add8-21b41ad61f74,5deb1865986140241391d84a,0.028215481749961396,0.01780926543261948,0.009596089684501334,0.02128495929283584,0.5545843460634082,0.19154500701273616,0.08025353979391898,0.09671131229366163,2.3762903271537286,0.8175087154826147,224.68445932322092,0.5005324813631523
235f7b67-2ee7-4195-add8-21b41ad61f74,5efe8b72abf513385a21eecc,0.025216480665188896,0.012942921512011473,0.00813754458708486,0.018645239889071165,0.26008221010778326,0.2386316094850399,0.020766882856481882,0.4155771111987418,1.214715168567517,0.7099213328819773,130.17535428663845,0.7486752460257381
236e11f2-3508-4863-85ca-34048de3ce3c,5ec735fc4131bd17f438838c,0.06958604487772416,0.01715240669979036,0.03004607595656074,0.053605337713582855,0.3188778711377069,0.20913814756982746,0.03738756542593556,0.26420655057210746,1.6790044664361974,0.8376528510352963,238.21477546548513,0.7147102526002972
236e11f2-3508-4863-85ca-34048de3ce3c,5f14c40b8a043d54837e0601,0.0690626807164048,0.008596929304023414,0.026264613275913798,0.054220880780451376,0.4528855922272212,0.281834015331938,0.057867061350574484,0.04926822681668794,1.7876357848743694,0.8295107631132487,246.0972133742152,0.36475869809203143
238cbb3c-2f67-4bea-8a33-f090596a0ec9,5dce9859c41dc20fc2407bf0,0.10874027204367233,0.008313053512140418,0.02387746553662143,0.11995982912752583,0.16619118882110562,0.16388634171962918,0.3593467843437482,0.04968506443823989,3.4365211732923777,0.702011067558531,191.78966938291558,0.12514285714285714
238cbb3c-2f67-4bea-8a33-f090596a0ec9,5e725c81966bf419961abbbc,0.03608208725234461,0.02382452454568657,0.020534396815874975,0.049420758786486,0.4310144888384763,0.1737830860736169,0.02668113919094413,0.23865951862851403,3.209099949604455,0.7890580104058352,204.4864749468006,0.9243869209809265
23a1437e-4761-42c9-8bbd-48cdf86c09ff,5d10eaf23afd390019075267,0.10796103372249939,0.026009043295633676,0.13705585220922337,0.03691559332157567,0.3454339240084211,0.2192471405903983,0.0552094898963907,0.07216792367510054,2.102761464451728,0.7731991679399969,204.20930682322933,0.5895390070921985
23a1437e-4761-42c9-8bbd-48cdf86c09ff,5d88f2f8cefb52001a83f1b2,0.08484529570871907,0.004277339594122855,0.013087184639325235,0.2922794278679842,0.22942358318266282,0.1534854552749845,0.09466713761745049,0.1279345773013835,2.295782263632747,0.7905708790078093,201.60005752796505,0.06341463414634146
23d4ec0e-9357-400e-ba97-386dcd264a9d,5e531b2205acdb33c0f5f24c,0.11809596410627925,0.025727053562925508,0.048620873511177415,0.07765374869614208,0.1685137301876052,0.30511387518214167,0.1959362091105443,0.06033854385429093,1.2929811284724635,0.783592743092952,144.0358540044324,0.06666666666666667
23d4ec0e-9357-400e-ba97-386dcd264a9d,5ee91d6e634e8e1290804250,0.01842435001280674,0.08891061351515406,0.017330836596577585,0.008989552478448256,0.5850984287639788,0.10749218379613569,0.13520564410550998,0.038548390648020035,1.864328278800786,0.7496454928604709,226.36922352306604,0.06732673267326733
24292f26-1133-4475-ac34-37230db54f33,5e975ea254955d0bfe9f7929,0.25410243448998915,0.007211054747130022,0.16790731289965663,0.05340356201374685,0.207023485884588,0.16622603711853337,0.11020209047698808,0.03392402196611529,2.2422080442328465,0.8242475959316468,223.55176911553224,0.015136226034308779
24292f26-1133-4475-ac34-37230db54f33,5f97876ff0dac31565af2afe,0.03849581419029802,0.054432539429400996,0.02883660516104445,0.009494016833990473,0.6442540827857866,0.13694625977702618,0.04969889275467981,0.037841788427451416,2.020483433046964,0.7540632061237259,178.54364009144456,0.9767621998450813
243349a8-ddca-43f5-bfa7-3ece849fc8e5,5f4c17256e656770da1ff9ee,0.032069953172664215,0.03964744892287595,0.05258137790634706,0.00468350549748054,0.5544110827864259,0.24401281314433876,0.03129182141338787,0.04130199758267846,1.5514433844524762,0.7761826945808589,184.75329660663218,0.5680793507664562
243349a8-ddca-43f5-bfa7-3ece849fc8e5,5f65597823696e0e9bd8f63a,0.019292375246521987,0.07081316415110657,0.010509194320563808,0.011556037544379933,0.3927819752332443,0.1928051618465853,0.1439523670700198,0.15828972353290188,2.038106095057436,0.8096902273493185,224.1544242812623,0.7007194244604317
24562220-f4ce-4d8a-8862-e2d33769083e,5e5d41f55b2b6e02899a1b90,0.20916716601318483,0.007861974936781785,0.019524765158287553,0.15128425231658876,0.12421510854891905,0.17828666109531988,0.06672731593412712,0.24293275648988613,0.7626808551983318,0.7598741744139424,135.63845320196427,0.08652900688298919
24562220-f4ce-4d8a-8862-e2d33769083e,5f4d3bfd17e6749c197ef1cc,0.00987087071763393,0.01386633784982545,0.02246622058247941,0.043545999252926126,0.2978059233199562,0.23596560916996648,0.18310812338501986,0.19337091608541584,2.191562018838489,0.7860402699107916,195.1497574636697,0.46458141674333026
247fa9d7-7636-4faf-8620-b0e16c305909,5c670a430d80fd00014264f9,0.06231130225735922,0.014989513362477926,0.050903041097998675,0.05672192740982608,0.10652684785616137,0.30775678186768374,0.08439533046630561,0.31639525538316027,1.8456399212557049,0.826506071652906,209.0350239601055,0.8836805555555556
247fa9d7-7636-4faf-8620-b0e16c305909,5ed442ea258f2e4098c6b153,0.02017213626891722,0.022385444988634415,0.049792705305954046,0.05436768238650499,0.32214758378472125,0.14683451338725972,0.3244967116878202,0.05980322248574648,2.5734951871248652,0.8153628985129883,249.45657239380247,0.7766069546891464
248e9787-661a-4b8a-90e9-6dab547ca69d,55a43cf3fdf99b02ff6cb0b4,0.006443157188173034,0.04488154209544736,0.010961426642481335,0.02767651988188994,0.5514648629275603,0.07212673808087905,0.04971133645641303,0.2367344177250112,1.6114316928598318,0.8271703270788471,216.98694602448745,0.9376328844790929
248e9787-661a-4b8a-90e9-6dab547ca69d,5a3dfbbcdaea400001ac1adc,0.07453255335004047,0.023902843664301388,0.049595076120042644,0.04317244680130101,0.24786643924543283,0.2282505256930224,0.18534083064335247,0.147339285039723,1.462966779011556,0.7911418914670615,230.1403318539537,0.49846782431052095
249a5491-5c41-42d4-bcb0-5f72dfd8baa2,5c33c6db5dba3c00015ec0e7,0.043704612707919234,0.03854202184948109,0.013788146891370546,0.01420907433457003,0.3273291064286799,0.38939748384355743,0.026865198824826735,0.14616435450584703,1.7105879782750208,0.8032986567606956,203.1309201968159,0.9257028112449799
249a5491-5c41-42d4-bcb0-5f72dfd8baa2,5eefcccaf9461b13feb83c5e,0.025854621892936247,0.00521056716196491,0.0036947750259603202,0.1509488218688319,0.11311877543705284,0.3179117009297375,0.047593827918147404,0.3356669097876159,0.991312279863249,0.6496811165831484,117.54113287211823,0.04321728691476591
24a54a01-bc09-4316-b630-6e5fdb23c490,5de5a2f38ae2bc5278311e35,0.14330795012152636,0.023713376266863165,0.033785045097060894,0.03474655623973529,0.052640011421938415,0.2951459143899127,0.34902531622947774,0.06763582930199935,2.41852666407722,0.7064608155627699,144.65949520712482,0.11747643219724438
24a54a01-bc09-4316-b630-6e5fdb23c490,5eb21f99b7adcd373d58a6b0,0.08248393219286108,0.02611191097609955,0.18363037582167466,0.04027701931895683,0.3882145317687642,0.08884432818367644,0.07102867474907458,0.11940922614798533,2.0686331565190277,0.7613170073069334,182.99346017821154,0.18329278183292783
24be1878-43b6-4f03-b6c1-8ddf08dcc5c1,5be31317d6e8c40001d00d23,0.03906371996575463,0.03513307597315031,0.02081892882457599,0.012647278859947745,0.3609479609773763,0.30889102393890916,0.06689163073822225,0.15560638127440565,1.3128313478794416,0.7983507686369065,165.38643543180876,0.9052271617000488
24be1878-43b6-4f03-b6c1-8ddf08dcc5c1,5f50544b526bec1ce4a44f70,0.010340442004745041,0.018903463779494444,0.010017345922069106,0.03961068765204934,0.44628472254944196,0.18410637868973118,0.2026470826097424,0.08808987624039637,1.9216461180386615,0.7401315646647753,139.57801133590536,0.2660280029476787
251d923a-e4f6-4a68-9169-2f3d1f7311a7,5d30a875ad3457001743fbc9,0.03994945122415805,0.006096561448926929,0.02167526672456815,0.191136292753494,0.1683169969989733,0.21168783578374292,0.1284190957170959,0.2327185002423104,3.352051362014189,0.7042040419847676,176.59839618480143,0.41904761904761906
251d923a-e4f6-4a68-9169-2f3d1f7311a7,5f8f590a06d17e1aafb3e50d,0.0309524362783152,0.03285133264369854,0.029983189071669705,0.08971054998939529,0.30188248100210363,0.23613012601960834,0.1456661715588175,0.1328237147187009,2.4038706441566915,0.6861795757147042,154.78717986534326,0.4706601466992665
25262e9d-0157-4bc2-a7aa-ce0f1509e075,5b997597caaef400011da16d,0.025124667715178368,0.014789887642117045,0.0419461414745696,0.10939076524210811,0.19718961301914378,0.19830608756584428,0.32573057962867796,0.08752225782009103,2.5974162097193005,0.7262570796005838,165.8314588512374,0.5107665805340224
25262e9d-0157-4bc2-a7aa-ce0f1509e075,5eb3137a95eefd0eb9985c5b,0.049010769440695885,0.030194239406953923,0.05013754972195744,0.043446337108553,0.31028064140885336,0.21445168083192984,0.1606593785234569,0.14181940421087524,1.7913769502564065,0.7223292437016571,125.9670649925396,0.5038520801232665
25273115-7813-4bfa-bd50-1e4ce0cadfe3,5f14e0f456500058ee865863,0.15085323068618983,0.015815623762252918,0.07439163898153482,0.08026939292835258,0.08763031298546942,0.39817625988559163,0.0887690056469018,0.10409453501540536,2.195315586410964,0.7987169093938001,193.5853241298505,0.8538681948424068
25273115-7813-4bfa-bd50-1e4ce0cadfe3,5f4bc3259e842579bf1a8b0a,0.07605602011180705,0.08433234132095303,0.05414749806782713,0.007379409289114441,0.26794878254744725,0.3301769556843108,0.16801014128382977,0.011948851179991435,2.1008314358680886,0.8195169820355487,215.1219176634617,0.0012135922330097086
25b3edec-ae20-480c-b1d4-7a6da0b36156,5d5f07cdca10e90016bc0103,0.028564817962349026,0.06313914335137777,0.012218053472564421,0.00971188705865337,0.38079265007104734,0.3349866328768421,0.13953553574327066,0.0310512808963518,1.2487776902443612,0.8570369944615793,143.6330693862568,0.08860759493670886
25b3edec-ae20-480c-b1d4-7a6da0b36156,5ec9d530f7f5db50c71639de,0.15985620461288008,0.003032510295227444,0.014408757235020428,0.2802360512234983,0.11271644794581089,0.17053858241830006,0.030290908173570275,0.22892053623886796,2.4507250171435735,0.6787132806620766,133.7835897433845,0.08302354399008674
25de27d1-adc5-44fe-85ce-fc53e15e1b02,5eadf3b39c169a4a5a017f76,0.13405946645430786,0.01485532655944913,0.037043227578170836,0.239644252619382,0.07697239153408664,0.17854726666202353,0.08208896497266592,0.23678910198212003,1.7052091864828962,0.731365561729778,145.4769447011418,0.45722300140252453
25de27d1-adc5-44fe-85ce-fc53e15e1b02,5eb02a40b17a8c0868685d32,0.02268869409934009,0.06983015947168046,0.01830097941679684,0.038597961576556386,0.24932108857413543,0.1857503459811817,0.12966803402415217,0.28584273660039206,1.8738052349733418,0.8575457115800157,233.94910332342388,0.1012965964343598
2608d293-6af3-4f26-959c-e0f6a2597a37,5c114210280a8200019d7b1d,0.014110044292089662,0.02646454974291286,0.017614300251513483,0.03219623604894381,0.6313695342150271,0.08669380194858672,0.11462323010405917,0.0769283038396843,1.927839173937778,0.7971241304532684,193.28686674488196,0.5416666666666666
2608d293-6af3-4f26-959c-e0f6a2597a37,5de9ca3319398a0f991c84cb,0.05116279340963251,0.007268881129494687,0.008971476542175822,0.12445640320822159,0.4085181729730855,0.07104640087765658,0.2844023488619313,0.04417352288936754,1.967707490136993,0.7392313173160385,163.4818254498697,0.3452157598499062
2609820a-8b4f-4827-b94b-df5244dbb4d8,5dd4bd7ae4f4a0499548a810,0.01177239807493814,0.04345124879447232,0.016273729159696652,0.018423394174765004,0.6485822696287719,0.08486088452211943,0.13413162349365632,0.04250445155821851,2.532198335548566,0.763776278493952,193.21013720544252,0.8664122137404581
2609820a-8b4f-4827-b94b-df5244dbb4d8,5eaa287bfb0fca19f4306de9,0.03680484569925403,0.016577510086025534,0.008130518068265131,0.1250817057468336,0.5014634235479336,0.13067829353701876,0.04839047572198474,0.1328732278781366,2.903932033787902,0.7816593915666243,230.79927851494668,0.11887382690302398
262878c2-d717-48ac-a35a-73e91bc685a6,5e820a4e26ed71918013d860,0.19226779384165174,0.008077537220215631,0.08099846836281273,0.07687498634372443,0.16305492536645058,0.2063141931254518,0.2420359004008097,0.03037619657830966,1.9717064826343493,0.7552995704068086,169.7202796493278,0.5132237312365976
262878c2-d717-48ac-a35a-73e91bc685a6,5f112c3557b476490891ec16,0.09584670294279224,0.0199238002870863,0.017784811316777355,0.011199949542979752,0.3291950145116833,0.4554015233016227,0.03619804844028561,0.03445014839822661,3.043355842921002,0.8002806734355649,229.47259839662098,0.2786259541984733
263fc615-bee8-48a5-8a1f-28bff46ec228,5c35101dbef9a20001e323f2,0.05404588651970821,0.017977271907343644,0.05752294070026996,0.07076440890043634,0.2624639722833003,0.23886808293872888,0.24180655060336392,0.05655088611798635,2.333823818790389,0.6753152409113935,159.72145395280046,0.026260504201680673
263fc615-bee8-48a5-8a1f-28bff46ec228,5deec7e78b5f8b5683c0355a,0.03597896740784244,0.025209523260098426,0.010227989886093634,0.022028256653941064,0.5435497717838714,0.2819786436856201,0.05028763652245497,0.030739210959601117,2.7237673009217374,0.8083192280424917,247.0057345014867,0.24271844660194175
2640fc6c-7c92-4ab2-be2b-8f3a2f0bda40,5d7fd2a5987f70001602d95b,0.2902118116617203,0.002301830885698975,0.04709024541079995,0.14362965058535332,0.07463931478559968,0.2121061533689499,0.11433058790862557,0.11569040542235595,1.5026414816322033,0.8158960890116189,203.68003176928266,0.0
2640fc6c-7c92-4ab2-be2b-8f3a2f0bda40,5df4ed2eae7b303760a9d47c,0.1314872734047848,0.003051660019569822,0.04814325246482233,0.33139586337685584,0.019764110622559786,0.12846784555992463,0.2395590617281987,0.0981309319506922,1.3252341146784707,0.7347071431748411,174.04462874386218,0.023923444976076555
265c2640-040f-4f32-9ac6-2fb564d28133,5c5fc0136467ac0001b80940,0.09535603176021237,0.05587200697134084,0.036479868913141276,0.03545809078357222,0.3709699275868583,0.2026934441974699,0.11658508380734502,0.08658554595672291,2.2785034690551824,0.8026035301229699,217.59665272838214,0.34207525655644244
265c2640-040f-4f32-9ac6-2fb564d28133,5d633f7d4b3d9000011fc60a,0.016346926245751493,0.0090624343344735,0.006573577896287606,0.02423198291219492,0.8248851360908687,0.06747825387260546,0.03397300346051028,0.017448687313512398,2.114677879697665,0.7527301356678413,160.87990193846093,0.5046728971962616
265c90a1-79ba-4956-888d-7f27ecb76424,5ed5e0276122c5175e4509d0,0.009380349300407846,0.03569984545280571,0.015288794604559565,0.015536483541637386,0.4990646357451783,0.21012260377090364,0.13610671262983248,0.0788005751278295,2.2654473140863347,0.7997345960479171,223.19870607420722,0.3774891774891775
265c90a1-79ba-4956-888d-7f27ecb76424,5ef4f98e50dc6b12b6476d5d,0.01498084214843313,0.025931617976574936,0.010395894151681491,0.11027471810621761,0.3725242385132232,0.10981795888092713,0.22390835107406803,0.13216637852789695,2.7415589268858325,0.8073830575967236,206.76305133627505,0.2320637732506643
2673c393-67e0-4880-b56f-d6b2696f1631,5acba4a15cd10500016280ca,0.029866446584334568,0.0092393145872761,0.028749882244512345,0.0563677576328369,0.12948616245432484,0.24919320140064563,0.3402471231356105,0.15685011221532721,2.7177251228823764,0.7194990392075113,160.5126898111693,0.0625
2673c393-67e0-4880-b56f-d6b2696f1631,5d0a731abf09e10001c3f3d8,0.021743339521213247,0.018574100230920283,0.020458866698930014,0.09359936731590424,0.2751361685191377,0.18881071754563905,0.24999261768925116,0.13168482181868799,1.9037685689122905,0.8201783728636983,233.99104031690726,0.3294460641399417
2699024b-93f4-48b8-ac08-3012274a47fa,5e6a418620befe00096983d2,0.17546702957894872,0.018383195530963386,0.05088474014710437,0.10469919196964826,0.14984559051873828,0.1709759288784044,0.26880238459778183,0.06094193804865115,1.5553819540022098,0.8391452455632851,218.79573857520475,0.7502477700693756
2699024b-93f4-48b8-ac08-3012274a47fa,5f113ec4c304894ad573296c,0.09226228277391645,0.008754694831767038,0.03175749681301944,0.29738082046507974,0.09110121503599149,0.1648801375947244,0.09702887330923568,0.21683447979404563,2.021308855818304,0.7930679843029793,207.77233089826692,0.4085480829666876
269bc7df-9b19-4879-88c7-4474dbd62f67,5b8597308f1e2600019bbf90,0.07027562297088358,0.026672318018723013,0.051151885507138777,0.017994452311323992,0.4007762049420414,0.21884560344751824,0.06361645129194138,0.15066746189666716,1.7795798690225588,0.7943647977480177,193.7542640316064,0.19064327485380117
269bc7df-9b19-4879-88c7-4474dbd62f67,5f23ff398626c51fdd6c3fb5,0.039526861270963894,0.006267630902923072,0.0132893975244274,0.19329261311610543,0.190739074100954,0.29402326367668513,0.13273590338950064,0.13012525671643776,2.0466659055642564,0.8397374047264947,228.05012674718074,0.015328467153284672
26dcc0cf-44f8-45a1-a48f-2add3083502f,5c6f1611922d7a00017cb800,0.06185139218372657,0.026010475094422156,0.1267170313222155,0.056872350207163906,0.21516621547108272,0.15762296182107463,0.23830831250479256,0.11745126018115894,1.4637347193702623,0.775876274417094,206.19529843413397,0.32532920216886135
26dcc0cf-44f8-45a1-a48f-2add3083502f,5dd84869f83c9f7f8e25ce29,0.03278496737409095,0.019094502128897805,0.03637566683900973,0.045903488576533376,0.3634613817956523,0.11412917482561673,0.2769342403060586,0.11131657841360593,2.530014307732825,0.7027537716288603,137.5026367074545,0.14556962025316456
274f653a-066f-42ee-8ea6-ac84d739cfe1,5d54d3560c5b0400174b3c81,0.06195104941477248,0.04405495289320803,0.05240861461097631,0.04335410636192334,0.4338717332618953,0.20644345514616805,0.05346692598061673,0.10444916195150553,1.4859024167640789,0.8375789871373923,221.65122942933854,0.01904761904761905
274f653a-066f-42ee-8ea6-ac84d739cfe1,5dd340e3e25acf34bf91032e,0.1185393786068557,0.009869370973020626,0.020333976977641183,0.07227394665544135,0.24902197619955674,0.3350117556018441,0.11184710060899031,0.08310249392076223,2.2967624224733023,0.7681104782239978,184.09014794022468,0.029357798165137616
278c95fb-185b-4fcd-979a-99c8b55dca30,5c114210280a8200019d7b1d,0.0298533362041036,0.011795809540067067,0.006566296259230916,0.03765215932151674,0.3210075077845739,0.3737288772352263,0.13657177680545732,0.08282423673342548,1.816162130249828,0.8070826787922553,193.3958651543578,0.240041928721174
278c95fb-185b-4fcd-979a-99c8b55dca30,5f1e9b5ffe1f70029559f24c,0.2163451249113858,0.009646535820527304,0.038487123048749676,0.09107776346723559,0.35451169446933817,0.1793223097633766,0.04770183023627228,0.06290761859357313,1.9281535869236104,0.7556315476889052,155.10294586714326,0.03957528957528957
279b4ae4-c404-4365-b9ed-976bb688c803,5ec82c3f67c66a10c498ecf6,0.09081699794269378,0.03622536840153824,0.04140784490991103,0.010312617283636015,0.3533815710073529,0.25794555671226005,0.16378583511592196,0.04612420862347442,2.490835610177346,0.7807633996664037,209.09439069779788,0.30610134436401243
279b4ae4-c404-4365-b9ed-976bb688c803,5f0cb89500197b14736aa784,0.036532201954053635,0.01517880211942102,0.0074080893929949635,0.03782745976098654,0.3814452690289991,0.3858425407997768,0.10832908843838623,0.027436548306884006,2.6016596576833253,0.6992756417690466,150.47483965040882,0.002106741573033708
289be61b-6e42-4677-874e-6e858d52b8c3,5dcf55f1cc192008cf8404b8,0.039580240251686764,0.042637888130799745,0.05388896055310262,0.054525603778889334,0.3713703461672172,0.19177612287637855,0.19165867884556562,0.05456215930137552,1.6403712450442993,0.8705480090595548,235.1627250954407,0.07370517928286853
289be61b-6e42-4677-874e-6e858d52b8c3,5ee2a7978099c00d4793c807,0.029424887799173852,0.09363253120503334,0.007203105118932958,0.004893443526385816,0.30205904450159654,0.23601968883261967,0.3166241634061658,0.010143136984734515,4.246652768712705,0.7226844645026662,173.66075527901694,0.2800875273522976
28ece3f2-877f-4f20-9488-0dea13ea9f17,5dc0ac2c441a2105cbb3bb0f,0.2696033094198672,0.006509812634503262,0.0753174257425585,0.14028546479359746,0.06133095963282299,0.15992531530471576,0.14098715475311815,0.14604055758172985,1.6780945295858274,0.7907032666261377,158.0313599663356,0.25083333333333335
28ece3f2-877f-4f20-9488-0dea13ea9f17,5ede89655600b51030337511,0.02558602910026704,0.04056515857032067,0.01816758428528671,0.02448493087879971,0.13262546299706968,0.332463631818077,0.3872238748676344,0.038883328671648835,2.7558518485450896,0.7828506823510131,235.1776796060536,0.013412816691505217
293c053e-47a3-4ab5-84ab-c167527233ce,5eeadad1a8405e1bf5c8c7d4,0.023250924997830137,0.04271121044127731,0.010575457374054187,0.031070241683554677,0.23740464127100128,0.3260553007046319,0.09443540942712496,0.23449681507145578,3.7852472193627857,0.7897630484105882,241.85173124108977,0.13382218148487626
293c053e-47a3-4ab5-84ab-c167527233ce,5f1d266c6f7d7f62a219fade,0.09738322242845028,0.044109918721466426,0.04318433801093541,0.05667410918674913,0.28829674251940496,0.27784359501180256,0.10927280403048469,0.08323526968258924,3.0092283312431154,0.7870718625080367,156.45187670409425,0.12701829924650163
29550aa0-a640-4c7f-8664-546921f2a387,5ed1e0f7ba6548028fc64722,0.0274104507499751,0.020339685523347632,0.008797330387952213,0.005938682534674644,0.5673275498653952,0.31453517687755117,0.028099237608384335,0.027551888158297972,2.1323413174685437,0.8550125989074367,230.99724776046654,0.5143570536828964
29550aa0-a640-4c7f-8664-546921f2a387,5f51265c4873f23082851a5c,0.08785061916201112,0.016455243820275463,0.055417897161015,0.04125390297965991,0.49591951488888497,0.16597923605605844,0.09057862457133514,0.04654496051624845,1.5533322635483642,0.8275686578416017,230.05129436660076,0.65748031496063
29b7edd5-d78d-4edb-bcce-4f6c9a166455,587418895c17910001ea4e75,0.020239214329666827,0.02237544172453117,0.01888494234979469,0.07000102470302925,0.3539493472997543,0.2104118320132663,0.10989042692642333,0.19424777180087052,2.6401365989824535,0.7665597176613378,215.02810315564787,0.019704433497536946
29b7edd5-d78d-4edb-bcce-4f6c9a166455,5ecb2895bc80406a12e913a7,0.021243623203904733,0.03191369199961577,0.046212613106577226,0.06642367346692837,0.36194679329410906,0.19153599421729614,0.09880360147082805,0.18192000981989398,2.0061339867616614,0.7438402603435952,142.03721415541455,0.3278260869565217
29f8f496-079b-4a71-84ff-7100bbc28824,5d1e5e30a043ee0019453932,0.08141893157241631,0.009484009252718879,0.014669256264974994,0.05316146895206302,0.16949309577209956,0.45739406527892085,0.051936681238503854,0.16244249146209627,1.8939435276043897,0.7438442969735467,148.67951458404337,0.8421052631578947
29f8f496-079b-4a71-84ff-7100bbc28824,5d37d2861566530016a061de,0.09061756100316314,0.026748969950379217,0.128018059992188,0.010865008744277725,0.39094092286581117,0.22383655783335513,0.11503181489848656,0.013941105215050681,1.3604999162290516,0.7537548360936652,148.28831927109442,0.007237635705669481
2a2cab49-1155-4379-b926-0e1b9e838687,5e685de0490eba10cf5348af,0.0171418875167398,0.0365643877369218,0.011517144772627158,0.04764457092062874,0.5381232174748726,0.12723717356415584,0.10379951206544759,0.11797210728878481,2.087979452172975,0.8382973126424945,243.10312644645217,0.030141843971631204
2a2cab49-1155-4379-b926-0e1b9e838687,5e9dc4963217ff0f489c2287,0.18072744249174172,0.008741046805483784,0.008716268585121666,0.1003852322270055,0.4284594666301548,0.15216146687998647,0.08600523644288821,0.03480384014344483,2.0763402951252763,0.8269677976157388,240.9044700249379,0.0055309734513274336
2a35b21b-8134-45fc-8194-0ca3cd292220,5ed2fa0793788128b41df2cd,0.1412674838379418,0.004620829583420456,0.023573810037637873,0.07623036500485278,0.18011128554030728,0.389967599852541,0.04589575422592889,0.13833287049243956,1.1700479605526086,0.8350788805770217,185.02836458335761,0.019867549668874173
2a35b21b-8134-45fc-8194-0ca3cd292220,5ee4a9a018f5a91af3e985cb,,,,,,,,,1.5135596512574259,0.7159255271260752,111.76357654831857,
2a4b8fbc-ece6-4a80-837f-8d2b08b2c4ce,5c75471e5eb59f000131c7a4,0.07009325965480827,0.023491880779252697,0.030627379494194213,0.06359060763403203,0.17482608312489165,0.4054552883653728,0.07537437187257107,0.156541129229789,1.684153764887696,0.826061427321767,204.1785029340932,0.3260756868843961
2a4b8fbc-ece6-4a80-837f-8d2b08b2c4ce,5e798102bb0d6153ce71c3dd,0.0026551604585208417,0.05052451324506604,0.004793673477479959,0.04387841352180015,0.39002579998527426,0.13306577235733996,0.11806551328845949,0.256991154362809,1.8807310204526184,0.8043587590438231,215.84846292996346,0.5549510337323177
2a4d7a05-b514-4927-a797-3644b4046f43,5cb8cffaf162a30001e60d45,0.050946494578468254,0.025987094276728344,0.0242952787287854,0.0239315124985737,0.5948298875956999,0.13706967769702944,0.02526470331192541,0.1176753515694895,2.2641675437451187,0.8387955792267813,216.62795392351427,0.9205440229062276
2a4d7a05-b514-4927-a797-3644b4046f43,5d30790f326b0f0017a2a828,0.13016723644726572,0.061443242901041334,0.03924230514237448,0.014422194246920147,0.3168371311088217,0.3196796669466932,0.07740371852197905,0.04080450479159552,1.7492042633398512,0.6714385902817689,124.66456345169571,0.4709897610921502
2a863b95-3e08-4f7a-8b13-4fd804164e93,5c4534332b1bda0001f5791f,,,,,,,,,2.1229372196150655,0.739973339289092,161.40509121026838,
2a863b95-3e08-4f7a-8b13-4fd804164e93,5e810f7ab7838b803809d3c5,0.2369292467369644,0.016643160044616658,0.088830850167823,0.04620313250883963,0.18381675885803506,0.1854690263135282,0.18545824357226837,0.05664958181585004,2.6849106616183938,0.753119439103587,161.96853178776672,0.05966850828729282
2aaf75c0-e7ad-4261-a377-0e1e954bd8fe,5706fb93914b7100093b7925,0.0052038454002872525,0.14471741171056599,0.0031502195558847606,0.0008467664362005539,0.7042438149624811,0.09204066867807047,0.028060521554706553,0.021736751446706205,1.8316838863629055,0.6783929506458535,163.91463690468635,0.973172987974098
2aaf75c0-e7ad-4261-a377-0e1e954bd8fe,5d625b4550d0dd0017805839,0.01616182400042019,0.008102048723606037,0.00835443081485641,0.016785184901037774,0.4840035149921284,0.3413340566032967,0.04891998474461951,0.07633895502512199,2.654866013689062,0.7953873550973589,232.76381620484426,0.2224591329068941
2aef4398-4c93-440c-86a2-561efc102293,5ede3d2ef7c9f9068776c4d2,0.10259220320829887,0.033626288609167235,0.08350291249534954,0.03032483606514792,0.19665892387866557,0.1925373010811453,0.29493253981697914,0.06582499460709242,2.3287748492989304,0.8259799513686213,174.54336091268075,0.1824561403508772
2aef4398-4c93-440c-86a2-561efc102293,5f6b9e2aab8b000def48cc53,0.03282344666371166,0.007924411862788302,0.06731084831189968,0.08854267460159035,0.2844737466392241,0.22309153261428682,0.09858990539337222,0.197243433753305,1.6616643454141786,0.8336405912152574,223.7383614090721,0.4560810810810811
2af937fb-4da0-43db-91da-ca3fd9ebedef,5ddef2e6929d5de6f1050f1c,0.11956548127541741,0.06468329783848151,0.26231803104996,0.01711275691769885,0.25202694529794795,0.11029865028923698,0.14683969684547532,0.027155141109801106,1.5096412912855934,0.729969609727096,151.64111661495394,0.414568345323741
2af937fb-4da0-43db-91da-ca3fd9ebedef,5e88e9f57a40f5577f4fe75f,0.010578260871843072,0.022520560796844325,0.009698809771032421,0.017606401968118947,0.43334349239916187,0.21141840597612566,0.15749121196935384,0.1373428556390554,1.4560839380131962,0.8233376189115723,189.48011408954127,0.4534075104311544
2b10d00a-1350-4a61-80ac-4ae203c87343,5c284e0970d93a0001211e16,0.1279364681870411,0.018670968831093954,0.08984917658514148,0.03425288514168067,0.23595522840699376,0.14559832378985638,0.2357922605628072,0.11194468690661818,1.316506017335759,0.6712416064575879,123.96799236885842,0.001095290251916758
2b10d00a-1350-4a61-80ac-4ae203c87343,5f3898caed1478189b8462a0,0.1004174752360849,0.02774796444665068,0.019761878648581803,0.027348809567404663,0.38868194960270114,0.228492374471424,0.03599513820319413,0.17155440940402653,2.1740237763586436,0.8959458649666411,264.4163509117929,0.6185286103542235
2b209eb6-0d48-4ebb-9290-5a027ffa3c72,5c270d8f2c45d400014909e8,0.031413156602470356,0.0227278594724521,0.01878335535604694,0.06756899172453237,0.4559463358486942,0.13486109805419005,0.05775122780712616,0.2109479748828685,1.901863267207454,0.840951920056123,235.45377765030855,0.10420475319926874
2b209eb6-0d48-4ebb-9290-5a027ffa3c72,5f2712b3488e134d570bc387,0.018614762072541848,0.01061062049610631,0.007367454719325337,0.17202405470380153,0.3970841859101921,0.04631210341982401,0.06936714635249538,0.2786196724674131,2.0806967996215104,0.8657952649939038,246.10474572451287,0.37362637362637363
2b52341f-05ff-4341-905a-c264b228e625,5e80d8569d1bdf03449b0c2e,0.024188372437324152,0.027305783027007185,0.005358001861966654,0.018974584368473397,0.3434359276986843,0.31569348976201833,0.1523457063797123,0.11269813368202702,3.8262419819484976,0.7957857275849055,200.85975709856675,0.22923238696109358
2b52341f-05ff-4341-905a-c264b228e625,5ed56587e879740cccc9d62a,0.015557010665685909,0.025292213259844154,0.03811257802623998,0.08934625776262962,0.40659894457805207,0.16094696478545556,0.18101573585740702,0.08313029485793214,2.7966153993126266,0.8361012704500944,231.63856901434454,0.4013322231473772
2b5a65a2-f865-4de5-875a-4515376a8a1f,57950da04a84da00014c5dbb,0.03672287341444702,0.039175246928518356,0.01845662340849029,0.015663368102536414,0.23337044923391495,0.3831990060185504,0.23610986750284274,0.037302564840358696,1.904197336082949,0.6521091216201058,134.4592944646059,0.11777032690695725
2b5a65a2-f865-4de5-875a-4515376a8a1f,5b4983840753d30001db8ab3,0.017329491698264882,0.03478282101218733,0.008345493807538408,0.018184212646929897,0.6509507394266979,0.1559115349191021,0.07371785465246958,0.04077785200868964,2.5244945137409505,0.8435528302176452,249.47366449440636,0.40682656826568264
2b5ecfe7-75e9-4744-b6bd-805b525fa5ee,5a791168f49c9a0001f31061,0.08463407562603427,0.002151631747445534,0.009099522906657727,0.054341932494510435,0.7474185027865025,0.05130254310055827,0.01601384386723063,0.03503794646452143,1.477107078931804,0.8086818774534932,199.1369560344947,0.02702702702702703
2b5ecfe7-75e9-4744-b6bd-805b525fa5ee,5f95652e3cc3b13bbb321626,0.05630337074204534,0.03196871650329807,0.023136823643206596,0.03380031969858529,0.25703754161379955,0.34087885095998083,0.20754745450012213,0.049326922001684835,1.7306594394719768,0.7683372213774622,213.87649965901238,0.29393223010244285
2b74fe16-8ecd-476b-a432-b0b11dbe98fd,5e5c5cd271e46043eab5fc56,0.10126865343819957,0.004785944844192734,0.007932828668883769,0.11040883920044667,0.18715010444799832,0.4124748109622884,0.1062059752496134,0.06977284296258021,2.817086137250715,0.7951811646888274,238.8541839394225,0.005823627287853577
2b74fe16-8ecd-476b-a432-b0b11dbe98fd,5f52c941fc18905c7e8f78fd,0.05183159502486744,0.008441946626484951,0.03642369220185988,0.08373759440331296,0.4087612447067003,0.1476179719441002,0.18228056219927793,0.08090539274611179,3.3556414527344844,0.7979613632087553,202.90557035835445,0.6553122465531225
2b7760a2-c248-4ace-8313-919719349404,5a693e48c0d8360001082fda,0.12066294098111065,0.010888443020075361,0.01991391618526822,0.06137782544982025,0.36039339567743045,0.3071193283669236,0.10123579835371463,0.01840835431202164,3.587192870937672,0.6985108794862398,150.06477126935198,0.0
2b7760a2-c248-4ace-8313-919719349404,5f1f2873b203930cdcb8fa4d,0.04729502379267228,0.04768434889281085,0.015938861001901637,0.006802678770550173,0.5734090700363477,0.2033406113537562,0.06367894374404343,0.04185046192767912,3.7034725968113746,0.6898401373051025,172.29723082308243,0.14600231749710313
2b880958-0e7f-4e9d-9017-1b022a7bc4b3,5b23d0784fb0d40001e95407,0.03753032445262205,0.01648477487598911,0.013479981387729479,0.03295541166091693,0.4087287186950841,0.30639037657106155,0.02950186174544851,0.15492855093260247,3.1811501504018795,0.7988407009504036,273.98988152846016,0.3550930305897193
2b880958-0e7f-4e9d-9017-1b022a7bc4b3,5dde8fba82f458000c8c7c75,0.058980608392370584,0.021776997965709654,0.023520054464025487,0.04815912482792212,0.49120412615475767,0.11026650811051099,0.213193358215301,0.03289922220184451,1.8194841951626808,0.7481673003766047,136.04572138625872,0.6063740564719038
2bc13e09-30ac-4bd6-941c-24036501b329,57d6dd8d6598aa000199188b,0.08156162637327052,0.009935984707444879,0.009655024918776284,0.11079939383494371,0.2778121654729516,0.28737007759752,0.1282247880774581,0.0946409387635853,2.4476442948483013,0.8115126944001853,213.71418319593266,0.028549962434259956
2bc13e09-30ac-4bd6-941c-24036501b329,5ee9201596dd421333942d06,0.031552582452164545,0.0287515097411353,0.0390552416771817,0.051102369661922394,0.5203336461931466,0.12358921884164385,0.03606598318173249,0.16954944885016088,3.058497109080153,0.8297887367765435,255.21071995350093,0.8124547429398986
2bf9891d-43a6-4f5e-b22b-4ae0bb504f22,5de855017d44177cafe19840,0.09216474486103195,0.041029305893637076,0.17710090315147695,0.057442012948920505,0.21923121189712833,0.2203214622358452,0.11225002761036679,0.08046033070693806,3.02004310450134,0.711529062605487,171.5252775665447,0.4275023386342376
2bf9891d-43a6-4f5e-b22b-4ae0bb504f22,5ede89655600b51030337511,0.026054390444070385,0.03799406244533881,0.02714246801819136,0.038140326530987236,0.14355288571594718,0.3147831167621796,0.3296381520185268,0.08269459717857512,1.727693369153787,0.7449271324608664,197.56082174097517,0.13636363636363635
2c6def47-4ba6-49ce-9bc2-97f513e7c592,5cbb2c92b413150001a88e13,0.07170203755370269,0.008351105933578074,0.009588541688457313,0.04074967616427711,0.4914272674210776,0.30657744646029633,0.05364033683007803,0.017963587163300286,2.437652580651862,0.7834683534585583,167.88708551744313,0.2485822306238185
2c6def47-4ba6-49ce-9bc2-97f513e7c592,5e598487c713f818c914883d,0.07283929595859939,0.008975350160858814,0.0037550789197650764,0.0438327948253239,0.3980300217873447,0.3861080116255094,0.04488238445592613,0.04157706444336409,1.3895774852143048,0.7482319116420344,129.3412438065353,0.5097087378640777
2c770f9c-e6e6-4ccc-8215-6cbfdcb9af46,5f50732850c7c600098593df,0.013614815314323694,0.047849499552700944,0.017150077957448787,0.018547744174811795,0.36842730571633686,0.20662137489696294,0.16260082022734865,0.16518836264990963,1.6894470805719835,0.7028082694238552,137.70058210658837,0.9801587301587301
2c770f9c-e6e6-4ccc-8215-6cbfdcb9af46,5f5ce7f940a2614f6cb6e747,0.01523227812375746,0.024497237065853893,0.00853443805043677,0.025946803946501056,0.6310478314530065,0.09210297693436148,0.04192882223410666,0.16070961191262023,1.7524005634418482,0.7774164281592376,205.19560730690836,0.6609105180533752
2c81c2ee-4b36-4de3-9463-c1fb6dd33899,5f26523b9e04df29fc462ea6,0.02345767301669597,0.009813896492381501,0.011725981915085075,0.06418793870893147,0.49736613399105883,0.1617524998315262,0.040612281750261874,0.19108359349697193,2.5925628679693764,0.8340915827098281,260.62558119625476,0.5842880523731587
2c81c2ee-4b36-4de3-9463-c1fb6dd33899,5f4d92a4584ab6064be44ce5,0.012022218735852894,0.025514645154948036,0.02422654585085296,0.012414314998919379,0.6799538492030525,0.13849921809513283,0.04076061603492024,0.06660859185524294,2.913806889775694,0.8813830874519694,281.317150726628,0.8613413715146948
2c8254a6-469a-4d7f-881f-b98fbc98c634,5f0f74f79ae45313d4652776,0.11267678098588679,0.023397103436648067,0.08179135506535741,0.18371988590716748,0.15777277248549196,0.16510253284877738,0.1923727028380058,0.08316686667203417,2.364960622454859,0.8047351575499505,227.90129878298572,0.48039825762289984
2c8254a6-469a-4d7f-881f-b98fbc98c634,5f160a9a0d20cc1450342fe1,0.02268965845298024,0.025834946590439164,0.021889343627424597,0.01355380400725882,0.548954029078363,0.2154681587898469,0.05685719345536201,0.09475286597094276,1.7507927796890765,0.85003883080365,230.1755393805774,0.6003500583430572
2c922771-18a5-474d-bf4c-4c1433048e68,5ede94e7c68c75125f23ecb6,0.13200665786191215,0.016953656476201284,0.06297684140904697,0.047436115635354895,0.26311358331742746,0.3245032981608401,0.0866756028809315,0.06633424542386951,1.5122550756916806,0.8209883215697058,226.64077584939076,0.23956723338485317
2c922771-18a5-474d-bf4c-4c1433048e68,5edf474096c5381f5b2b66ca,0.026857715954165504,0.02129398859715785,0.005625818883676084,0.029831897442708775,0.2584246342720983,0.2682559196570511,0.04544625940580042,0.3442637657850765,2.962358492266644,0.730858751985575,154.3234711906756,0.027645376549094377
2c92dd3e-6e7a-4968-871d-5674790e7a74,5d0a731abf09e10001c3f3d8,0.018777581120104674,0.02942357650405612,0.017081348975175884,0.042112768161851874,0.3287290705268707,0.23882989240726046,0.159938490447711,0.16510727139676024,1.7559864515074175,0.8410246403723337,238.0949275705317,0.29895104895104896
2c92dd3e-6e7a-4968-871d-5674790e7a74,5eeaae5f4c86581c32bf9a82,0.01658159107602329,0.044834124921705985,0.01983947616948373,0.012073838612505557,0.5531429151970577,0.22802221781060902,0.07501668860573804,0.050489146114683844,3.9320264340575597,0.7078781136801939,166.63706522363339,0.5551537070524413
2c9f9799-b379-4c6e-91dd-38a1897d4ff6,5f29dfe7512c2817f7957e1a,0.0039650131339558185,0.06807560183798676,0.004140051995631783,0.0034634613170227463,0.7208274842800803,0.0939997139616562,0.028416751012813685,0.077111922867305,2.1246901002171334,0.7425070492226149,181.3098272743352,0.9177820267686424
2c9f9799-b379-4c6e-91dd-38a1897d4ff6,5f4e8f0ac0126208c0db2f91,0.10209512772464921,0.03901490563300955,0.08737379162272313,0.030714619927400103,0.39646664710957713,0.1273820639976853,0.047311998777906906,0.16964084562684897,2.878392665509269,0.6888140384775385,151.28359297798758,0.3751023751023751
2ca8ec4a-32b5-4a96-ae8e-73b5322c993c,5977e3867412f8000194e1fe,0.01433106773741621,0.018503528986847158,0.019154797425936437,0.13114539727627403,0.1723580277102994,0.2164545539827055,0.16649328233361452,0.26155934527308594,3.2153226275594946,0.7166480615654827,150.5866489974292,0.7428810720268006
2ca8ec4a-32b5-4a96-ae8e-73b5322c993c,5ec8595410d64c343d8c7f2a,0.03162371293450999,0.053007634125937536,0.014107710193543701,0.018972190487938346,0.2999437179315942,0.3115024081658675,0.18990838146749042,0.08093424536877919,4.625280598151722,0.7593428115040898,196.7008547039853,0.2716138328530259
2cce874b-1165-4bd9-9676-831266579272,5e8727fb90c37002d97ca052,0.09481013469519887,0.02560430965552101,0.14310384079017527,0.08828349869100524,0.2859000702833618,0.09529849923932525,0.2353194533362302,0.0316801929823826,1.1983976814407102,0.8415829250024761,210.6314571418498,0.4863468634686347
2cce874b-1165-4bd9-9676-831266579272,5f0c058eda9c680009ef5de6,0.027176896075127535,0.030295948461418122,0.037986484505432225,0.008050722145089775,0.6302049843110096,0.1365737153901475,0.09148272377736623,0.03822852467831561,2.6123174048418427,0.8328470392733393,219.27691909418695,0.6690140845070423
2d20999a-e929-43c8-9b4f-f220cafc06d1,5eb2f1a1ce5ba10ab2c0a042,0.2529678732568237,0.02141436990174576,0.1562117829663942,0.03871494052290251,0.18671695369813948,0.1996287664255901,0.07338277654852152,0.07096253590982311,1.8279919835989322,0.7271266947230973,148.31083175777448,0.08370044052863436
2d20999a-e929-43c8-9b4f-f220cafc06d1,5f0963c6310eaf000b922e94,0.03316406218474745,0.1022062584055342,0.03511001250825279,0.006327647525039535,0.49001596985644263,0.1760477218031283,0.1156871932856244,0.041441133666624774,3.077770680354349,0.803071288259403,240.72915120979962,0.821917808219178
2d271d93-fc72-43ed-9e2f-18ff188d5875,5e74003a82efd537f0587777,0.03828413879830541,0.019218473767265817,0.018620408582554218,0.12401194738189085,0.3394538959916866,0.18592671546517367,0.0503788619479302,0.22410555787471448,3.0391580625299275,0.6880034579889551,171.10198056367045,0.06922435362802336
2d271d93-fc72-43ed-9e2f-18ff188d5875,5e9402c78b4a3c252eafa204,0.008854798716126181,0.008347345264034335,0.003483455484720787,0.02498770445831247,0.7874515819591774,0.06593071803981189,0.024842078670881198,0.07610231651394929,2.295390857885193,0.7299279072917494,143.2043154158369,0.560458958517211
2d3b2c02-ec0e-4be1-bd11-5cead2bdfd81,5dad225f000b3700186ed71b,0.14621274455039698,0.01730314650235792,0.07644788101359028,0.1338841120820174,0.14165910282763367,0.2753697807296309,0.1074937410627704,0.10162949073930637,1.5107044297309247,0.8176580823418933,206.23578659001907,0.2007936507936508
2d3b2c02-ec0e-4be1-bd11-5cead2bdfd81,5e7e70c583c34c53f6c643db,0.06974652565208164,0.018078449178685046,0.03394734493261277,0.07573414999373485,0.14067157175462305,0.27783932170613895,0.10893024712044207,0.2750523896815249,2.6267975619826744,0.6935237615676204,207.27318315911967,0.7803030303030303
2d7f1113-de9d-4e61-bdbe-38a9bd2a1121,5e87a7fae6b803426eebf112,0.04429259995940816,0.03876122078105161,0.054054432700977734,0.05800479875679916,0.26162390374113675,0.2801181921442573,0.08275486922884527,0.18038998355903307,1.5853848426308559,0.8126025232613507,204.82887546664355,0.9012464046021093
2d7f1113-de9d-4e61-bdbe-38a9bd2a1121,5f3fecd2bc9bac0b4ca93d30,0.019221507145674728,0.016335386574851445,0.01691442686960152,0.024227280377502,0.34738131290202057,0.22369986644022652,0.21887324219598256,0.13334697796112793,2.8034368905122418,0.8182763928931764,243.97407965545477,0.5511811023622047
2d86a7ed-c970-47ef-80b2-c87393ef4734,5be1ac50ca095c0001b9f717,0.08524184700475979,0.026384456760722975,0.009012605023272936,0.08186244574584403,0.09688259058393672,0.47514385847447577,0.06982844198467164,0.15564375486485885,1.5025471259444294,0.7859705256342525,120.74982227679733,0.0006422607578676942
2d86a7ed-c970-47ef-80b2-c87393ef4734,5f0bd06834894f4fb33be017,0.07928458253405728,0.03858050444493171,0.01842084039563584,0.052608431875650646,0.3906109071990288,0.2614227930384926,0.09009793742044797,0.06897400449900087,2.25244384812119,0.7971568331234637,202.72987249880404,0.018944519621109608
2d8791a3-3ad0-4011-bdc1-2dde05ebcba2,5ce30fb4c6aade001903ed6d,0.08070101346900198,0.045209795669792226,0.07878291062534552,0.013787673631250528,0.6514208387802082,0.08889164556204938,0.019947267294112146,0.021258855254780464,1.5787075806160404,0.6951933813218544,137.42850756614877,0.9516778523489933
2d8791a3-3ad0-4011-bdc1-2dde05ebcba2,5e975ea254955d0bfe9f7929,0.2717608190405886,0.0067327277211860674,0.08747406652475138,0.10962854253885845,0.24269989091306363,0.10691477434506148,0.15148380517649726,0.02330537491995041,2.2128259552490244,0.8244684169126782,219.04336691534505,0.10227272727272728
2d901561-fa27-4532-af85-be4a5cb511fd,5cb60f1eefd4130001bbfdb7,0.050992295195203964,0.03720354564342431,0.04590375263622746,0.006567323197378533,0.14395505690889326,0.4139981911583471,0.28388313225076445,0.0174967017179151,2.1156211347555147,0.7207276471566556,124.22764090715394,0.43526170798898073
2d901561-fa27-4532-af85-be4a5cb511fd,5db89792ad8fd5000c855134,0.007494151936300728,0.03733547628392684,0.007723535752831444,0.0024311417644577032,0.6883349231257473,0.19207065840780396,0.023158804368589213,0.041451308931845586,3.3155169582542174,0.6962373237399192,153.24062274372793,0.5748552522746071
2dabab21-c33f-44db-9a86-d348967eb4ed,582879857e8aef000152fba4,0.022374949569533602,0.020731038068487192,0.02153219977870009,0.09482952118856747,0.41288167045509516,0.16757445829076406,0.153339467937669,0.10673669447335012,3.162973007087419,0.6850289904674326,148.31515184304146,0.24689265536723165
2dabab21-c33f-44db-9a86-d348967eb4ed,5cb882d33f0af9000159e00f,0.05118265236718591,0.030164945825817215,0.017129766192827574,0.03213366515258029,0.08222158237689349,0.4313937478310084,0.3061520164587597,0.049621624006535366,2.8554853985902096,0.7996160758392156,215.61568840989108,0.29518072289156627
2dd388ce-cf4d-40c2-9e66-4a167170ed5d,5e83bb0601aa8c11929fa6d4,0.09270958537811747,0.0054565983195883705,0.22492106606845827,0.1370853847358674,0.07883408057192645,0.06070596346516286,0.32182760072615657,0.07845972103930306,2.650289770726287,0.8372468655624646,227.95989452790286,0.743811168681635
2dd388ce-cf4d-40c2-9e66-4a167170ed5d,5e8cc937ee95da07853f938c,0.007041603760653681,0.06759843517269586,0.014766150229580048,0.006016393706738509,0.6535791940781671,0.13611165483785923,0.05590222976494241,0.05898433798234053,2.9432792782622896,0.7837287296451688,233.64861671074502,0.41731409544950054
2de3ac51-19c8-422e-b960-5d09e2db0f73,5e9f6e4e66dbcb0dc2c04dcd,0.03420122464493658,0.03374651436193627,0.016648851074373867,0.030956067577723716,0.5648590024434094,0.13578338191060627,0.03614804619844885,0.14765691073303328,3.684972641859521,0.7770902050501746,182.89954011588588,0.7008264462809918
2de3ac51-19c8-422e-b960-5d09e2db0f73,5eeabb917a37001964adb396,0.05498847305164802,0.035609518246025526,0.050411948865086494,0.11755359513917686,0.2599082989189001,0.2350115031755445,0.07880173404237124,0.16771492870568808,1.6811463662356632,0.7814446506821151,200.1755009994732,0.4197952218430034
2e6ecec2-ee12-4fd2-af36-e5477d3a5081,5b8597308f1e2600019bbf90,0.051847436666934296,0.03643200504357055,0.07452848296325543,0.03424295901889015,0.347828115626778,0.08916683664154215,0.1054009906948783,0.26055317366249137,2.0526709435996757,0.7844151773671862,191.60668906621436,0.3897978825794033
2e6ecec2-ee12-4fd2-af36-e5477d3a5081,5e567cd58e4500024e8d096c,0.04108209415856598,0.016357738204304226,0.006682753890590537,0.15007030820070139,0.3420411988144471,0.11692509076915464,0.08140537967811724,0.24543543568071616,1.7476293190208363,0.8091898876755228,202.75615498701674,0.3288152610441767
2e76b663-387c-4bd0-bb19-11b9ff68d94e,571cea664ca277001153c045,0.12958547039757903,0.01944030669452345,0.1738157828168154,0.05103626360298003,0.11673583203619632,0.3393224233348844,0.0549965118760132,0.11506740939301584,1.0714475806162878,0.7480492025427722,136.4859634156707,0.47505197505197505
2e76b663-387c-4bd0-bb19-11b9ff68d94e,5a0f7d84ff266c0001d209cc,0.02470733235245842,0.009365726705609291,0.00714044669949363,0.04139879525720311,0.3659746058651092,0.41977549759898847,0.04222659024674298,0.08941100524619179,1.536701344894996,0.7429560063840582,181.5335656961674,0.22389380530973452
2e88ace6-b04e-4c21-9758-09f03b8b33b6,558a327cfdf99b2d75651681,0.25769290261536326,0.016868225893324824,0.12545254696120148,0.038512462666030284,0.21854508260517613,0.24812867526285598,0.056739346026559216,0.038060758655925724,0.9990454835195831,0.7661531029078988,127.55667950088063,0.015828677839851025
2e88ace6-b04e-4c21-9758-09f03b8b33b6,5f56b56b0fa1b412025708cf,0.050228209773030885,0.07009488060985643,0.03177002372714506,0.004637591657328111,0.4846035115705619,0.3212267693487376,0.02540789853885818,0.012031115260899224,1.488078917824103,0.76108463876291,198.11365172147254,0.02576601671309192
2ea08e99-5f68-48d4-af42-0f4d31f1e148,5996ad5c9845ef00014de423,0.025907247653125597,0.024340153025065304,0.00776894787264366,0.046465893273371785,0.5444337246554724,0.16334926675167463,0.10854522256173912,0.07918954418058137,2.0459235346749756,0.8590196137970063,226.67267839558517,0.4935400516795866
2ea08e99-5f68-48d4-af42-0f4d31f1e148,5eba7dd788044a040e7d8d60,0.025172288281542013,0.006888231171020474,0.012503624292424641,0.02364429173920775,0.14553732431411473,0.31068578669798236,0.21941471350444805,0.2561537404823006,4.013819636745027,0.7588233326699638,210.45443394079206,0.1128808864265928
2eb1256f-ddc8-4295-bde5-c77d36f82b6b,5d49a0b751695e0001a188a8,0.034018794283666255,0.012252062579359922,0.03653882749749653,0.1385033198689357,0.2769884241840753,0.1298159409898263,0.2553075931030904,0.11657503731774184,1.8864155733444765,0.8443555695652522,247.6662555889084,0.12557077625570776
2eb1256f-ddc8-4295-bde5-c77d36f82b6b,5f657048f1af6f0fac94a852,0.1372038412053706,0.07011441280176423,0.04861201165284021,0.02062758036697811,0.2795702557522245,0.2977520264280395,0.06876696508441811,0.07735290728775013,1.9631014197159362,0.8190098372011609,223.80253624986173,0.41373390557939915
2ec76af8-c231-488a-95bf-4269bef6996b,5a127fc7c259f30001766641,0.44860279378897133,0.007735061638253627,0.02710925622205038,0.16604282074630033,0.018181131240370945,0.15928371157925852,0.048059416870272514,0.12498580684468633,0.9597840462728678,0.6655818253767046,123.71105121435961,0.0
2ec76af8-c231-488a-95bf-4269bef6996b,5aa61dd36475f90001a05dcf,0.20701749499844843,0.017570067228771555,0.03952395478228431,0.11167850009588264,0.39317483789875535,0.13094598239717473,0.08207365534302997,0.01801550742526908,1.966222260975577,0.7819454380687689,170.4097384679572,0.0850253807106599
2ef0bddb-04a7-4d0e-8aba-fa7c313e5295,57af9cdda169b50001a434e3,0.040777089127441185,0.011287015749434984,0.037430132397657995,0.03198585457385469,0.4721025495488749,0.08604882124576414,0.27970705926332917,0.04066147963920083,2.0072409228762513,0.8355467052030662,216.5473535802993,0.2822655524605385
2ef0bddb-04a7-4d0e-8aba-fa7c313e5295,5ea714d0ba872d0cc55cdd79,0.009881768450653146,0.011098214035188311,0.005059433558251703,0.005018294562096507,0.5591343842634093,0.10384235489191956,0.295773358984458,0.010192191721158653,3.3147233825562195,0.7184755210101448,247.75926697482828,0.5325379609544468
2f0ee486-0eb9-4ae0-a940-f0cc95e749f2,587418895c17910001ea4e75,0.02348670351135158,0.06587124052417817,0.07362425708434064,0.04090737246035997,0.38349585216532167,0.17406531852892293,0.1796039939320597,0.058945261866458584,2.34246859129008,0.7844079125759049,214.6294519887354,0.06517690875232775
2f0ee486-0eb9-4ae0-a940-f0cc95e749f2,5dd4767b32288646716dc98a,0.18942265699309813,0.015951136880341513,0.15531480259282587,0.025500289848712523,0.20312944976723046,0.25688475770196606,0.07618397188512183,0.07761293516336415,2.0100430907660254,0.7716822401978206,198.8945191267037,0.1730319563522993
2f39332c-6b63-49a7-9dc3-491c3cdc5aa2,5c8be0dd542fbd0016924f5f,0.0546159072908806,0.03321827817842983,0.09406906008650175,0.02641320360108254,0.5332871945528992,0.14731537457547292,0.04628078639671347,0.06480019501158471,1.8125322531041639,0.7590981072808356,145.84766038420756,0.11488970588235294
2f39332c-6b63-49a7-9dc3-491c3cdc5aa2,5d8d29488bb7fa001a59cfec,0.16611209743035377,0.017657688712839327,0.15878216193371678,0.03603643178659906,0.24231322036242284,0.21827685130424557,0.10500061580710193,0.05582093263338995,1.6070566170029934,0.815917037367288,199.51153717918498,0.6375321336760925
2f65f772-5329-4e5a-a7a2-3df21fb73933,5f29dfe7512c2817f7957e1a,0.009526367867017145,0.0426437533728684,0.006261519862564625,0.03066377803797665,0.4983227244351241,0.10945149547610436,0.09746565171139537,0.20566470911542045,1.9252723934722142,0.7482714983889852,178.61263203024106,0.7098166127292341
2f65f772-5329-4e5a-a7a2-3df21fb73933,5f6be2474140c215c8ebbe52,0.056886147926726395,0.05072084264099339,0.048258957337007184,0.028711399736107618,0.40783167790128716,0.20324440420512604,0.06872255375080698,0.13562401655847814,1.9255011345662207,0.7787446269348663,201.16082600630662,0.9385214007782101
2f72249c-39e1-4aab-a942-200e3ae2424c,5e7fbf90e06daa01664bc717,0.061208993728305204,0.11326341780772457,0.03556952867291007,0.005435367901383804,0.3023645589721801,0.33879438767852404,0.10010850643540382,0.043255238023033694,1.7771040635270274,0.8482038322227936,246.6090075454771,0.7567340067340067
2f72249c-39e1-4aab-a942-200e3ae2424c,5ed98dc98d52355330659711,0.029821827235162933,0.035955414005595016,0.042781637921675476,0.0557217243083388,0.25508350742741764,0.16389571190358052,0.3031841633345888,0.11355601369324612,1.9955441030077468,0.820733636017723,215.09729867360812,0.5085066162570888
2f749ec2-aa7b-4a41-8aa1-5bd7a387b90a,5b0319e68d753d0001cc75c7,0.02426380822430142,0.0116438343966776,0.020824802089595137,0.1287238877855497,0.3976115898753737,0.14779441188241418,0.14044989171881433,0.1286877754339553,2.631454668491534,0.8395231869893615,234.09465385012234,0.41818181818181815
2f749ec2-aa7b-4a41-8aa1-5bd7a387b90a,5b315e97f23189000161a03d,0.0646362541437817,0.004629375210370722,0.011617807089515469,0.33246889567961785,0.08976930530170756,0.22980662322985104,0.12003109650214383,0.14704064345192633,1.6419670393035568,0.8336875467156023,234.55643714325723,0.5124463519313305
2f9de920-25a3-4bb4-b7a8-eb83e5d0cfe2,5dd28beafce6062a4f5221b3,0.09147297753527389,0.058778234181425845,0.04302614380329173,0.028085569757659815,0.17227624664410462,0.4155677167922919,0.13244843247259572,0.058344679282337365,3.2603761311240222,0.759813901362002,241.46433531107485,0.06783625730994151
2f9de920-25a3-4bb4-b7a8-eb83e5d0cfe2,5f9b44bb3e13ec35fc8894d0,0.03142741121285967,0.024676285892718135,0.02964053467003336,0.014701605769001177,0.1310764901898478,0.587128637948016,0.061271639773932886,0.12007739498512532,1.369033966603281,0.8566493556405075,210.87604212520847,0.05707762557077625
2fae6aa6-182c-4caf-84d3-09bd505cb5e1,5e2bf2153a9311222d4892c6,,,,,,,,,2.209847865037729,0.7331569191420025,131.79418353402693,
2fae6aa6-182c-4caf-84d3-09bd505cb5e1,5f517ddee960a93daa69b8bb,0.05356583396041835,0.02110713642486905,0.013485084059482033,0.019678228738184228,0.3028601903495451,0.2865614412340669,0.2630259758028146,0.03971610948247032,2.2764077889205576,0.6900011005094798,148.9903246468611,0.11806797853309481
2faec4dd-2885-46f3-9796-d4b152a75f9b,5edf0bcccf71bc1c0b806934,0.01608091593514752,0.02462910379826142,0.022987103672634297,0.023881553921230772,0.6010860651276576,0.13203076443040226,0.11969144395994473,0.05961304897813977,2.330539033442473,0.8454640997608195,255.5038739455155,0.786896551724138
2faec4dd-2885-46f3-9796-d4b152a75f9b,5f616e6d5399870fad4c4d17,0.03290170450952238,0.03252724699130327,0.04682463212273137,0.11924204141648806,0.16048340415400553,0.19842358295527227,0.19075531148231967,0.21884207534258523,2.0415517849457916,0.6811979979875634,138.7095014289202,0.34129478315524825
2fb5e5af-52fe-4469-b77a-0b4467ca0bf1,5d54d3560c5b0400174b3c81,0.0635484696327395,0.016902551372521408,0.03336085973113988,0.052991512040370774,0.3822436623308422,0.2835794665760226,0.1050035575444427,0.062369921989326775,1.545779462505493,0.8084440441448558,209.17315251141426,0.3386103781882146
2fb5e5af-52fe-4469-b77a-0b4467ca0bf1,5e2be6efe179572183644844,0.02220917029095749,0.007531213487407943,0.003881442165760401,0.0633725251089355,0.06565658423298157,0.42007548933620553,0.37529363238790187,0.04197994422048446,2.711656837020872,0.7845007657808043,172.92221704291617,0.0
2fb914a4-32a5-4321-9aa7-830e476c466a,5e9dc4963217ff0f489c2287,0.10630659914468252,0.009570206508577152,0.007484398876396529,0.0835126113061012,0.38426611070132055,0.23164367095992788,0.11628762448348494,0.06092877910606946,1.9532621472754714,0.8143286333799293,221.57452114777107,0.023655913978494623
2fb914a4-32a5-4321-9aa7-830e476c466a,5eaa26c17c3cbc1ae4881baa,0.05655925759070857,0.037810062309819675,0.006725909823796916,0.018886422281627485,0.3531681337710453,0.363295533447944,0.09637326292442522,0.06718141928196195,1.617671837819447,0.7941675387037708,164.09498768908347,0.012037833190025795
2fbdb5cb-d160-4a13-927e-82b93c4adea7,58f0fca0d40252000192f201,0.04129417714345999,0.010895693973644231,0.010287877165298451,0.03672826605901134,0.3927114279455944,0.3896435634404933,0.08193563474894858,0.03650336239364353,4.043250562183191,0.7418000632880656,162.44215869310386,0.021505376344086023
2fbdb5cb-d160-4a13-927e-82b93c4adea7,5a79f14a8fe2dc00010593eb,0.043467060338272,0.10774992748000542,0.031062804911387583,0.015381568265686735,0.4511607965830935,0.18975231852816882,0.021760745323798302,0.13966477812420114,3.578853271194317,0.7460805021759996,203.93318248085865,0.9573679332715477
30394916-22b4-46ba-b8b4-61ad3662e837,5efd4df059990518c92eca95,0.06510358231118787,0.005098350275630886,0.015307550719471548,0.13066713162460902,0.06849190948739463,0.44050365142833986,0.13276578740554204,0.1420620373221481,1.9721196669166734,0.6856584284795395,141.31348570178983,0.09523809523809523
30394916-22b4-46ba-b8b4-61ad3662e837,5f053720c017078437e04818,0.06293214812411334,0.01980425335822177,0.08102790156421151,0.04083632932203658,0.41918809000552254,0.21777481891941494,0.1044166284783413,0.05401983181085215,2.4434286568682007,0.7256546954703053,141.17233409618743,0.013414634146341463
30398fc0-0fea-4f6d-b9b5-9f8608725e3a,5d79375d794d900017671c07,0.12265715884561336,0.010877287425156267,0.03378417798860575,0.028894035533049596,0.5706358723225927,0.14416831296808574,0.06094044297225212,0.028042712720644927,2.722421369607918,0.7708507388960841,205.04031050235707,0.3113582208101668
30398fc0-0fea-4f6d-b9b5-9f8608725e3a,5ed9df4296035b58dce21946,0.03586726602087412,0.02093026149090672,0.04909102503564267,0.015866258860807784,0.652969229444748,0.14586516371040942,0.017313861943511647,0.06209693404628542,1.1958887523334283,0.862065112569211,225.77576514082787,0.90549662487946
3045ec04-252c-420e-8646-c6b0e150ca74,5d1aadf961a40900171f6931,0.006869970087114098,0.029123726257719636,0.0033785289490776077,0.011035766970603794,0.7157872848762913,0.1327882921479408,0.058695635202422596,0.042320795491976225,1.536972073129748,0.714466279053608,143.48112026229202,0.05541069100391134
3045ec04-252c-420e-8646-c6b0e150ca74,5e80d8569d1bdf03449b0c2e,0.02048090106876322,0.031606250054121446,0.009097619800147696,0.04153199703636098,0.5061779342828342,0.17113851915546993,0.0655226357423265,0.154444144101717,2.31661670680332,0.814731167810808,201.52612840657412,0.5587084148727984
3049cb21-cec9-46b6-ace5-8b97f4fd6165,5eb25c0cc5b33a3aa08e0eb0,0.041334370136648826,0.040261569590646785,0.0671902396069467,0.012681699406621883,0.5307941808426627,0.13462458136171146,0.09938547420411181,0.07372788507064913,2.29215014430719,0.8163531289296001,262.07546022906115,0.9716024340770791
3049cb21-cec9-46b6-ace5-8b97f4fd6165,5eb9ea44968b651244404aac,0.06904931887134619,0.023953507888272427,0.043243832752592075,0.02504783196225385,0.1970260610980375,0.2644247471690515,0.32547002779036377,0.051784672166155434,1.979891217664668,0.8252910899576834,175.4815379485268,0.15214564369310793
3066c275-aae2-4b70-b47d-65c4ff1bc409,5cfbcc1fa7f8940019cd8704,0.006603519751821221,0.03823925009070689,0.019597758978470693,0.03149592377711144,0.3553288493658869,0.18772565640962036,0.30255956766152053,0.058449473473927364,2.326525396146971,0.7057620193744514,145.86086614230277,0.23954372623574144
3066c275-aae2-4b70-b47d-65c4ff1bc409,5e9a331602672c0c3ac47c34,0.017136570442404925,0.052337693454940555,0.014729214181947916,0.018174309966601594,0.4576483876734398,0.1984149054582859,0.08347560417733378,0.1580833144569154,3.437146159439822,0.7660424103065547,217.95548399118198,0.827023498694517
307f0b6d-5703-411c-aec8-f2fbd6f099e8,5951c8505f42c10001ff3f93,0.04901696878962765,0.008458535932540888,0.01581212090519383,0.1217451210719755,0.3414291700122134,0.11485623067843716,0.24896916637566346,0.09971268711003937,2.6234675259827465,0.7787942628720451,225.18546478998067,0.5420499342969777
307f0b6d-5703-411c-aec8-f2fbd6f099e8,5e5ec4b603a4721fa9447858,0.08534984749409849,0.016332345523568888,0.03687448888677957,0.0377655955703227,0.39383030172457467,0.3086517186675436,0.06644988388764886,0.054745818520633684,2.4024130239058685,0.8063389186345216,213.59768948396416,0.5806658130601793
30a5a4ba-5ca5-465f-8a8f-cda3d7737662,5e1545d9b1fb05b6369d13e8,0.006668570788591033,0.005675183530015748,0.009107318511553934,0.198536973137439,0.13196251117071522,0.09575345641424535,0.060983198135366457,0.4913127876128967,1.5486342654693328,0.7898213699145049,170.481104049109,0.7148648648648649
30a5a4ba-5ca5-465f-8a8f-cda3d7737662,5f8b1c0849eea7208ee49a38,0.21609902026587188,0.05953624302599888,0.05326801625154837,0.017451705969729295,0.19581327824611608,0.3341183056903187,0.07822186016619356,0.04549156992939262,2.0787228579371986,0.6489975146681155,116.4949687533647,0.2885496183206107
30a69621-20ae-437e-bc61-7934ac8bc543,5c95970cd676900016e1a940,0.06853520464138402,0.04702544495506832,0.016175291130595473,0.026376964635606494,0.24028040624357114,0.24495074591356997,0.20293439874119817,0.1537215453019409,2.1264897152697326,0.7815010333825932,202.64756218579032,0.9566294919454771
30a69621-20ae-437e-bc61-7934ac8bc543,5e975ea254955d0bfe9f7929,0.23194187732952273,0.004101018053362999,0.0812481173747378,0.20665366590749415,0.09293529707749672,0.12397125480746458,0.22194334941772448,0.03720542043998071,2.3453054113670944,0.7941058718550654,215.58734595979516,0.019886363636363636
30d35ce8-1e0f-4c09-ac7d-5ff9737c8ac2,5c43c90d5aca820001f73f6f,0.05659117649253807,0.006677780275886909,0.01107477627725527,0.10514776810778484,0.35338735404951227,0.27594591108985805,0.06673670336591735,0.12443853037063284,1.4052768250312446,0.6512802884704146,139.11469141205512,0.11267605633802817
30d35ce8-1e0f-4c09-ac7d-5ff9737c8ac2,5e4a1730c94447480594cea4,0.023140818901100053,0.02489524924782357,0.008919042119718838,0.061758996678310925,0.11954787960824621,0.23405018863050245,0.31943807457903356,0.20824974865303864,2.248480147968456,0.8127915591035588,217.88760194791976,0.00234192037470726
310ce55b-8db0-4407-a25c-c2460b37cce5,5dde8fba82f458000c8c7c75,0.09502359451000297,0.03743357843088409,0.030560550804111315,0.051776414332502345,0.38878411484115144,0.15805913371198618,0.20190434979100516,0.03645826427940216,2.153769739159288,0.7492004308222087,140.2637659317915,0.4664082687338501
310ce55b-8db0-4407-a25c-c2460b37cce5,5e6fe1df6319c15be2ea3524,0.023485399368088248,0.03539315840435258,0.022471925652189226,0.03316455770483811,0.18198506383532498,0.3869753451459549,0.18790756320611066,0.1286169869856987,2.1256422954518013,0.7473079523856686,145.0478166575727,0.6825775656324582
31683e36-7c0c-4bd1-93d1-66ce5cb9680a,5dd8cb39dba6348743ec0915,0.08802230788568703,0.006742991495276252,0.010381732389391897,0.0831411915379361,0.19283993934524662,0.42119341259719295,0.09122792171147429,0.10645050235830396,1.4883498687713586,0.8049224942219845,198.21903585751352,0.25902527075812276
31683e36-7c0c-4bd1-93d1-66ce5cb9680a,5e3ac9d20d41ad2da023d9ae,0.05335807747794222,0.035169388366051275,0.07435294722948363,0.029335474919586282,0.45037700833853384,0.17396324074478792,0.11942113864148472,0.06402272464084419,1.6009070781228303,0.6978910164672759,141.75585182427267,0.7754654983570646
3186a2ea-47f5-45cf-8c9c-ba4182d2c0a7,5dee44454d7bea4e3f4b44a6,0.007513142323478761,0.024349351346298644,0.0028034219198798402,0.021787501652881548,0.6736587033628568,0.10417342920644129,0.03591820389397816,0.12979624602202242,2.572434378447469,0.8332258792432945,238.0243303335256,0.11584932480454868
3186a2ea-47f5-45cf-8c9c-ba4182d2c0a7,5ec2feeb47c4471339d3b2ce,0.20107274579891163,0.01257321400226042,0.03534431094079301,0.11725649610045996,0.088710250045511,0.2658443622228507,0.11173422023324445,0.16746440105188692,1.6054620767080372,0.8299379072402974,205.92381103690752,0.2109704641350211
31a7caa4-f825-4995-8d4d-2126124ff47c,5590e768fdf99b1e5e44e525,0.01751708810058711,0.016181868328385286,0.008346454193127191,0.03517329812641367,0.17562945048455741,0.4144357727963317,0.12180325016442478,0.2109128184416279,2.7684185987327057,0.7622189765721338,159.57242366935756,0.8891595615103532
31a7caa4-f825-4995-8d4d-2126124ff47c,5ddea057ffc3d8e00ec74d1b,0.046236271790797506,0.015699033775162862,0.02851345367440038,0.06485459637080211,0.16968038667159366,0.30521845005477466,0.30224018729160596,0.06755762044999655,2.4601262099302996,0.7900506535286476,195.5774479702149,0.25530458590006844
3231ee9a-483f-464c-b563-da35de30594c,5dd352c51c219b35931aefd1,0.03735569791884176,0.00949633458122642,0.018611586824488664,0.03689010173829929,0.462772366337016,0.251466991487702,0.12686898871650798,0.05653793275144105,1.6577684470987468,0.7961865078470377,217.8909404055107,0.0045721750489875895
3231ee9a-483f-464c-b563-da35de30594c,5dd4bd7ae4f4a0499548a810,0.00928750530895264,0.04568273031019484,0.005953783797607304,0.016640967874096916,0.5453403985159007,0.16952860140430093,0.13386045287860565,0.07370556120168806,2.028588600019004,0.7258320808221007,187.54122956339842,0.7414578587699316
3271eacf-69b5-4144-8dbe-b596de94ec30,5ea9c07d1e683e1118000f78,0.1610227938004403,0.0191344121298694,0.05909948527776507,0.025284829836945445,0.03280894977370005,0.49086771303605337,0.1487999944480724,0.06298183437624659,2.1228313073671212,0.7081887727681679,131.35037167892656,0.16666666666666666
3271eacf-69b5-4144-8dbe-b596de94ec30,5f6b75742bd7e60776191cb4,0.04114297684508594,0.0067440808307003206,0.0056985818701019725,0.1016394024602395,0.08147208415985643,0.4425336870757497,0.11816409582986814,0.2026050905138118,1.5985709174651663,0.7879801656132805,165.00051596403375,0.07279344858962693
32adb5d5-910d-4547-972a-f5d0b795c689,5f6388bf9ae5ad07ba1a0173,0.05733025620569579,0.029250615276408435,0.015045140608235712,0.0284129590838382,0.16971506717248533,0.4503144869755312,0.13274986017744472,0.1171816130517019,2.2594084818587143,0.7996903719083621,220.74085828942856,0.2222222222222222
32adb5d5-910d-4547-972a-f5d0b795c689,5f92e13ff89ab603071b6125,0.006005038167602286,0.05467871384585031,0.014621184253713932,0.00714369919920435,0.7390223040575711,0.07882251605281723,0.03172623441448301,0.06798031023951127,2.0125657682212577,0.7961495023267701,208.7777265016876,0.9037690457097033
32e6806f-7402-4615-b02f-98d39af02b34,5e6cade3d92ffb26677dbd84,0.023865265035891713,0.025887432218869817,0.09602430338167141,0.010065307135005613,0.7068165646975063,0.044223531896448606,0.05340576101195347,0.03971183488757287,1.872582703067206,0.8516859662816089,225.40477487322593,0.8935281837160751
32e6806f-7402-4615-b02f-98d39af02b34,5f67f123a9151c4484c6e1f4,0.011026975140159977,0.015709859027135554,0.0061588752099148245,0.12102830205398556,0.33981694381205246,0.15612847350915698,0.16979822380026333,0.1803323473486647,3.244526699021381,0.8290679645427442,253.5575002344817,0.301556420233463
330137c3-3b27-4eab-95b6-ff26b2aa2c0f,5dd7524d108b676f8d24a4a2,0.04485592537862678,0.026009605158025775,0.014331155568840976,0.06839793720339549,0.17601764002346837,0.2597364575676688,0.0903008042911765,0.3203504758261958,2.625253830434746,0.7241515984777073,188.0219297202825,0.025718608169440244
330137c3-3b27-4eab-95b6-ff26b2aa2c0f,5ea1bb3ec066eb098519b672,0.0927993983779148,0.0316574209500927,0.009381740088329014,0.019145718108318208,0.11103492599324404,0.27890366602588823,0.4099655812191298,0.04711155028710323,1.9604244884555986,0.7985853101959853,162.87223868441433,0.10221586847748391
33528414-6a77-4fde-a01a-aebbad5fc3d8,5ead6f256fef94028e07d655,0.10498678269482356,0.010136637473082289,0.01296183590853266,0.11736684113275687,0.08837891533355247,0.46661003737820606,0.07660240313963608,0.12295654623562471,1.601610869253786,0.734656223805744,153.47099879988008,0.003861003861003861
33528414-6a77-4fde-a01a-aebbad5fc3d8,5ed442ea258f2e4098c6b153,0.015051419767349644,0.01851574719129989,0.04144485455709446,0.05320586280618573,0.5345947707036816,0.05028828674384063,0.245009171298629,0.04188988688500705,3.2925482707274,0.8280383808605368,237.2723393466302,0.16069941715237301
33567718-2e8d-454c-95fc-c34fa41a4068,592bb32c943e670001cde123,0.13478127880351215,0.006426522415603972,0.011925643692916661,0.24145676737437116,0.1050226906634109,0.2688852203529069,0.1259598693405667,0.10554200674589378,1.773703027276005,0.7689436380288418,152.11613863893172,0.0
33567718-2e8d-454c-95fc-c34fa41a4068,5c78dc27e8df4d00150c5252,0.10726280656519822,0.014011127668918632,0.05863730244817071,0.10103933607334309,0.12585776365401447,0.22173745993888908,0.3343727011303073,0.037081502481847224,1.7171155216266474,0.8008876612214171,227.27049636623752,0.014749262536873156
339012e4-ada1-4c88-839d-08a6842b5903,5c270d8f2c45d400014909e8,0.10219475615418434,0.019743469291587226,0.015138444341333329,0.04081493074694798,0.24324640139744919,0.3634090108947688,0.07595538508978636,0.13949760239580264,1.5848027303232124,0.8094105034951702,214.3547828468135,0.6264800861141012
339012e4-ada1-4c88-839d-08a6842b5903,5eece89d63352e0c327ddb0b,0.11260807653264467,0.02219957650524196,0.1483497362413796,0.08696252435333146,0.10787103270320916,0.22013705618582174,0.11358880576291938,0.18828319169488864,1.944606301790967,0.8184188434731092,204.3975339909277,0.04259501965923984
33c5f6cf-7cd2-448d-8970-a59462023a45,5dd33bd8f01cbe3350807cf6,0.06698345924730896,0.01713481462266633,0.03922290777942531,0.06316481374474057,0.4063920823363424,0.1223267861507955,0.2389888673961301,0.04578626826465145,2.0609462063100152,0.7338363828358435,183.45001304875706,0.28198818897637795
33c5f6cf-7cd2-448d-8970-a59462023a45,5e6d6545993427329a35b800,0.014258634222877518,0.015081285989785217,0.02556311144412485,0.022223316553716774,0.5992572705680235,0.038688936011128335,0.26744520138330174,0.017482245049086402,3.4323564029907443,0.8406687613773938,265.12819297597724,0.8753138075313808
33d4bd03-1a0b-4252-9ebb-9ab864a57a7e,5e67f0321e4f0a0a657c1d08,0.09862443887820202,0.07634408080743567,0.12785661222981737,0.007393927847473471,0.35110423105452415,0.24113447832746293,0.05709720277256127,0.040445027715009456,2.3022050235583826,0.7692360857770797,194.09587400890481,0.9384057971014492
33d4bd03-1a0b-4252-9ebb-9ab864a57a7e,5ef1086d5234d40c8a15754a,0.15497470091905957,0.059048173020232735,0.05093477415147,0.009422064631797273,0.1789985821278582,0.39176270819516296,0.08749004539291667,0.06736895130558805,2.4751210105130443,0.8264544747049464,216.2060278054398,0.5334717176959004
33d648dc-190b-46db-b639-23382a82d7bd,5df58b28ecb3ea3ed1ceea37,0.05332973637706425,0.018390298831923446,0.010909025758342131,0.04402370297655398,0.39081133994248607,0.31149007917982385,0.05411588836992205,0.11692992762881659,2.3194319432856965,0.808313682084349,192.50801618166196,0.019704433497536946
33d648dc-190b-46db-b639-23382a82d7bd,5e9732d6bafec41daaf8fc30,0.049564605858393604,0.009717039972685455,0.06982625630138058,0.09722066870453874,0.10204988504944748,0.35400228284051377,0.23350094206070302,0.08411831966306468,3.304881726102607,0.728355900135533,152.7608096442083,0.7313207547169811
33e8c5c6-876b-4764-b725-949d2e4a2669,5b97f8988ae8150001c7a887,0.18220444921692516,0.03405817328768325,0.09641064338147141,0.033517507821568655,0.050973844557872086,0.3171164976977871,0.23726022694464954,0.0484586574212399,3.8994871538194036,0.6897106225398836,145.8054062803399,0.36921069797782124
33e8c5c6-876b-4764-b725-949d2e4a2669,5f375d51fae4971ed086f809,0.1573526996448806,0.031127424058289152,0.12052274101158357,0.04391445622642973,0.18167252907243814,0.23974109702907026,0.15810018881262292,0.06756886438096156,2.352342995433645,0.8073443636849892,204.45734709677342,0.011701170117011701
33f1c21c-b07a-485e-ba8e-43217e25ae00,5bd8d97c26903900018579d3,0.022139974137598988,0.01032618812652797,0.011998682561378947,0.09059457355035751,0.21376571513867917,0.27627013797546873,0.11237068280568055,0.26253404644582223,1.5776016501745211,0.8545143063921297,228.09612229658356,0.27293577981651373
33f1c21c-b07a-485e-ba8e-43217e25ae00,5f1b95cfe2161c3aeea48077,0.04746334633224064,0.03325047780441313,0.014652338991807328,0.02532991298682706,0.37972360707792896,0.19547458273799057,0.09242071307633541,0.21168502122751212,1.9556119102129192,0.8332862322158573,232.48801131488815,0.8826423049894588
34024389-e241-4c26-96d5-50300466d28f,5cbea0b506e27c001e4c03a8,0.055673596335272156,0.020530060550861207,0.01359321892758201,0.018728942583545953,0.24681224670823215,0.4665145838135431,0.0653924275671189,0.11275492325420494,1.966434394329346,0.8176953421047519,234.3193215870153,0.8303312027890761
34024389-e241-4c26-96d5-50300466d28f,5e799448fb3c7055cdee5ecd,0.01176294164123646,0.03111360665518559,0.002093614205591628,0.01123790618693789,0.3339241239114035,0.46432681482990806,0.11516814508110315,0.030372847560180875,1.4794530334701756,0.8694491687096062,227.83157298330852,0.016115351993214587
34228312-a473-483c-bfad-3bc9b7bdc818,5f0e50c3a8d93519188a7525,0.05680527679451821,0.08729110801847158,0.019341070708490175,0.015405793198259158,0.36150665591335895,0.2984487495707531,0.10823294660276404,0.05296839969750209,1.116030820348712,0.7597651317481153,162.20228732311384,0.9575353871773522
34228312-a473-483c-bfad-3bc9b7bdc818,5f612984e5033f09587f0faf,0.03166395577912651,0.03880473706656207,0.06043605348255565,0.012708326399146418,0.45746108014987347,0.23361189043220618,0.07585843297881047,0.08945552410799984,2.289875607390467,0.8436012662269065,249.80352819188394,0.38263665594855306
34250e26-3fba-4838-897a-06c27e5641b1,5c0abcc49f5dfb00011cf6a6,0.050087472238918,0.008062374019379297,0.0183253275618286,0.16944809566825683,0.18690170567170272,0.22909861750193378,0.11818575266640603,0.21989065489469248,1.6486772683797528,0.8253276797416733,238.75194355076513,0.452970297029703
34250e26-3fba-4838-897a-06c27e5641b1,5d10eaf23afd390019075267,0.07557438512249381,0.021726986577208722,0.06297777558661945,0.030247008884927082,0.3193535492277098,0.3262572024481401,0.05061271586074729,0.11325037629224599,2.024966281496078,0.7890455257489184,219.90379991502613,0.12155745489078823
3431bf91-f4b6-42d1-92e8-3f62164f8b64,57d6dd8d6598aa000199188b,0.1038311687611772,0.008925822453084483,0.01797784644716437,0.132244038385707,0.21045974263186726,0.2768621577017577,0.1307683269491627,0.1189308972699174,1.8465665603781856,0.8331962666120205,218.64863017189143,0.0792156862745098
3431bf91-f4b6-42d1-92e8-3f62164f8b64,5c5da579bfe5280001448433,0.03201851009841687,0.010354195126683582,0.011550913739466834,0.0865993511880828,0.2995179785076502,0.30219716497661214,0.15125658357659616,0.10650530348477281,1.8944878290180474,0.8076799680206838,203.7009105093768,0.03176620076238882
343fdcb2-0edf-4eda-938a-17bb3e937c18,5dcfe5ec41fb3f0de0080f1a,0.09215680169392615,0.022977630400116408,0.05645538422244299,0.034785632376132115,0.3487707380602783,0.12464121567250236,0.2866981158103523,0.03351448154685971,2.7667491084956395,0.7367739714001758,199.7361122469863,0.5031446540880503
343fdcb2-0edf-4eda-938a-17bb3e937c18,5f26bac88dfa6b4245d86e2d,0.10819297336974641,0.01114210823808826,0.016779471334975832,0.025320036661869702,0.23237482129304854,0.39762549453064994,0.20238571246886486,0.006179384849048048,2.382237672316578,0.7512941217846552,157.4397080629034,0.04878048780487805
3441fe43-ea34-45ae-855c-bdcf1151406e,5d42486206811e001ada5b4b,0.11024250451298599,0.0032211092754631508,0.005354696063792931,0.13290382849605453,0.07988199059721149,0.5060889381736203,0.0702869705894354,0.09201996119831432,1.8797507683389432,0.758900018791633,138.84553096270272,0.0
3441fe43-ea34-45ae-855c-bdcf1151406e,5f400d4a51a8cd1011b37455,0.01867488203773833,0.00843157233215225,0.00409098456502445,0.06232048042533136,0.28151469898799747,0.4030450246446771,0.08143096680299854,0.14049138884119877,2.312373348147673,0.679332803855806,133.79271523812739,0.20475785896346643
34853527-02de-460e-9ca8-92b3ac0d0f77,5f0f74f79ae45313d4652776,0.10096231107466051,0.02404943987653387,0.04904419791038999,0.0778044099061457,0.15279186600650138,0.24848225345323957,0.2840119039424669,0.0628536188329466,2.0715407020310677,0.7947247689992494,199.44693114655678,0.20216962524654833
34853527-02de-460e-9ca8-92b3ac0d0f77,5f9dbe7b71894b333e8722f7,0.17321625022378434,0.024792205207356532,0.07859059402793264,0.10403707872733853,0.10578596650697777,0.26405764120840874,0.10289363563636064,0.14662662865693074,2.05146573076954,0.8208053882602544,220.68839266430956,0.9324942791762014
34a130d2-e750-44d9-923c-97ccdc55f60d,5ce30fb4c6aade001903ed6d,0.05996170045492851,0.09435472339371259,0.1267439750165449,0.009914306563386476,0.4772159858695794,0.16661692228187502,0.027531965906186052,0.03766042221698689,2.3089474185572603,0.6752106640305524,144.11461537781298,0.5857338820301783
34a130d2-e750-44d9-923c-97ccdc55f60d,5dee65dc03364951083cd77c,0.05056895782679429,0.05541201390234105,0.030636318120895296,0.0075634960738689225,0.3385210112854994,0.3886799807025881,0.09215862739779113,0.03645959620740966,4.052889688092622,0.6966294986937153,186.44287767188837,0.7954353338968724
34ce2cc2-c709-4852-871b-896a368b0ae6,5c2805401d4eb70001177bfc,0.07407397544395751,0.00392931138460963,0.009863388100439553,0.05652942685371823,0.020889454258789932,0.5107394146596477,0.19557656588123223,0.12839846325336873,1.5046691313202167,0.8307679864261379,218.64968660821486,0.0015174506828528073
34ce2cc2-c709-4852-871b-896a368b0ae6,5eef7517c8692d20c3279493,0.17915016628799402,0.0328811549956803,0.12004390635220845,0.032339442994692214,0.23360604969128515,0.2696737415647849,0.09445458823301384,0.03785095259104289,1.968399044094575,0.7002582404375658,135.57594785661516,0.0013458950201884253
34feb55e-d811-4684-89a3-362f4297b7fc,5f4f29b8c154ed17df64546b,0.04321027081927393,0.036577059904825265,0.019520692603824403,0.04765843871181063,0.18543365326954492,0.30843435786782625,0.29825782680385576,0.060907700415684066,2.5949089518903707,0.8259117840016137,217.38598051613766,0.0015267175572519084
34feb55e-d811-4684-89a3-362f4297b7fc,5f5fdd9ae0a5c90b28f6372e,,,,,,,,,2.1320829467842257,0.7619746439521116,140.2961584530207,
3504e22c-1e69-4e99-928b-f8541539d888,5ec5b367ec26b761ec0fc87d,0.033075119691610935,0.03593481489486342,0.047329315030160544,0.07026122409218137,0.21851400640081095,0.2639864309883158,0.16907521671552395,0.16182387183626995,2.15351227285294,0.8145097314450721,205.7332315555192,0.038461538461538464
3504e22c-1e69-4e99-928b-f8541539d888,5f5eb22e58c9fb7782a6e90c,0.05140294603128378,0.026873792512995584,0.14919101293829168,0.1852200369180002,0.1593465049521384,0.076435785090567,0.22060205916576012,0.13092786146753826,3.8799424638103828,0.7995986959176102,194.11461340216005,0.24529780564263323
350d3731-d65a-473f-95b6-f2c6f300ba93,5c12f106c4b80e000192c472,0.08069931658447689,0.0075887576624187264,0.03895311133140381,0.2291561266600326,0.24634723126398128,0.0727475790497869,0.17973076572784283,0.1447771122630622,2.226010739312523,0.8339900432917384,218.1814217380461,0.5218263923733065
350d3731-d65a-473f-95b6-f2c6f300ba93,5eb2f1a1ce5ba10ab2c0a042,0.1866479383035661,0.021993987304596403,0.08749647727595704,0.0456333643249745,0.1948160925926289,0.2884178281877396,0.08900947257922417,0.08598484030307905,1.8261137880041516,0.7210010077603902,153.02170803953183,0.097708082026538
352c15a2-c219-41a2-b291-f41f9b9ebbf5,5c27e76978fad500019328cc,0.0662113494237462,0.014239721730997303,0.5010123587372737,0.04208703471452779,0.14927462558873228,0.09108717392926478,0.09912312943693172,0.03696460615428051,2.738063218808243,0.7124456231536838,151.7109722232141,0.9537126325940212
352c15a2-c219-41a2-b291-f41f9b9ebbf5,5f1798fcec2e75013c28cfc7,0.030740839771629332,0.017855703868297976,0.02788035697512929,0.02212402823935609,0.4641672631577987,0.26061479089613365,0.0936718954398475,0.08294512129801539,1.8738464000710728,0.7689352842366924,150.61036431459232,0.35786802030456855
356332e8-4e95-4967-8b20-8635761dc588,5d0c3381da7493001ab3a903,0.0481014487281053,0.033194692170586036,0.0651905779269892,0.01930000525586548,0.3018514020821996,0.3372586661757151,0.15699969449668572,0.03810351366543708,3.49892289566269,0.6763688086749059,142.34996749406747,0.0445141065830721
356332e8-4e95-4967-8b20-8635761dc588,5df15bc3361a8506b94f79ed,0.09074567791710147,0.0625417378805255,0.05673971044907989,0.0075351644479396485,0.2650410535396893,0.38462648421103013,0.08832294902980296,0.0444472228127683,1.9194333922108393,0.7643146130229771,132.8814165199255,0.7286356821589205
358be89b-e916-4553-8f40-f9dcd1da006e,5b184a76c9d3cb00010ff605,0.15542798597414306,0.025668797533597222,0.040287415643581355,0.03671412038587592,0.24328628776299716,0.3216980904768946,0.08071647820819919,0.0962008237887279,2.8278008504468466,0.8288518056313532,232.34131475294168,0.45138396025550037
358be89b-e916-4553-8f40-f9dcd1da006e,5f95fab20e1d0f12f97f4f93,0.029108067778200866,0.025157363237791507,0.10808306556201099,0.05976674587696176,0.43325134133109755,0.057740480916825904,0.029782323510041217,0.2571106113644025,2.1013574493337606,0.7941383280618417,240.58930494602112,0.8882521489971347
35c172b6-0833-4c9e-ba7d-76e328bd943f,5aea85ab831584000180a1f6,0.03836763622707173,0.007694779848103092,0.015155375093188955,0.0996482310774298,0.13455831624673437,0.4109660450504971,0.14541750864337002,0.14819210766506713,1.9204159232171656,0.6905014505497268,129.90616862285037,0.04244694132334582
35c172b6-0833-4c9e-ba7d-76e328bd943f,5ee2b44f470fa7446a470c8d,0.013648671263201238,0.05079634070010743,0.017572096324284664,0.009234669918972196,0.4780646191503726,0.23375179952630734,0.07770936216994281,0.11922244068407388,2.110635347389503,0.8088679244429765,223.07316091561265,0.8924731182795699
35d9c472-e6c0-40db-9104-858677fc6b83,59d5888d21977e0001d630f3,0.0590046986870825,0.02261865968381477,0.052878886981837146,0.09899972622735202,0.23555312815859392,0.2589624244314372,0.17692371963804848,0.09505875628148686,2.5397494693268015,0.7644339952382561,192.91112315371507,0.0009643201542912247
35d9c472-e6c0-40db-9104-858677fc6b83,5dcf55f1cc192008cf8404b8,0.04510682274653656,0.026318130167245234,0.03215835642293436,0.04453024978519067,0.3460166903352098,0.27995511014286056,0.14718326520400757,0.07873137478976644,1.9146415653485105,0.8462015778511671,224.71406167678992,0.09855453350854139
35ec4d47-9fa9-4868-b51a-ee38999f7953,5c707aa503f85b0001af8c7b,0.20590560567556626,0.02815756957453894,0.11290904156430193,0.050501303787250755,0.25760491482304565,0.19047465393282148,0.08597820347224462,0.068468707320936,1.8918009820760384,0.7806396077321293,194.10011641971585,0.4753246753246753
35ec4d47-9fa9-4868-b51a-ee38999f7953,5dd406d9c23e0d3e6dacc034,0.08003764148928913,0.044810322305932036,0.1183961418575015,0.0207860569529914,0.434176071220535,0.2004909731784575,0.08235947051075947,0.01894332222631982,1.3889327342215265,0.7922180805863922,180.66329551208517,0.5407586763518967
35edb446-16f9-4f3f-a274-f75571d6282e,5a8d5e4e000dab00018ce464,0.12050565697845764,0.006682038147486611,0.02356180896897261,0.0279896852451723,0.0297021413086718,0.41787059800873333,0.24672400772709271,0.12696406424634998,1.9964098630461626,0.8294000335110594,226.45495445330818,0.01846269781461944
35edb446-16f9-4f3f-a274-f75571d6282e,5bd4cb4f25db7b000179488d,0.06934041065764539,0.042145320815025235,0.03746624164529047,0.022514352938062573,0.5299181265369114,0.12845858368240487,0.09062516406497653,0.07953179899074433,2.3695472135603413,0.8625504324495581,256.5301821175199,0.7595725734639359
36c3cfe4-4773-486f-a4c2-28473afbb94c,5c817d90fae0130015ce9bda,0.07913021506818962,0.0027060641291316214,0.013344660517378173,0.23834463449125143,0.08163804065074841,0.1279342346937935,0.0663531885476921,0.39054896503900244,2.9764047374358418,0.8003335910988196,207.85372879585427,0.12053571428571429
36c3cfe4-4773-486f-a4c2-28473afbb94c,5f2850a9d9a5f01279e1bd16,0.15012119819713873,0.017463380621047724,0.02887665848094554,0.055940277341669745,0.1282247815893817,0.45851594511512844,0.08062767980536831,0.08023008646050785,2.071332901891223,0.8035015805972158,215.67556732480068,0.5176470588235295
36f338b1-bb0e-4c79-b40d-1c584913f262,5ed674a74aaed5093c46b6e8,0.0583967681267705,0.015250774881055206,0.023825852927348682,0.11186583428021249,0.269103377778195,0.24580381721129416,0.174663736334298,0.10108983996386972,2.50750171923459,0.7442521015360771,202.4637537327679,0.1958762886597938
36f338b1-bb0e-4c79-b40d-1c584913f262,5f0963c6310eaf000b922e94,0.04822915726818372,0.0655946751865851,0.023829383731371123,0.00668942954739908,0.4915409497668652,0.2277673108372501,0.11096362862141852,0.025385464425264976,3.0420788781655808,0.7444560663439971,225.00596053686377,0.8352017937219731
36f6f438-7d8d-4c6a-965b-43c17261c091,5e8a26247ad7526bf85abbff,0.023427014538075563,0.016033144515162676,0.0071624488243717515,0.03139246712475755,0.3626030934354132,0.3355985953999977,0.03051388871571744,0.19326934821688546,2.0505241712887687,0.7628727321760578,133.7166619950592,0.1588785046728972
36f6f438-7d8d-4c6a-965b-43c17261c091,5f0a1bbf4095fb1232dc7940,0.059277994538685576,0.00999029202415416,0.022273281257538368,0.10362248874372773,0.03724438257595501,0.3755874557123447,0.16738244163793378,0.22462166447542495,1.8088300564006692,0.8005455768759308,178.20867616251945,0.0024242424242424242
36fc65e0-03f6-4a9e-8f6d-b9072197ffba,5c159f7745de2c000133c3f2,0.0073906036671114875,0.008907413152238617,0.012426256030285111,0.12876094845614347,0.3816829487785975,0.033551493706386055,0.3886036880795726,0.03867664828820725,2.3604830642872066,0.7238442205789514,144.6642205127353,0.3917018284106892
36fc65e0-03f6-4a9e-8f6d-b9072197ffba,5ddf1bea59b1b0e98cb178dc,0.0669954190151248,0.03860194842563518,0.04609462396613056,0.02551220265956261,0.5237653057861277,0.18957435633527608,0.053144916826367995,0.0563112257145574,2.520699328941764,0.7826262227736285,196.09755999975707,0.6655518394648829
37011b48-f667-4657-a404-e747e702ab4c,5ea9c6541eb4f0121a911e1a,0.08145614128439606,0.02274085692564499,0.14571765387536043,0.031261209225843696,0.23772536343371972,0.28848164857899566,0.11162553983928077,0.08099158766150259,1.5617440023379383,0.7533182450696466,158.24262179203248,0.9055441478439425
37011b48-f667-4657-a404-e747e702ab4c,5efd4df059990518c92eca95,0.09506825345311445,0.00997167754806868,0.03119804500339095,0.0877293859901726,0.34284287018569165,0.2777441054162355,0.059725331447288275,0.0957203309968123,2.6026535138006084,0.6789116218918817,146.56778239849737,0.09568733153638814
372442fa-0932-4936-9feb-60a62a4d2b6c,5acba4a15cd10500016280ca,0.053083543991967616,0.010100198374781617,0.0633066932564923,0.038331530102521966,0.14036335422727636,0.258929446285215,0.2693697722102074,0.16651546164541484,2.092728153001014,0.6919053734459685,136.67535065070766,0.0009074410163339383
372442fa-0932-4936-9feb-60a62a4d2b6c,5e7d21d4b7838b3a5fb29246,0.053365185055410914,0.11321503206555378,0.032387450255890335,0.0023215084586031354,0.4439990655904465,0.2007245957563111,0.14729466075908645,0.006692501853966103,5.601180484972081,0.6788437178309666,192.17319900690154,0.513595166163142
373764f7-6987-485a-8739-51f37cb46e3d,5f4ee74eb0bbd513fda75ffb,0.006575226851308705,0.025862098040176414,0.011489517641835777,0.008581128187042654,0.6636826587347809,0.16914392578429596,0.05813991243349997,0.05652553328864131,3.0471397886592753,0.8153287782906192,232.28588296231663,0.5864661654135338
373764f7-6987-485a-8739-51f37cb46e3d,5f641cfa0c8b8b19b424aa4d,0.03409689136161172,0.01330242988807211,0.013060423214586761,0.031832131980955226,0.25346705842488954,0.48311539245818635,0.10357200803477067,0.0675536640593185,2.117462343263785,0.8294472661775255,206.29344521063894,0.10103244837758112
37431f1e-124e-44ad-9217-12819ff59589,5c670a430d80fd00014264f9,0.10781299757846649,0.01349863978498592,0.051527069916049224,0.06986888681760592,0.12987331529206936,0.19726812384610254,0.052387820450091604,0.3777631461795271,1.9472569560717916,0.8120367721994803,199.45379778747733,0.5527675276752767
37431f1e-124e-44ad-9217-12819ff59589,5f3c2648a9ef86a4c10de377,0.054789956527183666,0.01985370426062507,0.07513739050165169,0.08793418316280763,0.1376514919389331,0.3529357563436206,0.1733360968972845,0.09836142007537726,2.347753306565921,0.7927292264623595,152.98915266625127,0.1541095890410959
374ee3bc-300c-4b66-9965-1220d5667e49,561d98e03d7fe8000b0f5e09,0.06636290683322801,0.007481709480769046,0.04021215179072367,0.03349007859914708,0.3241557298210066,0.3507178004173537,0.08078286779116065,0.09679675563933296,2.3641614778978655,0.8114329275692639,200.20382930126158,0.17245817245817247
374ee3bc-300c-4b66-9965-1220d5667e49,5b4983840753d30001db8ab3,0.02871329366842218,0.025493718371558845,0.009250797986569071,0.012459679651018653,0.6072475037622234,0.1727220780811031,0.05504911080595103,0.08906381783840185,2.353444285589296,0.8170066944499116,191.2100749691405,0.3900054318305269
37679d14-0e7f-40e7-9448-ffd0c2daaa09,5c4af67cdccaa800016b3192,0.01500650838589725,0.02018304812092463,0.011199663041882425,0.013621967582941553,0.7211311410413422,0.10017714948656942,0.06473827437208333,0.05394224795775919,2.849132279879423,0.7503962315348572,151.18623160282814,0.672300469483568
37679d14-0e7f-40e7-9448-ffd0c2daaa09,5ddef2e6929d5de6f1050f1c,0.07371504320265691,0.06616983214353199,0.19987409797737293,0.011117356739708258,0.45052945610402173,0.07523744294696101,0.10248564547014204,0.020871124985961855,1.2090846399895085,0.7360102241614139,141.3029837263145,0.5299539170506913
377bc163-b127-4b18-9333-10c8ae16fb96,5c12f106c4b80e000192c472,0.1074339129823304,0.00565377433056853,0.049863703709093474,0.18324828959080353,0.042381141857256145,0.21271353970705806,0.2404936923401956,0.15821194569301927,1.6388284809590947,0.8214188056853278,197.2973517906586,0.3136748986361961
377bc163-b127-4b18-9333-10c8ae16fb96,5cd8d86210887400182db201,0.1590563672844181,0.009035030870798818,0.04219403938890298,0.0072608191137104395,0.035414603024145744,0.2535274576158747,0.4816544980998683,0.01185718358913398,2.218703579001787,0.7853197286402188,191.45124565133352,0.5552238805970149
37843357-075c-406c-aaef-c6a80d7a5bfe,5706fb93914b7100093b7925,0.007062680323666329,0.05466952687129684,0.002366147421963035,0.0009795099170542166,0.7617234033128151,0.13537026233122712,0.012039446171582128,0.025789024090030973,1.6082496138207394,0.6485202250572532,139.46954764173535,0.9661954517516902
37843357-075c-406c-aaef-c6a80d7a5bfe,5f481e6faaf9582bdcd9697b,0.037177581781465276,0.034159815259835524,0.020360445511468466,0.02625202321473223,0.34821716968139854,0.3468494298215457,0.10149846628600505,0.08548506760818773,3.5377440428785976,0.751407112046374,223.7792115072985,0.11483253588516747
3851cd44-577e-4d78-a45b-5333009f7dad,5dee44454d7bea4e3f4b44a6,0.004079915091002443,0.023539294502787203,0.005297523228619899,0.028417661464860956,0.7025381270599113,0.06843462582237164,0.05214068037969054,0.11555217269786691,1.7636184864051392,0.8065735114277454,210.10735706929682,0.8827014218009479
3851cd44-577e-4d78-a45b-5333009f7dad,5ecb2895bc80406a12e913a7,0.07932975335727352,0.030376397076706266,0.08996235017501993,0.053448560600101065,0.2444555122616356,0.23131411383362166,0.17437161520846878,0.09674169666908145,1.7954347096458882,0.764693308876193,137.6137798424987,0.4343807763401109
39679832-1a7b-4596-a70b-89fa8c40a6f7,5c270d8f2c45d400014909e8,0.015398762132844924,0.002764205692208535,0.002039427107349342,0.16138266338098067,0.5486654167761917,0.067183872699914,0.06875010921656233,0.13381554376055468,1.5020353772997133,0.8427716255689564,233.88968597138543,0.06976744186046512
39679832-1a7b-4596-a70b-89fa8c40a6f7,5c7e91c1973c990016ea72b0,0.18630988432358572,0.017420239828385194,0.016583085146356445,0.11421835280440829,0.11716105215893781,0.2777038092619502,0.09155882522440159,0.179044752242759,1.816066537949329,0.8315831426918431,216.10949714795197,0.0
397d469d-1ae2-4d4d-8cd4-20ccb3b260de,5d81746b784c7600198580ee,0.053362977234061554,0.009245157980903498,0.015634291743886017,0.10888806785171444,0.19654169104906227,0.4493176497555725,0.10115190406031711,0.06585825987522335,3.642252924637265,0.7176883306526372,183.87725685424903,0.011235955056179775
397d469d-1ae2-4d4d-8cd4-20ccb3b260de,5f55b2de5c3cb118507479f5,0.10695438670658143,0.00900892029984738,0.008954627322999197,0.03313730094387528,0.07172290529228306,0.6470218535077816,0.06232052751528417,0.06087947887920275,1.4143130919901212,0.7378599385128117,163.321657243901,0.0009319664492078285
3a0b5df2-a40d-4eea-91ce-f95031502c58,5c3a34eebe1ddc0001aa35d6,0.10221168410528782,0.007404322712759484,0.059608268287774865,0.11517258501441487,0.3475477999454174,0.15638605990606194,0.0959162691689336,0.11575300915156447,1.9580256255161272,0.8213058338961795,195.52559182796043,0.6878612716763006
3a0b5df2-a40d-4eea-91ce-f95031502c58,5e84765c7206730182a6f738,0.020535790900316788,0.007806505580923151,0.0019316539546828165,0.043713049392789104,0.4841500865925722,0.20831518241377747,0.20736474512130387,0.02618298607410962,2.8137275742410233,0.7879500550594397,241.25548595637545,0.0074682598954443615
3a18db1d-a49e-48ee-b598-545465442c74,5f8bbce9ee73572fb4ee63fd,0.2676461514291687,0.005272234643033977,0.03856439776816801,0.2512823453762038,0.13150498043015052,0.09983251720327939,0.08190163612179728,0.12399573779544515,2.0566218801410647,0.7420900816209132,184.59730023133002,0.11130434782608696
3a18db1d-a49e-48ee-b598-545465442c74,5fa46f7a614df30ea736fd1e,0.08129470016590688,0.04876904097641925,0.15805322508135033,0.02991197848542082,0.2532197923648245,0.23064914560895272,0.06229094363344909,0.13581117393357323,1.9194523068396534,0.8172794645897177,230.8554807560456,0.520855614973262
3a47cc58-f351-4050-b06f-a0b505f2e7da,5a49d6a06d85f80001c25bc4,0.04522313792857716,0.02843133636536694,0.0701731440011996,0.00891616733459687,0.6724720076489643,0.12154633955706103,0.030689240116561413,0.022548626409714976,1.6775953711478233,0.8032416688684189,193.73556702380012,0.8247903075489282
3a47cc58-f351-4050-b06f-a0b505f2e7da,5ec453f93ba6b432bdf01d58,0.014038577684399757,0.04956094007618624,0.005801157925224832,0.015597653028768447,0.5065404351898387,0.23018010675156186,0.11654078167807924,0.061740346129789944,3.0069065171998415,0.8066770759055683,223.862703790826,0.7740058195926285
3a51d3fd-a343-4177-b48e-a694a14c5891,5c8be0dd542fbd0016924f5f,0.2922682712424397,0.0423510388074714,0.1014206294263251,0.03306946804761676,0.21296081791159213,0.1627147457148934,0.11970840768651211,0.03550662152552722,2.1170881447205145,0.7527614618319839,157.16031071617698,0.002509410288582183
3a51d3fd-a343-4177-b48e-a694a14c5891,5f2f6bd965964e35e20c7445,0.039326213893268444,0.03044336292255688,0.03968669027755455,0.02099889940241061,0.3823093066510155,0.12335115955178338,0.3358436031854641,0.02804076373782148,1.8426129127386626,0.8240784472928607,221.79143287594368,0.5675675675675675
3a5a4eec-b25f-4d92-badd-5ec53ab52847,55a43cf3fdf99b02ff6cb0b4,0.004842759499479966,0.021909539202691057,0.010057237758585953,0.012331087610105445,0.7529351090530441,0.04685923417043009,0.03466448888280799,0.11640054221304309,1.6530374010888464,0.8174091519677005,225.40834802978833,0.729794933655006
3a5a4eec-b25f-4d92-badd-5ec53ab52847,5e8bfc63e53da90ec5673f11,0.04822641984049534,0.0110441358147738,0.03080554123527364,0.03682854053042381,0.3424968937525363,0.3636894151495,0.10267374744673848,0.0642353059747061,1.7274263879811182,0.8722799198211222,256.98887122099416,0.3194527067221892
3ac003e3-80b0-4aae-a30d-7c3749f2ede7,5f0aa896791e0236de3fbdcb,0.049243218504104395,0.06381103089762538,0.0275372766569707,0.024030455315008033,0.4085767572701954,0.16986876184731864,0.06765858422836558,0.18927391573792376,2.229321228757614,0.8435700318282914,227.98113450810646,0.940983606557377
3ac003e3-80b0-4aae-a30d-7c3749f2ede7,5f15fbdf2c61ce144ceeb357,0.020501504611605104,0.013206559241561706,0.017548160535425003,0.11103754900601834,0.4131773426629857,0.1784781315309609,0.17059118880703233,0.07545956404721428,1.8484409634164432,0.8238858194773563,238.2413694325764,0.31179039301310046
3ad6d382-667f-47d4-bbc6-12c60928c4b2,5deaac8dff7f711d9032fa94,0.12479378117602469,0.04636973932921634,0.18647134651099292,0.048136667314733775,0.2274322287835827,0.1281656580070571,0.06778289699703793,0.1708476815333788,1.647395709477335,0.7918879821557633,202.69865106820137,0.03328290468986384
3ad6d382-667f-47d4-bbc6-12c60928c4b2,5eeaa8ee94a7f8046a02a20d,0.06185755260392189,0.0535468635789584,0.12115239473900546,0.0156414836075984,0.1438616600611971,0.365604671339194,0.19901878624740568,0.03931657538083117,1.2371740639985613,0.7776440359313195,141.41113367029803,0.8333333333333334
3b0194a8-6776-4c86-9696-19b9268d548a,5a50fab2f6c517000194760b,0.09100782482496389,0.01981394483191426,0.07524122298529132,0.04526048746985838,0.5204882145409353,0.09176238620432053,0.08233342043346495,0.0740924982678453,3.3401082035640695,0.8078925241914418,204.8233183752512,0.829004329004329
3b0194a8-6776-4c86-9696-19b9268d548a,5eb4a3fb75168630c3e6fdb1,0.20070800558450014,0.0291353896218455,0.03085385586538106,0.05480567754494081,0.24494160694254416,0.26414228767179904,0.14846103314078618,0.026952144401041947,3.9621576164751495,0.7763402798134329,172.24007171297106,0.04216216216216216
3b130d42-5bfd-41c0-a5a0-30779f70b65a,5f165eddcff9011bb582c376,0.021672738073111,0.014063818232843181,0.011799684166490408,0.011378468475711266,0.17585675084783967,0.6517057085483264,0.06229161577498499,0.0512312150583638,2.7813591770434964,0.7299876621276215,164.98393371637675,0.4754262788365095
3b130d42-5bfd-41c0-a5a0-30779f70b65a,5f47e116dbc4a2230a521331,0.008409793242739319,0.044860249908891536,0.010389917893460084,0.003317015854154728,0.4885891125491343,0.35974989615812986,0.06999376769341364,0.01469024703305042,2.9137877283284257,0.8045467664468886,187.7485389408655,0.6414182111200645
3b187562-d53d-44b1-b8d0-2c6dd7cb08d5,5a49d6a06d85f80001c25bc4,0.033589712329273866,0.023831473747620974,0.05443448996750339,0.015723493856521574,0.6417882131692471,0.14394225472516617,0.02981629199843229,0.05687406934530607,1.8273612318347714,0.7960236841933601,202.43587613481526,0.8909883720930233
3b187562-d53d-44b1-b8d0-2c6dd7cb08d5,5acba4a15cd10500016280ca,0.05034294541303298,0.02036536294306479,0.061878046536613794,0.018453125412739902,0.2011602803942297,0.36991331177089704,0.20928725944055887,0.06859966898527484,2.278815444824762,0.7143850994601687,157.83395739801753,0.008086253369272238
3b34cc10-e694-434e-8b4c-ddd9c19d0153,5a9a9a34dbdb470001eee32c,0.09422872624966917,0.023413510023375196,0.0269724821557858,0.017817641697767242,0.5958834909350571,0.14004776726561455,0.06366483001138701,0.037971550748829956,3.3656827729139787,0.6897739710906595,159.75554251707288,0.08905109489051095
3b34cc10-e694-434e-8b4c-ddd9c19d0153,5c5fc0136467ac0001b80940,0.023068022176624032,0.021007142568533217,0.015226041969554592,0.043465240334277795,0.5656451229168665,0.08637416601225094,0.04318741864683506,0.20202684560101603,2.199425078093931,0.7971100304543033,200.31006807560146,0.950354609929078
3b478687-dce5-410c-906b-765e9da86e3d,5eab89102e910016bb0b5414,0.09075581732524417,0.03503048545510077,0.08207721370126331,0.0145370207541163,0.2723213201635412,0.4114941961560035,0.03831448178427248,0.05546946496215089,3.43321018089838,0.8188962898417484,256.08960917612313,0.8715277777777778
3b478687-dce5-410c-906b-765e9da86e3d,5eb35afb20c7f015a0697687,0.01124473941017781,0.03796008141430839,0.01848233461976754,0.018976361742280522,0.6494056091951533,0.12163073115725828,0.022385554580837595,0.11991459109602219,3.383412006531103,0.804646387075907,186.46267075468722,0.8243243243243243
3b6c1e76-b603-4b55-adf8-a715c2d0e7ee,5e573ba5ad27610fa25300aa,0.09234814663540374,0.09468663505056267,0.05758508161276352,0.004273537016953235,0.3121050592379442,0.28564898853408677,0.09815355646144051,0.055198995485189854,1.044673770054482,0.741213811960444,145.3084515789033,0.8685446009389671
3b6c1e76-b603-4b55-adf8-a715c2d0e7ee,5e7bd30c451d18212b458afa,0.009854233636770881,0.024589831943801568,0.005766682526054755,0.006666266590169752,0.6419985650275802,0.20260918693167393,0.08219639291339295,0.026318840030978702,3.8078412777548962,0.8319072164729427,237.36432710811107,0.8773234200743495
3bdc16b8-2b33-41c1-9375-d960f4d01e0b,5db9a46ff8e3f9000f88cb85,0.029197108742644917,0.009035591911175636,0.01166857433555459,0.06566850800050156,0.2700022617603415,0.2679226198230328,0.2870840591101488,0.05942127815656938,3.0134868754808446,0.6741650419805726,144.445941407711,0.4564240790655885
3bdc16b8-2b33-41c1-9375-d960f4d01e0b,5f1797269c4348022140d2f9,0.22828010513905875,0.02225306019108511,0.06768833043134297,0.07039915909031992,0.29650282039310544,0.16718105941673628,0.04986041821367611,0.09783504690189763,1.5869346947226877,0.7691988649881578,204.05630727492,0.6417910447761194
3c27cd73-51a0-4787-b568-3456a6ceb3e3,5df4ed2eae7b303760a9d47c,0.14579807679085163,0.0025555303219805176,0.044244887268176464,0.2776552303839321,0.0058303468271359675,0.12551358369289572,0.2435591650105119,0.1548431798728841,1.2376400323011811,0.7835316434659457,204.32284547031043,0.3691119691119691
3c27cd73-51a0-4787-b568-3456a6ceb3e3,5f96fe135f09520451546f1e,0.18305082289813093,0.014397550041392239,0.11821646197790894,0.06791046391712834,0.03987243576782066,0.33139080872230525,0.1934636116114971,0.05169784432475746,2.9761345512090007,0.731008775175461,177.99470794797386,0.034753363228699555
3c923944-0979-45d1-8396-a72dd9ec55d2,5d30a875ad3457001743fbc9,0.03464998678448839,0.007709394520110035,0.012913981994856733,0.11244049567737421,0.09018618703740781,0.40407076482618504,0.12519749853485757,0.21283169100479424,2.599691151312454,0.7842229967055846,169.56415291953132,0.07060063224446786
3c923944-0979-45d1-8396-a72dd9ec55d2,5eba7dd788044a040e7d8d60,0.01929628654971889,0.005081170068475712,0.006270074647128041,0.049209600691597924,0.11796492430544377,0.4031965578209923,0.10039431380287563,0.29858707297016424,1.4103054685248426,0.7273980560545658,182.65044812307315,0.0043559427504667085
3ce23d92-f8bb-4d74-b428-57f723fe4ad4,5d98077e74f4a002ea9a8c40,0.10617510866655366,0.05172749931344802,0.0434713316815697,0.022798578422821292,0.25568450808262305,0.2781763165414752,0.04882443182795854,0.1931422259218237,1.1795403416230992,0.788265881848528,202.10973135316726,0.7528248587570622
3ce23d92-f8bb-4d74-b428-57f723fe4ad4,5edacd8bca520571d4c0402f,0.01022637480912793,0.04132357603236725,0.0065124903751660815,0.01788789050957957,0.6066505223577687,0.18187218485395032,0.10766362111109551,0.027863340660496522,1.1264572055863378,0.7468008364837793,146.12504368419192,0.0019723865877712033
3d05e6d6-51f2-4365-b6eb-c6a8621c3a27,5c8f924dbd496e0012a84583,0.025983987255141946,0.013265154977201503,0.013328785452938917,0.01657458325823529,0.7959556731578612,0.06829111785528263,0.03352940197846988,0.03307129513287378,2.6156887352367355,0.8208562909341615,214.25249270407966,0.49348534201954397
3d05e6d6-51f2-4365-b6eb-c6a8621c3a27,5f95c1590b160b4597c93a76,0.2889835446902934,0.03227261408897649,0.3270390152006786,0.011096560940775293,0.12102281131718508,0.15518333867549453,0.031241280595995447,0.03316083479853667,2.22427745396691,0.7192213149001767,156.94260326831085,0.09865092748735245
3d0bac4f-4edb-4497-abf3-5e0c31045d8f,5dcdcf1f3d341109f64a5127,0.18403800559949615,0.0272003527187631,0.026736359557101838,0.03029845490019214,0.1709954762043518,0.432569514009053,0.05319407685153178,0.07496775807445613,1.5322175720330213,0.6644314922263491,110.03721866590672,0.16666666666666666
3d0bac4f-4edb-4497-abf3-5e0c31045d8f,5ec5b367ec26b761ec0fc87d,0.04897388012514527,0.04705766644755718,0.033259540937035925,0.05397970614998844,0.22360937168898293,0.32487395726763246,0.15369950995016615,0.114546366854415,3.604626247888729,0.7862480084454133,214.66418521561627,0.03560528992878942
3d91cef4-984f-480e-861e-cefc7e8c7546,57af9cdda169b50001a434e3,0.04416004064824205,0.022528001074907225,0.04238620083848479,0.01303863260622517,0.5376139062185195,0.10203990535096417,0.20351125346082774,0.03472205681188147,2.129271440632248,0.8241026863064563,207.58227064588655,0.5451306413301663
3d91cef4-984f-480e-861e-cefc7e8c7546,5f04797c88d91307286d6379,0.06074366001865388,0.062194668273364416,0.16422933854094438,0.00932048074933185,0.3452428639807936,0.21628144058774681,0.11712962730586585,0.02485792067771214,2.350843308364755,0.7034357181307123,149.72661975407047,0.7009646302250804
3de1bfb4-526d-4d0b-93d0-7f763b9a6de7,5d1534993fa4550019cf8aec,0.01763750293773692,0.04272944209031242,0.019601020846716322,0.014914196815839572,0.2966146449109103,0.41320148721555744,0.1263663741736787,0.06893533126245896,2.1540983584731594,0.6771285339468187,128.3276038549497,0.057777777777777775
3de1bfb4-526d-4d0b-93d0-7f763b9a6de7,5ee53940e704230cfe9c301f,0.021828513543313225,0.04371271202786598,0.009665114802844588,0.010654926964549446,0.577964193307475,0.13585350081347003,0.026640764523286946,0.17368027440737627,1.6038277332108428,0.7720458266051435,209.19680455384704,0.8284883720930233
3dec4f1c-bb27-4c5a-9b59-bcd7c88331d4,5706fb93914b7100093b7925,0.004027518921323792,0.057121038699081673,0.0013164700609754416,0.001272805587758204,0.8401223853536385,0.059807067807465066,0.02909788321451701,0.007234830286580544,1.358053203160581,0.7354839945934518,141.8392503688893,0.65
3dec4f1c-bb27-4c5a-9b59-bcd7c88331d4,5f9c755c87a954121022de9e,0.03870110495468788,0.03293611003532876,0.03743849001384891,0.02323150754401261,0.4372936419025795,0.2891219577497183,0.05874862585902276,0.08252856239757336,2.6883875671310147,0.8079722306868616,184.10550427789195,0.4116945107398568
3e3beb5d-0b8c-4be1-99f5-c6175a3a57c3,5eba2e33474e6517605faffb,0.034511250924760956,0.0424539364483714,0.01993922855559515,0.005459878823692939,0.4920210501193523,0.3256380499572734,0.02864837153293033,0.05132823384301667,1.6957722119022345,0.8413425680721026,236.22500924684905,0.7704752275025278
3e3beb5d-0b8c-4be1-99f5-c6175a3a57c3,5ebb48fa86aba5115f8f33c9,0.13914101387248914,0.020607443759009168,0.1910127021454934,0.03269398447189135,0.4300557253494562,0.09790279383803457,0.06202753501059061,0.026558800542843552,1.8256710350999128,0.8084379289485409,225.84608649944306,0.8792965627498002
3e4b373e-f0c5-49f1-9bf0-20332f3ec712,5e436fd5a21260000a4d49f7,0.042069496405692255,0.017702461975961013,0.0801875159543377,0.0668955691541039,0.15211078995366117,0.359583714815639,0.09379524333828596,0.18765520840931568,3.563359080558841,0.7736032330091379,218.4735675148576,0.5661057692307693
3e4b373e-f0c5-49f1-9bf0-20332f3ec712,5e75b3b5cf9c271200060583,0.03599427968764104,0.07424490431874947,0.056213681906254004,0.02173104623097153,0.3612220341822125,0.31516929530826415,0.024914289194108884,0.11051046872425124,2.214630122172343,0.7546932846385528,204.57921774176168,0.23659305993690852
3e53be18-2e59-4bcd-a5df-08ac30669ef6,5bb6413cb4dca50001df0096,0.10844002424324084,0.01024932487012424,0.029250975931269158,0.07448673369078708,0.12015360521067028,0.3966314374609176,0.08342694083081623,0.17736095796601875,2.2338636539247156,0.7473826057682885,230.31452468294125,0.1765536723163842
3e53be18-2e59-4bcd-a5df-08ac30669ef6,5f5d699b1b86c05bcf242f45,0.057561775748116585,0.015500007808727838,0.023715281889398573,0.08009659957184953,0.20595868093475353,0.37873997414886007,0.10615470368575336,0.1322729766113246,1.8211717782464685,0.7635210975828081,178.1764639641239,0.1188470066518847
3eb02a3e-10a7-4927-a967-6d39e43edc0f,583f02c8ca2e57000184353c,0.14985798477329332,0.01972830391788966,0.24069880474039895,0.07047754494886778,0.10130825457178093,0.12718369007444497,0.16845094227692806,0.12229447519147235,2.2230913650305766,0.8084154728425434,200.83025408163238,0.5854114713216958
3eb02a3e-10a7-4927-a967-6d39e43edc0f,5e7fefe06c12706d47e35211,0.09510693678917477,0.0070026248193115585,0.011408214725906031,0.06764072274739952,0.06261560800244195,0.5814566571081201,0.09359073315140955,0.08117850235728481,3.4907394658602158,0.7942730083041212,231.7116863302456,0.09118852459016394
3ecb7213-5034-4d15-83b6-6347ba6c7aa1,5acba4a15cd10500016280ca,0.06858873817677205,0.012302011099287906,0.07364692302055492,0.028897149727956366,0.15379546090741567,0.26518079236163766,0.302336402610646,0.09525252073906014,2.8795881002663926,0.7184863418300649,158.01795300786088,0.0
3ecb7213-5034-4d15-83b6-6347ba6c7aa1,5e67b5c4a027430517877069,0.029460110930641558,0.008349964155453702,0.008331406016932644,0.015004460577637886,0.4955071501822993,0.2885279275758718,0.0340277005800435,0.12079127976791305,1.854106805795377,0.7889079673732028,142.19009779783275,0.1710224667583677
3edbfb87-6b83-4dd0-a4d8-09ca1eba6a3e,5de855017d44177cafe19840,0.1349541624111353,0.0353206920350636,0.16598338863164216,0.03035742826338779,0.24952059697797035,0.19119472981539856,0.12388167907547615,0.06878732299640529,3.3539348608073896,0.712468114297003,166.2448790771322,0.3978405315614618
3edbfb87-6b83-4dd0-a4d8-09ca1eba6a3e,5f7357ed17b7c1054311b85b,0.024544825375792362,0.00820346678265186,0.011185360543354717,0.07948100631216601,0.1475267105940687,0.38138165435849314,0.17750830121202082,0.1701686759412532,1.9759939004390379,0.7027232763037071,131.97877494893828,0.0577319587628866
3f0961fd-c5b8-416a-9485-2b58bf333c71,5f419b522dc53535e3ee8f0e,0.051068267017804085,0.026995839828132594,0.021676481569663696,0.07534436279747901,0.23714809107481516,0.27207869156863085,0.09853949248676949,0.21714877330402116,2.882640295058565,0.6507062470799925,167.0634641155115,0.4394800974817222
3f0961fd-c5b8-416a-9485-2b58bf333c71,5f5eb22e58c9fb7782a6e90c,0.18426748516981506,0.04118736198879779,0.08324979505919369,0.11176145618565661,0.164429626308381,0.20561512539319254,0.070210929075788,0.13927822085651614,2.400081168484154,0.7688218418827251,153.0466604133549,0.14884233737596472
3f0b4178-05d8-414b-9b4e-1164daa6ca25,5d8b7c00f6c3640019267f3b,0.04006363547061914,0.015613765680670183,0.042614437828625666,0.06241786453386937,0.16430974405937174,0.24733070651221625,0.16190122264472226,0.26574862276597355,1.7521371862431385,0.777356993679018,192.90243370463935,0.0006618133686300463
3f0b4178-05d8-414b-9b4e-1164daa6ca25,5eaf5e17fc65f76590f73519,0.02719294586294212,0.047642068450158045,0.037648034710449106,0.019991422413846174,0.524399682659457,0.16303077083725806,0.10328389131185695,0.07681118307977758,2.572739528658329,0.8500657509831825,256.1936136976303,0.35773026315789475
3f6ccd7e-66b6-4d5e-bacd-a812868363d6,5bd4143d669ee1000144ac35,0.05630416205043473,0.09778395354427441,0.07801102827202124,0.0035499885909184513,0.47518005174808825,0.19575105540371016,0.05418268033179258,0.03923708044525937,1.8796152140609073,0.7303289224711014,210.11842237532895,0.969596827495043
3f6ccd7e-66b6-4d5e-bacd-a812868363d6,5f4bc3259e842579bf1a8b0a,0.02993328158315272,0.05533379464089679,0.021899846506962358,0.012560370899853767,0.3625532806700274,0.350140625912576,0.10136533654880582,0.06621346456992562,2.478461494557628,0.8354833573709889,226.74339640207697,0.07255139056831923
3f8e18be-c2a6-4f6f-b35f-eeb24fa4a587,5c5dba4ed86a7f000191e5d5,0.4076069924180641,0.0056994080297410685,0.07639527486017536,0.043463044278511435,0.024188820552914568,0.3012329801058546,0.12113969082024802,0.020273789679277166,1.3115691304651285,0.6551702811749592,112.09637442505846,0.005123825789923143
3f8e18be-c2a6-4f6f-b35f-eeb24fa4a587,5e8bfc63e53da90ec5673f11,0.03753151858982468,0.030483736946894918,0.03458942199200637,0.01727969789696769,0.37441326103026124,0.3393140724725812,0.11979671498944117,0.04659157607613201,1.6102811666605956,0.8639766004639697,240.8907287827202,0.11341698841698841
4035f17c-61f5-4976-9b10-c682def66b36,5d0fb996286e1700010de2c1,0.059162711142711225,0.019149028514408684,0.025591987838410744,0.01986826852105532,0.4488698549587795,0.34011069328757776,0.05593052680773509,0.03131692799761328,1.9608779842032797,0.8136695032392924,214.42832424011098,0.0641025641025641
4035f17c-61f5-4976-9b10-c682def66b36,5f0e50c3a8d93519188a7525,0.03589113029744132,0.0731101288379546,0.01096849519006358,0.011419555989194908,0.33401096608689046,0.3626249943345316,0.08723482610671693,0.08473990245774919,1.4702319825914083,0.7773325200101595,162.0363628849424,0.042440318302387266
404a442d-2399-435f-b1f5-e4abb0953517,5c5c4179ee8ba60001336bb1,0.06575583701735212,0.06046073380591037,0.04308847711310758,0.008015920967111293,0.3627989074648289,0.3951014144590169,0.05139344987426476,0.013385261027499708,3.3189049262350245,0.732547552080176,190.06482732466722,0.011011011011011011
404a442d-2399-435f-b1f5-e4abb0953517,5cfc3d486e9951001a0cb8cd,0.03484351721446861,0.05231996807431374,0.05031615374346158,0.00785042092361806,0.16716366743649022,0.37969576851039355,0.22457091374176763,0.08323958826384337,2.5936113373656613,0.6881644585876143,194.9926818603538,0.6609756097560976
40597f35-77f2-4834-bc1c-7cba59be2597,5e3d91a08dfa83000c9f4d36,0.24960331144644196,0.03018427445162731,0.20633372984742124,0.07560950102415609,0.07247116980062693,0.14800854047142165,0.18394122752009812,0.033848245117923274,3.54595184024075,0.7082157656577303,169.10486686078872,0.49110320284697506
40597f35-77f2-4834-bc1c-7cba59be2597,5e9e23f67266611ed1219178,0.14998007840356095,0.03585039194287048,0.06596284346713104,0.09126037354583455,0.14694546081518553,0.292844530078536,0.11110936353839079,0.1060469590607085,3.960310944964883,0.7290441464886618,180.75449656486578,0.5525087514585765
4068e5ec-1e1a-42f1-979b-0dd423fa2c48,5eb1e9b96c1f4713ed5d0a1e,0.05896448755929784,0.03706101168994598,0.047357326343199474,0.03211184111482771,0.5642997274453755,0.1171988069475376,0.07589115417093135,0.06711564461645904,2.465711757040925,0.7745493756319051,218.18241903796223,0.6721014492753623
4068e5ec-1e1a-42f1-979b-0dd423fa2c48,5f0395a63963d05bc235abdb,0.15531143206988612,0.012857681032467018,0.04217088347325511,0.0808331987216744,0.316948730748525,0.27025533243143496,0.09568268278483658,0.025940058680217894,1.6776780964062377,0.8164984296416724,202.40753318955174,0.4900681044267877
408ffd36-dc4a-4521-9349-7060ab14a6a7,5dcb55b60133ef83a90f85ac,0.0310797524889779,0.06392824599966068,0.015643282037767246,0.007994434379802472,0.5620493349185168,0.18494881973770358,0.05911617932623096,0.07523995087933448,1.9894230567828255,0.8591233353450052,253.47491075033207,0.7866004962779156
408ffd36-dc4a-4521-9349-7060ab14a6a7,5f5c2d8dc6768e436b290d73,0.04976568902985562,0.04326582214416713,0.04405857810737128,0.02647692435525577,0.481560831482353,0.1606383914206364,0.06113453869319968,0.13309922454765688,1.7470158428434008,0.8149689460072751,214.30869135272047,0.9575242718446602
40d9ff29-4edc-4570-b980-fcdf70bb1629,5aea85ab831584000180a1f6,0.04827979592153687,0.0189955457024245,0.035106683924571,0.06928733687067222,0.10638716931600374,0.3849733664632576,0.1105738266988915,0.2263962753894208,2.458140649862811,0.7286174233554179,139.46254228065035,0.5138607167004733
40d9ff29-4edc-4570-b980-fcdf70bb1629,5b836aa6413ac100010d165c,0.06352589286366633,0.027347771133269347,0.14031016279408698,0.05793298139959788,0.226206607258548,0.2958987402187555,0.06262554281724396,0.12615230139704825,2.24368832210608,0.699805768542885,135.9036849518207,0.48214285714285715
40e347bb-13d7-44bf-859c-19f70a470f66,5eb35e715308a1157ae3b853,0.08580511191768228,0.018175046920983175,0.017985852546322956,0.012325204887004422,0.2783460093487203,0.4911660934119763,0.02974949153218613,0.06644719002735243,1.0083124013217306,0.6697200051776578,109.04101081756441,0.16937669376693767
40e347bb-13d7-44bf-859c-19f70a470f66,5ebabe2f4d32da02ed3a6915,0.027948203780329278,0.03213151258358631,0.010240357668814324,0.02271562984821698,0.30574279180613817,0.3307334414299723,0.1600298789241767,0.11045818229675236,2.2581612747836264,0.8256913174503585,222.42275148226645,0.13328822733423545
41126a20-ce2c-4eab-90af-9455356e03bb,5e7072e5fb136c63e94f3fa4,0.036260002592571054,0.017812109268956943,0.05984723366055804,0.13180418306170666,0.3186606683426568,0.13423627409301975,0.15530792609442326,0.1460716020855052,2.3551282007947862,0.7289052784118316,132.59189807652194,0.8674928503336511
41126a20-ce2c-4eab-90af-9455356e03bb,5f375d51fae4971ed086f809,0.3106367424769927,0.010120073886233096,0.05889589764742103,0.03750453030912995,0.10594143053069781,0.37298907192877095,0.06749575200120563,0.03641650136293687,2.3075721007666323,0.8031748981645452,217.72670673351158,0.007518796992481203
4176d548-8d1b-4a5a-8f94-3a28dd50370d,5e9732d6bafec41daaf8fc30,0.052554482105962336,0.011668065758951886,0.06312723381571611,0.07801782778196716,0.09208448403103366,0.3765580945459507,0.25794819521883855,0.06804161724512028,3.7962985349400467,0.711558792941079,163.00519169604468,0.8871096877502002
4176d548-8d1b-4a5a-8f94-3a28dd50370d,5f0298ad4a1b58435567e7d4,0.02509289179048699,0.08353812804896646,0.022532202373155317,0.00519130328952522,0.2974302637265543,0.44008267734367174,0.1130519802421717,0.013080552776321227,1.832905022259843,0.8174537510982153,196.6776531105737,0.516504854368932
41883195-c82b-4192-9c12-7336fe02c163,5dd3699ee73e6136c640f1cf,0.037861198848133,0.005169477131172416,0.007660327799691811,0.04879847571485457,0.35650956986806526,0.39653942145454085,0.0923119843995731,0.05514954599841108,3.842175176219986,0.8213572745000052,196.86835140456918,0.08125
41883195-c82b-4192-9c12-7336fe02c163,5e9b860b845ce808703dd6dc,0.009004245387662231,0.012268507493248202,0.004943035712187703,0.022481956210385144,0.5682158175498014,0.18872074828578125,0.056639860972187275,0.13772582843707143,2.4329664556613,0.7803478036309757,145.2333949642492,0.8356282271944923
419c2d57-3d26-4c4e-a5a5-de392846532f,5b95981f21e7200001f5987a,0.0771331819705665,0.0300180559279397,0.0071154040415422,0.0104664083919487,0.4503419920802117,0.3570831548422575,0.0599868362769484,0.0078549029276473,1.2473990988834962,0.7289395147413403,127.51872095569956,0.5
419c2d57-3d26-4c4e-a5a5-de392846532f,5e8ca66ce6592d0350103956,,,,,,,,,1.9357029705352151,0.6828945694888348,131.87008151280696,
41a622a8-3c9f-4546-8333-d9d6e57cbd45,5e2926d80beb030ede110e67,0.1421960316577768,0.04271808657149688,0.06723898422514916,0.014002368345113638,0.2164845795981134,0.1967734656489088,0.31117430611128133,0.009412177680750077,2.2227085861656772,0.8269248181743483,216.47010520279784,0.0011261261261261261
41a622a8-3c9f-4546-8333-d9d6e57cbd45,5f035993cc8d3253768d9804,0.06336068291096514,0.02692962735813579,0.05628207873528281,0.05379489983639616,0.38813750884054093,0.14218311542957626,0.19745558512483524,0.0718565016531535,1.4749000932502052,0.7492952968317312,144.9282255855438,0.7160839160839161
41b5746a-0546-4c67-b262-a61ed5a6af2b,57272517e386b9000e3e2b72,0.13156028608292886,0.01948562776910687,0.06355554140221756,0.04145971310488284,0.15895020970573584,0.2651685290689613,0.18681434308325945,0.1330057494071464,1.9242153173234184,0.7982968109080636,219.11075444445405,0.22628726287262874
41b5746a-0546-4c67-b262-a61ed5a6af2b,5dce9859c41dc20fc2407bf0,0.1374541858229302,0.014579027106422494,0.045987596608544914,0.08456964304211478,0.12206199146574583,0.2232749578822294,0.333501772969904,0.038570831451303356,2.450065680573229,0.7307576702214409,167.62517005304397,0.0
41ebdc70-fa5a-4e8f-ae1e-952936a7b338,5cb62855a8a6d400176eca83,0.14588796637918866,0.012250050319751715,0.05069399102000526,0.07743785056359659,0.23434059478644406,0.2975034435043773,0.09308422309658115,0.08880188094962699,2.1307272227486513,0.7851550811420217,225.15676098748455,0.04332129963898917
41ebdc70-fa5a-4e8f-ae1e-952936a7b338,5eb06b5c438b1810fe2e58a2,0.020311764794335923,0.02540100854072768,0.00846544952338706,0.07465712763486744,0.4275880363511549,0.1431344974168048,0.1602125532285592,0.1402295620400609,2.243990370675415,0.7961046745296305,210.6518211268541,0.6776315789473685
41ec5281-ba08-4f5b-9d68-2dcd0d678501,5f482b0da1cde52de45f174c,0.08951226107039208,0.019330822918311716,0.023117068193698784,0.037377402439239066,0.06424959730447367,0.49062330085719197,0.0559975073707526,0.21979203979699657,1.051304851639608,0.769682959445176,137.3553290011793,0.012392755004766444
41ec5281-ba08-4f5b-9d68-2dcd0d678501,5f48843bab878a22705b30b0,0.01709284067901522,0.011457066001445512,0.012661230067542524,0.0366093255020541,0.1786480603966164,0.3894589487893747,0.26455574034218327,0.08951678883171796,1.9893363299733575,0.7975394853486816,203.7895684359668,0.2756183745583039
422209b1-bd5c-4bd4-9f68-760bb1b54b9e,5dd0103cb2204f108c201552,0.04869592313659734,0.04122684802191195,0.032233982844974036,0.03493009640652016,0.61168793225112,0.150053915671691,0.03269942887507767,0.04847187300316183,1.6536120545499309,0.880284076875711,261.5916505732215,0.13935681470137826
422209b1-bd5c-4bd4-9f68-760bb1b54b9e,5dd352c51c219b35931aefd1,0.055427374434179215,0.008090560810832842,0.012323064701270689,0.035754079048461895,0.36461061878987566,0.3510370531990867,0.10561775116175372,0.06713949843175179,1.513320408553969,0.8078877984074085,228.86011131959523,0.0
42ce8122-bc6c-4c25-8e90-0cb2f2406432,5a135875074b1900012527a9,0.1342451791831067,0.02268080548759886,0.021505573766808103,0.04243422989792236,0.0760680734658428,0.4586993165315505,0.1539768525795962,0.09038996882113859,1.603176727275142,0.8239105227250085,188.42933823360949,0.109375
42ce8122-bc6c-4c25-8e90-0cb2f2406432,5f9ebe0aef3e674711654bab,0.03540679735743281,0.05283915567808773,0.24293825560897264,0.014676549255592345,0.15307918434786974,0.26341815051043277,0.20680224181966067,0.030839664503954953,2.5699134203418947,0.7195970973428665,127.19123341358194,0.7662976629766297
42d99fff-daee-41bc-ba4a-55b6a787e51d,5c738ffc61dd7e0001a16a72,0.04279764830461665,0.0356601245521432,0.12009840093673094,0.015884424566092327,0.39845713547749917,0.2337961405188775,0.08853535508904281,0.06477077019709798,3.875046094270469,0.7955765642465422,227.8110057552627,0.8202247191011236
42d99fff-daee-41bc-ba4a-55b6a787e51d,5ed56587e879740cccc9d62a,0.0065531780602353885,0.0377269601838542,0.01143881972337616,0.0263979213780769,0.521840424018374,0.196701000639291,0.08576319755400273,0.11357849843065715,3.830237136767937,0.8188994949459626,230.7137952499971,0.47259136212624586
432efb26-fdcd-4a4c-8fa1-11310c0b96e3,5dcdcf1f3d341109f64a5127,0.1593017744849599,0.03692852700789167,0.035070506670343095,0.02334832090615628,0.17188477338497807,0.4362188305689699,0.08149476422539759,0.05575250350260013,1.768484210305595,0.6606418463580092,114.87299958980618,0.2537154989384289
432efb26-fdcd-4a4c-8fa1-11310c0b96e3,5e08389f67f170185698a2be,0.10737698891000316,0.03098791459496407,0.14148902135952937,0.05088244358364583,0.16336558389381448,0.25703665915094875,0.1653537418278978,0.08350764608133264,1.732490225438726,0.8454373024532189,234.25734137349787,0.4700374531835206
433c9a8c-8a0e-4eb4-8a32-d366a5aeee84,591bc89fb817f400015b7017,0.03123344745575246,0.01117158802352837,0.04580801235765794,0.024309558749695336,0.7358772624004798,0.1009884139272641,0.039699755403535805,0.010911961668461938,1.4061134879806425,0.7587972130607756,149.48414989673591,0.17223650385604114
433c9a8c-8a0e-4eb4-8a32-d366a5aeee84,5e17938e5bcd430947a98c2c,0.0362086877083756,0.021819488729933494,0.04700348616141549,0.06820177793224409,0.46204095090358915,0.19522039381648865,0.12844756938672738,0.041057645387342835,2.1090373158554567,0.735220242950947,150.62880240526914,0.9220576773187841
434a157f-6239-4e66-865b-4764e72ed918,5eb9798c0c0c95075ce61dfb,0.12236663919985996,0.024096739612558888,0.06897662288589052,0.014928321568329734,0.13726218428723647,0.5002395921241076,0.07826769472661246,0.05386220508639593,2.6589189808054132,0.7032068395930259,140.31107509717143,0.07556675062972293
434a157f-6239-4e66-865b-4764e72ed918,5f0142aa1eb1e528e7abce50,0.03145903930492458,0.017204230255645183,0.035941329025992605,0.05545002402303046,0.26141874294492917,0.30047110455531373,0.060968972602309816,0.2370865569306695,1.5200065575417072,0.8591216246110117,203.49421167583077,0.5057416267942584
43540c29-7c51-4fc8-8bda-fe8614340c64,5cc0911796a3ca00011ddfcc,0.08678067926359269,0.006446372251587098,0.007592312202714233,0.0214295809939309,0.44081133390993815,0.3379603038777159,0.07942041009649445,0.01955900584944771,4.2747058760995,0.7834168188458703,223.3375472248714,0.659915611814346
43540c29-7c51-4fc8-8bda-fe8614340c64,5dd671942b033b5ec8bc97b4,0.09135664999095426,0.024467059349474594,0.06682446441736536,0.0558996453024865,0.5133544077640282,0.11962129158664465,0.052422973218336846,0.07605350791620129,2.486824405443424,0.7365091416592564,158.84307206868388,0.7815533980582524
43741688-7c5f-4a12-9a5d-956cd04c8e4c,5cb35e2314235c0001320446,0.03775976077834559,0.020215458460119615,0.0236734949105157,0.06999228837215017,0.33714978920402405,0.20342538521146986,0.20013504368347482,0.10764877885950712,1.4456528685005552,0.8022419291233287,200.25652853805275,0.628152969894223
43741688-7c5f-4a12-9a5d-956cd04c8e4c,5eb9798c0c0c95075ce61dfb,0.13606255777624812,0.010501812968077312,0.0394753990173113,0.029123470267842035,0.08457182967950241,0.5428637191311847,0.10989190467409683,0.04750930721181597,1.8925783384407326,0.6893745910563686,134.69998537639958,0.31437435367114785
437d7142-ef5c-4c73-a958-21e32cd3a75a,591bc89fb817f400015b7017,0.046919796200027834,0.012329192339689774,0.08084739761804896,0.025757106167560214,0.5786494526647368,0.16199837592438793,0.08155416235542043,0.011944517300216041,1.879390685961695,0.7586737204495754,159.3850751332599,0.18153364632237873
437d7142-ef5c-4c73-a958-21e32cd3a75a,5eaecf0c3616515ad1eb1a5d,0.5617051749362525,0.017954172746483175,0.049516153670495736,0.08497336718583193,0.06447894288502122,0.1478708118354079,0.04685770577881114,0.02664367611909984,1.9622459562687338,0.7377291374635498,150.16797325976214,0.0
43a0eb07-4a0c-4766-bdcf-00eb87dfbb5d,5f51268b7abc4a30c4d8240d,0.0990194317872329,0.02582748159575757,0.06131632598714812,0.04471131764831747,0.19829227766604707,0.3486472889530955,0.06233171038953916,0.15985416480984604,1.9810994446196155,0.8352496712095342,237.42087481280126,0.4475457170356112
43a0eb07-4a0c-4766-bdcf-00eb87dfbb5d,5f517ddee960a93daa69b8bb,0.041753053505772915,0.031079970768308384,0.0056654389121448675,0.021468966453554977,0.32972169653579597,0.3198261980740263,0.18276832027200862,0.06771635477479494,2.2484195229501456,0.6683886193643908,151.4312459886563,0.12384996461429583
43a2d7da-fee2-403e-8e99-5d6e124ae89d,5dd33bd8f01cbe3350807cf6,0.13968441849023253,0.008749367985747325,0.01017580119920239,0.07952013941410431,0.0865443412514874,0.5172569060709028,0.1342351007623948,0.0238339238181216,1.947871804209246,0.7178319596572622,150.75012139984767,0.6713286713286714
43a2d7da-fee2-403e-8e99-5d6e124ae89d,5de1ef4ecb1b08240f97671a,0.027233702878107658,0.01635093096023941,0.004230487891583862,0.01961177268272686,0.32431646301105505,0.3583689410233507,0.18215162036351834,0.06773608176972953,1.9473665951191323,0.6964496078583443,136.6338118177456,0.3679611650485437
43f39618-a519-4bb6-b734-f834d0c641a2,5e668df31d7e1a4039d67b49,0.05888326011476548,0.047098424007274126,0.07884623990221301,0.013055165542542612,0.28899905737339104,0.4137727129842212,0.04403532667118024,0.05530981299229577,2.0641815034985576,0.6886100916461154,155.3550476819107,0.7832558139534884
43f39618-a519-4bb6-b734-f834d0c641a2,5e79340b6d9a624e3f39586d,0.1188236458733185,0.02073273633456149,0.034111140726570295,0.06854431275087948,0.1470560717776652,0.2940272575699143,0.22930903287883372,0.08739580151751163,3.58082341906958,0.6786447693281437,159.8720355502496,0.15875
442dea44-b336-4903-9d01-47c8ca7a9a58,5dd33bd8f01cbe3350807cf6,0.07470673187763487,0.030586196951389765,0.05579276999005448,0.026244760983499683,0.4524000062692394,0.15129752931286367,0.15166412865882736,0.05730787436671907,2.080939300592931,0.7178302869948667,158.0751929264845,0.44419391206313413
442dea44-b336-4903-9d01-47c8ca7a9a58,5dee44454d7bea4e3f4b44a6,0.007833089994577621,0.016511543020125505,0.009187380512357526,0.017887040161995604,0.6932153378768062,0.1311552092323934,0.043741269277671475,0.08046913012208394,2.911659696271301,0.7786470069132335,240.0016807963036,0.8584474885844748
443305b9-c33d-4bbf-a719-db9c64e43a46,5c7e91c1973c990016ea72b0,0.12024984059954405,0.011905196437193444,0.015913991534767566,0.12344819877354672,0.11871406234726536,0.2933801310673281,0.12543834536793685,0.19095023527038402,1.84047324363028,0.7908387662015217,203.86567927547907,0.017107309486780714
443305b9-c33d-4bbf-a719-db9c64e43a46,5c817d90fae0130015ce9bda,0.04142371379595746,0.0028733345680090677,0.01640101733796359,0.13524452401600234,0.07892332192829679,0.31906935298997546,0.23301081947942057,0.17305391548940915,3.2440067109229878,0.7935597060794191,221.7653278655637,0.17208672086720866
4456c827-9147-4474-a330-53de8c96172a,5e87b6503b574043226609c0,0.021740050644012115,0.021471206580585413,0.012482628915717981,0.014297599811027007,0.5682601263904226,0.23190169187393306,0.07153195286522107,0.05831474288093969,2.1872656026511446,0.831416219537216,242.1124031025525,0.3819055244195356
4456c827-9147-4474-a330-53de8c96172a,5f14c40b8a043d54837e0601,0.044957561110083914,0.008075349858622927,0.01945843537632152,0.045818848016102726,0.5278273199357028,0.2495143748368809,0.06073595765516632,0.043612153458661214,1.7561486520869019,0.8256782317718022,255.83032565030086,0.11612284069097889
446fe8dc-1619-4c44-a4bd-8cbb48a2bca1,5eb9cbed3af3720f69cb5913,0.020735378697390363,0.0069034400952735575,0.010660543051263727,0.02104662374553519,0.5962421839418107,0.27286749753232065,0.027194763931098206,0.044349568592086414,2.280866479005391,0.7546609378024388,159.2081194424083,0.30873493975903615
446fe8dc-1619-4c44-a4bd-8cbb48a2bca1,5eeaae5f4c86581c32bf9a82,0.016566534796571095,0.03970042205731481,0.016827032066743842,0.006850153897391386,0.6876018349469866,0.15546920640694478,0.057405231067306425,0.019579585128363962,2.1334115475033606,0.6846463907105504,133.17438513113598,0.017543859649122806
447ce27f-8e0a-4219-8aab-7f4f8411c037,5c75471e5eb59f000131c7a4,0.07862838379294071,0.04314316326625786,0.04471310719593985,0.037683344807071195,0.13244804516883213,0.44772734094921623,0.1107788146078164,0.10487780035633164,2.1694949172718783,0.7769426129094895,186.39174332118534,0.7677125506072875
447ce27f-8e0a-4219-8aab-7f4f8411c037,5f741b74992460061db87287,0.15441960932652346,0.03483113082276491,0.03706964746794706,0.006889661056959074,0.07717203260754237,0.5298974655295149,0.14959449696804752,0.01012595565962614,2.2563255598460303,0.6690563696605419,127.29842265278842,0.891566265060241
44e03fdf-acae-40e9-909a-70826aebe7d7,5de9863a5c91a40b4a969920,0.02505139796008821,0.024081152382920596,0.05836055502598908,0.044175859676146026,0.2815921203979159,0.22705184179623117,0.21360521701598512,0.1260818557335917,3.0339383092591574,0.8257816700826827,213.0018978110545,0.6674169949352842
44e03fdf-acae-40e9-909a-70826aebe7d7,5ede89655600b51030337511,0.009461402890932015,0.04806178862037947,0.010006297628587565,0.03099880220232295,0.32211552690307954,0.26179689587527466,0.26848202149181066,0.04907726391180789,2.0161041275320195,0.7579597788238422,219.0292714658231,0.09549071618037135
4523b310-1fd8-42c0-b2c0-ecbc219382cb,5dead51bb48fa7200b3d0dd8,0.12210191612412473,0.010107075145714878,0.11026036481691207,0.13241875772014094,0.17818920125766433,0.19820616024053622,0.16482593472564078,0.08389059052635243,2.4615609375761793,0.8058513936878942,216.4995305948366,0.4451718494271686
4523b310-1fd8-42c0-b2c0-ecbc219382cb,5f03e4a77df42060e6b3dd13,0.10703645777456865,0.02570701149601632,0.044146896488181056,0.017809748160889614,0.11478906476761282,0.5371013529269049,0.07878051026773827,0.07462895862619842,3.4637655150475593,0.748338817793523,148.89036394112802,0.26647286821705424
4534b849-b002-42f2-84e7-d2cc9e73fa24,5ec4a0fffe991f37f61b356e,0.07940965771421678,0.04749546692107664,0.024956594276205085,0.01740704823758539,0.4609858952412372,0.24768271020096622,0.060687804561933165,0.06137482251503328,3.713435377707084,0.7580370395498455,182.43558612534468,0.9813258636788048
4534b849-b002-42f2-84e7-d2cc9e73fa24,5f50544b526bec1ce4a44f70,0.012121115174827621,0.0077300541542779525,0.006109187958507506,0.029004337993302872,0.5878507331850736,0.13835504889523065,0.09000686566596715,0.12882265664288287,1.562583708028111,0.7115405091288882,137.3828412096009,0.727024567788899
45389a74-f82e-4a2a-b553-5eea7be9e935,5dd276c9a643802932187844,0.09287774314592417,0.027786405584112644,0.04964769299057904,0.040972292032139306,0.30987237945926344,0.29873940351748973,0.035682307191641394,0.14442177744525606,1.8531512492948155,0.8116024317435091,232.13285687626248,0.4773820981713186
45389a74-f82e-4a2a-b553-5eea7be9e935,5e24251b3e33586a5802206f,0.10332389426118602,0.010021838379867963,0.0662095691773834,0.15410336961930424,0.29407641818345637,0.20248240530449885,0.061310058090565306,0.10847244747299435,1.7477735830407832,0.7215319845746501,131.15369619450553,0.1625
4538cb0c-5102-4971-bd22-9767cc23e8bf,5d6d95547481f10019db1f28,0.009746049488401924,0.04497478940114849,0.004783153203922485,0.03899749416275894,0.4792635823499388,0.15326728073397491,0.18878622554880534,0.08018142477456176,1.8201393926927203,0.8076498036144635,219.22769557202685,0.8647294589178357
4538cb0c-5102-4971-bd22-9767cc23e8bf,5e68083669f4cf0c05439f94,0.023914665470572045,0.032387983010265554,0.053073772252976686,0.017544710753028093,0.4229154763504534,0.13852971341484974,0.19238815186465755,0.11924552656795365,1.9580103633979427,0.8234651902796071,215.8815576328436,0.41735918744228995
457f0b31-a9c2-4d6e-9564-7aa2f17a66ed,5ed7c2a9460b76287b2cda9f,0.021006538729551605,0.05263536795010829,0.008071892046200197,0.02719516857692538,0.4746718402621834,0.2941923206146128,0.05368903791502132,0.06853783326519755,1.8570507311380917,0.8373975584286684,216.74928418245725,0.9733570159857904
457f0b31-a9c2-4d6e-9564-7aa2f17a66ed,5f00bbd203e3291e95806b56,0.014961022313781222,0.05168057818895356,0.013201668525945402,0.008195435807132546,0.6598500971150026,0.15867447323093592,0.010527139565775015,0.08290958525595822,1.898988066330256,0.7870619685077624,205.44554726247833,0.9962157048249763
45c948a5-a1fb-4e9b-b754-049923156b2a,5c270d8f2c45d400014909e8,0.02323910367972317,0.008324788957886142,0.007106380847736951,0.09678308202982565,0.27826805394920273,0.1843757065270914,0.0609126227691402,0.34099026179396574,1.476752257375805,0.8257117347349237,218.01970430094627,0.491353001017294
45c948a5-a1fb-4e9b-b754-049923156b2a,5f5a6c23009333128f6f7d82,0.09166511422863696,0.026599103609652036,0.03838943821964598,0.028685996676809433,0.2277806179948031,0.42091764712379065,0.04219256665273365,0.12376951617687545,2.0041237029954013,0.8439224724499288,219.15401890777238,0.20844564240790656
4605e087-d60c-4cfe-8ffc-7c5c2f513da9,5f4efbf90b8cc113d26921a4,0.009425566521256814,0.036684107355992875,0.01021682384552219,0.083957845363104,0.285264026969365,0.12660339913485474,0.31705473211752105,0.13079349882816363,2.1634345393921666,0.7671645349955561,153.47957257389632,0.8728813559322034
4605e087-d60c-4cfe-8ffc-7c5c2f513da9,5f93386aec8f5f0e50933a4d,0.03062303344739301,0.0426378879481363,0.01111461007996182,0.0388007844293743,0.3289607291300364,0.23422953817005235,0.10468434956212773,0.2089490673787907,2.5237774772253974,0.7133128890591343,196.71505669008897,0.5538253215978335
4627ba77-c545-43cc-89a9-7c10184051c4,5c228e5c867f660001ad66be,0.06511425792986646,0.02175023314695922,0.016240025948571577,0.03110913826702815,0.27145695244845197,0.3967429125734906,0.07436809783215867,0.12321838189411091,1.8486833895481292,0.8221283689947181,230.0142709480121,0.3940329218106996
4627ba77-c545-43cc-89a9-7c10184051c4,5ebabe2f4d32da02ed3a6915,0.02598100266438981,0.020066353480887953,0.005304736704550718,0.02624050490312702,0.3542968964333792,0.3434074627628831,0.11777791387878227,0.1069251289369494,2.4122354241471036,0.8146549332643319,223.86275188536413,0.1838074398249453
4652239e-2e52-4454-bc57-ac93467deae6,5c1a4a6240df6b0001880308,0.0920027000372546,0.010280050003010428,0.04506307605313119,0.041628033082075674,0.5610421897132699,0.15173083566408688,0.060250059565915566,0.03800305757561304,1.4402381168228071,0.8469014238819955,221.58867887531687,0.0009578544061302681
4652239e-2e52-4454-bc57-ac93467deae6,5c4ac37abe23f50001e7f8b4,0.10008504091371215,0.058808939545394213,0.11390921540529392,0.018912473512508295,0.17311061262457525,0.4040095895535962,0.08414095194096756,0.04702317593474294,1.5824233919194979,0.7660786355780127,165.59985431358496,0.7972199509403107
46561ffd-6a0b-4958-b158-8e1d3cad91e2,5ebbfc3729e14e0372002deb,0.09061977584908562,0.033284562884264804,0.028061770816071294,0.0524578582438139,0.12643496076064387,0.3660619291667127,0.057868776322660215,0.24521036607113128,2.2433233246522883,0.8154502731618524,230.19520937933734,0.7022809123649459
46561ffd-6a0b-4958-b158-8e1d3cad91e2,5f070f6f0b00e807015e68d4,0.1403319369628806,0.0057536369180567395,0.03309872326330948,0.04430495516740161,0.07877681466520385,0.4439942959591237,0.081788497229524,0.17195114057358946,2.151237416035213,0.6957782603604915,134.20650164818986,0.004796163069544364
465c43c3-cf89-4797-80d9-4595e5d251d0,5e06748cdeea2b0515e037b9,0.029829959305648374,0.027126979220433608,0.004292097943095414,0.017294799993929463,0.4760140821946202,0.28806350113797985,0.1226430551367281,0.03473552510415732,2.000503901676972,0.7727306309783849,204.92290471948203,0.26169064748201437
465c43c3-cf89-4797-80d9-4595e5d251d0,5f4d53f96aa639a0d605052e,0.026481883349139083,0.018089072114302784,0.018326530870099927,0.055525869466434244,0.2531091867971194,0.39713605546968034,0.16104406504144153,0.07028733610254316,2.22107719863188,0.7717883518080653,206.02663704785124,0.968299711815562
46747c83-d53f-43a6-9de0-17298e3b633f,5eef1e59872e07000ba6cb37,0.033926820489041824,0.12287598176984098,0.017427673142113142,0.0012177051343139763,0.5753494718536128,0.1989134075701555,0.025137981293276133,0.02515095842081103,1.0099686895817932,0.6747140111210561,121.62748381750713,0.32722832722832723
46747c83-d53f-43a6-9de0-17298e3b633f,5f0fcdf51ab5551ea56a297a,0.07615428382703292,0.0586789616856675,0.03353084121523794,0.021809317591391632,0.33680754184108697,0.31203099805293727,0.05152805137000593,0.10946000379831439,1.952794235569197,0.8190199796376523,205.6046541427497,0.6688931297709924
4680605f-b06d-4456-ad6e-6c4427175e4e,59278c090220760001fda664,0.07796700305882258,0.07219033200734198,0.016556219386907826,0.02173312114805713,0.6854783610746474,0.08101202445705546,0.029569093311296007,0.015493845278456339,3.1632897123407293,0.7185058781574087,166.22900429124522,0.6670560747663551
4680605f-b06d-4456-ad6e-6c4427175e4e,5c41c28e896e090001c03bb0,0.06565190347749893,0.015175752460491942,0.05691979585232386,0.14396683927952764,0.273194438166765,0.13206956410655893,0.24560920180793577,0.06741250470544274,1.9846675832417287,0.7552682284166768,176.37163991820603,0.05466237942122187
46d14a01-720f-4d43-a00a-16e8a34835d4,5e5593e29a302e59cb575f46,0.058652525324491424,0.012065415268018412,0.008841969818324842,0.07690275953217215,0.2324848956577949,0.4027869783964135,0.12077038713729757,0.08749506927922937,2.246899877564048,0.7394540774198568,215.42705402643904,0.24577025823686555
46d14a01-720f-4d43-a00a-16e8a34835d4,5e8b9c7054a5cc07dd6e174d,0.13739067111487677,0.021235059711593837,0.23214158044219724,0.05686335143037404,0.08472691563881417,0.19138343153958678,0.23857590084728256,0.03768308895401134,2.641535068415116,0.728834858716063,162.81623056431337,0.5091610414657667
46e04d30-d787-40ea-a84e-95222ee4a17b,5c284e0970d93a0001211e16,0.1445091852105984,0.010962956474145327,0.016516191176927205,0.04536227508685639,0.05484405429951221,0.36285235112778014,0.14685719339662065,0.21809579224563805,3.3599507893829728,0.7028754833041153,164.7352294324746,0.0
46e04d30-d787-40ea-a84e-95222ee4a17b,5f60d31390a8c1044e775b18,0.16749704431706317,0.017542509451714476,0.046136791844834664,0.04977544726487639,0.0568716756017068,0.4932424471646168,0.09992807802308104,0.06900600663234328,3.4399832499570238,0.7246828391164482,171.83267502101478,0.6063268892794376
46f8e9b8-f80a-48cf-90a0-2e29908202c0,57656f6c2bfddf000125cce5,0.02298343364843542,0.012508306829354667,0.011669068256875416,0.14447817662122928,0.06801407764424006,0.36988667269677533,0.10782241549929569,0.26263784874979273,1.7180626900006941,0.751617044660602,110.41671022992556,0.1665034280117532
46f8e9b8-f80a-48cf-90a0-2e29908202c0,5d5eeb06d8bcde00162d73f1,0.05009830266660203,0.04050481486361258,0.0746241635391306,0.06132072967807847,0.2229288661821909,0.29197278566609713,0.17616113995814778,0.08238919782715531,2.6580888810959387,0.7018542235901032,158.44425311588165,0.42857142857142855
473435df-b97f-4c9f-a8e2-8e3fc66a8902,57d6dd8d6598aa000199188b,0.056056694078749095,0.013487869926413215,0.012475670284871445,0.09494654774342477,0.3202977130509677,0.24940392989686583,0.08595759437605131,0.16737398072879747,1.7714314699824893,0.8236002949467759,211.7585778865841,0.20271493212669683
473435df-b97f-4c9f-a8e2-8e3fc66a8902,5c4098bc2dcf46000167e4c9,0.13821540026078116,0.023849969791249582,0.009273160934593247,0.0399967962315995,0.13269975668847908,0.4624970171392823,0.13511251603128693,0.05835538278707656,2.1580202506226165,0.8500878059871421,229.4718655342909,0.011690647482014389
47468b6f-b49a-47b3-94ba-d9a05e84cbb9,5b66ce776f0d0400010d678d,0.03386917593878906,0.034194361313754904,0.02516514330446218,0.03453768202895089,0.5405599131009007,0.1288305542209719,0.15244103660108616,0.05040213358387164,1.9047426936027383,0.8002561372260953,200.3002785176694,0.46534653465346537
47468b6f-b49a-47b3-94ba-d9a05e84cbb9,5f0142aa1eb1e528e7abce50,0.038983937938698615,0.01388597086668034,0.03930449876469874,0.08046441252575977,0.4642133766232979,0.18672075512962988,0.06259254322234394,0.1138345046499455,2.934224408966334,0.8463108564317936,239.81418706085515,0.5303030303030303
474ab563-0623-448f-b2f6-13505ae80fa4,5afa5252672ea800010d97e6,0.0985339407494679,0.028550137955575466,0.15394981583615888,0.04813582693054261,0.1018052637034424,0.18103345832028872,0.3660890994712307,0.021902457015696913,2.022502091995586,0.8441200970493796,233.3429014126084,0.019
474ab563-0623-448f-b2f6-13505ae80fa4,5d8de6eaafa2c40019f2375e,0.2290447365333396,0.015503672566978058,0.12892663628699613,0.016802876823927785,0.06491630642308419,0.39681012628817897,0.10184841364662095,0.04614723193960674,1.4175214343273421,0.8000975944616433,183.55567677045786,0.4533715925394548
47617931-c2c7-4ae5-8648-5a9aab0498e9,5e2f4df549436751a44c8d8e,0.10676209545668361,0.041286965295956025,0.045210768242970226,0.0517811968449004,0.29235913405707276,0.32769341228876697,0.07384421860871238,0.061062208696743336,1.9326255986143672,0.7295209093513055,146.4420828569258,0.268348623853211
47617931-c2c7-4ae5-8648-5a9aab0498e9,5ee9d0dfab4d21000ae469c7,0.048306974236249245,0.00710996637918808,0.01689372408655072,0.07555514096116882,0.25035843774364436,0.2814036114663132,0.17881415547228013,0.1415579903525484,0.9471048031044019,0.8098229811416646,148.32404750996972,0.09781790820165538
477392a5-4d62-4530-864e-446dd8be3bfb,5c43c90d5aca820001f73f6f,0.06539327215282281,0.004583103197309585,0.010907170925455205,0.10555790089369037,0.12731266390399412,0.436592616941516,0.08827335589483663,0.16137991634444532,1.2080659197132797,0.6661679543808735,132.81668281940952,0.013435700575815739
477392a5-4d62-4530-864e-446dd8be3bfb,5eb2f1a1ce5ba10ab2c0a042,0.2203755706660141,0.027102603490096674,0.1485279862692393,0.025027120650977067,0.1846978085651801,0.23377175840030034,0.08868889778353974,0.07180825414250196,1.4878590347117013,0.6939787881731555,137.79103514240728,0.07191521574564724
47bdad94-7b02-47a7-85da-503a869a5c33,5687d85e369319000c269c55,0.026950070084927006,0.024784626229170194,0.0334254384105185,0.039314275366011626,0.32850321533400556,0.25972854799426026,0.2060774075785037,0.08121642058299353,3.0148913760713913,0.6766226476765239,152.51960997566778,0.12087912087912088
47bdad94-7b02-47a7-85da-503a869a5c33,5eb05058661fe60d7601edde,0.03305584325247544,0.005054146893878167,0.006526807781972841,0.12010226654791616,0.047543490910848966,0.42407540233412183,0.31582693236629716,0.04781510902108119,3.0646317129271017,0.7478174416954643,166.2966854039221,0.0
47e11fd0-9ceb-4ffa-ad74-0203e28427b3,5ef0d0a8074e4c413a113a68,0.010309052793163059,0.02159026210569061,0.052475451366178275,0.07888441133000924,0.434215348984924,0.10923229903790564,0.09396962533167875,0.19932354873552988,1.3944146459503446,0.832834144152133,235.73231265578855,0.8657648283038502
47e11fd0-9ceb-4ffa-ad74-0203e28427b3,5f1d266c6f7d7f62a219fade,0.0873320374860929,0.03579866493626599,0.03608857633021052,0.05016898672834056,0.2771262216038795,0.325905665261845,0.08371495094838738,0.10386489689733643,2.317009380771161,0.751193347056315,155.11713422448054,0.045068027210884355
4857d57c-b994-4116-aeba-af8ab658ad36,5b6cd50f9ee1a50001c5f481,0.038693255088669706,0.020046000052080435,0.015283137208415362,0.07314564201670797,0.22704639569054236,0.07824748372022865,0.48252360730738014,0.06501447984561198,2.7974139914779426,0.8313391714826778,253.17728520587337,0.030508474576271188
4857d57c-b994-4116-aeba-af8ab658ad36,5e782c5d99df853a6f1315f4,0.04562997886711067,0.026990088401244918,0.027382300331659563,0.021222820491952916,0.28686815733077264,0.2784983752433363,0.09189318971949259,0.22151508993318755,3.530865060915901,0.7459167903056282,205.96142341660845,0.29604925602873267
485ab0d1-e649-4c0b-8a60-49b2ee46dc6b,59ed1eb67f3d71000171e23b,0.009473638347174558,0.054398828380671095,0.02404170520934694,0.017005057155777634,0.44179964044432046,0.18762216528314016,0.14981626957987507,0.11584269545301748,2.4204254823100193,0.8373463900747482,246.3446289820628,0.7515701325889742
485ab0d1-e649-4c0b-8a60-49b2ee46dc6b,5e7751362226d42b52f254d6,0.026676877124706653,0.013609211644489302,0.03459981568357066,0.07329542927487623,0.5734128052614025,0.07189002912902526,0.11385188920392393,0.09266394272886135,2.1572004111184113,0.7978145509180699,220.14139725944887,0.6560693641618497
48622ac9-189b-47cd-8eb4-3e6d93ba462e,5c683401b75f9000019f49ba,0.04728987003550895,0.02303629271524908,0.14986589483138557,0.030495003787976767,0.31265177981626197,0.1307311355753579,0.27033693832151795,0.03559308514729723,2.19923407899983,0.7270106152062588,186.83722382353196,0.4754316069057105
48622ac9-189b-47cd-8eb4-3e6d93ba462e,5d18251e19c4900016c01035,0.010207395950948526,0.035624404966509406,0.01415760443628362,0.025626063331735213,0.7036716344580921,0.059719478589880914,0.05496636844340812,0.09602704995120415,2.216221544855635,0.8528223174021478,227.0979056572408,0.18626309662398138
4877ecf5-5ac4-4f51-9e08-d1df2adb0d67,5edaf0abba14031b7899eb3f,0.02072414867374532,0.03359995631784653,0.010674730286961042,0.04084765520471521,0.2998285274870758,0.28306703475876077,0.2013565086508461,0.10990143909544822,1.5851939479283848,0.7365507564936359,218.99176832222562,0.24065934065934066
4877ecf5-5ac4-4f51-9e08-d1df2adb0d67,5f5295b28bb79656686ac868,0.03206843046704667,0.04792279409629669,0.011941970015904819,0.011439790514769134,0.2399533269657631,0.3669039217521367,0.08795315571716521,0.20181661046495628,2.377373351927481,0.7908533863664303,205.3963465266736,0.7046580773042617
48a4206e-f458-4736-93fd-02436b76cfb8,5efbdfe2d66b1418c2ba858a,0.014827391746047606,0.010762936133256578,0.01164013510754904,0.05165318913319576,0.513241803588822,0.05974834229286021,0.051290197938653644,0.2868360038088073,2.5655731520227567,0.7681261794980235,220.30926075052614,0.9503311258278145
48a4206e-f458-4736-93fd-02436b76cfb8,5f74d520b30576105d455fcf,0.0017220529582817872,0.02682071265764337,0.0045616174308074926,0.0022664685689820327,0.8945613531328357,0.02674498778093605,0.006551907617184765,0.03677090009873609,1.9695457512036683,0.7969254196419487,219.24131963724668,0.9920634920634921
48ced667-0e23-4a32-b880-99c2504af593,5b66ce776f0d0400010d678d,0.017210030757668558,0.04741835982707544,0.011379039353032474,0.03161135150266052,0.6183777869031499,0.11037009928724528,0.10515096672850194,0.0584823662420201,2.0104904690360703,0.7758457039869796,176.50115171021682,0.6767295597484276
48ced667-0e23-4a32-b880-99c2504af593,5f0c058eda9c680009ef5de6,0.04158832473137136,0.015719231240885576,0.028393187372254314,0.016540704481519133,0.6967481330055726,0.06689073858500402,0.03298237253913454,0.10113730790894696,2.7215299104032233,0.8382727641662023,230.6918046965443,0.9187214611872146
48d0dad2-2bfb-4c22-ac49-139a62dda270,5d3f6c700bd40e001cf67d98,0.019989927511190116,0.039221676385923325,0.04337880930756761,0.019110049815989377,0.3240197849094427,0.25855721984784513,0.24780029570002335,0.047922237013210675,4.04861156430672,0.6509963857861358,154.29011712031323,0.2613390928725702
48d0dad2-2bfb-4c22-ac49-139a62dda270,5eb35e715308a1157ae3b853,0.08693835820090161,0.025991504647283028,0.021066423436819356,0.006289763385639835,0.2311582021872621,0.5614526346147184,0.03633183197803079,0.030771280554357124,1.5615157895211902,0.6544294584951964,107.31860856385543,0.013293943870014771
48e16099-0003-482b-8c50-3ce4e9fc26af,5ef54b31234db61ac1c7fdb0,0.037012099334094134,0.029066632131751195,0.011926661867752432,0.024009698683684796,0.41977124510271363,0.21806386813618114,0.20318505602304837,0.05696473884680496,1.6996661190134104,0.7333087959590721,161.7724478893071,0.9073482428115016
48e16099-0003-482b-8c50-3ce4e9fc26af,5f57f60be98f8e3493e3f739,0.04868080912745393,0.02225168610597645,0.0754653002108602,0.04390835891079244,0.3184933313450185,0.30559443972787914,0.09917487586071227,0.08643119890881297,1.6964829174319789,0.8227873293102566,221.93633017146925,0.16580844490216273
48f6f030-7973-4888-ac2a-0099e8636b88,5c75419284e176001254c7a5,0.11236456596910115,0.026959363912752887,0.05961057799520871,0.06931180366777723,0.21030449035214957,0.23811931851407683,0.07283833838103074,0.21049154158528277,1.3143980614940012,0.7361467710673859,155.95363517098426,0.6774834437086092
48f6f030-7973-4888-ac2a-0099e8636b88,5e9e884f0c8e5e25f51c6d0b,0.008190132858946646,0.061363132057782606,0.005314379276534305,0.008337078355845634,0.6171751507798895,0.19545835409513443,0.02390849534599014,0.08025327833784641,3.303972026129175,0.6575236776654757,150.9139973525617,0.5989717223650386
49090cf7-f049-469d-91d6-e66e4f68059d,57272517e386b9000e3e2b72,0.12277429936468362,0.02237931959076775,0.06796717541656339,0.05321399902418391,0.10581780610127456,0.28960672665233733,0.16254195049503134,0.17569872326065702,1.7547911002060887,0.765177868160917,182.62779446343782,0.8117738187451587
49090cf7-f049-469d-91d6-e66e4f68059d,5c82acc04fd379001524a6ae,0.017105121950041487,0.01611258337750663,0.009558027726644207,0.044973678721638224,0.5107409798515665,0.11624871333974801,0.21639447220992072,0.0688664219210345,2.009289864433919,0.8177479745115293,182.18221888219733,0.6256281407035176
491f9074-6f14-4ecd-a809-700599d28d82,5d8d821215875e001482ece7,0.2592720108854806,0.02539603744993084,0.18902618470579402,0.017863729910452323,0.09496718835602946,0.2815756357107781,0.09943197956308002,0.03246723265389462,1.376966099330709,0.7696062507601312,194.25741512784668,0.07219662058371736
491f9074-6f14-4ecd-a809-700599d28d82,5f4c5105ad5ee685d48bcca2,0.177360499264714,0.016051945376871143,0.08069035859527596,0.009555376203827085,0.21333985333315583,0.35103899982107056,0.11627684430405148,0.035686122305603855,1.58666820253026,0.7536713231555808,146.83786928082688,0.9495524816924329
492a9916-3e2b-4d3c-acac-e3161eb7e996,5e24ce20e3c71973d8ac396d,0.03153844157332692,0.03290786530322253,0.0660292168466956,0.07814120301747635,0.23011979044994646,0.24217655744671465,0.17472287135054315,0.14436405504781136,1.5859382532111008,0.8654777834075971,243.44996192528774,0.18545944126556715
492a9916-3e2b-4d3c-acac-e3161eb7e996,5f07070d75038e05e9fcf515,0.03201163731880352,0.04719178180491271,0.01597957745479861,0.013939119677281883,0.3617568504613215,0.41989988967741615,0.05340444417586685,0.055816699567238136,4.316464033114331,0.6973200405383962,193.80441266904515,0.44734789391575663
49694675-cacf-452d-a940-3c93987126ef,5d20081484b46c001977a5c7,0.13627620897502696,0.00538804770604039,0.007889142370767363,0.1576288491683772,0.10869951332579973,0.4776244420296884,0.0518653716922,0.05462842436248301,1.5992514350521205,0.7690738241802396,170.2349049802868,0.0053475935828877
49694675-cacf-452d-a940-3c93987126ef,5e554d861665625488a7733a,0.027008051023604478,0.05114560015671993,0.010990605555646666,0.025883203847833408,0.23236965563661882,0.2397416393031626,0.2723227768293766,0.1405384679963729,2.432407951942166,0.7202005926026028,147.4686602985412,0.578021978021978
499f7caa-f087-40d4-a376-3533b36ff34b,5d964976b8040b001761467c,0.08463200695762577,0.04519478005225717,0.05282063934105113,0.05746273608828337,0.4015144765764885,0.14331859278427617,0.12559576647952686,0.08946100200888503,2.3800186000743464,0.8128590900267721,221.93666156725726,0.6675964667596467
499f7caa-f087-40d4-a376-3533b36ff34b,5f9c9d259e7c0a17abe03413,0.021245825456668293,0.03948710068973801,0.07036741109103334,0.02487531932258675,0.36068517249916443,0.2089542337180095,0.13771914890499312,0.13666578729671874,2.548038255050155,0.6563167827682798,144.16485407010256,0.6301369863013698
49c1c576-58c8-451a-8ee3-07aac2149127,5c27e76978fad500019328cc,0.029514707808631024,0.009631710871550153,0.01810488599418042,0.02757324707032417,0.7835458389461218,0.0633821358664468,0.016360376778491975,0.05188709304435916,2.930533666774319,0.7084226274045827,153.60751851754353,0.0
49c1c576-58c8-451a-8ee3-07aac2149127,5e77116039c4412820356b26,0.17093219328455703,0.06347786402632326,0.12526466169880612,0.020160576682501086,0.31427594971046247,0.1874914937099346,0.07312555326759766,0.04527170722035989,1.8161364664598374,0.7455397385614826,148.0272163858633,0.5385756676557863
49c24a69-fdf4-4f85-8131-b5d24067197f,5f67f123a9151c4484c6e1f4,0.011855805560198116,0.009739606031779797,0.0035670716501764,0.10367226775085964,0.38257564816134493,0.21501266733070043,0.15167319651100206,0.1219037368285913,3.5644315484574447,0.8131507276950112,242.35938926875414,0.11163227016885553
49c24a69-fdf4-4f85-8131-b5d24067197f,5f72d964dd42802225ed83c6,0.0787270878294974,0.027518038488344554,0.017112460663658017,0.013001546329345802,0.32291998185944343,0.3628642209749469,0.15161645467519322,0.026240209291339994,2.168224041030512,0.7907831530526799,215.7430178176847,0.23741610738255034
49f6239a-252b-463c-a3b3-2667aeb24286,5d54d3560c5b0400174b3c81,0.03910656322353337,0.018479436425210615,0.035137677173231276,0.16522346226189308,0.20172610838243615,0.15940060843418954,0.11102563500285902,0.26990050739290783,1.6631703948560368,0.839734820250058,219.5632521795671,0.009508716323296355
49f6239a-252b-463c-a3b3-2667aeb24286,5eed1bae9e63ac127ac15a77,0.14007538374415465,0.010275406998480483,0.19425356644270494,0.20392500972616784,0.03820707337726663,0.05999697849892618,0.30645210179875726,0.04681447926349756,2.781959229878274,0.8012501578780209,165.53219879397798,0.058759521218716
49f63fed-0f01-4c63-83a9-664b40da4ea8,5ef831c97dcd65573bbb0649,0.044029838465885734,0.01143004647236724,0.007300309946640124,0.022137043987314208,0.2712876410722133,0.20330806837221296,0.4242637721482197,0.0162432793965871,2.807377016703287,0.7155055437638702,140.14716958897225,0.18153526970954356
49f63fed-0f01-4c63-83a9-664b40da4ea8,5f557591aa1c4e950ba02f01,0.02990844201447612,0.012757004757042313,0.018263026179644638,0.1568441655640431,0.23881975312050838,0.25651114954752874,0.11661137355698475,0.1702850847740101,1.5191919215550904,0.7602289744872938,190.95085661347434,0.09272030651340996
4a104536-429e-495f-a03a-7aa87467db1e,5d36600685d1d50001affacb,0.08248727833404783,0.011202872185657834,0.021118555742704066,0.1011082499065327,0.2954524076843476,0.24543485954216515,0.14739470147896605,0.09580107407874697,1.2068911714031387,0.7706135319846104,138.55209201173,0.17525773195876287
4a104536-429e-495f-a03a-7aa87467db1e,5eb10e1b6e2f921d6d6567dd,0.03797302152045039,0.03884935384118138,0.02472229234562491,0.01346874596653782,0.38665383038955714,0.3314503470447913,0.13923110285646031,0.027651306259442378,1.0777874093863633,0.6986714077422977,119.04399757385053,0.0
4a22389d-8ef6-4fab-95ad-ea5ae3395d88,5ea876f4ea2ee42be043746d,0.08911005626820726,0.0847592267014124,0.09128895165470678,0.008251243256788644,0.3235864741029156,0.28434349192321284,0.07418606756407754,0.044474488651566606,3.5959703823492846,0.7538299371499367,186.38749176735078,0.8774080560420315
4a22389d-8ef6-4fab-95ad-ea5ae3395d88,5eb10e1b6e2f921d6d6567dd,0.07220246245467833,0.05747688106541117,0.12115242816638618,0.009514034718594046,0.4636280503408729,0.1838165397250813,0.04775377438461743,0.04445582984601292,1.5935652825899251,0.7041332708485375,125.5457431031503,0.903387703889586
4a308a55-49a4-43cc-94f0-a2182fa5aaa6,5ed2fa0793788128b41df2cd,0.06837611721949496,0.009501437880135742,0.015074023647477628,0.05896762806123478,0.16430985534356835,0.48286061583082723,0.12218603731470319,0.07872428380824299,2.4626448843282294,0.837576154599251,207.8474156552384,0.031982942430703626
4a308a55-49a4-43cc-94f0-a2182fa5aaa6,5ee2aa08fb2efb7bf0d0f60c,0.034850929361000704,0.025918192199583454,0.013469030455401725,0.06776989716251929,0.3027325667652907,0.40602463100765956,0.06091414525300448,0.08832060791321453,2.333771212317783,0.8328413247049405,252.61319436468278,0.6004228329809725
4a348e90-7a79-4939-817f-f478f452da40,5efd41a487c4ec1945330e9a,0.07716130389051339,0.02484707614238719,0.047573792673683245,0.06417108941652315,0.2627701006219077,0.34803525522103906,0.038686468816483736,0.13675491265951153,1.9932189410958947,0.7416255578103501,143.32478966402502,0.06827731092436974
4a348e90-7a79-4939-817f-f478f452da40,5f1d266c6f7d7f62a219fade,0.10060985033568744,0.014549714342687666,0.03951589187390542,0.11909349721227916,0.15443229241171202,0.25154377848019105,0.11394423242955147,0.20631074220867787,2.1525663042455934,0.7410714230043361,147.68794583250735,0.07181818181818182
4a44dec7-65ac-4689-b957-6ba9e7c05b36,5eead18ae1959f1b046d1e4f,0.007874554207633843,0.03197278341556101,0.005220900221338299,0.027861078906756005,0.49358179301440724,0.17541671219092234,0.10378593735388175,0.1542862393148763,1.9672493745477357,0.8102507964778233,213.30605245169306,0.23171445289643067
4a44dec7-65ac-4689-b957-6ba9e7c05b36,5f0165065e7e8b2a6cfb4c19,0.006559770083511525,0.03373384832041493,0.00430446696834599,0.043119457548618415,0.26829720928037254,0.17047652587986065,0.36095592089221856,0.11255280169085333,2.6632551066225014,0.6919855810117094,152.56630154198285,0.07436708860759493
4a50f7ad-7b2d-439a-aebf-17f9abf9eefc,5d81746b784c7600198580ee,0.02357363410450442,0.004430243647238201,0.03132176139331062,0.07708099717028291,0.6477396993070359,0.0553502433225555,0.0819304967381557,0.0785729248062139,3.3390448076203723,0.7180356957878907,187.50809177674128,0.40643863179074446
4a50f7ad-7b2d-439a-aebf-17f9abf9eefc,5f5d072a03bb910d975cc8ab,0.01393480340762291,0.07455398799076732,0.06593780014987563,0.012340076401215514,0.7179253278061066,0.041523225102410216,0.04043897306875935,0.03334580625658447,1.8858631199639124,0.8678320267143705,245.20120064682027,0.9825641025641025
4aab823d-a152-4133-9383-dfc65a4ee06c,5e02285cac9e16dcddb845ef,0.056775786729625626,0.03426297954314464,0.053048696062162726,0.06045362256673454,0.3050757457521467,0.17669394114958106,0.11457666152636585,0.1991125663499931,1.9458056169354314,0.8432314191164353,246.7640395059234,0.4821246169560776
4aab823d-a152-4133-9383-dfc65a4ee06c,5f12f20001f4ce0008767b19,0.012701491081196375,0.03812087171769187,0.03617109624908353,0.07717401552547253,0.3080429273023318,0.15730331344426196,0.29458960208171664,0.07589668337921439,1.194334756501818,0.7418449714361217,153.06568838469073,0.8844589096826688
4aba58d9-49c6-40f2-9c18-2676eebeac58,5dae16d241fbb6001160ce72,0.14020571226659967,0.027867671225325224,0.011801878204788766,0.025648401317669507,0.28255282393535414,0.3930637626064967,0.04520474253202991,0.0736550081218267,1.4337091451364634,0.7989217418157866,167.8208011491916,0.01014760147601476
4aba58d9-49c6-40f2-9c18-2676eebeac58,5edacd8bca520571d4c0402f,0.01169146963098751,0.040447693306974335,0.007687269591499827,0.011825938746451646,0.6550975286068855,0.16030800148346133,0.06256554794448049,0.05037655014587377,1.3498905274493322,0.7319492530533545,146.25589783669128,0.005128205128205128
4b10bbc0-0b22-4944-b086-27dea1ac40d2,5e79352ea4d7d30d65532c51,0.009222638114853347,0.01384218352063105,0.012446462820820339,0.11994183657423038,0.30407317622717445,0.12753978981131173,0.16622386012524576,0.24671005166230345,3.2287629364044155,0.8541405288658697,259.3803032405163,0.4029947916666667
4b10bbc0-0b22-4944-b086-27dea1ac40d2,5f8bbce9ee73572fb4ee63fd,0.2558665943675239,0.008128340795245175,0.05070650896876158,0.2451923205126131,0.16728503156715963,0.12200253545265359,0.060868157747902524,0.08995051071258883,1.526019706681458,0.767480820098815,182.16845035835235,0.08974358974358974
4b3fc3a3-8714-407c-b142-bf2e242e0ae9,5f23ff398626c51fdd6c3fb5,0.04289552049161875,0.007322644220918168,0.013348790170931329,0.14353339156424824,0.25264263179670365,0.306338906847745,0.1300415942729676,0.10387652070943014,2.117105816671137,0.8537491819673665,235.82612517066826,0.014304291287386216
4b3fc3a3-8714-407c-b142-bf2e242e0ae9,5f51530ebc50f53857d60824,0.0076286375401476165,0.02897067645920373,0.0037079219537734763,0.01864980975186272,0.4567762555075178,0.36515023133504537,0.04136865962816228,0.07774780780552186,3.309375312155972,0.787043982292695,258.68129002192006,0.4842370744010088
4b51167f-3c2d-4c94-b08d-a8b41522ee33,5e5d41f55b2b6e02899a1b90,0.2437900777180982,0.007744324749474622,0.026047232118736767,0.12817840328752467,0.14307431841221502,0.19987593839223813,0.060523100527354184,0.1907666064963279,0.9012058008342262,0.7534981352943813,141.1327854068903,0.02358490566037736
4b51167f-3c2d-4c94-b08d-a8b41522ee33,5f7b058486367d0229c422d1,0.11147476734206643,0.028435009862865568,0.04035537060055824,0.007598100924094392,0.2652212997420249,0.42950635941301457,0.07348963461531671,0.04391945847670022,2.445688777050024,0.6915687974382647,162.0241316878462,0.35714285714285715
4b52c90e-e486-4276-a029-7fba4861396d,5c35101dbef9a20001e323f2,0.13607461939088963,0.008920915106119916,0.03783943903122673,0.06321454865525224,0.08152506542177279,0.2953093295883798,0.34368765452858113,0.03342842866905876,4.499283827197928,0.7548235269991793,220.29604539813027,0.6743787489288775
4b52c90e-e486-4276-a029-7fba4861396d,5ea9c6541eb4f0121a911e1a,0.07801464666528811,0.019052164338224774,0.12115291073360236,0.028189252073442844,0.22658630407279615,0.2996584230442546,0.14141808134784667,0.08592821709002509,1.3823265654788803,0.7645899316723668,155.11999713498054,0.934593023255814
4b5456a6-6363-4d2a-9692-515203591a92,5d7bd6f64b15c1000195721a,0.05286958807997114,0.004673873946049395,0.009505958818824203,0.14966344696818895,0.1892995160242995,0.39873338820705784,0.09203785585988067,0.10321637182322141,2.727731850675454,0.7768913548054944,208.91110352144582,0.4
4b5456a6-6363-4d2a-9692-515203591a92,5f0fa78daeef1d18edccd806,0.007551432723711177,0.03285040756351488,0.003965372003206909,0.020852389183735335,0.5637689751718983,0.09574525765019483,0.008600938438816303,0.2666652264434652,2.618111685433193,0.7614504916067392,173.8700136144679,0.7910295616717635
4bd7aa3d-2806-4365-879c-20de488bf595,5e87fee4c740a748f50a63bb,0.045497913911301244,0.009530170471298345,0.016502465152575432,0.1638991830120093,0.31529990985273953,0.21582637845434016,0.17823832277172363,0.05520565692712857,2.494524774807146,0.863710851382007,255.28575409893577,0.7206654991243433
4bd7aa3d-2806-4365-879c-20de488bf595,5ea70fb15789a40c67f9cf04,0.049605992834998565,0.0063223007684951845,0.016307478898823263,0.17334259253580694,0.10147936982776425,0.28951271102668197,0.18563631472144715,0.17779323979771344,1.6810845267370793,0.8717796741346642,239.10714290872758,0.060557341907824226
4be7675a-c2e4-4535-a602-a57aefbadc3e,592481c14c4d6500016a1767,0.09338294792324307,0.009065229730908946,0.08628869816726446,0.06524514275509358,0.13024040115879837,0.17371537223262556,0.3670339192114615,0.07502828808033458,1.9312573240346194,0.7977995095021798,217.7938748346758,0.6189349112426036
4be7675a-c2e4-4535-a602-a57aefbadc3e,5b497448369f84000112bc43,0.05789837344528792,0.01857769988161283,0.024072796777409183,0.0873397508223028,0.3716154048964189,0.2520853318333054,0.04574033482129366,0.1426703072919485,1.8655404260455797,0.8325527292474552,225.88031494516179,0.484708063021316
4c126110-fd71-4cc3-93a8-82bc5c2daf51,5d1ba5653788ac0019ced548,0.035419826315490864,0.0424952247700876,0.022879003243371648,0.05462990419711862,0.26910270641706585,0.21145172915692426,0.18749517791530723,0.17652642718837758,2.1272017329556325,0.8350607207934557,233.3760499372203,0.28829479768786126
4c126110-fd71-4cc3-93a8-82bc5c2daf51,5f7197fef298597c841d9ea7,0.2761273126510583,0.015408367236511178,0.025465999491298436,0.08835109383771365,0.13548637915770517,0.29045292836660463,0.10362658499988807,0.06508133346448863,1.2985873492432982,0.76866406099352,129.30336962091903,0.19148936170212766
4c1df7a0-95d9-4c6f-b665-a954f934f10d,5d515de747ee500019e799ea,0.0259949625154478,0.009162212939366398,0.012912538446136549,0.12508806750054494,0.4068156800175596,0.16781168162477786,0.09917935778716135,0.15303549791042653,2.3786740256813905,0.7338227920229999,182.80792542030898,0.6035634743875279
4c1df7a0-95d9-4c6f-b665-a954f934f10d,5dd1fe642b033b24c852394d,0.07564036234885382,0.04203644755003704,0.07483546336887346,0.03962521205851507,0.48358834997666655,0.12040848479766862,0.12449753615147394,0.039368144272847155,2.381382693178539,0.8245637319713652,223.92012450829753,0.24272588055130168
4c2f2108-be90-4a60-8c43-d2544558b8e2,5e652eca7513cd000b552d4a,0.03658096033673895,0.022733241697949415,0.0600767453978065,0.06917200849207969,0.4566584764502289,0.16312549072166022,0.08116010634647722,0.11049297045213563,2.2884464040389396,0.7820961973773337,211.52752713854463,0.49518874907475946
4c2f2108-be90-4a60-8c43-d2544558b8e2,5e80d8569d1bdf03449b0c2e,0.01933858176523657,0.03501152123173251,0.006087160813977127,0.023985226540595816,0.6004402890078809,0.1805627258570572,0.061644975856224804,0.07292951898159,2.2897266056791774,0.7845350930252386,212.53047415365168,0.5563725490196079
4cb7b4b9-b029-45cb-840b-e9fac6554dcc,5f0f74f79ae45313d4652776,0.14954474925885589,0.02674184465544525,0.09035974522901245,0.11471713221475315,0.2192110088521591,0.15471248880227595,0.1792863392512101,0.06542669210289229,2.289027360747057,0.804737308952031,209.8592630083936,0.2582297000731529
4cb7b4b9-b029-45cb-840b-e9fac6554dcc,5f60371e80ea02132146968e,0.009794293602551848,0.01679986980577264,0.010696071436266556,0.0012567241132851374,0.8229129050354156,0.10518051799774453,0.023870152032305105,0.009489466156585233,2.0889837569224445,0.8009720033541359,216.32554733736566,0.8222996515679443
4cc6a596-48b7-449b-b6af-a27263c72021,5db9a46ff8e3f9000f88cb85,0.018612655007809523,0.010499105187517144,0.003498819039028038,0.03118370286499182,0.2679407725610976,0.42389634803105536,0.2207998435049258,0.02356875370161569,3.8005937188314536,0.693320480568628,158.26682319901036,0.11575282854656223
4cc6a596-48b7-449b-b6af-a27263c72021,5ee12e737def25505356237d,0.13183417708518425,0.02099948152851395,0.0333971816918741,0.026465368572345414,0.31736450014198364,0.3021574949749874,0.10643456343025948,0.061347235347722295,2.5506977415059247,0.8234875902268599,206.99564069311472,0.0
4ce789dd-cb2c-4ecb-b4c3-406c3f9db052,56e130548b1c33000a388671,0.03303924998591677,0.023616659442301135,0.03319750763784634,0.02024073320400338,0.12916801889421523,0.25758579828851774,0.34609620010665904,0.15705583201751575,4.445366902622634,0.787195300953583,184.22275022110023,0.49011384062312763
4ce789dd-cb2c-4ecb-b4c3-406c3f9db052,5efd4df059990518c92eca95,0.11795574663037547,0.007470189321856133,0.026108575632218398,0.03611918018055855,0.03833134857593693,0.5174288203733741,0.10398699469270417,0.15259914448158682,2.17113700001286,0.7246684332670545,145.50569599159792,0.4038647342995169
4d094d13-35ca-4a09-b918-b23f185e6340,5cea73210b20970001acee5f,0.10997331989242867,0.026319396752468808,0.018151957466126606,0.01612836080811503,0.17739880297634822,0.5182614068965345,0.10458280447608855,0.029183951322505734,1.9792515899064187,0.8034811218665977,248.37037523124877,0.24022346368715083
4d094d13-35ca-4a09-b918-b23f185e6340,5e84be4fc39ab0054840a01e,0.1424288983524938,0.006651232047599389,0.030320249860266654,0.10084010443501165,0.08502824407497173,0.3761460873178168,0.18055757715354254,0.07802760790564656,1.9455100915609582,0.7774618449317116,196.75531199902395,0.0
4d72499e-6683-4b98-8df8-315cb63a0a94,5c47febdc41b2a000183b95a,0.009493882801198561,0.08096968781821391,0.015670242558111506,0.015816065310214837,0.5498324545500336,0.18041005720671233,0.050516023604578825,0.09729158699784576,2.2435923252279446,0.7998270364413185,212.97938699525963,0.9745011086474501
4d72499e-6683-4b98-8df8-315cb63a0a94,5ec4a0fffe991f37f61b356e,0.05591999542327633,0.030062585711873705,0.031378430101430155,0.039125516760607354,0.48483363075815655,0.21377244484258778,0.10584713352927155,0.03906026402817967,3.2132535893827923,0.7321105999376434,167.87197258411592,0.90558615263572
4da5f1a9-e9ae-4837-802a-27c8b6675b4c,5f2cc8cebc4bd01d61151550,0.15496565710326937,0.020011376172074165,0.02515587743065414,0.05571643288212573,0.19549082910994206,0.40273506229738526,0.05826187825902637,0.08766288692094747,3.5994207538459784,0.7629980781182046,216.2231089969516,0.47375690607734805
4da5f1a9-e9ae-4837-802a-27c8b6675b4c,5f4871d41c384e3435c7e092,0.09264277684980014,0.02162711067477606,0.08113283990282337,0.06710726889774718,0.1984674694955375,0.2362224022766666,0.10491347313650362,0.19788665949691744,2.6033517122118974,0.7063273228990802,189.2180437351587,0.6192439862542956
4de30f88-9ca8-4aa9-9dd8-f5a124433fd3,5dc0ac2c441a2105cbb3bb0f,0.2724895710331728,0.0061906672564459525,0.0852023064048631,0.12176586512945152,0.08348085285295835,0.15953558551524225,0.15910112700400125,0.11223402507394432,1.5785818462599919,0.7928737507245923,163.13442971794169,0.20431765612952968
4de30f88-9ca8-4aa9-9dd8-f5a124433fd3,5f15fbdf2c61ce144ceeb357,0.030459626874902262,0.04287504197985446,0.12381583883500595,0.030347774352695967,0.2068789363666222,0.19976013071254217,0.2608782660278417,0.10498438424633827,2.5572927874707525,0.7811405488294947,214.8630627720736,0.33616504854368934
4e02e612-69a5-4323-8610-e89822241fc2,5e97478f8b670f09dad1fd02,0.017229443484737157,0.04320814363489765,0.02190050242035972,0.04836609340731322,0.1901322653919772,0.28333078095362124,0.20254423041811834,0.19328854207103918,2.263239103209647,0.8138743170355314,228.28335087744009,0.5616438356164384
4e02e612-69a5-4323-8610-e89822241fc2,5f13bae4a544193e6b94b0cf,0.022486703577265454,0.02428345931806111,0.050862641019052045,0.10184771386239326,0.25369224038936095,0.20294496103364393,0.16430984275837826,0.1795724377219073,1.8737308538876172,0.8405466464956358,222.70351090523667,0.940536013400335
4e1114f7-544f-4e92-84e5-564d264842d4,5dd6f563270f44688d3cd745,0.15115743675770552,0.013334642315951493,0.08694216748143789,0.06299148993471951,0.3353606005509461,0.19493870559880636,0.05937452857670004,0.09590042903081879,1.9304400760877898,0.8276701376785914,216.25708640226978,0.9362068965517242
4e1114f7-544f-4e92-84e5-564d264842d4,5defe76ec33cea000b6cb8e1,0.1416164621089895,0.008363851071408081,0.05791927100896521,0.07201270941489682,0.3376325751111532,0.27949345034236706,0.03440534551433904,0.06855634481568507,1.805238832542918,0.7255574444397758,139.03858649102492,0.20155038759689922
4e116092-0c94-4f33-b6c5-7a7c7a54b60d,5dea76e109c1071948aed0ff,0.016956674420853718,0.017579387440770665,0.005224980008650558,0.1671562222170104,0.12168128931907013,0.1539907793560264,0.07994106721834658,0.4374696001365916,1.6158051620639353,0.7135476638642978,124.615718540857,0.20256024096385541
4e116092-0c94-4f33-b6c5-7a7c7a54b60d,5f6b75742bd7e60776191cb4,0.036645459648169815,0.004896958508891359,0.0074185515961684755,0.12356855944094915,0.058470133017350094,0.4082632691886713,0.14117674171965797,0.21956032736782743,3.4487411071760787,0.7902597737533127,187.64711362757842,0.058159722222222224
4e3233b7-5d89-47e9-a795-25452f99a1c9,5ca6bbf13b5fcf00100996e9,0.04224678893840182,0.007000070983278533,0.003475547341680609,0.03478327110735336,0.06363509690836006,0.5158069066308033,0.22351785262749688,0.10953446639819069,1.6718435631946458,0.7506066772740904,127.52104887519268,0.3532684283727399
4e3233b7-5d89-47e9-a795-25452f99a1c9,5f6b9e2aab8b000def48cc53,0.04922904334316308,0.008870980991383629,0.08212564199330026,0.07394233879933625,0.17668745210888828,0.2986619318424978,0.13320794967246138,0.177274661367439,1.5211335676335511,0.8006261720694369,199.90511932074628,0.3545347467608952
4e458f60-1fa1-4584-aca1-5932319e5ba9,5a198755f2e3460001edc5c9,0.09508694339719458,0.06824511931825684,0.024636360536473462,0.01117189765728896,0.21904974280610587,0.3264217187074132,0.23471615230245985,0.020672065079352292,3.2676254106803286,0.7622259774581034,200.2393336648503,0.9612724757952974
4e458f60-1fa1-4584-aca1-5932319e5ba9,5f070947ea1cc729b610c462,0.10233358413656772,0.032466146007505366,0.07589331123553737,0.023568252188596997,0.34146515451887277,0.275918957483382,0.05476733530123705,0.09358725871332775,1.3791582038379848,0.721124510846386,125.17320008630475,0.09090909090909091
4ec6a831-5dda-4109-84cd-5e376c29e920,5706fb93914b7100093b7925,0.009435765843896838,0.10658205847460464,0.0022329560887737548,0.001458025221314186,0.6765857705282741,0.1434934568908672,0.032991171828291976,0.027220795557495885,1.6849635668548497,0.6616148154080174,140.4589764356213,0.91162474507138
4ec6a831-5dda-4109-84cd-5e376c29e920,5f2cc8cebc4bd01d61151550,0.1612215629250243,0.017476903707285253,0.006324240605201842,0.06554915595800209,0.08763206460571324,0.5370139263416261,0.03400724084354527,0.09077490527213534,3.5320721313370402,0.7363099810524496,202.11501173343115,0.0018148820326678765
4ecfd9f7-3819-424f-9e19-b7c39281506d,5e16c36093ab8bc8c1c27f35,0.054347725542402726,0.03726860803533017,0.008126579926321731,0.031684636236769245,0.40661707278925574,0.269029178840071,0.052218660286221505,0.14070753891908158,1.331202566377124,0.7158781510696538,124.69850400405001,0.37486338797814206
4ecfd9f7-3819-424f-9e19-b7c39281506d,5e6a418620befe00096983d2,0.18797725216512512,0.05007658433880829,0.0609170842478421,0.021033121999879768,0.3143002470236006,0.2027703684850506,0.12482108828263398,0.03810425355244135,1.773544432102618,0.8387094081205505,237.86570246967827,0.7535014005602241
4f4d07f8-cd05-4330-b446-6b314915be49,5d10eaf23afd390019075267,0.0782482603630128,0.02026981628875454,0.10348329437476847,0.03830043354566986,0.23183413231832453,0.3454318195353676,0.060307711705445396,0.12212453124233276,1.962420616935496,0.8122944197451251,210.54311560649123,0.21818181818181817
4f4d07f8-cd05-4330-b446-6b314915be49,5f0b33e16edeb5429793f878,0.07919149860496925,0.01007723951422849,0.11399512190488577,0.0810732876672103,0.33297345695081365,0.1633403984888443,0.1595169007152253,0.05983209684495779,2.6192544349656663,0.7987916723268853,236.95939013264953,0.1466275659824047
4f58d221-8045-48e5-bf26-7e9ff6e16f3b,5eb4a3fb75168630c3e6fdb1,0.1414814810106559,0.008378615926634338,0.036115745074687816,0.22470359668508422,0.2431863901164968,0.20750728994620396,0.08671067789456642,0.05191620415374909,3.1929651106472954,0.7870995353024448,168.6870718613136,0.011025358324145534
4f58d221-8045-48e5-bf26-7e9ff6e16f3b,5f12f20001f4ce0008767b19,0.06062766108339329,0.06558857213395834,0.04762418866259675,0.03736429500128449,0.3017430914743292,0.33495187548225014,0.07341857845305427,0.07868173801522879,1.1436866072375147,0.7260769229568095,145.02111701980547,0.8760139049826188
4f5964fe-1353-439b-9e50-08b460ee3bd5,5df15bc3361a8506b94f79ed,0.07832707402420035,0.06471304949126078,0.10716734439806201,0.02550275762074416,0.28084976910979514,0.27016999429140126,0.08462791190724875,0.08864209902743107,1.5729939322570645,0.7457411861972089,120.77025855270224,0.3682454969979987
4f5964fe-1353-439b-9e50-08b460ee3bd5,5ed17f22e1dc340c98fd6bc7,0.3712160610525595,0.033983995718979365,0.08678193720068297,0.047568880856181966,0.09236496413638513,0.2420820749521232,0.07431660868813945,0.05168547734535475,2.5044177195190365,0.7157493703210408,150.9906963497128,0.12797881729920565
4f5fd6bd-3aa0-4db3-9d17-4e339e558dd5,5b67735c05753f00016b54ab,0.11627205347161074,0.01287079827399725,0.0434638265127767,0.04231893513005116,0.2218329012363117,0.27676429654722595,0.06648906393145357,0.21998812475420285,3.013369314296249,0.7333248883296339,152.50858007551355,0.1623578076525336
4f5fd6bd-3aa0-4db3-9d17-4e339e558dd5,5e862e27f569ad0c21028e09,0.027923299427834884,0.0825436334570738,0.014104266472361102,0.006364449443402134,0.2775054949586433,0.4125739083116215,0.09020701685741445,0.08877793084021258,3.427446147993343,0.6820139887947022,153.91952787177368,0.5114503816793893
4f843d30-3b1c-426e-8c0b-67219f6e91ad,5a0f7d84ff266c0001d209cc,0.028688706206180112,0.015000048900730563,0.02442525783237194,0.055411653235158266,0.44356334457839924,0.2208419789082229,0.0822823832209214,0.12978662843343172,1.8978828394368752,0.763846486402391,192.77487331496135,0.31189948263118994
4f843d30-3b1c-426e-8c0b-67219f6e91ad,5c53b76553fba80001bca743,0.018676506007274555,0.06539677189234225,0.01842670351313272,0.010117713210790214,0.4667119216735372,0.20250212798094502,0.18292393161234952,0.03524432480988537,2.698321906167672,0.7208466976816608,162.8188536410422,0.9108108108108108
4fcd1092-0958-4eb2-9d74-effc30cdbef2,5eb33a377e2404137054ebe4,0.06749292947424736,0.013639644341005492,0.027621753077216548,0.05108646468040456,0.4262336463880664,0.22075755844409473,0.09349896677652156,0.09966903583491678,3.037476452754734,0.7959946543525266,234.44160380275457,0.6159346271705822
4fcd1092-0958-4eb2-9d74-effc30cdbef2,5ee156d710299316d829fe31,0.11117967264035292,0.013917536391043475,0.022123047043636754,0.03441223672864453,0.3291511006390551,0.35474360105053016,0.05450368441378892,0.07996912158483507,2.2347203819476116,0.8281715182207996,232.28721284229601,0.1492295214922952
500258ba-b356-44ec-adb1-ca95a1d66f03,5ea6f8960deb82078a6ffb69,0.02154962705597124,0.027995933164442825,0.03249097614145238,0.009788948930760549,0.5935039280840588,0.18240906442278423,0.08269612161666307,0.04956540001493768,3.322340100717041,0.8015735760325028,247.67692495691117,0.9588100686498856
500258ba-b356-44ec-adb1-ca95a1d66f03,5f3b2b15f5d396257a4cd215,0.06557605244009838,0.026835408013064475,0.041956663099234494,0.04011861494185152,0.2750897111644085,0.2762848590700597,0.07758663535552972,0.19655205605458423,1.8946287631231915,0.8466697391545536,240.20137655806317,0.5716026812918952
50214fe9-c7ec-4756-8ee8-0ad6cbcd4ce1,55b90235fdf99b26070d7663,0.06107757018099909,0.020090261933787237,0.020880611894890946,0.06565009090643878,0.5258316415020039,0.18463553155781473,0.055423479019034425,0.06641081263254361,1.2034841024500664,0.8730735967004597,213.6071246540844,0.17905405405405406
50214fe9-c7ec-4756-8ee8-0ad6cbcd4ce1,5eb9cbed3af3720f69cb5913,0.08186761696184021,0.012163033373835954,0.015300354526442926,0.01463650893991711,0.6188759397547298,0.1953758901323279,0.04713977127213255,0.014640884465863736,2.1336438715354236,0.7670875008069656,172.68571547740316,0.25126262626262624
502b06e6-7054-4f5b-9558-a0dc66c0164c,5f2cc8cebc4bd01d61151550,0.1456227177607579,0.02450447240067368,0.01191261395275175,0.04693953358117046,0.12312777829795972,0.5208119114090018,0.04483936216020772,0.0822416100052357,4.250649622267299,0.755212918317404,228.8110944090935,0.12191582002902758
502b06e6-7054-4f5b-9558-a0dc66c0164c,5f50732850c7c600098593df,0.020241834192273798,0.04993650378926075,0.03506611946664724,0.021079826054987177,0.36974695382486517,0.17042016244553548,0.14677420479232928,0.1867343950153984,1.6752131669939538,0.7070938130396864,140.72046675594848,0.9927272727272727
5057bc37-07d8-4149-a206-ab98231e2980,5de7e24d97378d000b4eefb5,0.07266032355510153,0.04390604503787044,0.007948202235241827,0.03614002498809349,0.4121595951065486,0.2576235820704324,0.029448405454172207,0.14011382144732895,0.9840548392056434,0.7060567960745198,123.81298635780168,0.8010403120936281
5057bc37-07d8-4149-a206-ab98231e2980,5ef6d07be683903cd5ae171d,0.3466959794279903,0.02702651210984463,0.14971765764613768,0.03112787393461615,0.07071347876027397,0.1956137289980587,0.09274257630084327,0.08636219246885989,1.4226045494825532,0.7285517348655067,133.68323884756768,0.4780952380952381
50b3e83a-831f-4ab5-8da6-bf0d5da32b1d,5eb4a3fb75168630c3e6fdb1,0.18191620645593526,0.02347171644483016,0.10335775841529608,0.15836004721034452,0.22725539866175148,0.11469242547526942,0.1334071888632533,0.057539260647829396,4.297908569752454,0.7625422248934539,180.29514841902042,0.3284132841328413
50b3e83a-831f-4ab5-8da6-bf0d5da32b1d,5f18ff404f90fe1473c2e3b6,0.07122320931384175,0.004014044758563202,0.007038131461291277,0.08868718381920639,0.13779144701299123,0.43493779238508695,0.1007555106561557,0.1555526813016106,2.285166004202389,0.8209537383020737,213.9181996885904,0.14254859611231102
51321ba6-c9a6-4aef-9908-25330349aa73,5dd1fe642b033b24c852394d,0.18416546372396259,0.05591920213950488,0.09401308454338984,0.05910199525757379,0.27351398675196087,0.10288058473100273,0.19018557283022794,0.040220110600261365,2.088739626072346,0.7971007582100245,220.7223226224174,0.43063434760185665
51321ba6-c9a6-4aef-9908-25330349aa73,5e7ad79b4a5c600c89af2462,0.025630205555057947,0.013467005830327415,0.05575264020206468,0.025028300237136245,0.3799444455850112,0.22942790752468833,0.0988800635977359,0.17186943002049954,1.8663915288515331,0.8145226514889164,234.6527823025986,0.5166204986149584
51c18536-0580-4c83-b668-434a81a658da,5e149c03864020aa6e1cf04d,0.05119882325744214,0.03449268091543102,0.016741245735118215,0.049672746307676145,0.3089716769823065,0.3323506156256185,0.087567432783139,0.11900477805749723,1.7791963775985489,0.680398887604234,126.22528636140326,0.007879656160458453
51c18536-0580-4c83-b668-434a81a658da,5e8bfc63e53da90ec5673f11,0.03695851924702472,0.036737843946247704,0.04976663933611065,0.027640427736033646,0.4191474959049787,0.30558070224492656,0.06685943023269592,0.05730894096237311,1.8459594115115088,0.8479056426681569,221.93162561493762,0.10378510378510379
51cdede2-7ea8-438c-b79d-245d452ceaa3,5e96a26dc5a849123463f9e9,0.02400528375294416,0.08069288394644437,0.003461298898097301,0.004064431677341975,0.43082306926141334,0.34328726183076663,0.09807276939637873,0.015593001202915732,1.9429706952312038,0.8236790422060529,199.49022197094163,0.9210110584518167
51cdede2-7ea8-438c-b79d-245d452ceaa3,5eba357c3d72c116be317542,0.05385282524968545,0.005342719121104278,0.013883261232099943,0.13755485453691108,0.2754172316586146,0.28085634266869214,0.11349046464090883,0.11960230151498431,2.3134464785993893,0.8161635519119151,177.89213578062834,0.2223168654173765
51e1704c-3a80-49c9-a22e-2c4db6332d43,5eea4a214c865810724760f1,0.030700803192494925,0.029259740226213818,0.005805991483726574,0.013909456929714372,0.40262506679074406,0.338164044556816,0.15142394890057773,0.028110947294306445,2.5338566333673884,0.7595296173709335,176.92087326821039,0.37107438016528926
51e1704c-3a80-49c9-a22e-2c4db6332d43,5efe549cd061693579bff438,0.036553516572616705,0.011664489272460494,0.005842513964095915,0.010179548398442977,0.7439350910880437,0.09940808939997003,0.020749082574384407,0.07166766733724253,2.640951712844922,0.819872568251528,230.72358731398086,0.08977272727272727
52519067-92a6-412b-bd86-d3a3836e0ac3,5dd4070a57a7e13efe25534a,0.09049414928155262,0.013032807475426837,0.012358031282392885,0.017793022084762206,0.7447977547139459,0.044158198975523394,0.07190815191094,0.005457882610841042,2.742596235438226,0.7570880854535211,200.3224065307536,0.6566037735849056
52519067-92a6-412b-bd86-d3a3836e0ac3,5e730aa954a7b42617d99c5a,0.01584328023127844,0.09489125866654197,0.01509980317149891,0.0049732719732960284,0.5310268278349943,0.259680689298225,0.0480157990529328,0.030469068289140484,2.5258495235571043,0.828550644487036,249.49565258148542,0.7843803056027164
52565e58-97f6-42b8-9697-a17869a7dfed,5ea9c6541eb4f0121a911e1a,0.37179599091793164,0.010810132920575422,0.29669578404680025,0.0313246810420118,0.09282754046388263,0.09130977915502779,0.08775467539865105,0.017481416484459594,2.0120273711095535,0.7697526132243118,165.96296479086635,0.5883211678832116
52565e58-97f6-42b8-9697-a17869a7dfed,5eb626e38224d351c2580802,0.020496093605292247,0.09564827570781408,0.05555629574336282,0.014139439731417541,0.5736578147128498,0.1334428869232269,0.0394178363305857,0.06764135727894635,1.3924135941500742,0.8058832448206549,193.58378805984464,0.9216965742251223
52661f6d-1cce-49eb-bdeb-5ed40f19a273,5d378c6281077c001962a614,0.008904653798303401,0.04652585419797066,0.04451166725636481,0.022006028172769126,0.40862479636011784,0.18788224049796237,0.21453086594874068,0.06701389387166928,1.949337023225319,0.7603507127489406,219.02636688171518,0.9382994732881866
52661f6d-1cce-49eb-bdeb-5ed40f19a273,5d9bf6ef9bb6870364067287,0.049592813760068626,0.02901997751320808,0.012314063103682502,0.0331287199976093,0.28489551729102014,0.46032707033051873,0.05547710546973986,0.0752447345843003,2.87857541027633,0.6971348892476668,155.53697319404955,0.7394014962593516
52983901-602c-484c-a43f-da8509a84e88,5dea961cf4c5e11bd9c4058c,0.05087959515460672,0.017814722109927877,0.027559012641409298,0.027126969227618675,0.054891919377444365,0.3269093319273726,0.316893360091529,0.17792508935745813,2.8579529897038887,0.8360646872891464,258.4836901975499,0.03088803088803089
52983901-602c-484c-a43f-da8509a84e88,5f4d2156f727e10c3c2c4a35,0.022953490564755943,0.044665552316228034,0.009790055944728704,0.00742949934238867,0.521964076171166,0.1868691140665248,0.024316333025594602,0.18201187837125019,2.135960462202606,0.7748138249573493,179.97205172042695,0.9519295870006771
52e38736-df36-4dfc-97c3-7f7a2ca790ad,5687d85e369319000c269c55,0.025707326479425016,0.02741399178713709,0.06201661870703707,0.06661640622913692,0.3408106207521448,0.20068649701810298,0.18601524949558834,0.09073328910409909,4.335868676814391,0.6684729255890164,176.637403883861,0.05917159763313609
52e38736-df36-4dfc-97c3-7f7a2ca790ad,5b4a6e57d317a20001e2d051,0.04371191884897597,0.027622982928826426,0.028827571955228695,0.05264613945767944,0.2112728511864138,0.3493424666743628,0.061150108751505075,0.22542595902165197,2.082498344578396,0.8162410407442985,236.94875812657384,0.9629915188897455
53074503-e206-4f9f-8e46-0c767ff6813f,5d36600685d1d50001affacb,0.054482091356173344,0.015886568344261196,0.022012208353230422,0.030592678554223974,0.34013896913516944,0.3209709165347671,0.09517746350644972,0.12073910637902875,1.3734543313625487,0.7812607074964245,145.45870357966487,0.1952054794520548
53074503-e206-4f9f-8e46-0c767ff6813f,5f91a6fd02a12e041dd41ec4,0.013305015987670431,0.028953509297550462,0.005152838302696573,0.02309375748857193,0.3304980957904049,0.3278077969588722,0.10498734977173649,0.16620163716213318,2.301684067424039,0.7945301175914666,227.86142018091095,0.06854838709677419
5334722e-8f9b-41c3-8f16-aff380cb5160,5f4e8f0ac0126208c0db2f91,0.0460958353958132,0.024386437332890965,0.06914157347439495,0.03826777028088952,0.495486884809431,0.09941207615122923,0.02439800092098965,0.20281142111164552,2.019052156967663,0.7119540971690911,140.75739832336512,0.5974264705882353
5334722e-8f9b-41c3-8f16-aff380cb5160,5f7ba78144712b190d608580,0.0069822119959948,0.024390055194986784,0.004051461719594781,0.04576922749804843,0.3100910698310223,0.20244432299215587,0.1576272672228398,0.2486443827377934,2.1341699184597083,0.7593427781862416,206.12453402139417,0.8119148936170213
53459a58-b890-4cad-83dc-1fb55dbd880e,5e7413f282efd538fea9fe05,0.013887430603983753,0.039207697476680375,0.018380036051646904,0.0070005104827974285,0.7859509498437259,0.03925549107482948,0.09109933521615868,0.005218551377983344,2.2507002600998893,0.8367708353271063,233.24974475580007,0.6650717703349283
53459a58-b890-4cad-83dc-1fb55dbd880e,5ead6b0e96a62440399d8caf,0.0627746608384073,0.013374061744167269,0.04501813838618514,0.023590034339214108,0.6304082076183348,0.1379749581807088,0.06348660081221266,0.023373337449353434,2.0026826481550137,0.8424407934677571,260.3313282573077,0.4851556842867487
5348de6b-afa5-4c36-8087-cd3bf94eedfd,5dd5db1ded7ea4574c7bc996,0.14732232581703905,0.03415310407143838,0.12219895897043279,0.014229439079251758,0.41238285281289866,0.19868165938115462,0.04721852451370358,0.023813136224290248,2.3857513206465915,0.7636100591475751,168.2958766208852,0.9122807017543859
5348de6b-afa5-4c36-8087-cd3bf94eedfd,5e01ac85617219d6da5ab31c,0.02911800709004615,0.03688452262385524,0.01009956501492738,0.0321285088582132,0.4285401521619452,0.24680792438794522,0.06518423616952088,0.15123708208091918,2.1187334705758896,0.8297217874275249,223.49714831685029,0.4583333333333333
536675d6-80db-4db0-adb7-dfd3c5b6759b,5de7b588ff15c2a06658dd1d,0.10233515933708257,0.017443855001136953,0.007694157763779948,0.05136200996665158,0.4468457062855364,0.19942266574028272,0.024705085047135977,0.15019135986462748,2.4771055028498474,0.8460081830869307,231.28125681717668,0.5018200728029121
536675d6-80db-4db0-adb7-dfd3c5b6759b,5ec81134ac7d6b2b9ac51453,0.03329318813445637,0.04449072150048898,0.028493385842458672,0.016832032904121077,0.4224302952765341,0.21812998038909265,0.20636217708443305,0.02996821921438839,4.29795125001114,0.7659557630017773,183.39649408834384,0.10847975553857907
53679c37-1e27-44f2-b56b-1e7c150cd922,5d42486206811e001ada5b4b,0.23219520815127243,0.007870470342236863,0.009372064604464358,0.06395694678643964,0.11076573345570989,0.4342028647313729,0.11392974514070853,0.027706969769033172,1.3053407823588608,0.7261267921783198,122.85669254881837,0.006109979633401222
53679c37-1e27-44f2-b56b-1e7c150cd922,5f112c3557b476490891ec16,0.0803757744812483,0.03714891733911215,0.017808685385002018,0.015054125635864644,0.26912785519744986,0.42057140421782097,0.07294546625317765,0.08696777206327963,2.208537148502248,0.7832100240313499,214.68334288408278,0.5283018867924528
53b4d5ad-9c9f-4d5c-b9f6-336c9b755e26,5c5c06b9ba12df000140be91,0.07910703303307791,0.031092017544959473,0.13485678250943867,0.016199160055063864,0.0657256654600743,0.3737673518452147,0.23782201486571955,0.061429974916311476,2.848284014811558,0.7489938255541299,203.14651010095943,0.8123342175066313
53b4d5ad-9c9f-4d5c-b9f6-336c9b755e26,5e4661f88bd52c1307647814,0.15789220070593082,0.009908545693996665,0.023246909530559457,0.0754369738673961,0.10532953027018495,0.38507997511823105,0.1730980755336203,0.07000778919428925,1.6907356647938514,0.749018663656593,145.24298984746903,0.7616120218579235
53bcbe13-1160-4bd3-9eda-ea946079142d,5d437b12e2051e0001a248ca,0.0506948113413498,0.013873867772308255,0.021138146882707508,0.12911327045766838,0.33005487406616346,0.19710840651522404,0.18867865246349094,0.06933797063954235,2.3524170134781595,0.8393564690597924,218.40241997908834,0.6293222683264177
53bcbe13-1160-4bd3-9eda-ea946079142d,5f9d9521d0edb72c4a201709,0.072164385770886,0.028291137923867574,0.017934294836758916,0.05041196621300686,0.35083130852786526,0.3094127374804092,0.08609573914602017,0.08485842962423186,2.8086032618349814,0.8528872235513391,228.7602825387563,0.5925404644616468
53bee564-d0d4-486f-85f9-565c5314486c,5eb86384ed81047c65376aea,0.019746020309121197,0.018307091153581343,0.0057676042365681305,0.022514048139398533,0.09692179117643669,0.400916611384627,0.3245092246328187,0.11131761394196855,2.7886489459648827,0.8169581162800598,244.8680252390813,0.0625
53bee564-d0d4-486f-85f9-565c5314486c,5f3aead81965e27c4a531d95,0.1513093318972265,0.022372129479316164,0.029810989950768706,0.04113088833621398,0.19433084863216074,0.27091664600715903,0.12111645400045484,0.16901271144239835,1.6882857825713067,0.7883442726026261,153.69071781961273,0.8926296633303002
53c3a97a-3ff3-4c67-be58-a743364b50d2,5de7e24d97378d000b4eefb5,0.05993514564776146,0.020348197263882366,0.009975529805577608,0.028697672900037573,0.6508508062556603,0.14859712061651187,0.046433338171475526,0.03516219003746031,1.6714912694681654,0.7068751088110347,131.7024819048241,0.7131979695431472
53c3a97a-3ff3-4c67-be58-a743364b50d2,5f04797c88d91307286d6379,0.06471476976004209,0.06517643705862038,0.1598900935402077,0.010245446290510617,0.31070270872486166,0.22911087967057678,0.12398375917607207,0.03617590597302933,2.829829602003783,0.7118273732094408,156.5114647740028,0.6844660194174758
53d737e6-c0e6-4cfa-acf9-bf14cb33b313,5d92a47e503fb200182d6aa5,0.12431016647971536,0.05124470902343071,0.05292558016986536,0.05517359119795122,0.10850868307981851,0.18232163782471006,0.38718659663666255,0.03832903579182859,2.6287017113412694,0.7687448613433904,205.14500560043038,0.03537735849056604
53d737e6-c0e6-4cfa-acf9-bf14cb33b313,5e4aedd76f4883000e48bfe4,0.054612375815545136,0.017430152381502917,0.021322729032348216,0.03908326071532764,0.4026145505399636,0.3124241591107255,0.07208809156573921,0.08042467994212986,1.3912977174769283,0.6985515087845436,127.35699890468096,0.1873589164785553
53ea87fe-9cea-4434-9c1d-25f166620630,5b57dcb2b1c76d00016f8599,0.018735753276361053,0.03691514798670392,0.10043344372652906,0.004731266164039609,0.5990786066851083,0.17306518311962527,0.05083833502904769,0.016202264461003996,2.2973669597578934,0.7400250813999356,203.92083355559365,0.7550143266475645
53ea87fe-9cea-4434-9c1d-25f166620630,5c327f67cced450001d49ea4,0.017374277951592895,0.025007367625726216,0.028683270429148564,0.034479446550144635,0.5163330499507743,0.20154893661748577,0.05513229931852668,0.12144135161891056,2.6565099032598685,0.808490182421647,224.12265703200143,0.5586924219910847
54046304-4af5-449c-abe1-2bab8b5b597e,5b97f8988ae8150001c7a887,0.21858867431317194,0.023853063396027434,0.03780983950356619,0.01066042510603412,0.035363790020621476,0.4151090960246197,0.21120101687746967,0.04741409479773872,3.365668267497667,0.7367151895337837,146.9762983273575,0.4226100151745068
54046304-4af5-449c-abe1-2bab8b5b597e,5dc0ac2c441a2105cbb3bb0f,0.28550546332815113,0.008326832605897252,0.09956771454706592,0.1298494016216537,0.04936210365530499,0.16790437180923912,0.14568685403124876,0.11379725828028514,2.049262399766353,0.7756693919325908,159.03903683192104,0.3795435333896872
541ddc3c-ae0c-435d-a503-84abd0558534,5de855017d44177cafe19840,0.13081590405147794,0.043513404041348215,0.11322307703566568,0.029312981966729133,0.3183379677052953,0.21220784868092007,0.07763437902931554,0.07495443698258131,2.7644204881833865,0.7380121130081414,198.7226954727867,0.47186147186147187
541ddc3c-ae0c-435d-a503-84abd0558534,5e97478f8b670f09dad1fd02,0.016900765327768727,0.030478589114226882,0.031156742126494965,0.0637326332563287,0.13175508718120899,0.19437539350120342,0.3185746707037854,0.21302611938066413,1.7335448852247548,0.8106071422899827,206.21750757190566,0.7976608187134503
541f83af-f1a7-4c30-be52-0c7d5108d110,5ee2b44f470fa7446a470c8d,0.0147898914745084,0.05569833124192892,0.0416228515197322,0.010643952381928149,0.408737520092386,0.22217930045216913,0.10395359412433616,0.1423745577978001,1.654166070560752,0.8367785234586307,232.67768300878384,0.5884030418250951
541f83af-f1a7-4c30-be52-0c7d5108d110,5eed1bae9e63ac127ac15a77,0.09425225723176571,0.008519367146065214,0.20062618862023127,0.23572757513077394,0.08968723194224694,0.0475651779991302,0.2462282710061202,0.07739393032815241,2.6190746169517687,0.7973631694272124,176.96518940020138,0.07650765076507651
542a6af4-84f3-4681-80ce-fce29162efc1,5e3309ad239ceb2d47d47c4a,0.20569513253059668,0.04032272377485521,0.0314142408082954,0.10482193181591765,0.14359576341409416,0.26183876871556333,0.11340114199472731,0.09891029659338972,2.261872391328937,0.823760615691625,230.8303769127076,0.34720908230842007
542a6af4-84f3-4681-80ce-fce29162efc1,5effc7a64495250cbb0d8de8,0.07096248478246274,0.010015018524288067,0.043312685479393105,0.039496211093760045,0.08514062140049548,0.36801884742586044,0.06445776941889532,0.3185963624416742,2.8983281085398285,0.7126720945709183,149.2388983587894,0.6414182111200645
54532b33-dc38-48f1-a002-d685e0de9eab,5da20df461471f0014bb184e,0.018995394403803892,0.005983885686008978,0.010555684482866555,0.012238342736198714,0.4583939756373536,0.37071273212219535,0.08997789941687342,0.0331420841432386,2.0673987604673663,0.7334452721243264,140.91723534343092,0.7436548223350253
54532b33-dc38-48f1-a002-d685e0de9eab,5f5d699b1b86c05bcf242f45,0.02592790551380832,0.010803134661530584,0.008451432302935512,0.14427838898944922,0.16250916099243695,0.339387752689221,0.12728305609319981,0.18135916946550298,1.9844971754372305,0.7841779143585356,176.54460943003815,0.3907624633431085
54a86d58-43cb-4c78-b967-de4f865f2006,57950da04a84da00014c5dbb,0.06371547653945323,0.033164727475457234,0.07022671355428464,0.014815430330780775,0.12909966735800207,0.4140834495968853,0.22354464969499666,0.051349884232529834,1.0388857578233353,0.6649217657700368,123.99952958807174,0.7447425670775925
54a86d58-43cb-4c78-b967-de4f865f2006,5d30a875ad3457001743fbc9,0.0361356066528875,0.0036043977822878305,0.011232131437485767,0.23356651570627435,0.09807221230230749,0.2185078355905165,0.13025242754899513,0.2686288734352758,2.9115742047280704,0.743229081686371,174.82235617004417,0.20138089758342922
54d711f1-f836-49ea-b61e-cb61842a8c49,59ad6f1e09709e00013c2ba5,0.012340802499070727,0.02957165323691902,0.007297169176303146,0.027309227967552707,0.485171494706048,0.16697770664239164,0.052358122676573575,0.21897382347104458,2.0339401558869947,0.7974502180818701,205.76231300277672,0.8926070038910506
54d711f1-f836-49ea-b61e-cb61842a8c49,5e9115dde9961610d06e08b8,0.06559279594030291,0.015790225860648387,0.02674512736422919,0.015314621695165521,0.2711871631614593,0.41962805754231625,0.1269399751141043,0.05880203291225222,2.9402976022029526,0.6527144746397904,173.83722850698865,0.45813586097946285
54fb8d98-5142-4ffa-9227-29319f91a287,5bd8d97c26903900018579d3,0.021922957725491313,0.018520590602815742,0.012145656565788393,0.08173222931181294,0.21661129706884064,0.2984801019171907,0.09315425275494066,0.25743291452104666,1.7928430982171952,0.8450862764859218,222.91476973302215,0.281929347826087
54fb8d98-5142-4ffa-9227-29319f91a287,5f6be2474140c215c8ebbe52,0.05624726741695776,0.06560593366611403,0.061880629333665074,0.030248763623345335,0.4520444328306887,0.1043172065269786,0.14702750263205197,0.08262826331904802,1.9269138788685463,0.7956182825161999,214.25497449913752,0.8725961538461539
55484ecc-5a95-4629-850c-55f4b8aded7c,5dd324424524e7334967690d,0.01735305792233153,0.01905294870918087,0.014587354045577202,0.0028350916768216257,0.837581260163599,0.07144180683101754,0.008812294877461067,0.02833618495356083,1.8532805510688095,0.8176998428308746,244.1124783964528,0.9690265486725663
55484ecc-5a95-4629-850c-55f4b8aded7c,5f9ce8cd0c6e891eed46dccc,0.012134225682849897,0.010417075256837927,0.013770335613002458,0.1041496337131813,0.6053569232334551,0.09854965424997915,0.08432027066000722,0.07130188083928425,2.084170160554332,0.7416002202516359,120.26460201810079,0.3895796329188869
55521b6c-25dd-4a59-a606-aa093a02d8eb,5e642e094eb0061c36579d1d,0.15318135916123637,0.004847245202948735,0.01424983802168373,0.09199423561715375,0.06759894414365103,0.45408008612633477,0.12260854168720955,0.09143974962394927,2.619604868839748,0.7467592545716724,175.26946704426905,0.12478235635519443
55521b6c-25dd-4a59-a606-aa093a02d8eb,5e6d08da374f5b2c1f67aa85,0.09667524264054404,0.02693926761969345,0.06092528895830079,0.03857659201526511,0.3878424452577291,0.22471938612258946,0.02975928612414162,0.13456249126644676,3.139071947640125,0.7706033373987647,160.31848738033176,0.532871972318339
556af996-c50e-45c8-a7af-fb8a42c22640,5ec5b367ec26b761ec0fc87d,0.019122414691869892,0.04260784190806711,0.02584417684937388,0.019050740080879435,0.5125428619797783,0.2248498245178728,0.0890086419719527,0.06697349989925079,3.578327873935815,0.7923593885421759,211.59708506670137,0.10277492291880781
556af996-c50e-45c8-a7af-fb8a42c22640,5f4acc7968b4376a97fcea19,0.024605309755394385,0.0353475813808403,0.03659648482856678,0.00954272795223144,0.48677536703865404,0.26216382918414755,0.02851339798458415,0.11645530186376933,1.7919345801406439,0.7219918504949487,228.19147433299977,0.4321608040201005
55aabab3-03a0-4c3f-b228-255e48da459f,558acd52fdf99b65685f03d9,0.08152608280609638,0.014313898341481095,0.022114770815021865,0.010984215933872034,0.5564304305846848,0.24522227371366426,0.022793631133710544,0.046614697511910726,3.164077332548547,0.7206256078774204,236.99098338290068,0.56
55aabab3-03a0-4c3f-b228-255e48da459f,5f775d8ac99f3125e763b144,0.10391615839288607,0.007872443463538183,0.009889874541327622,0.08366654594340829,0.21035798932612598,0.275986817806338,0.05303811620349737,0.2552720540521232,1.5718212928946667,0.7422819966485286,147.875171973184,0.17757575757575758
55fe9177-e5c7-459f-b4a9-457b91018c60,5e0aa9378f1faf32c47f560c,0.03468888447834828,0.007977269480534028,0.020574090365919524,0.12745956416334728,0.41394312478103984,0.24104294249088803,0.05369480765624868,0.10061931651534017,1.8450871579072754,0.6486807941529535,125.83650741206543,0.556687898089172
55fe9177-e5c7-459f-b4a9-457b91018c60,5f39a2f898f81753f878f7f9,0.018016279364690503,0.01309560253483537,0.008728687314727764,0.14178292280142651,0.3070803616594474,0.21792019944548038,0.08603741585455238,0.2073385303933384,1.6067253539641693,0.8269355554856839,208.66703831915186,0.013659237958303379
5608d91f-46c6-441e-94b3-8ca42d28b915,5daac00a033d570013579de0,0.09993892581162232,0.02212913626267665,0.13118074730532106,0.03686698184199498,0.3957785552517849,0.19577045971059823,0.09116676801737998,0.027168425247283773,1.2943230297715704,0.6957606805647776,138.32628015667856,0.4433106575963719
5608d91f-46c6-441e-94b3-8ca42d28b915,5f60d31390a8c1044e775b18,0.15052825125421346,0.02053118974803575,0.035301624113532486,0.0771653146788286,0.1798541490603725,0.37914370650882945,0.07623353359528673,0.08124223126479509,4.345153062796529,0.7226137691821838,182.18022808524844,0.08278688524590164
56529e73-480c-43fa-b313-a0bd3d8f033e,5ad4a9f30f5d3900016a4d8b,0.034892291308205536,0.02618650734359812,0.09618930480268265,0.06255299960867217,0.2343684916282111,0.18216427114377542,0.14328290178774747,0.22036323182056688,2.5760045195946173,0.8176305425760325,211.06467890668142,0.45715653422690283
56529e73-480c-43fa-b313-a0bd3d8f033e,5b48e77c369f84000112a85c,0.08516167444084383,0.05275882752456364,0.03589160502892582,0.012646887129498149,0.20099447852322389,0.21264459698234228,0.38373722359300205,0.016164706829837384,1.826689536996737,0.8202690414476677,197.83418853280227,0.0199468085106383
565376e1-b61b-4327-976b-c548ea3b4708,5dcb55b60133ef83a90f85ac,0.0450962120846073,0.0620067269945769,0.013905571813873826,0.004269716338702486,0.5660990826874647,0.2042264111963719,0.06989688674069229,0.0344993910110749,2.0094674597464692,0.8663489872722444,250.4849777890769,0.5565648224607762
565376e1-b61b-4327-976b-c548ea3b4708,5f3a06ed07aaa21cd8a2e3b4,0.036029291880208564,0.02601284469332808,0.03127282809679417,0.026969598687449838,0.6630673920230459,0.12298663206840696,0.05164012780053471,0.04202128529425467,1.7852196163655516,0.7883750127203635,170.40925924200013,0.09240622140896615
566dee96-2aea-45e5-b75c-9cde9f601b16,5de59698a2db8951b9955ccb,0.2622346369566681,0.017473261770814184,0.07674950664440014,0.0384696740896497,0.15046265399357572,0.269559948898978,0.14264145481355706,0.042408862393210164,1.3422026042819573,0.7306903477774558,115.5247920786018,0.34593262119967133
566dee96-2aea-45e5-b75c-9cde9f601b16,5f60a93d6baab60522f3d1fa,0.05488334392041132,0.04482826921135894,0.04092834623725892,0.023666766172242254,0.2027960793316899,0.340081277836134,0.24969694271122161,0.04311897451132887,2.660513315075645,0.8268597712300306,226.7017128087769,0.6573741007194245
566e32b6-1a77-4609-946e-286919e54bcc,5e2be6efe179572183644844,0.03823126943073893,0.012464726198490138,0.00529629619062771,0.03755625575306612,0.09227667150480863,0.2347980623165904,0.5480331725046729,0.031343545868979764,3.3229739968054344,0.7480579526976762,159.38437875070616,0.22012578616352202
566e32b6-1a77-4609-946e-286919e54bcc,5edef14e402f7d1ac3b97c74,0.060139162257455116,0.04229018636299095,0.07983325375812858,0.014315710197775888,0.2650260950718737,0.2682112998350117,0.15145532061094003,0.11872897225344187,1.9238982302844665,0.8093421027927431,214.62814327056603,0.16386969397828233
5686694a-ef2b-4eab-9cee-988111599a4c,5a7b2b52000dab00018c402b,0.006246628217685179,0.06341572268977813,0.0033789739167862025,0.017162800151655888,0.42726433964125365,0.2197227759391068,0.08948397261041258,0.17332478679651,1.8798099822281895,0.8244136511224992,214.5520215913585,0.2231404958677686
5686694a-ef2b-4eab-9cee-988111599a4c,5c4a40123714ae0001863e8a,0.03371302625278663,0.006609209865099435,0.020399726957759764,0.1147012088833366,0.1711969043562216,0.1578405409808158,0.34649110158685115,0.14904828192322228,1.9680622714540799,0.6641425738544438,142.53973061571352,0.0005941770647653001
56daf4e7-7a32-4131-af25-b5c71e61b6ce,5acba4a15cd10500016280ca,0.042652307474226825,0.003636557363169995,0.012240428951160958,0.03007122538071752,0.017196221317404954,0.44107573230704433,0.3942279598917329,0.058899564231609434,2.181059508635346,0.7124967213825293,150.21894008251311,0.0
56daf4e7-7a32-4131-af25-b5c71e61b6ce,5ca6bbf13b5fcf00100996e9,0.02710691840012152,0.011417756189446463,0.006791725028135704,0.03790296963960556,0.1651914081915597,0.4652766115547679,0.2007552029735283,0.08555740773534708,1.7917353483896221,0.729484625136729,128.02134292655538,0.437448896156991
56ee9fdd-486c-4709-82f7-485322ed4a05,5e53036cd91a8232a99e60fb,0.08025708496803013,0.02169600017061371,0.030168442314156448,0.017586939374261697,0.43468694987590434,0.3348544433308194,0.054176167613265235,0.026573971502613876,1.6892035767686016,0.8483651915604838,286.2796954869204,0.20205479452054795
56ee9fdd-486c-4709-82f7-485322ed4a05,5e8727fb90c37002d97ca052,0.0556690769090302,0.017608154250298214,0.03980134051192338,0.0679147277836235,0.357696592507999,0.14301370514322864,0.2808423000808617,0.03745410345652282,1.529404003076648,0.8237482663226664,225.45798881901584,0.12987987987987987
56f21a75-4e86-4dee-9a15-a4f68e86e1a3,5efbe4f0c9f37c1a3b70afaf,0.011952808077184504,0.02886202695613023,0.017972738239187346,0.03327695020544858,0.34601907772963,0.13944060447981896,0.3733441364342211,0.049131659756891204,1.9195486604771759,0.7264778577227508,135.38768486724737,0.18624420401854713
56f21a75-4e86-4dee-9a15-a4f68e86e1a3,5f26378609aca228dcfd19fa,0.0064334959029829,0.02456399011097056,0.03067751651169573,0.036398405856524985,0.5792564350586851,0.09857677029929013,0.12170940282211923,0.10238398306895093,1.5796400381902858,0.807039832883286,237.80081597968632,0.714123006833713
571658d4-279e-494e-8e01-f4d922147436,5bfd81fb2feab400014d9060,0.10777521039782303,0.004760707307626978,0.013896195516547388,0.1146783889381268,0.13344532951311464,0.4485806737553498,0.08920738352650567,0.08765611035175509,1.4878144262243778,0.6696662168071829,144.1166346062622,0.06981519507186858
571658d4-279e-494e-8e01-f4d922147436,5c1c157f77936700018284b7,0.035455615097601895,0.04259072731767277,0.0240953116735501,0.019346316115525435,0.6004204563215287,0.1878571633495226,0.04589939720952494,0.044335012386299374,3.1907537216881368,0.7950427970217385,249.85752769542026,0.9527720739219713
571a07dc-20ed-4983-ba2d-a6a9461065ec,5ed1247740e3ed03a7b6bff5,0.024113374450478793,0.034445287949918246,0.018017913487459496,0.017816307902616582,0.49695962275721767,0.1832626201296064,0.13173414864412186,0.0936507257217925,2.1098975832034594,0.745330753617224,140.82161081751835,0.6299722479185939
571a07dc-20ed-4983-ba2d-a6a9461065ec,5edf2043d53fce1c797d9f5d,0.12981248412461105,0.039834635424448074,0.04215698519124336,0.027977004831078903,0.5194947598629955,0.1344353285150066,0.0667841157828964,0.03950468583397375,1.4671746723651264,0.7237475163302614,158.165050888768,0.7204522096608428
57508710-6147-4bae-b578-03ad505df3df,5e67b5c4a027430517877069,0.03676278774480844,0.011722459510286578,0.02149469159599849,0.022938704100534297,0.5994420679748849,0.16693729285207742,0.030489041033512115,0.1102129553045282,1.3035662661423462,0.7745438141515549,153.55858587560468,0.16787003610108303
57508710-6147-4bae-b578-03ad505df3df,5e7f9714e74e0c66d2a04098,0.09562911426947246,0.014145502608462484,0.054523474133352665,0.02594971824127709,0.50631659379191,0.2324852049308071,0.051102666876483537,0.01984772568193026,1.7818650569178658,0.7648939663328208,180.20343810076542,0.37133757961783437
575e277a-b2eb-4c1b-9b07-0c6fdc63a028,55b3120cfdf99b6ef6263a71,0.2361288538137171,0.012915866750563014,0.027094975392140053,0.10521206188525892,0.13538514519824857,0.25378963233608504,0.081639636561298,0.14783382777475468,2.912062580222783,0.7961142431982281,232.8821752806186,0.1435149654643131
575e277a-b2eb-4c1b-9b07-0c6fdc63a028,56b399cd2bac74000d89ddfa,0.018144516493323593,0.03219931335406478,0.035844386143081254,0.01869727792025181,0.5399074237891296,0.16374015114070914,0.09964381951474824,0.09182311224677518,2.3084109051820656,0.785047627990914,250.30946172810658,0.521785906401291
57a3f585-42f3-4400-9adf-655e6eb7ae2b,597b858909bdcf000153ff58,0.1791201005307137,0.008929526284609551,0.02006409798395366,0.15127130507764497,0.32485026187283633,0.21419906914855594,0.05505877692371064,0.04650686181064766,1.0645030819993555,0.7891928732625619,154.48702100564174,0.32823741007194246
57a3f585-42f3-4400-9adf-655e6eb7ae2b,5f3e9f121e84430ec9310a7b,0.11065167018489595,0.012840538516760938,0.016718157683143785,0.037339358595307126,0.3898147550211371,0.28049143287798883,0.07114566140164515,0.08099842532408069,1.4690349413191373,0.817656136758243,209.4787058559892,0.904485049833887
582ea058-c65e-4739-aaac-46d498956317,58066bf52d948b00014ba876,0.040762910213494256,0.023522954924654515,0.014567213484462145,0.01334411000460144,0.48053656531744154,0.22953100879519456,0.16036941434325824,0.037365822813198016,1.8956663808242469,0.7607124140320721,173.90407486828653,0.656437125748503
582ea058-c65e-4739-aaac-46d498956317,5aa35f2d777df20001605db6,0.035952893477350756,0.019710564363140774,0.014337401351333991,0.03717310907103157,0.14873375974606048,0.4144216137396547,0.11598488435964523,0.21368577432172564,1.585455899772776,0.6793666047364058,111.84949374120036,0.32526881720430106
5851d203-c634-4af0-af0c-cb76d52f02a7,59b013c8f69f340001866ffc,0.04006192451202662,0.021788116025695522,0.02341528509768434,0.027338668669169005,0.6791483624570906,0.08821519764741881,0.10153119506872768,0.018501251278432336,2.3233365256851104,0.787054166494459,186.28522709050344,0.016589861751152075
5851d203-c634-4af0-af0c-cb76d52f02a7,5eb06b4ab1f63a0f7384b7b9,0.029252431833994758,0.03955202272248458,0.02430930908958678,0.016429447223071207,0.49445584906697976,0.23948833003950296,0.057272737065833225,0.0992398736064829,2.40976504781702,0.7957267514430202,209.8321752809279,0.6991379310344827
5857dca0-e0b7-425d-8c09-e301f5468e42,5b90b56f42e93f00017cc85a,0.030199189869299255,0.030388852212875437,0.028046884975868925,0.022931281588039712,0.15764197663524881,0.3975632586477531,0.23817601442999134,0.09505254086441609,2.6657388260349104,0.7711581361917984,164.72791023416806,0.768976897689769
5857dca0-e0b7-425d-8c09-e301f5468e42,5bd4cb4f25db7b000179488d,0.014659539580756505,0.03737223616699364,0.01689386384726127,0.017157986453522744,0.5933606638583155,0.0657339763225705,0.12669220323648933,0.128129528677958,1.9323588797018438,0.8558186673835214,245.26521097492792,0.9848484848484849
588c5b4b-5e92-426c-8acc-686628a7342f,5ce356fa1497a8001a8469d3,0.017438660665022435,0.037403758197357626,0.012891140200628207,0.013900357283064371,0.574318611246829,0.20801752915687566,0.076317012402855,0.05971293184164851,1.910839457008624,0.8047636517511516,205.70420119176882,0.7987321711568938
588c5b4b-5e92-426c-8acc-686628a7342f,5ddbdd54f30aa6b365b4ebab,0.12459006524005102,0.008679795538057275,0.022679197370769125,0.1347770515492076,0.14348133573536467,0.4354962682686566,0.04798036265795362,0.08231592275108329,2.9041153576883447,0.7412930518924851,148.0257825070875,0.008233532934131737
58c9970b-5e5f-4699-ac85-a34da9ddc121,5bfcb5e3aa5fa30001364404,0.023142692603459716,0.011214961830940694,0.00965050918957802,0.047863983121886056,0.30310910866213836,0.2948156182284902,0.08935042779852614,0.2208526987881451,3.5203891945804155,0.8320967447934665,206.4512594093106,0.4585635359116022
58c9970b-5e5f-4699-ac85-a34da9ddc121,5eaf5e17fc65f76590f73519,0.027442093387786446,0.0294820010643755,0.014904083192212614,0.009992677829918422,0.5971497489766268,0.20023627452450674,0.07707688108800964,0.04371624072644516,2.7404165518748393,0.7935476849340203,257.77536217866236,0.37846153846153846
58dabc5c-7cef-4a50-8881-07c6c8e0f656,5e792902c0da0d0cb5ee3de5,0.027662025497711917,0.01310017004087539,0.010406167074660546,0.04444959740779148,0.38152286637989336,0.36336087278163204,0.09664107254141142,0.06285722743393718,2.0612116204479487,0.8141184650702162,213.10094590476226,0.538961038961039
58dabc5c-7cef-4a50-8881-07c6c8e0f656,5ea75e57fe8e7013dd8c1224,0.026954375778374264,0.04000960840281334,0.013078863129195931,0.026220812083821293,0.30619737053227747,0.28486324745743113,0.1964271990267196,0.10624852312518972,2.8294446291958746,0.6119924515607919,178.34269874077424,0.9306518723994452
59bb81e4-9c3c-4b4d-8343-5f7c5f3ab9d5,5a79f14a8fe2dc00010593eb,0.03822374871946611,0.05994441971165563,0.026620447604847,0.014228870030258363,0.4466069430200348,0.25572783344509675,0.021696786677180297,0.1369509499692025,1.8443102580308663,0.7899329658858832,198.33384822157072,0.9258760107816711
59bb81e4-9c3c-4b4d-8343-5f7c5f3ab9d5,5dab7683c514d8001730ae4e,0.021508348221367168,0.07651936516071564,0.0045680817032201304,0.0034531588449342354,0.5505641020673386,0.1581043304741833,0.14817982073460362,0.03710279317809506,2.844283761617777,0.8412164019595945,236.61461219068937,0.979381443298969
5a0ac4b2-c32c-4328-85ff-f57b645f838a,5591b00afdf99b62fdfd6a34,0.005410568069394368,0.08483876334865588,0.009460688569138554,0.0061289158549615655,0.7019118082902518,0.07917981530769011,0.05914098301603328,0.05392845681085861,2.133917902036596,0.8075054492367343,190.04155679279734,0.9788359788359788
5a0ac4b2-c32c-4328-85ff-f57b645f838a,5e8ca66ce6592d0350103956,0.0363741296343505,0.00038364589547975274,0.0024754023312457576,0.11892944255045479,0.0012079040208066,0.3472880952060223,0.06750472654987656,0.4258366652897426,2.280596587935944,0.6917396349891755,149.29796078891587,0.06666666666666667
5a0df5c6-362c-4517-9856-a53b028dcee7,5c1e94832c45d40001477352,0.26795019063831294,0.008568680024285721,0.1120807454595195,0.14518719698617016,0.17920516213638352,0.13569562874195407,0.07645837489714677,0.07485402042164382,2.8710684644588604,0.7856499001426783,222.26327620241025,0.27157738095238093
5a0df5c6-362c-4517-9856-a53b028dcee7,5c9244da40643d0001c39982,0.0576978938645599,0.0744515991630636,0.02820282698187717,0.00813751821286872,0.35397584739867916,0.1977975192685832,0.25187009024673224,0.027866703053580886,1.6578163552037444,0.7220830619857852,188.04228577119298,0.1822849807445443
5a296223-a8fc-42bd-adc9-7e9382109c63,5e0e49cfbf3d4e5b0925b2a3,0.08412796483917301,0.030715173071765533,0.026267832630516585,0.023475585930503595,0.5929680362264298,0.1821790152495199,0.024338490842210583,0.0359279011934449,2.7877283263032444,0.8365326114224321,230.09796525221873,0.0023847376788553257
5a296223-a8fc-42bd-adc9-7e9382109c63,5f568b81712ed00cb3759181,0.058570683972393005,0.0214468264101722,0.13159533397813494,0.01117591008081303,0.6289103724385335,0.032942751990155596,0.10410408598325574,0.011254034087629676,3.4413753904211553,0.8191931872036153,241.62239474860257,0.9939668174962293
5a307dec-0265-4dab-ade6-bc6392695c9e,5ca6bbf13b5fcf00100996e9,0.021958996970680513,0.010542663239986351,0.006043359421741279,0.05517230737292983,0.0925274985667336,0.45666196070691073,0.20310321526901842,0.15398999768699803,1.4818994351466501,0.7373735345172931,120.29139528801716,0.17198764160659114
5a307dec-0265-4dab-ade6-bc6392695c9e,5e7072e5fb136c63e94f3fa4,0.056447739222949135,0.013799114969583996,0.0963358899964171,0.1682264926441879,0.2795740319709869,0.10434252487761718,0.09853771439682887,0.18273649166554906,1.8781517138233286,0.7243590511548996,131.66638231303224,0.5211581291759465
5a34ea59-8482-4592-ad01-6480a9981b4c,5de7b588ff15c2a06658dd1d,0.0972482378550688,0.017577936607079903,0.00901754987349841,0.058467878426317677,0.41432788357051814,0.23259497479765753,0.02795102156168593,0.1428145174772919,2.388991808477506,0.8389630390063576,226.69489732466403,0.5339125560538116
5a34ea59-8482-4592-ad01-6480a9981b4c,5f51268b7abc4a30c4d8240d,0.08837336495888945,0.036210992631354494,0.11485291720121052,0.04069781500013254,0.17653341767167893,0.34133911619990126,0.1073806456640807,0.09461172976265278,2.3204226750386674,0.8258223859548965,244.38205601992797,0.2615493958777541
5a69b66a-61bc-45b5-98bd-ffb14fb1e1ec,5ee9201596dd421333942d06,0.09794930929691982,0.032279873403377346,0.08503228866714174,0.020111987421506973,0.5345490421634869,0.13909304850205387,0.03978442939221271,0.051200021747747404,3.1786260483356976,0.8370780784701864,243.85379365962217,0.558252427184466
5a69b66a-61bc-45b5-98bd-ffb14fb1e1ec,5f91a4aeb9f8bc031e8c27c9,0.04271790249376657,0.0045457121367022514,0.010946850518445886,0.06930970080214101,0.6808795534019118,0.12363613961178255,0.03613227456445905,0.031831865603776814,2.6400167021412124,0.7187877694310406,157.36378376910574,0.08064516129032258
5a6f9b34-17b2-4a65-95e1-7af5b451b395,55ed87f0748092000baa9a0b,0.060706651439698806,0.016131908684481142,0.031556310145990286,0.04635820973087326,0.27288523620227956,0.17853552397198902,0.273132598712551,0.12069356056423129,2.2476505733422214,0.7025456688770161,135.50166291391088,0.2803579037068598
5a6f9b34-17b2-4a65-95e1-7af5b451b395,5d0fb996286e1700010de2c1,0.024686017370996422,0.05000273713066493,0.02106691757720387,0.005777095464569814,0.4850147175186414,0.3027522764133345,0.039903851003010804,0.07079638873380947,2.306641039325365,0.8004359494537813,212.59345919307313,0.7774366845740599
5ab6dbec-f52d-4df2-ba45-78b92fb1cb9f,5db3a4ad4e72fe000cfb3dc9,0.04453394150566995,0.016919613812469526,0.014939322539841968,0.02632897597429974,0.5264518117269772,0.23077157784485222,0.022171518740990787,0.11788323893932297,2.4148693362017752,0.8057240240526156,241.54637362895966,0.9107373868046572
5ab6dbec-f52d-4df2-ba45-78b92fb1cb9f,5f14c40b8a043d54837e0601,0.05731736995496185,0.009469743278631895,0.038588479017597856,0.07294266660965588,0.41358659859901337,0.21063660654346927,0.08632835441354224,0.11113018153958926,1.7504372814783675,0.8385203098570808,244.09125222663778,0.5418994413407822
5ab93a9d-dc8d-4577-88f0-2591fcffd9fd,5eda93dcca52056b992dc4e7,0.09141663319198089,0.04387891688646531,0.07888676898097992,0.02923710352125013,0.24962011119592825,0.21851086333099598,0.23126022443410976,0.05718937847626987,2.4527118167865605,0.7865772817425921,250.88858767184308,0.010666666666666666
5ab93a9d-dc8d-4577-88f0-2591fcffd9fd,5ef6bb87b83f3b000a3f04ae,0.013924594405185663,0.012880921224991055,0.006152987036195477,0.026696269973242048,0.6068563233203139,0.17176158810107173,0.09862263392154748,0.06310468405512316,1.3586413626895668,0.7088126289916913,130.13290487904334,0.06317411402157165
5ad3e585-7fe0-484e-9fc2-8b552af24e02,5be76781f6d13b0001cf5257,0.06530122358319801,0.027168210934911403,0.11981590808497168,0.050971173584702,0.17188638598973532,0.3169813480103147,0.15781542626478964,0.09006032402429724,2.6765290606751897,0.6927704970862618,143.11409776212182,0.4519317160826595
5ad3e585-7fe0-484e-9fc2-8b552af24e02,5d1e36a751bab9001616225f,0.117096852129906,0.025136921910396164,0.03426694838146478,0.022222706944325,0.5319620496066145,0.16457751468002582,0.031914756167085404,0.07282224886841741,1.7741225452013603,0.830731868563591,217.37455642848008,0.7067812798471824
5ad3f4df-0339-48a9-ae9a-ecd33abdd2e5,5ca229d63861e700154363bd,0.017763908320543274,0.011582078910296235,0.017934566701385907,0.0849312748321353,0.15587592264308076,0.3793578308278829,0.08285844017070125,0.24969597691305034,2.2446484876022392,0.7047049583864,146.8028209130601,0.20576407506702413
5ad3f4df-0339-48a9-ae9a-ecd33abdd2e5,5edacd8bca520571d4c0402f,0.007362966900238923,0.028459065884826364,0.003628654583609099,0.008290248178111083,0.7399384947233286,0.1406705892513001,0.05152589628800067,0.02012408347442755,1.6058395144991817,0.7371040344251993,146.46799864830535,0.015492957746478873
5b09544d-f156-46c2-98b9-eddbc8d95a02,5e3360a4499e7932901951cb,0.09466103250383606,0.00336149431697773,0.0074068128628333035,0.201196495291776,0.13559566637719886,0.3176249607468669,0.16545403839175984,0.07469949938940612,1.5024033737148794,0.7673614200433635,152.57444398631696,0.0035070140280561123
5b09544d-f156-46c2-98b9-eddbc8d95a02,5ef831c97dcd65573bbb0649,0.026918129523667404,0.007609418233414571,0.00479867250576793,0.03007474393518021,0.30029051041419863,0.21419344921658626,0.388428584791805,0.0276864909050096,1.864080732229136,0.7154715656612765,134.42970533192832,0.2
5b2dd042-ebba-44b8-86ad-86e01c211e06,5c6babadec1fb80001c18bed,0.12810683450321567,0.01348588889552738,0.08490278235563281,0.07547655830453755,0.18582399173386094,0.27686374579977663,0.07499326168128745,0.16034693696248858,2.2683656154259566,0.6507059473175786,130.6034106939908,0.1842948717948718
5b2dd042-ebba-44b8-86ad-86e01c211e06,5f352e9b8ad4af48c58d8143,0.042792240205234956,0.015209099807233504,0.008617041349465764,0.031352707591207736,0.3720514377663749,0.25397859388178246,0.2576948122281234,0.018304065448309172,2.9444461237839326,0.6400126164844278,137.22220253779568,0.4217207334273625
5b48dc51-b4ca-432e-b3d6-e3c1f61c58fa,5f2850a9d9a5f01279e1bd16,0.1264612930078696,0.0057483835320511845,0.0171771301033784,0.05984361492518838,0.2872824937385001,0.4140941470599451,0.05379486336700801,0.03559807633693294,1.9891599093485055,0.8319358472361575,221.35108603002007,0.38461538461538464
5b48dc51-b4ca-432e-b3d6-e3c1f61c58fa,5f6b69d064b69d05a7c7c621,0.027727096887740523,0.02075834655207307,0.01522678114918309,0.0807931025692095,0.3804054856232424,0.17776624343680075,0.027434850453217915,0.26988809272129466,3.031852294329112,0.8040580109679374,248.10482214039413,0.2386609071274298
5bde82b3-4a86-497b-a4c6-a26f3ce01e87,5c5e4e5106006e0001db8f0c,0.1171640237172397,0.06051717752214762,0.007699545324960739,0.006112238700756082,0.21672068683041953,0.4838899758062908,0.06545004607093317,0.04244630721155133,1.5934132455734105,0.760338963692561,133.80734976192443,0.3803418803418803
5bde82b3-4a86-497b-a4c6-a26f3ce01e87,5eee2f5b6a22952a2bce82fc,0.0370929211525129,0.04964729668175179,0.016152297764932197,0.01937826774044063,0.23544079877296545,0.49152266384913346,0.11670849209352213,0.03405726312315269,2.3071507019238346,0.8286729058530743,216.94577632792647,0.07221006564551423
5c54c47c-9c0a-4a9b-b82d-a5b353dc50f9,5bd086bbc3b40e0001df9551,0.062187022076865134,0.09373660089476625,0.010457679450525188,0.012219225418424738,0.3290670789777388,0.3769501058789043,0.07915158343867891,0.03623070417641253,1.6651861774408792,0.7436902464843698,178.09031611175098,0.2611190817790531
5c54c47c-9c0a-4a9b-b82d-a5b353dc50f9,5ee2b44f470fa7446a470c8d,0.023026205650909407,0.039540748573620096,0.023270457657965756,0.011101943624579388,0.43599123341623575,0.2872197508370608,0.07315767948184565,0.10669198123308678,1.9948855923622157,0.8173300008804386,226.39541790153487,0.6
5c6f6632-c722-4041-9d36-5ada31c42471,5b7ca6161e35f0000172fa14,0.05275510415685172,0.026542478578889736,0.015899340091724688,0.025507130588167146,0.41651016186896195,0.2632054690679528,0.07464465710130026,0.12493565698568729,1.9466624635739227,0.7836237376834864,194.27771872693415,0.17269076305220885
5c6f6632-c722-4041-9d36-5ada31c42471,5e7f9714e74e0c66d2a04098,0.13191724426654416,0.028643118207879684,0.06715404611439674,0.02066819498031663,0.47867863685431283,0.18819501068500097,0.030633672294145774,0.05411007581772629,1.725548180978538,0.8045730097530783,194.87076342510517,0.25333333333333335
5c89fd8d-9663-4d7d-bbdd-a919c95e986b,5a79f14a8fe2dc00010593eb,0.09440343291262865,0.03221746995210724,0.028274796948321235,0.02416412390608094,0.6057273875731262,0.12726302665364286,0.02940263016167266,0.05854713266266716,1.8333621526890154,0.8334704426418287,191.33032747068202,0.40986257073565074
5c89fd8d-9663-4d7d-bbdd-a919c95e986b,5f7b883e86b82815a5a63f06,0.06704809710536866,0.019826673033565057,0.03655507641064529,0.05891587139974656,0.37081335988854647,0.23984147624603985,0.038650390135115016,0.16834905618997165,3.3715464986918593,0.7480182090347307,180.42987584667173,0.9492430988423864
5c91528b-686c-4446-82dc-5dd830d4d7b1,5ebea06f9d56a105c10f6315,0.050325929814256015,0.009491312292887187,0.008262568824397376,0.0435930856281471,0.4536480017912608,0.2591871762299908,0.06230916744831093,0.11318275797752508,1.4877808294216575,0.7487274096371995,149.75232161361782,0.23170731707317074
5c91528b-686c-4446-82dc-5dd830d4d7b1,5ec571fbbe9f1b54ce2ea875,0.37604995708349603,0.019442364296390693,0.18899235073615475,0.017320223258649254,0.0896316066201659,0.1318627567353826,0.13627420094455567,0.040426539891167165,1.634685325984195,0.8176326359454388,210.7378514020706,0.9811023622047244
5ca462a1-d50f-4219-be29-16b4151a3639,5bf3761862e1bc0001f15cb2,0.02521534902812592,0.06087444797446394,0.04519983262141221,0.010817771359096685,0.6330522212279438,0.095858010233973,0.07071950420686737,0.05826286257723501,2.684101554792405,0.779161205205039,150.24962892566143,0.8839645447219984
5ca462a1-d50f-4219-be29-16b4151a3639,5ee3c4bda54f6807aced1eb9,0.19923857014094076,0.004926760558321628,0.08104236631853767,0.06247801742782547,0.2645715550918664,0.2964073973042624,0.07098168813224347,0.02035363717004653,1.9113284420571068,0.8449234093887478,222.93949844438026,0.5581395348837209
5ca82a7c-ef99-444e-9147-c957ad9632ba,55c4ea6dfdf99b4adb996618,0.1555602823735725,0.05593129802395622,0.016761518954956027,0.008573147484837038,0.3879273003666007,0.3288466803893682,0.024208233279042677,0.022191539735227625,3.2036153711536732,0.7061088433189986,206.48859349505526,0.124
5ca82a7c-ef99-444e-9147-c957ad9632ba,5ea91e89257581388e79adc6,0.1287009464636865,0.013238483200561662,0.016903578022797294,0.07867227599201987,0.27590439618599194,0.3204067526812932,0.06345278735128569,0.10272077940850691,1.9967548200388898,0.7358779161765959,152.247136671063,0.03723986856516977
5ca9b7cd-9c68-4803-8d13-f3e6c7d24f43,5be04ea54a5e53000157ac4f,0.022721806278032254,0.01231460797709855,0.11863249344061712,0.11219682670281232,0.35821777907342045,0.03446413853966304,0.21923831588577244,0.12221403174115054,1.946963309676876,0.8162690463117418,227.4395357835497,0.9813391877058177
5ca9b7cd-9c68-4803-8d13-f3e6c7d24f43,5f0c61f219803a07239a4269,0.04399377910560123,0.01914813522338204,0.03587875132215593,0.04297452261116015,0.4820374195108563,0.09706886842161566,0.15697461657236506,0.12192390776450138,2.024629994407838,0.8038468211966284,241.8776406582383,0.6947179946284691
5ccd7ef4-372d-452f-b982-4fb790beabbc,5c154c316157a50001643610,0.020287240178738782,0.10135567473694106,0.013920684663216281,0.011507482790807617,0.5620552828340983,0.09722776777779116,0.05145637402576029,0.14218949451340515,2.2868372679499758,0.8513222282342637,234.55042582956926,0.12142857142857143
5ccd7ef4-372d-452f-b982-4fb790beabbc,5ea13ab244408e146458610a,0.19779795173402348,0.014762167186588876,0.05622936706362233,0.06767326727199371,0.20465316366597835,0.2602095116587404,0.07253251440735631,0.12614205689340033,2.1223988392031017,0.7229001999215348,135.83432585937084,0.3471153846153846
5d106c0f-e40f-453c-b1a4-3b90e3cb8b4c,5f3c2648a9ef86a4c10de377,0.04487361830887985,0.0298470094614966,0.09343208074937488,0.05369780932798101,0.2519989954631696,0.3233642354973206,0.1311420155477475,0.07164423505054243,2.206302157587187,0.7689812125661187,149.83082793031517,0.22953736654804271
5d106c0f-e40f-453c-b1a4-3b90e3cb8b4c,5f65597823696e0e9bd8f63a,0.013509155785639297,0.03623752418101792,0.008578457785174428,0.016720233239621542,0.4642215249688821,0.16728723894192252,0.1816132648617214,0.11183259877728134,1.7676349684138846,0.7921718231877112,208.73191471420307,0.9383429672447013
5d36ed94-22ec-4635-afc2-98645711b518,5eb1e9b96c1f4713ed5d0a1e,0.12317004794340047,0.011816179098361195,0.01206892670084868,0.11946292106061189,0.19787439605863802,0.2303360641474076,0.2142866587669448,0.09098480606678994,3.015509803522938,0.7601528962465208,200.1860057308788,0.3245686113393591
5d36ed94-22ec-4635-afc2-98645711b518,5efbe4f0c9f37c1a3b70afaf,0.01091546923977958,0.052374709776770126,0.016879134602685576,0.017475485680278534,0.5054560210490577,0.1416744496587453,0.20624545962019084,0.04897927131805496,2.1206926341537544,0.7080709312266893,134.18475669474728,0.19382321618743345
5d7dc5a5-8dbe-4fb0-bf59-2d53f0ce3b65,5e9ce0a46976671ceda6082a,0.04904649529574968,0.02396690282177749,0.038823322237563906,0.015005405132716915,0.34892906468108187,0.3382883166627278,0.16821140714593585,0.01772908644470844,0.9157667166160829,0.7766895584800804,126.09547281078714,0.6248266296809986
5d7dc5a5-8dbe-4fb0-bf59-2d53f0ce3b65,5f2712b3488e134d570bc387,0.026320935597245323,0.011031104207654345,0.0641217475993567,0.2070573585246109,0.39965188369015703,0.03323625256585567,0.12729754341096924,0.1312831745280547,2.616455839817799,0.8555099317445577,243.97661346174712,0.5224913494809689
5d802b9e-b047-450a-9695-69c10a96699f,5dcc2827b1dabb8be6a9048e,0.00746252745184105,0.02923715272636343,0.005765618661529921,0.024809777011456806,0.4901658934059109,0.22325792130756042,0.06286670550587654,0.1564344046326421,2.3271367782120196,0.7347592623504428,154.69025666196967,0.3406478578892372
5d802b9e-b047-450a-9695-69c10a96699f,5efe33b14177723069d82cfd,0.042325188132609354,0.009733480515151232,0.027870137856438007,0.03893208842562293,0.21096646498468913,0.29352966336954983,0.09232148770628827,0.2843214896474882,2.3283151601991854,0.79442254656262,216.92726878791893,0.35338983050847456
5d895bf7-4efd-4a5d-ad62-57fa820ad746,57abc011f00139000156f638,0.16717990289308032,0.011900016361754891,0.017471883435629703,0.07210784991359864,0.1886563328086107,0.3762314906257305,0.05071179336366972,0.11574072984734562,2.6003803174912092,0.8327937885051919,204.36367213747016,0.0
5d895bf7-4efd-4a5d-ad62-57fa820ad746,5dfebf5911999fb6692071f2,,,,,,,,,2.8342849831845296,0.7853706863192322,198.20441547046985,
5e063825-c5d1-4469-967d-79cbda4ce894,5edff301000fa631c7b5bd3b,0.02861307219437076,0.02086570348064629,0.07135660005911233,0.029306668306464223,0.23445097224275702,0.2737595484214007,0.11397602975158096,0.22767140507445122,2.1125546293766218,0.8007915262221842,217.48636023792093,0.5492010092514719
5e063825-c5d1-4469-967d-79cbda4ce894,5f12b2d469688113079cc273,0.0772787621900226,0.0250293175756847,0.03451911865195827,0.051025991712880914,0.2515489888239322,0.3931571719216807,0.047045663277645644,0.12039498604551646,2.3687329437204867,0.7501557544778023,184.68686552521592,0.35996488147497807
5e184765-66fa-4a74-9c68-410aafe76be4,5c47febdc41b2a000183b95a,0.00786046720875918,0.07963639705804626,0.01689758539820156,0.02228238407997069,0.5056085062967507,0.15848583242856928,0.10122650848249128,0.10800231884478473,1.9527254391815467,0.8102312773670787,207.43698360213074,0.9963689179375453
5e184765-66fa-4a74-9c68-410aafe76be4,5dd324424524e7334967690d,0.10558533406503823,0.008669827434023154,0.01479275683919983,0.0343645450022656,0.49923175150618165,0.2680250785395388,0.03410957272085151,0.03522113318341339,2.1830510593529984,0.7864289630871456,230.16176740447483,0.07030665669409125
5e6434fa-16f7-47e2-b4bd-60b0ec9e7fbc,5a50fab2f6c517000194760b,0.08967406486797086,0.029910610023306777,0.07751323407129947,0.00763610404298243,0.663645434099524,0.08008755542177157,0.03283355451073157,0.018699443498442065,3.378505576905612,0.8080444225607549,198.19822819364464,0.8424182358771061
5e6434fa-16f7-47e2-b4bd-60b0ec9e7fbc,5e96d0eefea475161115aba9,0.3570133182380954,0.0733359699556626,0.017230370084009683,0.005537608080202762,0.2446928243176197,0.21967060059708995,0.07896587202680232,0.0035534361268157125,2.4228380016789135,0.7296358091371334,143.16451811147084,0.0
5ebef664-8567-4425-8ca9-9be90745a61d,5d446af8687d6c0019c0ca03,0.010365125356693369,0.014781111406161418,0.004536658085373435,0.06721774564534293,0.3551840940003227,0.10516188297391521,0.039012497111030484,0.4037408861866446,2.2815860479825645,0.8390564213279242,235.9248133430716,0.708502024291498
5ebef664-8567-4425-8ca9-9be90745a61d,5df11a727f08ed028418fa62,0.2471105487284442,0.027510101151304558,0.030713677961744925,0.08427846049837276,0.1752288284503713,0.2544290560614125,0.10166293151780507,0.0790663967779242,1.8150153129864333,0.6952380730307776,129.5331136885109,0.11584089323098395
5ed1304b-c8f6-495c-b391-a544ff70746e,5e4b0189cdf5a6011838a6a2,0.04465815896750175,0.01115911744200384,0.0038737158907837937,0.04678793514724958,0.2972288883305689,0.35656693045881455,0.21587889122903434,0.023846360994281356,2.5283978255899093,0.6992932313267696,170.9943915038751,0.004191114836546521
5ed1304b-c8f6-495c-b391-a544ff70746e,5f0b33e16edeb5429793f878,0.05576433059508837,0.04644146018533462,0.06214839426878259,0.01353070738422888,0.47036864797893974,0.20172347443090544,0.03473594624342752,0.11528703903155532,1.9136656796879525,0.85661299775966,259.3115577952145,0.413012729844413
5f3c5c14-1280-48c4-b6a5-97437ea68c94,5d5162f1b50a1000169da137,0.03615377397366057,0.09005072323643018,0.018995692372750138,0.005836831520278133,0.6433902986457524,0.10621244728766097,0.05242745847463422,0.04693277471562377,2.0077567608243814,0.800062306649301,193.45730902656655,0.8495339547270306
5f3c5c14-1280-48c4-b6a5-97437ea68c94,5d54d3560c5b0400174b3c81,0.048683871074855625,0.017535267234728234,0.035721403569966635,0.08128293177697597,0.3418722272286001,0.20814448109649508,0.11779739449312049,0.1489624235293792,1.958546105165269,0.807495974772431,211.89568314068356,0.3625632377740304
5f3c916e-a2d5-44ce-b39d-41c9d29de48f,5e567cd58e4500024e8d096c,0.020533606415457494,0.0155406372574733,0.00599455360752752,0.08099179611233112,0.4291337710816062,0.13793506249948465,0.07104297568807941,0.23882759708426235,1.9103070047916546,0.8051750114381371,197.4999265480702,0.5759745425616547
5f3c916e-a2d5-44ce-b39d-41c9d29de48f,5eb166711c9ed5255c4ea6d9,0.07140467033380424,0.03258536340824646,0.13440010048949488,0.02306888010553256,0.42251909816031336,0.21372083377752787,0.04673052307997227,0.055570530992076754,2.6990181413647956,0.7185422515203009,150.82046403973453,0.9397781299524565
5f520ad2-bf2d-4a40-a166-c6ee39d1394f,5aea9a59852ddf0001ced15e,0.09520303663279907,0.02239412635286985,0.019477737170511607,0.025225057735180734,0.20422117932848438,0.34333315113692636,0.2430147049195491,0.04713100651140016,3.0560491327061,0.6673683337172306,139.637075115022,0.7915984724495363
5f520ad2-bf2d-4a40-a166-c6ee39d1394f,5f1c9c4c1ca48b000961faf4,0.06515197965208934,0.023777303173720454,0.0913546777277851,0.07189270885728379,0.21243282206511643,0.3006783392991611,0.11580493098630544,0.11890723840573701,2.0669965264353665,0.7749406784680447,176.07790280237123,0.3810229799851742
5f61a48c-b11b-460e-a4d7-9ef5ca9d857b,5e6d6545993427329a35b800,0.020367513133193224,0.023185678856066115,0.044552908603734245,0.047731712919622096,0.3558204610230306,0.06775327241093966,0.40273554007084744,0.03785291270277302,2.390315621628049,0.8349115099569286,226.94897005930014,0.607825295723385
5f61a48c-b11b-460e-a4d7-9ef5ca9d857b,5eb10e1b6e2f921d6d6567dd,0.03895535649400186,0.026300393554312376,0.048914143497827314,0.01633344076621603,0.6377928888244468,0.13249810568465575,0.05009566972623674,0.0491100019898831,2.1572271384964377,0.6917556994703826,131.38395125415278,0.33111322549952427
5f968cf3-3b7f-4aef-9952-6be9e9f31db9,5ec8a23062738338f917576a,0.1166754934315793,0.03719046571761324,0.06309752643718945,0.0340258019576922,0.21470743305381326,0.33532899636464586,0.052799727942033,0.14617455511735145,2.422898122138961,0.7596652942164613,201.04124318127,0.1564245810055866
5f968cf3-3b7f-4aef-9952-6be9e9f31db9,5f1f2cf5a441a30fa1b79b2d,0.007894999814524468,0.024817430473370948,0.005522658786755148,0.04276764187665438,0.44750760551756447,0.16516233896264518,0.06714630536050471,0.2391810191795297,3.1828056786476475,0.6920761128227164,143.9115344193714,0.027240773286467488
5fa25b94-a44f-4677-88c4-94e8a40805f9,5e3a1f06bba7e623f17f5669,0.050519136729546665,0.01401930869091296,0.0013705416761028,0.0019437057174702802,0.07032339666349186,0.6819460760222541,0.17642459765904478,0.00345323849223656,2.1604038950129856,0.7680479616357163,199.78842430628814,1.0
5fa25b94-a44f-4677-88c4-94e8a40805f9,5edef14e402f7d1ac3b97c74,0.06930900051129471,0.042940061623030254,0.11284842985037047,0.017069352911499393,0.35019824117482445,0.18960438762620407,0.0897246703880869,0.1283058563456253,1.6896727688092918,0.7575206644231532,209.99479597644918,0.03151421983089931
5fbf2610-3844-47ee-954d-e39520ea09c9,5e11882114ae638303c715d9,0.029496811266097912,0.03346377811439502,0.16492864514849578,0.00600179881811342,0.5008478134988904,0.18746268438232871,0.0465831115778074,0.031215357560663886,1.2751095604593732,0.7983589112437309,166.86322959598442,0.9114799446749654
5fbf2610-3844-47ee-954d-e39520ea09c9,5f08bea1c1c4e111f286d7d1,0.00383976259761676,0.005883045144525464,0.001807719853740805,0.008680472398346325,0.8828853157822558,0.04886434156114024,0.037653245736577065,0.010386096407127527,2.606829805720006,0.7790167289170784,143.64623212859925,0.5099415204678363
5fc4e5e5-8cbe-4680-a2b7-ff0c0bfd7c04,58641c3bdb3e720001e22831,0.05553292107765712,0.0606262129313143,0.06518531580216631,0.006437770222836317,0.4154010283148124,0.2602964753843299,0.11387775891732456,0.022642516714734856,2.616970524606108,0.8525486354294576,222.14662834655206,0.7452725250278087
5fc4e5e5-8cbe-4680-a2b7-ff0c0bfd7c04,5f03e4a77df42060e6b3dd13,0.1149749459502818,0.008077527836420247,0.02614148413853269,0.13020686049892033,0.060660379952741844,0.3832983931171517,0.08406056728981987,0.19257984171313972,1.9238298691490756,0.7271612987208428,145.51457243344754,0.014056224899598393
5fcf9d0c-2f1d-44e5-bfc2-585ba1951f71,5bd086bbc3b40e0001df9551,0.047428268173069985,0.12673004468363483,0.010132447151419607,0.00383403302902401,0.2948805332815289,0.4273335397419996,0.06388967908040005,0.025771454132466943,1.5554583176126224,0.7327747238223452,171.64376042027348,0.22713414634146342
5fcf9d0c-2f1d-44e5-bfc2-585ba1951f71,5f4c5105ad5ee685d48bcca2,0.15485571150022687,0.0168017625884883,0.11864994007311529,0.008452881064771992,0.19987527235767769,0.3590859858530054,0.10353785877875973,0.038740587414105895,1.3057325954874008,0.769156852894241,162.73117666769312,0.97578125
5fe1c8f2-3ab2-4366-9d69-f76c58aad79d,5c8be0dd542fbd0016924f5f,0.21676349248461488,0.05755257636646106,0.06545108139067263,0.020689221551260937,0.16804178984480622,0.22799999997238204,0.16587915920249655,0.07762267876459643,2.4257760594304627,0.7749537521886171,187.5116458625081,0.8290383406662476
5fe1c8f2-3ab2-4366-9d69-f76c58aad79d,5d951d9419479d00155e7140,0.024664409611789676,0.030101204555502414,0.010596335056749312,0.01973190233535858,0.37095067458051767,0.29963715399781626,0.07567096288709532,0.1686473584085425,0.9195303760969343,0.7819664414273035,206.49714643804032,0.30612244897959184
5fe46d0f-6c17-41eb-bb4d-022ce47fe824,5d98077e74f4a002ea9a8c40,0.09718464194261119,0.05093943178676693,0.03604909111126232,0.047179903471082744,0.15502420902120956,0.3296277294105327,0.10399450145993235,0.18000049105341864,1.4536308355136327,0.8139712788457273,204.2738803573844,0.06266786034019696
5fe46d0f-6c17-41eb-bb4d-022ce47fe824,5ec5b367ec26b761ec0fc87d,0.01753077125792813,0.050098256181691135,0.010313192820366354,0.025696398977010492,0.30857356699996774,0.35652542180163094,0.09186125756875844,0.13940113388349917,2.6535170281354685,0.7805578274253088,202.7025063027815,0.03638368246968027
5fff5771-6673-4882-8ac9-2404c15b7451,5f00cc127086ce2029ae6541,0.23690552576879223,0.007886880609906515,0.0664297656694413,0.23758573105268085,0.08038074433661384,0.11991301515502074,0.19948770808177782,0.05141062920346942,2.731222755471639,0.8228270025560279,237.48144956177205,0.30012610340479196
5fff5771-6673-4882-8ac9-2404c15b7451,5f4d4ad0fdcc2b1371ceec98,0.027343848695672628,0.0790322665373085,0.032010673174382914,0.031051237769055152,0.4448515256853808,0.22208951782491443,0.10007130813818078,0.06354962276533496,1.559988365084186,0.7347141863758184,143.59159018055428,0.1235657546337158
601dd44f-db11-48d6-b150-d8959e05c97f,5e5ca080bb37ff47b09dd4cc,0.004299672798072568,0.010934213372812291,0.005469692009884003,0.003925229464231494,0.8945919496539829,0.01813403036219194,0.04345709826272118,0.019188114384573178,3.2595551111177916,0.7576112581582087,204.67205357874323,0.6545012165450121
601dd44f-db11-48d6-b150-d8959e05c97f,5ea7b376ba872d193c34dc62,0.014914450346437739,0.04138421115047601,0.007486212396685796,0.020025677100516944,0.4978361192138121,0.1868404362522062,0.03521178969260211,0.19630110431526993,2.1181346127622502,0.7066545000110525,131.53152914989957,0.6413662239089184
60454fcf-eceb-4faf-9347-8d796e1b5be8,5b21c4ab31d0080001b9f55e,0.02459333073157619,0.0336589010320622,0.018520608673983346,0.03618830299870636,0.2580515995815562,0.2843442364184303,0.23905210312215505,0.10559091908593714,3.2280916821539374,0.8180141344934558,261.5674021827837,0.017543859649122806
60454fcf-eceb-4faf-9347-8d796e1b5be8,5d5dc2d37bfc8400013b653c,0.03187994779102094,0.047873819254843054,0.020013865739235942,0.019818844653166762,0.2416241158025938,0.3436821088245429,0.19519572639240623,0.09991157133935072,2.607585794077324,0.8262026360811355,199.7221056230326,0.6816343042071198
607a1155-0781-43a4-88ea-66a4cdb75585,5e8e4fc4bb7e470d85c008e5,0.18110905791601092,0.015994552528966394,0.1356199708561893,0.05968873848264259,0.31317332716546237,0.15748563449574657,0.03305804317541962,0.10387067514981403,2.2746364395043877,0.7312752283405445,135.28467935861661,0.9214743589743589
607a1155-0781-43a4-88ea-66a4cdb75585,5eeb9d5c417b5b34b8ceed17,0.013404163382535498,0.014945510108707104,0.016945417627544986,0.11206613729121342,0.4099137522194668,0.1960299896129355,0.05410038298589928,0.1825946463552795,4.0044237315114675,0.8234295129022748,270.80817011402644,0.39331210191082805
60d724dc-d650-4991-b735-da723e5ed484,5e2926d80beb030ede110e67,0.13376036826129875,0.013033732151492517,0.08010616772039493,0.09464367737163892,0.1482408998685185,0.14105679094263676,0.3107904373495919,0.07836792610413783,3.012302700740927,0.7943916643974492,213.25076167070875,0.0007112375533428165
60d724dc-d650-4991-b735-da723e5ed484,5e77f95053032d0b15687284,0.07757069273308938,0.009550810099226497,0.0231395670207042,0.1758106175809507,0.33799907195211754,0.09519975925231039,0.06472432482987256,0.21600515634035944,2.1479860364743404,0.8185670265792435,215.45400441987329,0.7649456521739131
611dda66-526f-4b80-9ede-57a494457c61,598c9125cceb0f0001b39697,0.06291050359915953,0.008209888897240553,0.02334746577513985,0.03893480427574536,0.10227403381512397,0.6035696019936695,0.085774751200762,0.07497895074382774,2.5181775065859,0.7112086985474878,168.9277281767989,0.043133802816901406
611dda66-526f-4b80-9ede-57a494457c61,5cfc3d486e9951001a0cb8cd,0.03613261922790237,0.07248568421367793,0.016723342658154866,0.005607957520152255,0.11875616288541281,0.43406568707877685,0.21293641992169687,0.103292126300824,2.272655622575379,0.7866415485869153,161.95601585594923,0.5911602209944752
6147bbf7-b883-4cb8-b934-d305ec927d7f,5d4c7ac3e8ec490018b0050d,0.07759062939893803,0.035190549165616286,0.08186429161094237,0.028188910404539375,0.22586969321785005,0.05868663445918759,0.4455538224028717,0.047055468961195085,2.441608646907044,0.8141784474344504,221.38532780955418,0.010256410256410256
6147bbf7-b883-4cb8-b934-d305ec927d7f,5e67b5c4a027430517877069,0.034694447384611395,0.00956719866951617,0.013103992214054548,0.018923787629359222,0.6618697662477183,0.1733658616845424,0.03305873887171948,0.05541620694244879,1.4928104720352755,0.7828646406705384,153.70032989417834,0.26831421006178285
6163a127-a76c-4bec-8d7c-02e6e6fd548a,5ede1b9de880a5035a41da35,0.05963154347002557,0.020193235947246355,0.03261604214479259,0.01638695725852791,0.18483224489514538,0.46465260573834344,0.1617605303996266,0.05992683990890692,1.9044317050912611,0.7523406756606092,133.18582266335898,0.6423220973782772
6163a127-a76c-4bec-8d7c-02e6e6fd548a,5f97a2147222e0171a3a651b,0.007337534906541516,0.02026617335922125,0.0032688353514072465,0.05088709096074103,0.3793957234849503,0.17477355605005598,0.10284663363218625,0.261224452323954,3.247139842800879,0.7930232339292379,204.92288093435633,0.3669724770642202
616a7acc-2d13-45c4-b270-8716313bbc73,5f1221640ad01c141571dc50,0.014774482842593875,0.019658558609578193,0.01768970546745133,0.049083306810529956,0.5631689064877765,0.14837321293168573,0.05690713125945571,0.1303446953856618,2.431835845377371,0.8392673747881362,232.8931433174602,0.6561780506523408
616a7acc-2d13-45c4-b270-8716313bbc73,5f67c86c73bbcf40f72deeaa,0.009160900682484143,0.027239022178751633,0.004843783848416383,0.005841873487379048,0.8717173138198143,0.043866189748258407,0.017466115456326016,0.019864800926230584,4.815013487968687,0.7596844623358003,216.81578692721308,0.6581005586592179
61a3fe39-0579-49f9-ab93-b75cf8404a0e,5d3f6c700bd40e001cf67d98,0.034705759955308536,0.0638912923981291,0.03128023850494373,0.01035639007936151,0.3195565704910551,0.37005323554254027,0.13405663140996424,0.036099882360398926,3.391706183345488,0.6339317963166631,149.99306637835477,0.632996632996633
61a3fe39-0579-49f9-ab93-b75cf8404a0e,5dd4070a57a7e13efe25534a,0.03836430212099266,0.013048998785420448,0.012795558722424815,0.038375306393466334,0.4897694709169899,0.16913412166603914,0.17341390986291014,0.06509833206906726,2.8431745639288386,0.6960512618707885,193.2406697823056,0.7753036437246964
61b35301-6416-4293-a5c5-fd5d1ece93b4,5e01ac85617219d6da5ab31c,0.0409416181770489,0.06969921656708081,0.02535231036043426,0.024357125644834207,0.4773806175511544,0.2182382061496559,0.06961987034004806,0.07441103442743176,1.9329524032918985,0.8335694870936521,225.4988239846264,0.5854241338112306
61b35301-6416-4293-a5c5-fd5d1ece93b4,5ea3310bf9c4f828f0c909c5,0.07038294484279932,0.02397034180449116,0.06616165369946653,0.055515039046394606,0.39207861695438956,0.11064697951475808,0.198524940558893,0.08271948442363451,2.9782445114807867,0.8146869860498797,224.73188516949574,0.3817351598173516
61e32a88-cbee-4319-9f54-564af7e118a5,5e77f95053032d0b15687284,0.037889722297920765,0.00696015943941612,0.00870696716895773,0.2528454143787128,0.17814221339414416,0.11280603987666327,0.058768391266520933,0.3438810921065569,2.3223369274724437,0.7946436223766243,196.6357685871086,0.7245421245421245
61e32a88-cbee-4319-9f54-564af7e118a5,5ee241268698436ab99901cd,0.05753897009931433,0.05470592274104455,0.022062993499313267,0.007291456029751743,0.5749799114469376,0.21898325414549966,0.049836617048250945,0.01460087611604767,3.81628057443062,0.7117809252713236,155.5411267159286,0.21588785046728973
61f439d4-55ca-482d-b78f-21ed14af9912,5e68dfbe9918b20349f76035,0.008612659842143865,0.0445556719025835,0.023727757227188926,0.04797416835753693,0.3076269598589859,0.183642037671903,0.20663628208244472,0.1772244627986835,2.5277432634133965,0.8008736741450293,214.41226286909182,0.7675889328063241
61f439d4-55ca-482d-b78f-21ed14af9912,5e7cf03fea45cb369b402703,0.03438218926930373,0.018582449282610995,0.03679582355067728,0.04225244709418539,0.19858667979718453,0.2603309867225365,0.09604984127336615,0.31301958328122775,1.6228159703096994,0.8129275567233774,212.78415445505044,0.033391915641476276
623768bc-17cf-4121-8968-f0c25c1aaddb,5b7ca6161e35f0000172fa14,0.05660090955224421,0.035090239051579195,0.018097826502276086,0.012994525108263603,0.4571963650008718,0.2833652558106624,0.08360429526750221,0.05305058390136373,2.1094091410914384,0.8038048649236155,221.12831511790267,0.24055415617128464
623768bc-17cf-4121-8968-f0c25c1aaddb,5d36600685d1d50001affacb,0.1231758035935381,0.026698281960291757,0.03119167177674653,0.03650402025149408,0.3369849786268481,0.29682311445821946,0.11032417979556261,0.038297947952673536,2.515561841060355,0.7834803758162592,179.75698745676306,0.6939338235294118
62455c51-5d21-4f2a-ad6d-2ec3d63abb4e,592481c14c4d6500016a1767,0.07955661354797995,0.018836393325719476,0.12114995490497747,0.022721107735939883,0.22444193148258265,0.2647960568738409,0.1723418875806985,0.09615605497076542,2.3066540021784414,0.8115165585202475,218.0243103307179,0.4089171974522293
62455c51-5d21-4f2a-ad6d-2ec3d63abb4e,5ec44240144f4f30a24e7aeb,0.027866780601896183,0.0035466992848383924,0.003631425401490787,0.078232981285451,0.10489686233393988,0.5100268175031551,0.05451856466358251,0.2172798683705623,1.9959790839313356,0.8314147958130677,241.93679260728356,0.07788944723618091
624f744d-408e-4207-a725-f98a57340d90,5d2c54fadc093b001983dc57,0.3125940952789958,0.046922561076223245,0.03038287762149058,0.01746392145859578,0.07576908318972854,0.2701113109884288,0.2441881057164437,0.0025680425206530935,2.575358576487808,0.7319301152632686,208.57542269188878,0.1259259259259259
624f744d-408e-4207-a725-f98a57340d90,5f9b44bb3e13ec35fc8894d0,0.028766349424153403,0.019361626816502667,0.014484612851907726,0.0123085632345121,0.1312684175541836,0.6120653292448605,0.06070077645356768,0.12104432477369696,1.316916295243822,0.8457081345557448,199.03522261010238,0.012683578104138851
62693a9e-edd8-40a1-a073-2a91fdfd0297,5ebea06f9d56a105c10f6315,0.03604340670009245,0.0037097617552754062,0.006771894060429569,0.1737175515014839,0.08774020865073835,0.28487265285828905,0.03886410861479025,0.36828041503862824,1.298965492118589,0.7557209360280613,144.45598420048867,0.6149116064565718
62693a9e-edd8-40a1-a073-2a91fdfd0297,5ef54b31234db61ac1c7fdb0,0.036280000526240364,0.0327341676438531,0.009749905997706712,0.01858417399868555,0.35162493237213266,0.24551852162555113,0.2748546134576122,0.030653684800292225,1.9730162212996745,0.743292466726947,167.96593061318083,0.7893617021276595
631e6db0-f0af-4f55-adc5-fa218b624bd4,573bc4fbf3580b000fce0af4,0.0303902652344689,0.03522455845831573,0.020722130306340663,0.020349664879296132,0.44310700880459186,0.2772193222663451,0.08724202176661515,0.08574502847826879,1.8082556618417758,0.865722962326356,259.1644410697863,0.17974452554744524
631e6db0-f0af-4f55-adc5-fa218b624bd4,5c4af67cdccaa800016b3192,0.014036229214013039,0.021270223820361752,0.012014638056441958,0.024569227066194053,0.6301466859558549,0.12948986744126545,0.08779146307006931,0.08068166595851037,2.7305971328284593,0.7797602867706229,157.88476740082785,0.6211015262110152
63573cd4-63b2-41d0-9d14-6e0c98b6c212,5ee9d0dfab4d21000ae469c7,0.02987215588899636,0.016481245049307335,0.02310218177998087,0.08229453145809615,0.39299725650464007,0.09752645176403806,0.13278644591743782,0.22493973194400857,0.8377714632803276,0.8189683589558755,149.1250675875841,0.7767634854771784
63573cd4-63b2-41d0-9d14-6e0c98b6c212,5f1798fcec2e75013c28cfc7,0.043250103228220795,0.018813957412397688,0.01994456645627697,0.017991752340161926,0.3790069305152795,0.28218640836802994,0.200114256744471,0.038692025746328844,1.70224129080081,0.7320107710686824,160.59447772131387,0.8121212121212121
6365a56e-c7bc-4f08-9828-08537508f71d,593dfb9ea2bf080001ed3b65,0.09707584242500313,0.01649220414976252,0.010760511229897973,0.09393294919053444,0.11160380846784962,0.42688804581796846,0.12254495155759203,0.12070168713801042,2.2399276016926195,0.7207960448440991,159.79144668076012,0.1474129515131793
6365a56e-c7bc-4f08-9828-08537508f71d,5e4b0189cdf5a6011838a6a2,0.09272577386340213,0.013101040198601581,0.00546909845190274,0.03929157135595207,0.2386258312504431,0.34089096138307035,0.24805666794690281,0.021839055116374705,3.2065103447123535,0.6831042392367043,161.69740082903974,0.011054086063955783
6367b953-4460-45e6-9169-4c73e3964ede,5d0eb8f40c09d600174dca28,0.15074716398576993,0.006884869261208905,0.038134644752298094,0.036579062605093395,0.3079581314584707,0.3787606497139084,0.053044178080878496,0.027891292250988454,2.33969451619563,0.8061108812049016,238.15990997702383,0.0390625
6367b953-4460-45e6-9169-4c73e3964ede,5e7cb742d29f7530898fb99d,0.29247349197493855,0.013325560827998642,0.029953428770754204,0.04303679270304129,0.35913466691525686,0.13956183386904905,0.08871427671495646,0.033799948278651105,1.6038554889621874,0.7570543377396591,148.76335727401647,0.011838989739542225
63aa8d5f-b097-4cba-9a89-bfec05aa45f7,5eaad5dcc2e64603e5122442,0.08705460170833765,0.02527974654429409,0.05783168466851177,0.06492155356499817,0.14913332201768303,0.2900683886633905,0.08719112905033954,0.2385195729890403,2.295540737323185,0.7704292217293125,163.7260435795696,0.2167689161554192
63aa8d5f-b097-4cba-9a89-bfec05aa45f7,5ed5ac56ee608714bb21075d,0.053218171259047195,0.019717621850682723,0.1705851654061365,0.06941326078889014,0.4072187512772125,0.10218668292508996,0.13632783363600914,0.04133251232322206,2.1352942977260154,0.7780284422905304,208.52305608011073,0.08672566371681416
63b17d05-e2ff-48c8-8e9f-68ce4a9ed951,55c4ea6dfdf99b4adb996618,0.04857447764447651,0.024166452365389373,0.026419255321674613,0.03961219101243305,0.48776353598252603,0.2609195445470434,0.015809804232305828,0.09673473888677206,3.8896232597546954,0.6545155744311045,157.97768938602547,0.671313672922252
63b17d05-e2ff-48c8-8e9f-68ce4a9ed951,5987c9f26ab9880001b5b04d,0.03731935848304302,0.015908119764289387,0.030000988751555616,0.09213073665922315,0.4572529357650358,0.17538996276348598,0.10158684625544546,0.09041105326020962,2.197317746795405,0.7868696440223797,198.95206303980075,0.40524193548387094
63e861bf-3c6c-434c-9099-c8d8ba694caf,5e8cc937ee95da07853f938c,0.04795041569311735,0.04328197470774543,0.03772564542574551,0.038726305786129046,0.21739634740666336,0.3030462103655947,0.15627800438978912,0.1555950956009241,3.3634749174426846,0.8036332524756351,234.1588046707852,0.5128805620608899
63e861bf-3c6c-434c-9099-c8d8ba694caf,5ef6d07be683903cd5ae171d,0.29438441453516184,0.01328903996269984,0.12470798331024906,0.02266453466498081,0.052518668314097725,0.2021030556535429,0.19089525020278353,0.09943705328904638,1.6047968768739354,0.7033006787124221,139.46404074723378,0.9017341040462428
63eb8dfd-eb09-4eb8-9e11-b7ad7235a18c,5c228e5c867f660001ad66be,0.017711992891194708,0.028300548949301358,0.005255141490747775,0.04778360046630961,0.231951559287629,0.27854293119441276,0.2716052467068361,0.11884897905813833,2.4693367027055917,0.7701863451276,204.4630796012271,0.02531645569620253
63eb8dfd-eb09-4eb8-9e11-b7ad7235a18c,5f48fc7ff922922cbcb9c25d,0.09184025735667062,0.029854481916888418,0.015412828163145985,0.017278763579176067,0.33352546994925214,0.32241905660022274,0.06458048332135469,0.12508865969992805,2.334997449891783,0.7661237953573253,192.01279363854752,0.7231182795698925
63f36feb-8f86-44de-8c83-03c129624c2d,5d338bb02381b7001761694e,0.20911687991046454,0.03370097379274018,0.039096266642471095,0.03596387977680287,0.18378901285732357,0.3045157675189086,0.04208746199816078,0.15172975694450044,4.165576705498106,0.7187435973750805,170.08021646601134,0.14326321773735076
63f36feb-8f86-44de-8c83-03c129624c2d,5ed93d13a7c31c4be57ef096,0.01118052215874361,0.04459781286152295,0.013198394321812855,0.04752517687402065,0.5510519347258056,0.1400989853331789,0.09377231801135269,0.09857485580115087,1.977702140468496,0.7830088941554695,179.57560913980626,0.0
63f91a31-493b-43e9-9d93-63da67699607,5cd8d86210887400182db201,0.2953374632530077,0.012468632202424721,0.0630344183107895,0.019309941537283562,0.03229681423361599,0.19746409541309004,0.3657762195050563,0.014312417760070443,2.0658553446892363,0.7997414878001241,195.9860092027194,0.45416666666666666
63f91a31-493b-43e9-9d93-63da67699607,5d618d5b13b88900195548f2,0.11519266289099461,0.028504952749624494,0.02872391815023661,0.025812647500188354,0.318666848302755,0.42028037168791416,0.04835502911313447,0.014463567346371532,2.8867510979213846,0.7543056156749445,140.90105962890286,0.006309148264984227
64d2a057-f8ac-4e44-9e0f-6645a3da8a91,5ddbdd54f30aa6b365b4ebab,0.15392551512774655,0.007747151141749555,0.007624412688001676,0.05159915968154863,0.15001532806419443,0.4857916360642958,0.12981332863217898,0.01348347098902474,2.428849324499635,0.7040040492150828,136.10694345382853,0.0
64d2a057-f8ac-4e44-9e0f-6645a3da8a91,5ec8a23062738338f917576a,0.15940221527966653,0.012146562387868697,0.02946631500684133,0.14382542222066785,0.0836568421881557,0.30631909987131617,0.03604540767228219,0.22913813492387086,2.108346671701905,0.7535194701007792,199.5276143379023,0.0525328330206379
6508345e-7d24-4a45-93da-250485492e38,55f5946a32af74001017047b,0.23129993387586656,0.017238153889466874,0.14197964132171664,0.1114020761484668,0.13902028377169262,0.16921148872668185,0.09954151431127681,0.09030690152982143,2.1678271320969227,0.754621953324373,177.36759440291712,0.0
6508345e-7d24-4a45-93da-250485492e38,5a693e48c0d8360001082fda,0.07355880719936478,0.06302828558569346,0.03405515865387526,0.015296429826333922,0.4810132359122536,0.24650370165517455,0.05949299690985067,0.027051384843715484,3.413687903967201,0.7361943658369698,147.18650038209455,0.07123034227567067
65271581-3117-4b65-a54c-64486d5e5453,5ec4a0fffe991f37f61b356e,0.06641208840714512,0.04156079544464539,0.03232089661965388,0.03746549306533136,0.5098148751145677,0.20128762384596685,0.06788406438686781,0.043254163709124216,2.7904403012174734,0.7446896053027421,167.84193709793004,0.9206185567010309
65271581-3117-4b65-a54c-64486d5e5453,5f0298ad4a1b58435567e7d4,0.045091596871007694,0.042081271079320824,0.03557212988684794,0.008032908429156025,0.6276766929354894,0.1713587351096199,0.057644694994761526,0.012541970766017454,1.7719868056568755,0.8180842005387581,210.2448060817448,0.2478134110787172
658ba8ce-5351-4433-9786-020e69923f09,5e567cd58e4500024e8d096c,0.05037729387769794,0.017947280356735543,0.005475173299639455,0.22370272527938673,0.3049628927228162,0.08529984153414873,0.09066740989650271,0.2215673824738221,2.043377986612682,0.7896135738484081,206.72960303375342,0.06756756756756757
658ba8ce-5351-4433-9786-020e69923f09,5ec453f93ba6b432bdf01d58,0.019832830685326132,0.08823306092784139,0.006937587330998324,0.01734710178258027,0.4551148659630878,0.24036323216610467,0.12215171897383108,0.05001960356520644,2.696590435728361,0.8188427202061407,231.02417457429902,0.7215743440233237
65b9bc57-6206-475d-91ec-c5696259c0d4,5ae74788d5ec5e000175ea08,0.1376042053869116,0.005305259084503115,0.009482940549819257,0.03531738485288905,0.298069982048657,0.3447488552561097,0.09667885196969796,0.07279252088441492,1.9608986690526293,0.7356770798918084,199.26076781632517,0.0205761316872428
65b9bc57-6206-475d-91ec-c5696259c0d4,5f8f5b679cbcab1b8b064970,0.05436984169564906,0.0923541363937968,0.06298002834103204,0.010631481991141988,0.36607355004120934,0.19068343564710322,0.022036123142150473,0.20087140361803654,2.0643968644930286,0.6996821059683883,122.24531713855616,0.6785370548604427
65ec7b23-af77-449e-9b11-e431f8a3b874,5dd5db1ded7ea4574c7bc996,0.15377865287379427,0.02939705960047525,0.12333965615590652,0.00581046038932919,0.3945236592434115,0.2420512383394224,0.03832966935037725,0.012769605835496438,1.9844799388093992,0.7321044226940364,139.85404501561587,0.8120689655172414
65ec7b23-af77-449e-9b11-e431f8a3b874,5eed1bae9e63ac127ac15a77,0.08429861575590235,0.0077676534127178905,0.3176234876227836,0.08141334503315778,0.061889101926347105,0.0389897081625558,0.3868586050947625,0.02115948327585208,2.741661443351031,0.7801566800229018,167.08992323363097,0.05641025641025641
65ef52f0-93a4-435c-ae13-ab502aa60bd7,5ab4149e0527ba0001c1656e,0.035536996373769184,0.010096403502247454,0.00952295772314801,0.013741746325804846,0.768677062802076,0.09348857269057835,0.03982272321146434,0.02911353640733892,2.205983792779961,0.8140865237301278,207.12219573400304,0.9232585596221959
65ef52f0-93a4-435c-ae13-ab502aa60bd7,5e9df26707933e1720927fee,0.03324642960483182,0.0234796221299291,0.03681230788659806,0.06182184531760607,0.3091845719530037,0.2454136502105569,0.13340940403579352,0.15663216835512217,1.8083967554721005,0.6487614481922986,121.98312131588236,0.4243219597550306
660c942e-6681-4f6f-9d9d-0aff9f2e5561,5ede3d2ef7c9f9068776c4d2,0.09699413183939902,0.03006616608648945,0.09074295414165634,0.03651520648234858,0.20894261945411144,0.185592275143946,0.2744364475173052,0.07671019882664121,2.3078468949274034,0.8247382088541089,173.13090183169092,0.26583407671721676
660c942e-6681-4f6f-9d9d-0aff9f2e5561,5f39c08c4b0c7456a60d4932,0.09205150695422563,0.011254279554127364,0.08087453646956708,0.04879380007206354,0.3363270011101514,0.2183831295202294,0.16827462279671543,0.04404112270426813,1.7094262211844544,0.7928993540008349,211.0901398358171,0.754222972972973
66637745-1f42-48d5-810e-ad7726f2c315,55cb7fdafdf99b3c26ae4d4a,0.012917825068274342,0.030308042802448372,0.014104337019052834,0.023740763478053633,0.5099735568969747,0.21738060717357904,0.04802925003598147,0.14354561672715446,2.937829915619091,0.8054738163614316,228.84897824176912,0.9532019704433498
66637745-1f42-48d5-810e-ad7726f2c315,5eece89d63352e0c327ddb0b,0.21136419205195137,0.022243620935583887,0.14338638991961364,0.057583828229991176,0.09521327002505522,0.23974437412762978,0.06583039674194076,0.16463392816385478,3.3053071887573116,0.7824943086631365,206.36436653924287,0.05414185165132648
66768810-879d-4e2f-b5f5-ecc67d298104,5977e3867412f8000194e1fe,0.021962772947707366,0.018059675705904114,0.029023244592874416,0.1261545362799453,0.15567710269707638,0.2152310153297808,0.16079615745686618,0.2730954944574358,3.40890581640784,0.7320834037094237,151.48333326637155,0.889661164205039
66768810-879d-4e2f-b5f5-ecc67d298104,5d10d808156091001a74639e,0.127445290918418,0.0240587458182265,0.0680892419743549,0.08833703641005355,0.33945462397761134,0.1642095159027002,0.0604615251819597,0.12794401956106435,2.6697822538102143,0.6740704826476496,143.9217925665416,0.29417571569595263
667e28f1-58df-4e0a-bef3-77686aede2e2,5bd8d97c26903900018579d3,0.036880933588358554,0.008950720231962344,0.015434009168349581,0.09494450303586648,0.2387957457772999,0.24565830379208334,0.09145463365337606,0.26788115108665456,1.7101212769393668,0.8373570812150114,222.47385663016485,0.23862660944206007
667e28f1-58df-4e0a-bef3-77686aede2e2,5f3fecd2bc9bac0b4ca93d30,0.012503808916192318,0.031942216090951506,0.0547988059668156,0.010084028174352328,0.45200620812395104,0.2366118485931363,0.11865499380845358,0.08339809047722269,2.213244462598167,0.8166603558884736,239.7191309771443,0.8825363825363826
66ad6c92-6876-40c6-b32c-fed5571dff00,5a8b8667ae9a0b0001aa194f,0.043576524528832206,0.029391961790773306,0.014974866376970345,0.014480563822670527,0.13486541140416655,0.47520506044531097,0.22484192256459218,0.06266368857263882,1.1637193966613573,0.8721568523215817,181.1457102891186,0.38878504672897196
66ad6c92-6876-40c6-b32c-fed5571dff00,5eab26b28fdf2d0e3141f7ff,0.029535817670887615,0.012820417645124788,0.023351745929804213,0.08669015244066025,0.2961180226058036,0.20439306659594206,0.06686759206510738,0.2802231836141916,2.4493921175016835,0.6719890804781719,154.99598974485343,0.7000937207122774
670a5595-30d2-4917-a91a-09ddd8f5f5dc,5db721e8e26da7000b6c7f85,0.04416497406915755,0.02411292342389952,0.03581367935104322,0.0556674107997587,0.25064074113745355,0.3260873512313292,0.06355287582320562,0.1999600446159652,1.6263072389702955,0.7706787898183679,212.7113026687265,0.7516973811833172
670a5595-30d2-4917-a91a-09ddd8f5f5dc,5e63ff31e4e9bf183d956072,0.07990913034527802,0.005172829029070176,0.04002356277158901,0.18596344291692446,0.16874379754616056,0.26872359486117803,0.09892062044844617,0.15254302342419343,2.1779242680785766,0.836758711895726,241.1105863847861,0.041968162083936326
671a3808-df44-4bdb-9000-1078a0280eeb,5e1f7b9242998a2ab95cff70,0.021754800025056156,0.015698988232444904,0.011681031444262246,0.04028114274708546,0.5040319203811551,0.2871728044093449,0.04253897236039234,0.07684034043508094,2.209713262794719,0.7875442390939269,175.3682148835382,0.1251778093883357
671a3808-df44-4bdb-9000-1078a0280eeb,5e9d17806b65d7251242bb7a,0.08810655952761329,0.03901728454425869,0.1516059488958394,0.007341319392334602,0.21024923293717906,0.2837663189044687,0.16470245211838794,0.05521088336515747,1.8952579508037948,0.7440722267272818,204.0021091391996,0.6876267748478702
671f9e6e-a35f-4bdc-9b61-4adb53bb1690,5e531b2205acdb33c0f5f24c,0.06716844282687183,0.02480993102114919,0.020644956018113097,0.047536597686516434,0.25008165990818076,0.3704061987407413,0.18999126087586726,0.029360949331470487,2.1485865932722272,0.7697647714663634,154.26191756128307,0.00819672131147541
671f9e6e-a35f-4bdc-9b61-4adb53bb1690,5f5fffc902adba0e8f3fdb75,0.012878426648774104,0.03751700643078731,0.03053599818268139,0.02243488789959545,0.5772393786372667,0.12625226998700728,0.033036940256386045,0.16010509273373652,1.48048851408791,0.8308061728231202,218.88108639634288,0.8451327433628318
6726f6b1-8dad-459b-8b6b-b4d2c4c6f556,5e820a4e26ed71918013d860,0.14663491150019878,0.007169715017064547,0.06328355500256017,0.13720952545461115,0.19451646647930665,0.2089380305603661,0.20092919481732932,0.04131860110058596,1.8291401351065117,0.7648504696834548,170.6960483560243,0.43146417445482865
6726f6b1-8dad-459b-8b6b-b4d2c4c6f556,5f130f1ced1d352c7cd914dc,0.08052806571234475,0.021848057953335994,0.007737905942437684,0.030643630167255922,0.30365289258786954,0.45722315087641413,0.06285190833613324,0.035514386537206705,1.3280930507207636,0.8284603973751905,199.7034446573627,0.36363636363636365
67488a81-9de6-4c8a-be03-817c716a3912,5c0595bb1a20110001e9f1e1,0.030722926247704112,0.020965471280908976,0.05053877436850476,0.04260765477632691,0.43096748381199934,0.21358700374613795,0.1292669723700794,0.08134371407833507,2.644461506239764,0.8174891341228844,214.1200468452407,0.3079470198675497
67488a81-9de6-4c8a-be03-817c716a3912,5d9be30b027b5602c520d93b,0.07778445664792012,0.012343224447218911,0.03407492259611167,0.09590526463273487,0.20428076281831506,0.31543386040134125,0.11087967908717682,0.14929782899290392,1.7723671410446824,0.818488347133933,244.81275269032844,0.10829493087557604
67816674-0ffb-4797-85a9-e9a73e654c2d,5d497f8d3c428d0017121681,0.0314751093585437,0.03513156934251768,0.011644504166866907,0.004618812449241991,0.6089979796576036,0.20693567569142635,0.02144645669082564,0.07974989281209548,2.3399925971845157,0.8070723100903348,228.2241808699855,0.48997594226142743
67816674-0ffb-4797-85a9-e9a73e654c2d,5f60371e80ea02132146968e,0.021352348117103917,0.045009374235119436,0.014189760692323992,0.0034318145962900937,0.7834891322144999,0.064612299240354,0.06066173328383304,0.007253537926191041,1.9387628225344877,0.8038359053352727,225.9232161116326,0.7241379310344828
67836c1d-1334-41a0-a33a-4f788e8b6fb3,5cc604bd3bbb120018a3c0e2,0.03605879209668653,0.02033117134910163,0.02696387822559385,0.023990471185540197,0.3911318360943181,0.37920782458385954,0.0752735340092831,0.0470424929767138,1.71425003000565,0.6814011243967482,112.22094296684473,0.32863436123348017
67836c1d-1334-41a0-a33a-4f788e8b6fb3,5e0acbffdc79bd35336ed6e0,0.026132946239431565,0.12062842935094652,0.021252910238207957,0.0043044931600187105,0.41514402905428377,0.32405652382963984,0.02415811047452657,0.06432255732530982,2.1409103352228636,0.8160735434144639,211.84657845741285,0.47065868263473054
67a84a1f-e628-40d8-a000-baac829fd25f,5ced8f96a726ed0015d31452,0.07446506877099558,0.024408416469045895,0.0334006235993186,0.025166139078149095,0.3953088647487024,0.3044257484217711,0.09624418003388607,0.04658095954811748,2.503056579149181,0.749483615629727,174.74467765551677,0.25555555555555554
67a84a1f-e628-40d8-a000-baac829fd25f,5d633f7d4b3d9000011fc60a,0.028103414592033457,0.011283423063501254,0.014689183228254086,0.012181620536522586,0.7589608374668207,0.11976655848262409,0.03991365993172589,0.015101303159586252,1.4984246273065915,0.7407315458136842,146.8700821820075,0.21294718909710392
67ab7641-8772-46ec-a23a-ababb9d194e8,5d61798ee6c26f001cbe2356,0.09402831170082515,0.01739072496689351,0.025237432252035365,0.04628803605917551,0.4666864552914811,0.255778016810562,0.07786027119765962,0.016730752236704918,1.608475909194821,0.8050178916103861,195.63255535777455,0.07082630691399663
67ab7641-8772-46ec-a23a-ababb9d194e8,5ea4a34e4085724768be21a7,0.02078427314524528,0.010287272689495797,0.005462082262025977,0.068829013643544,0.4117309961274437,0.22782156340185986,0.21128795764133013,0.043796841730180405,2.0853062950475554,0.807168220941044,245.21669790262692,0.38424821002386633
67b58dc4-3de3-4725-90db-f5859b6c6e20,5f070947ea1cc729b610c462,0.15351547786177908,0.054227591696089185,0.12358137228017681,0.016504204505675038,0.21583781351241726,0.2834335480660085,0.1188748140604557,0.03402517766994384,2.685195167343613,0.7213100025287421,140.83364531621513,0.006254343293954135
67b58dc4-3de3-4725-90db-f5859b6c6e20,5f3898caed1478189b8462a0,0.09394701466993197,0.04154113616023935,0.015253503901111997,0.01774226066629495,0.19435349449507971,0.4753063465415106,0.0629739004528085,0.09888234218889037,1.8711042640319626,0.8995446089975481,270.9617264418163,0.9549180327868853
6805b7d1-d362-4731-b766-b39aba421c6c,5ec81134ac7d6b2b9ac51453,0.1609677536646977,0.009569877563804074,0.05047598091611484,0.05666237679043805,0.4466943694278934,0.14972828965764154,0.04455671155993196,0.08134464211920946,3.208954385974895,0.7219343769155743,178.57602590099887,0.4349157733537519
6805b7d1-d362-4731-b766-b39aba421c6c,5f6b69d064b69d05a7c7c621,0.03636821214401986,0.027870158912243963,0.03440814238645369,0.07520861403666244,0.44879821142106396,0.15868965654729703,0.03021372542246748,0.1884432786700257,3.078912441016861,0.7995140561597549,228.76896871211562,0.3610169491525424
680827e2-b20a-40e7-9b6e-adf01595b954,5e7cb742d29f7530898fb99d,0.32076005066383523,0.014606019156043511,0.027210744764884266,0.05639138257765459,0.30170744629814805,0.14213791720878136,0.10394593237175588,0.03324050642879865,1.627880459201377,0.7451694968948445,145.38928050845794,0.26032315978456017
680827e2-b20a-40e7-9b6e-adf01595b954,5f4d92a4584ab6064be44ce5,0.029232985575341895,0.03002205048479696,0.04727625776029168,0.02076916866566907,0.5040128230230225,0.23708088599856436,0.039576802184336596,0.09202902636720943,2.1366496239183137,0.8622892030754606,237.0111838442553,0.8210806023029229
6869191b-8311-44a8-8252-0ee12a1ef3ba,56e130548b1c33000a388671,0.03532160235122575,0.03456931200536668,0.03266779967397064,0.027700755761868145,0.2147188339440096,0.3010488506993372,0.2502563763754023,0.10371646904272575,4.452828929191374,0.7941304467786611,199.54930698118562,0.6085761407366685
6869191b-8311-44a8-8252-0ee12a1ef3ba,5e2721b01160079464059b5c,0.024194639024799503,0.059316382261710376,0.08385542537648114,0.007661671707010148,0.4892235596360354,0.24221142063075918,0.03507882543124992,0.05845807559237104,1.8215311450134575,0.8129297509584336,207.63832085686983,0.9712230215827338
689f470c-85bd-49a0-8eee-af92cb04ed43,5dd3699ee73e6136c640f1cf,0.15033668647873333,0.020986654970266857,0.15507026217270076,0.015994710990259786,0.06726706103999035,0.21561327798466545,0.35952714144341896,0.015204205022913978,3.2882992180901085,0.8169316338809086,190.71278610864996,0.0
689f470c-85bd-49a0-8eee-af92cb04ed43,5de855017d44177cafe19840,0.1364095654672011,0.046007346611741065,0.1668994325147267,0.05006093126442984,0.2633275169993937,0.17633103878448914,0.1264361694854238,0.03452799868403537,4.847727572555637,0.7299079042382237,225.08255202122913,0.06812842599843383
68a27e9e-2c9d-49ac-ba58-9751d402a84b,5d338bb02381b7001761694e,0.1350230617231119,0.04148124720879782,0.0353865832289587,0.016242274062294462,0.2668299945352072,0.3370157481474633,0.04682262882978198,0.1211984617697419,3.673569542312444,0.7086421030832377,165.95504310009022,0.7178387650085764
68a27e9e-2c9d-49ac-ba58-9751d402a84b,5f08916db314750bc9206ce8,0.017334194350474817,0.06243068244670316,0.013351995495856861,0.03464325219296205,0.49944809204859464,0.18296640939638234,0.09498306856370965,0.09484230586167579,1.9906320675754243,0.770977289673734,210.14241121499012,0.15336463223787167
68bcb0c3-8dab-405a-a737-3e18d2f63bb8,5dd5db1ded7ea4574c7bc996,0.2550054165943004,0.037448108465436426,0.15901200982328903,0.008596863507140742,0.11850363743581524,0.31927751584138564,0.09025863690370435,0.011897812375237632,2.5907466245507185,0.7124753484201082,140.420530469275,0.8267419962335216
68bcb0c3-8dab-405a-a737-3e18d2f63bb8,5ecb2895bc80406a12e913a7,0.048231692146240034,0.010908521676022574,0.030613650211582986,0.059416108628009646,0.16560034211784058,0.49320603870542445,0.08625442900443986,0.10576921791554118,2.221990578769481,0.7484030692630762,137.43220231177787,0.022519352568613652
68e5b791-3931-440e-a603-4e3a063d8521,5be8de2ed3560900015c743a,0.09147314684896624,0.020457036547172264,0.13771759193488523,0.03547908798115021,0.23427492788463777,0.15858408193522522,0.16093670502732743,0.16107742223066246,2.1911317238471733,0.8467844817106207,268.24518801977854,0.8241978609625669
68e5b791-3931-440e-a603-4e3a063d8521,5f880d491c31fc25c442fa70,0.047681512682013226,0.03302284256365288,0.04218838223191154,0.045159538752653335,0.45836404512132206,0.14801496670451078,0.07708728948431165,0.1484814217099387,1.4454860521178832,0.8498087414289381,234.89982793126975,0.3830665978316985
68fda301-7b65-4d25-9572-3611ae9fb128,5dbfc5016d82ff42896b1f76,0.07541239012932632,0.007707834553577642,0.020287990923400105,0.07562338887117413,0.3034290964489084,0.2889121634268884,0.10527887567795481,0.12334825862657266,3.189377382140971,0.7417593859421149,156.26065783651416,0.1158021712907117
68fda301-7b65-4d25-9572-3611ae9fb128,5e26a04f727e048d3e0b9459,0.3107332253962702,0.03619041612711104,0.038070684925509475,0.042666667110298394,0.2448783883649281,0.20370905670214826,0.08129716236670628,0.042454398005562374,1.586980914572834,0.7217274280995257,151.3551392500671,0.019883040935672516
69afe09f-da8f-4d79-9a1e-fb2bddf27924,5e567cd58e4500024e8d096c,0.04099403704431988,0.00499270318143265,0.0026023053729986425,0.25152265929323314,0.2640593977568409,0.09853614141465555,0.06276493841272425,0.27452781742652566,1.6787151198792463,0.8102144813926365,191.60523340811042,0.06701236537694455
69afe09f-da8f-4d79-9a1e-fb2bddf27924,5eb9798c0c0c95075ce61dfb,0.0723499294178423,0.037721283490161225,0.06432634808742349,0.0125197179465314,0.2732424813355727,0.4354468759444863,0.05501127980727447,0.04938208384128695,2.203163865964448,0.688771795668438,143.64285982441757,0.2859338970023059
69f68857-86f2-4357-9675-e4b2f62dad8d,5db6f5c8c5ffeb000ac7cfb2,0.14217569153485016,0.02510563975087666,0.06687887243693007,0.1270476566836668,0.33363187246283577,0.09898784927210305,0.16144424384062558,0.04472817453636548,2.022689417266477,0.8124363382843988,203.53093798391222,0.37558247903075487
69f68857-86f2-4357-9675-e4b2f62dad8d,5f935494c542c2119a47e3c4,0.05034031834916767,0.07810536884924381,0.05301607067046921,0.021081587608488092,0.37792358761004097,0.23912893427952983,0.11221663197928616,0.06818750033014605,3.3434112336891437,0.7562058215529218,164.06956429416599,0.934228187919463
69fef050-eda2-4dbd-957a-80a8ae7112f4,5ec5b367ec26b761ec0fc87d,0.04746880983493909,0.041356521762032104,0.07931270360918734,0.036253503935082296,0.22703206237369053,0.2626035585002992,0.25320582827906585,0.05276701219696488,2.2286569597361687,0.7596320887513175,201.321874863326,0.1619631901840491
69fef050-eda2-4dbd-957a-80a8ae7112f4,5f6b75742bd7e60776191cb4,0.032481175094887696,0.0026021266695389193,0.003605719094436742,0.1248382623663074,0.02293416441285743,0.444469617274082,0.09361997452570017,0.27544895991223384,1.2182171341994719,0.7959827441513664,158.86993065704593,0.0186536901865369
6a787b82-62d0-47fa-8def-b386a91b410c,5bc9f8b677740000016a08b5,0.09482413697023759,0.03232717515543913,0.047018209879001086,0.03937665155261227,0.3864235565785285,0.26749576450480383,0.051169620831082126,0.08136488448440074,2.052926645581561,0.8317548342121188,220.32768159229417,0.46755921730175076
6a787b82-62d0-47fa-8def-b386a91b410c,5f47f0dd26b052111e2d323b,0.09644952794719154,0.014204430029127336,0.031791589055417915,0.02291888890571174,0.36048411153283083,0.3997770427410945,0.04874607979812933,0.02562832982353978,2.0658945991672244,0.8006517375977905,226.61578859134826,0.4061784897025172
6a9931b6-1b17-46a4-a78a-cdff5562c82a,5f4c9e74da9c148b0d42ecbd,0.0677183031149585,0.0436298060689689,0.01334862893382038,0.004984289215139407,0.21830011136501043,0.5326982048935095,0.09231073991890064,0.02700991600899738,4.321927899342817,0.7074888455151311,155.395835264451,0.049019607843137254
6a9931b6-1b17-46a4-a78a-cdff5562c82a,5f9ce8cd0c6e891eed46dccc,0.021692522428899835,0.011399256068865037,0.01807780235343401,0.12556660735452954,0.4049290631184249,0.18067994669114357,0.1458990082431357,0.09175579378860924,2.4576138570459034,0.760699165169024,123.83570508677195,0.2554246745195288
6aa2e640-173d-4b2c-a59e-845d46b6c139,5ce610802be975001b46f0ac,0.017812905834065914,0.031072329322429156,0.012303142271829914,0.037749102708527806,0.40421029304591827,0.32256451808083525,0.1317571423961055,0.04253056683067748,4.334740336542597,0.7217829577476639,193.48715422300796,0.33513513513513515
6aa2e640-173d-4b2c-a59e-845d46b6c139,5f3ac1732efa0a74f975b1a8,0.02851537134584257,0.04807083861045652,0.0027213343909605115,0.00157823234940287,0.252294450146513,0.5657761877715647,0.09436953827934874,0.006674047631655857,2.458204176896227,0.8064498952531974,213.12080206994415,0.5622775800711743
6aa9e74c-61b9-4ae9-a976-dcb22fe27734,55a43cf3fdf99b02ff6cb0b4,0.00961268850609987,0.026493339690640435,0.009484583507831648,0.011631393099196962,0.7712288451801463,0.07316751006868451,0.04191751399161105,0.05646412455276854,1.9221655464821796,0.8273884480102776,236.03844574243908,0.1303395399780942
6aa9e74c-61b9-4ae9-a976-dcb22fe27734,5b1dded94c72120001f22444,0.15899241203797002,0.004218447423495663,0.010930153368972193,0.06822919970145444,0.17228140742759152,0.44840738811840614,0.06849457494360169,0.06844641994463187,1.8100926743083565,0.7323960217094262,159.04960077849947,0.0
6ae995fc-97f7-4fa4-84d9-aa19c360eae9,5c114210280a8200019d7b1d,0.03615934668769507,0.015329069236304721,0.013141092204461914,0.03625051499141262,0.4561955317025487,0.3033152297949791,0.0906363549735447,0.048972862236942034,1.5829511025118355,0.8320986460297958,203.87907364746178,0.24629418472063855
6ae995fc-97f7-4fa4-84d9-aa19c360eae9,5dbf9446a3f5cb419e9d28c8,0.2943479719283873,0.010819558689586069,0.033498449508749174,0.11224545326295893,0.2180703771648855,0.14289901740043828,0.07884707492807123,0.10927209817379857,2.8969092794089426,0.7442327258758021,194.85421181098943,0.2433668801463861
6aeef548-3247-407f-b1d4-e50f1d8b9f46,5c266e991fc74500017cb567,0.1503237665515722,0.002342157842969296,0.024325282603383222,0.17970820494597495,0.2167862654602025,0.20084467427604275,0.05741831364111172,0.16825133517908428,1.6201484916355444,0.8875661860533753,254.11529943536863,0.36009353078721745
6aeef548-3247-407f-b1d4-e50f1d8b9f46,5e52af8dd120e7000bc35826,0.05290820176767061,0.01262417648519182,0.029249503361425486,0.03364201994555292,0.25605725800961143,0.39990172470090163,0.1815921343328636,0.03402498083867238,2.123894918531584,0.681181372638992,144.88337919805699,0.26383399209486164
6b083911-932d-4bb5-8fb8-1ba98cb10ac3,5eefcccaf9461b13feb83c5e,0.011251766444314082,0.0014026284234957811,0.0008697369666882051,0.0846219292220768,0.027758847757279298,0.3604476947136406,0.03350299847116481,0.4801443973251212,0.7866849268175393,0.6517042901060562,114.81572501823233,0.0
6b083911-932d-4bb5-8fb8-1ba98cb10ac3,5f0e50c3a8d93519188a7525,0.0164463460614361,0.07982932861871748,0.012062601883892044,0.009949597118521095,0.5034996455720041,0.21913040093215863,0.1198508275987219,0.03923125261113592,1.849490264165586,0.7873624700161828,168.23346534159487,0.9261744966442953
6b1afe9d-2622-4517-b4fd-2d89d3688421,5de1ef4ecb1b08240f97671a,0.021780919221847522,0.08821719410886705,0.04379005068339315,0.014856833973782917,0.4266915127145826,0.1542366570352884,0.1576026100894229,0.09282422126236171,2.778929347076158,0.6968134450910206,148.74813132989675,0.7677484787018256
6b1afe9d-2622-4517-b4fd-2d89d3688421,5dead51bb48fa7200b3d0dd8,0.09812856111217454,0.016101681360603616,0.04930570881648617,0.17534387151213365,0.237784475016572,0.19298881344619093,0.1688341396288945,0.06151274956523442,1.6060711939605488,0.7923885678525551,192.16676616183022,0.48941368078175895
6b9010e2-a966-48cc-8592-d38e17645dd1,5a519789e0cf3d000125ee02,0.0746568863325487,0.00838543855230721,0.017742626530252728,0.046969184007950096,0.31163229551315125,0.27057710253438777,0.23198647420630128,0.0380499928598529,1.5043876609354496,0.7385821223182956,143.96035294312463,0.75426944971537
6b9010e2-a966-48cc-8592-d38e17645dd1,5f557591aa1c4e950ba02f01,0.10209072834949208,0.009048803221765052,0.021618573613036485,0.16210609316972294,0.2092524244666881,0.29133847853083594,0.08579771987636307,0.11874717912590449,2.2328934059648917,0.7462268915075125,210.9937639775788,0.4262485481997677
6c394707-0f4f-40b4-814d-81f18e20b1da,5aaf4b0ce1546900019b01de,0.028071763597244406,0.0336913773664174,0.07321149663525942,0.037031826999220974,0.5569744589509275,0.13474303349702726,0.0642462952297126,0.07202974995724715,2.287155022335726,0.8539571667689477,251.7377160820376,0.8426877470355731
6c394707-0f4f-40b4-814d-81f18e20b1da,5dbf9446a3f5cb419e9d28c8,0.24595760607828335,0.03368619991962693,0.035244936811769656,0.052875967862035356,0.30204986687107327,0.18572173211573928,0.0794347970746127,0.06502889268225454,2.4861077605480366,0.7458804614742104,183.11913320636535,0.35243243243243244
6c4d0bdf-7158-4acc-a51e-10eb67db6278,5e9a363724927e0d07782751,0.01894921850630988,0.003075758148682589,0.003170333579022881,0.018212278925348154,0.05374916076516835,0.5528170414169481,0.13107448343414882,0.218951726635344,1.7788029519790591,0.8480686113712055,236.68120204168181,0.0
6c4d0bdf-7158-4acc-a51e-10eb67db6278,5eaad5dcc2e64603e5122442,0.12533102877334204,0.02291738808658132,0.045512549985825275,0.08704689958474775,0.10771257627026298,0.31061555869389873,0.07487545850475319,0.22598854023171608,1.8154954963823564,0.7246739809784757,144.29338986607183,0.06525573192239859
6c65eae9-977e-4e02-a7b9-9c8977ca0fec,5f482d1cb56e682de577bd46,0.05691702000290583,0.009131530394862527,0.04350040454828077,0.15100534019162734,0.1749900328278715,0.2725636319820236,0.19267582082232865,0.099216217849893,2.5345509204967036,0.7997178135118637,228.39690061928167,0.7628437986507525
6c65eae9-977e-4e02-a7b9-9c8977ca0fec,5f4fe72e9468441227166179,0.033153453110489145,0.08352239005377211,0.015066944046628696,0.006997192826398027,0.5416019929799296,0.20705170222953467,0.08679234570760198,0.025813979419085344,2.4963652579704543,0.6515027774798351,125.24031497543452,0.3993963782696177
6cb715c8-2c4a-4dae-a47e-5d0b3108f4c8,5c0017c8f4fb890001d68650,0.1929892586486336,0.014623262322292876,0.07765049963091394,0.014315091633266726,0.06982296268604109,0.11992399797419086,0.48781213944174123,0.022862789090930348,1.8350781622430057,0.7767884159758056,155.47098923287257,0.2796660703637448
6cb715c8-2c4a-4dae-a47e-5d0b3108f4c8,5ed98dc98d52355330659711,0.047735882617946666,0.04901597317991744,0.058987707914884495,0.061101917564087095,0.18865923496083634,0.19430357674255744,0.23374158729464128,0.1664541195675898,2.1081012008580617,0.7876949879276848,209.49528834631926,0.061488673139158574
6cc56ecc-d29c-4bb3-bbd9-c67236c15b0c,5e3f6b251d15101c5251d8b7,0.05548616339877029,0.009558061946490861,0.01002368396940787,0.0337903558318478,0.33424255905895284,0.27743113585340895,0.062103120063892694,0.21736492027110987,1.7487992076423697,0.7707474374413308,144.27092165538156,0.1118421052631579
6cc56ecc-d29c-4bb3-bbd9-c67236c15b0c,5e8a10fdb4921a6a6ee61d88,0.013017067628620487,0.020972737554530378,0.00769793155680008,0.01768931094464927,0.5708503188645465,0.1395846492025027,0.15388095364679708,0.07630703131210566,1.9623530459612568,0.7871681697315345,207.30785383255554,0.7623066104078763
6ce9f678-15c4-424c-bf3f-b4e2f47a8818,5cd8d86210887400182db201,0.3657606860593198,0.004697140874174762,0.13559765545207828,0.06448988346715585,0.026987221525494147,0.16075292675800265,0.21106081130130894,0.03065366019792332,1.5534917847998786,0.8178996083266948,193.49139105628873,0.1875
6ce9f678-15c4-424c-bf3f-b4e2f47a8818,5f6cefecb8137d13565d8c33,0.03974042082930409,0.06408630178687354,0.03054060722951781,0.022702041442946918,0.3647743948597306,0.22194683322982012,0.10414066926622245,0.15206873190860512,2.6049147998578768,0.748096914664387,174.77800921300178,0.8125412541254126
6d57b921-6642-4b3c-a153-faa7bca3ffe7,5ef6bb87b83f3b000a3f04ae,0.037754935260141474,0.03507544546230337,0.00810018086231391,0.022333851993996828,0.34791801859121413,0.3536351687135527,0.15448098007700625,0.04070142175534621,2.3692063904642198,0.7001538336103357,135.55786857441643,0.038461538461538464
6d57b921-6642-4b3c-a153-faa7bca3ffe7,5f4d92a4584ab6064be44ce5,0.01274157199772588,0.03275327568297298,0.02514108507714357,0.010166207283773432,0.7051217739697686,0.13700302188886887,0.027248287394853226,0.04982477713992678,2.268045083216042,0.8536856631413917,251.2784984630248,0.8300653594771242
6d63882e-8bce-4ca0-97fc-456c33240993,59296fb2e8a7ff000163f033,0.02197402750094463,0.04915150318630209,0.22181559873277615,0.01129313916971284,0.4305564545209741,0.14723088645007623,0.09013929954258372,0.027839089954544146,1.7316781369389527,0.7642975310797657,134.09727315154092,0.8213228035538006
6d63882e-8bce-4ca0-97fc-456c33240993,5f6cefecb8137d13565d8c33,0.016039944855912095,0.029821489486522298,0.016017387479481452,0.04035396955211663,0.3721023243803137,0.18657065479599916,0.044040416296304716,0.29505381234937467,2.7127815508042263,0.7337808127991737,178.4439342322146,0.6280701754385964
6d752764-87c6-4079-a5ef-2778924e6a43,5dea76e109c1071948aed0ff,0.026193627889656245,0.043209570062380215,0.007982632505657014,0.13271727278343562,0.16974996868235326,0.17523025490700755,0.11768530449557582,0.32723136842679,1.4766228650567903,0.6933013483595851,120.3237146659682,0.2953667953667954
6d752764-87c6-4079-a5ef-2778924e6a43,5eaecf0c3616515ad1eb1a5d,0.3689184644360342,0.026739006143988463,0.0312821383777278,0.02485311476321307,0.04781449220109689,0.22952712799500202,0.25227319637514184,0.018592461958112743,2.9171536263878832,0.7277670075473364,155.6726684025041,0.030120481927710843
6d936bf9-9bdb-4755-83dd-01b115fe2786,5c4af67cdccaa800016b3192,0.006961167368715357,0.016177150903912356,0.01578223048884289,0.04809119760849713,0.6946183096736619,0.059763361107996245,0.05068592265326796,0.1079206589923536,2.133370890317911,0.7362877772647112,142.75951355439656,0.5551912568306011
6d936bf9-9bdb-4755-83dd-01b115fe2786,5dcb1db49173807fc66660cb,0.04408921416494854,0.020827079547633045,0.027054526800017895,0.05149111658710407,0.3077964887943068,0.31524630838797224,0.09981754872502302,0.13367771676418913,1.539674111673608,0.8062640397092021,218.4490411718834,0.18906394810009267
6dad6fab-5953-4d00-adb3-fab321cc5633,5ee2916b70aa643be19c0036,0.29871395106269544,0.009270768883499385,0.1041105520434466,0.08017508757360199,0.07202797346450221,0.24748004991780528,0.11619075927604634,0.07203085733922379,1.9902199596017727,0.7648040832535157,241.70485018108786,0.20246775098149186
6dad6fab-5953-4d00-adb3-fab321cc5633,5f67f123a9151c4484c6e1f4,0.005464168723140577,0.010036183696495081,0.0022468761513248577,0.16289397867846844,0.21466483290039615,0.2259602186156474,0.14053542952408649,0.23819831166717206,3.4478661071131,0.837447859470754,246.82344044603326,0.32288698955365625
6dbba663-77e3-4d2f-ada0-676de3fe1d1c,5dd4767b32288646716dc98a,0.1725896426436015,0.021588723298083014,0.09444816530091985,0.017664193506469934,0.27407217992080585,0.2566546223011355,0.06613951110969563,0.09684296225100941,1.6161574415859583,0.8042540726318861,203.263582733841,0.6117571059431525
6dbba663-77e3-4d2f-ada0-676de3fe1d1c,5f08bea1c1c4e111f286d7d1,0.012173282773801189,0.014833169349200167,0.0042409632478625225,0.0089399984557268,0.7940952573532485,0.099362813123816,0.053675992087564406,0.01267852385969244,1.5961994023925767,0.7712173219235765,130.54332491876445,0.4878993223620523
6e55eb1c-1beb-4757-9b39-36033cf3ff45,57950da04a84da00014c5dbb,0.057078350622360254,0.051223638214299996,0.04815289311631835,0.008582774612820683,0.20521240738963645,0.3676052258220928,0.21765388283648746,0.044490827761408516,1.8724844469903938,0.659632851043651,131.51670309321224,0.8534798534798534
6e55eb1c-1beb-4757-9b39-36033cf3ff45,5c707aa503f85b0001af8c7b,0.1944493734388756,0.025102999671778353,0.045639041777048056,0.036435974043594624,0.3503212201513434,0.14279269284913193,0.18996830024389705,0.015290398266899251,2.98799908789806,0.7625757187040532,214.52097614084525,0.3646723646723647
6e5975cf-1d81-47a0-a487-7cde60912857,5ee53940e704230cfe9c301f,0.04699298240514601,0.04171983768342305,0.02027414171191087,0.01999727331171207,0.38857360486306364,0.23809398850253768,0.1050242779110306,0.13932389332767708,2.199521127750348,0.7762962047611047,214.25658257627146,0.7377666248431619
6e5975cf-1d81-47a0-a487-7cde60912857,5f40844f08e4b91ce5dee945,0.012374065875764517,0.050382790758227755,0.041436433134144,0.052403608740384335,0.3326211377828236,0.11168600468279467,0.32752067586841216,0.07157528382225989,2.3890860987089866,0.7616523572789994,217.96776244594523,0.7842003853564548
6e7ee9b5-665c-43ee-982b-563887fed446,5cb60f1eefd4130001bbfdb7,0.052359683076156474,0.05316552577661653,0.022205248760911313,0.006471037797781818,0.3908296051146467,0.2727548964699971,0.181921706460931,0.020292295935185764,3.6793844999108614,0.7261242503475716,164.84982399755862,0.5487804878048781
6e7ee9b5-665c-43ee-982b-563887fed446,5e9df26707933e1720927fee,0.03701036403170605,0.01693918511813994,0.043894527569317866,0.07025680057760549,0.28848851433189865,0.19700730077307646,0.22979458538034658,0.11660872138114549,1.4092974739790443,0.7078437889478738,134.59780606573028,0.04735376044568245
6e82e1a7-b912-409c-9a03-7dee3ece95f1,5e67b5c4a027430517877069,0.04739443913965736,0.011674651575320194,0.02093785394646765,0.03472329242200831,0.5656923795420212,0.20640863721603556,0.047976395270240495,0.0651923513540403,2.4924893181188486,0.7833473422906609,154.90273888893356,0.3279569892473118
6e82e1a7-b912-409c-9a03-7dee3ece95f1,5ed2fa0793788128b41df2cd,0.21933450975960114,0.005627623763062228,0.029012862546141046,0.1130042325826679,0.10194104395398475,0.32792347774221103,0.03113295765316078,0.17202329157065688,1.4296506246475418,0.8534554970241306,203.32905948844373,0.05526315789473684
6ebf192d-8918-4835-9b60-d76f27970723,5edc54406e439f905691b623,0.06833914212639676,0.03149158941378706,0.02043395888380136,0.02016374530220668,0.46711920863501677,0.27229544102044106,0.05153338309354224,0.06862353169473888,1.7356862835102977,0.8446104775929609,261.64143386811605,0.3450210378681627
6ebf192d-8918-4835-9b60-d76f27970723,5f502bf5e0375819a32f2e16,0.05677501914551603,0.014920606091767513,0.21254254660311367,0.04179770521314675,0.36419634086021446,0.13734067014554738,0.09442480021780392,0.07800231236742002,2.0076331160890364,0.8373985699186,250.55167672783307,0.7891344383057091
6ec9ed5c-3b53-4661-bb3c-e83308de804f,5e87b6503b574043226609c0,0.01646104850740156,0.02866733515535317,0.03666266676442016,0.011754972128536276,0.6200579303794791,0.14752996391136633,0.07154554934884799,0.06732053324291222,1.9288298506562196,0.808458819106275,215.12684178537185,0.7627715795654727
6ec9ed5c-3b53-4661-bb3c-e83308de804f,5eea4a214c865810724760f1,0.04571939081798992,0.020836685246448695,0.03381123745299933,0.021383203834315693,0.3062902317294609,0.38576214016914223,0.1576886963515953,0.028508415300504564,2.6867270257885343,0.6845392292240492,145.93801158820986,0.9527186761229315
6ef1966f-a733-460a-8d91-dfe31a832277,5e82a7d6c17bb79ebe9b09df,0.07091472834508733,0.04358555943853937,0.2224969590567035,0.04278845884605307,0.2350026743572776,0.16174232088201504,0.14371937072016833,0.07974992786986446,3.04121042858114,0.7819833719044721,201.82101685471113,0.9556592765460911
6ef1966f-a733-460a-8d91-dfe31a832277,5f59a1b945fc451ff6152886,0.03424751010547248,0.0469643957576209,0.01862840979124608,0.02041194388881897,0.3853881722409377,0.23622290380612765,0.06824837574658524,0.18988828744289915,1.8143401937622203,0.7979761939977439,206.88062708813325,0.31565656565656564
6ef72bdf-4e7a-461b-af13-7fa3c432a57a,5e606b1eaf84e83c728748d7,0.09945970460742617,0.009896346895932282,0.008914602627078404,0.11802025823690958,0.13198609449966534,0.40203719179779146,0.1659977892915817,0.06368801137962884,1.7887012445416288,0.7586905266774062,163.1607037049048,0.015139442231075698
6ef72bdf-4e7a-461b-af13-7fa3c432a57a,5e6e918521be18444d596213,0.04185038892421073,0.07487388526205647,0.044289699358642534,0.0043413647170858485,0.537190385286012,0.25285707552348746,0.03051350101883411,0.014083699966069568,1.540058446169174,0.7667259153060657,149.84020750172027,0.830477908025248
6f20129e-25be-4f00-bdec-6f8e2e0f7147,5adfa230f6b58c0001fa8cb1,0.014801770971039433,0.020775696943755716,0.028325930501499206,0.06760010684095207,0.44770563217452186,0.1456127125786032,0.21171097755978255,0.06346717170040794,1.724807577899086,0.8042475327914946,211.86203994432276,0.1298366294067068
6f20129e-25be-4f00-bdec-6f8e2e0f7147,5c7e91c1973c990016ea72b0,0.2391169192956899,0.025901876273039495,0.031066930160039207,0.10790267068754304,0.12797022761939447,0.21892543698372377,0.0924901049456937,0.1566258344016401,1.8974843206781922,0.8109568204153147,207.62809526680192,0.0015710919088766694
6f21a4f3-ec09-4402-998a-dec8f9fc09d2,5ef6bb87b83f3b000a3f04ae,0.1697791265463132,0.019779555966474356,0.011563749341915897,0.01703610755778928,0.24111332845968542,0.2659853054407017,0.2489713565798123,0.02577147001681614,2.573476801160143,0.6996716284028179,137.0883221932393,0.0060790273556231
6f21a4f3-ec09-4402-998a-dec8f9fc09d2,5f514f870e7da937375cdde0,0.012567698716801634,0.03607884052209746,0.014194640537330584,0.006302554444913377,0.7034274115576138,0.18022442197587682,0.01967582396328602,0.027528607615665418,3.2867527394486467,0.7973901672818919,211.72241308992906,0.5339602925809822
6f46c347-8209-49ab-b800-4269ca8c1697,5de10a767292b61529705ead,0.061716275891339885,0.006566232841849237,0.008576075349931125,0.18193404336928307,0.19840725933445785,0.24483001785262787,0.2101269124920629,0.08784318299979679,2.4716872382906887,0.7517288122506854,173.23492587990935,0.07151515151515152
6f46c347-8209-49ab-b800-4269ca8c1697,5ee2b44f470fa7446a470c8d,0.012516230564245,0.03874910444229219,0.0072273402512955665,0.011020915275359512,0.34611252130416376,0.2876386741259463,0.1432354532133374,0.1534997615609601,1.7095977176473331,0.8635815801458371,233.66021427813928,0.7565691621219633
6f6900a6-098d-4034-aa06-43339769adbe,5c4af67cdccaa800016b3192,0.017004641476876196,0.03518660800299656,0.033425613844342374,0.06054106700460481,0.5838958573882992,0.07730682397534087,0.08882358269408941,0.10381580566914653,2.675762984735522,0.7207623806368242,151.51674479942176,0.8233644859813084
6f6900a6-098d-4034-aa06-43339769adbe,5c7a4ca80b94ca00164122a1,0.10915967122689359,0.005567469291541346,0.00870194839888518,0.016213432997933087,0.4318571267936128,0.36897395249353243,0.05071528341669648,0.008811116138628344,3.4768312364493092,0.7453883247013516,194.28626197715826,0.0
6f768eb2-a9d7-4a8e-9ae5-fddb6675a40b,5d36600685d1d50001affacb,0.14532424427330157,0.027490063866468947,0.0142829095349945,0.02537866753140915,0.40582642755522635,0.2907607785913862,0.05824188865783931,0.032695018286260764,1.7113838692951253,0.7616626239844166,143.41055523201,0.24833702882483372
6f768eb2-a9d7-4a8e-9ae5-fddb6675a40b,5e1545d9b1fb05b6369d13e8,0.008794787045128028,0.00756382801383011,0.009990371183797914,0.17323808195549137,0.1768873329028646,0.11434324901890543,0.08317037922710072,0.42601196997421514,1.731532370503099,0.8271483715530066,198.1146680859254,0.745067087608524
6f7b1b32-ff36-403b-af52-cbe85dd4e407,5d45bcac090549001a67b6f0,0.4609258662428508,0.05162416932540119,0.08078761741478606,0.0018130924982883141,0.18870208315830805,0.15655765883401387,0.058048463447053,0.0015410499979231532,2.184147649154845,0.7698382924675087,144.6916539476489,0.162748643761302
6f7b1b32-ff36-403b-af52-cbe85dd4e407,5d9e009c63fa4c00164576a5,0.1468385460680618,0.028360696377648674,0.04491421157698709,0.0681496543427358,0.2764592082982758,0.2024421497099299,0.04025549103029424,0.19258004265683976,2.7199629784140797,0.701222738122753,140.98323708931866,0.6560247167868177
6fb27106-8840-406e-a800-99d1516191ce,5db3a4ad4e72fe000cfb3dc9,0.03998749735816992,0.020783602009549436,0.006363702062020764,0.00952845361506568,0.639617941505864,0.23034308865282963,0.027636668254851476,0.025739047405677163,2.1989935596493924,0.801458964304523,193.3763751640791,0.3333333333333333
6fb27106-8840-406e-a800-99d1516191ce,5f19ad917bbdf2021cafbedc,0.016678655947228137,0.013267217992708545,0.0431904821417341,0.12350702472553503,0.39043675487897095,0.09198247581673062,0.18221837253687437,0.13871901662163452,2.021559162395412,0.8259796401023134,213.07376107427223,0.5875402792696026
6fdd1fc5-e185-45e4-810d-bd8fb8b82490,5f5046b65bd4a21aab7422cd,0.01748714556211068,0.010618675973582797,0.007945530446372383,0.05200567593115418,0.5427610124279261,0.16178958777004557,0.12085258655899939,0.08653978548960518,1.6008903945223107,0.8711284106127467,278.41273857961784,0.20973782771535582
6fdd1fc5-e185-45e4-810d-bd8fb8b82490,5f557591aa1c4e950ba02f01,0.08986101572683367,0.010879132020923289,0.03762367500213145,0.19388578714013463,0.29212930136569853,0.1495270205703036,0.12634624943357053,0.09974781890169114,1.8199362499121285,0.7549427762612277,204.3084137299354,0.042899408284023666
6fe76b71-8f31-4b6f-9347-557cf88d18a5,5c0023fb2213be0001c2cdde,0.052560565415774176,0.019839600975045408,0.02138834050042968,0.013051545625133047,0.2922800533000631,0.4456864666034488,0.05716398898771239,0.09802943870145023,2.066819870380418,0.8344116223621347,216.19471868345283,0.961472602739726
6fe76b71-8f31-4b6f-9347-557cf88d18a5,5dea961cf4c5e11bd9c4058c,0.04601120444516089,0.012470309251297794,0.015261064117351906,0.023797582876347718,0.026226078485275996,0.32619916374099417,0.4359432834896121,0.11409131217708986,3.4346191701162625,0.8307773415269538,242.14018485266104,0.06366630076838639
6ff06445-48e2-40e6-8833-0d73489714a9,5eb86384ed81047c65376aea,0.013771901947375221,0.05182780589929437,0.007429103457456048,0.014891622733533604,0.09306051720416651,0.4247092590594488,0.3366172553511497,0.057692539456890624,2.599972733137811,0.8175175327345757,249.679725521151,0.4074074074074074
6ff06445-48e2-40e6-8833-0d73489714a9,5eed8bec94fa2f1be77c189a,0.061918859611687964,0.015800571715252353,0.15239869661168487,0.09963133064840068,0.38065209157376817,0.09796088586452517,0.08923267423960055,0.1024048905938407,1.5142732846628588,0.8445789572419159,226.13006991229648,0.9533045977011494
6ff52c45-b861-472c-9ae1-10b11df3d881,5c989ea4c7f75b0001677fa8,0.04221289704230923,0.025631911196701905,0.008518080873758624,0.044126018084250485,0.4371691944715602,0.2487248121055987,0.09762752500563605,0.09598956235274116,3.3166674148316857,0.7515995909408475,170.16309491300592,0.36829268292682926
6ff52c45-b861-472c-9ae1-10b11df3d881,5d961edc1b7e120012c4ca34,0.18563108512010196,0.031909770197465756,0.03666312236442472,0.04977893654297892,0.38655846965155477,0.16302307641257066,0.08533000585158347,0.06110553345263773,2.104573445588849,0.7471012716605102,169.18846460305733,0.40119760479041916
6ff82242-7aec-46d3-a7ed-a8a0b4076c75,5aeffc6e0ccc2e000185aa28,0.028846374185542062,0.004305498758181919,0.00515800132914927,0.15006170691235696,0.11986889731054823,0.16949201912473785,0.48312578557277336,0.03914171655369262,2.2869882131516195,0.7437175739392065,187.56667958365526,0.0782312925170068
6ff82242-7aec-46d3-a7ed-a8a0b4076c75,5ea714d0ba872d0cc55cdd79,0.008111632140993709,0.03475986445371166,0.005254868448212717,0.010487454563223251,0.669957041319189,0.13885415655064703,0.08036728278017038,0.05220769926445833,3.2614325505278163,0.7850190151176594,230.17930175253517,0.85062893081761
7008bc9f-6fc4-4027-a2f2-22e91a520b9e,5e11882114ae638303c715d9,0.04401811925277843,0.04795742072521861,0.09520703587419788,0.011279168106627002,0.4137338266582425,0.18244179188213142,0.06675723786745277,0.13860539911174383,1.2958722982735773,0.8154893346405901,180.92140293947995,0.8852963818321786
7008bc9f-6fc4-4027-a2f2-22e91a520b9e,5f195ead0ccbf2018572a26f,0.08804437613795868,0.029078123179236824,0.2261956656860986,0.011737742901912571,0.2954189332999403,0.1625910008784085,0.14360485734320505,0.04332930080116228,3.1024017500497583,0.6827884162744522,158.20782557907435,0.6572164948453608
701ef0cb-c9fb-4050-81cc-2eceb099a891,561d98e03d7fe8000b0f5e09,0.12267072779155581,0.00417503770682666,0.02674210648567355,0.1753245090970479,0.09001337349441171,0.328460754516274,0.09252780010879945,0.16008569100555883,1.8744490996988066,0.7954842998660094,181.4041236600728,0.0035335689045936395
701ef0cb-c9fb-4050-81cc-2eceb099a891,5c5f7a56054ae60001d066f2,0.3419680496157042,0.005945861803985942,0.01746730569387438,0.02668452567826635,0.02157435767034876,0.47463530158706985,0.09313100204748598,0.018593597664502973,3.179422564560104,0.7615439859034528,200.2711730352641,0.9900452488687783
7027e9d9-acb8-4e3d-ae90-2d2a35672cc3,5c08aaefa4e5fc00017541dd,0.14227731869420362,0.02434184969324763,0.0893376444167666,0.014110781395259403,0.13559956690682826,0.4057250916857987,0.164783160485871,0.02382458783987623,4.9053886084168665,0.7918925995199232,242.19050732716437,0.0006056935190793458
7027e9d9-acb8-4e3d-ae90-2d2a35672cc3,5ea8716537c7770c1290b09d,,,,,,,,,1.7538985167004884,0.7023319003022305,144.5555002801762,
70dea9ad-baf7-4699-96a3-642508a8f69e,5e646abe244a7f1feb0f6321,0.04798151087025905,0.08885734947114299,0.03254017049926543,0.00494926103530032,0.40461347641980566,0.201791176538752,0.1953565233714258,0.02391053323987959,1.3185170460583326,0.718938819512482,135.20673883110246,0.9327006039689387
70dea9ad-baf7-4699-96a3-642508a8f69e,5f07c86524cc101f35f443e6,0.018229005225967352,0.03522401478306651,0.007634386455247795,0.01833021663686669,0.4000918179303451,0.315940002197106,0.07669530260999144,0.12785525496692773,2.1266299868703875,0.8179703092774625,220.64632773540205,0.006081668114682885
70fd143a-79e8-4b68-b779-4f3d97d9d56a,5ea74bccac99141164dfceeb,0.012483697164922427,0.06088412030999839,0.011630090602569783,0.003921219392356273,0.7122364661648184,0.05706606926975729,0.12262794841360686,0.019150388440612315,2.2698432798236214,0.8078807631981789,212.17878935229837,0.07252747252747253
70fd143a-79e8-4b68-b779-4f3d97d9d56a,5f113ec4c304894ad573296c,0.019148026494997132,0.010968039190418964,0.018901596849965244,0.1480676759495876,0.407499587980837,0.13063893151296152,0.06311584998668014,0.2016602936689321,2.5704353899611094,0.7978278043333905,227.29642864671638,0.42391304347826086
718d778c-d62e-463a-97cd-d6d3550d19a3,5be05da9b5be300001e54be5,0.02156577955693952,0.025657048105341397,0.01752803006502523,0.012214839068974777,0.6824531564765529,0.12856058124930408,0.030205391574144747,0.08181517449503117,2.3362651373538417,0.8212365680908756,236.44766788397934,0.8905152224824356
718d778c-d62e-463a-97cd-d6d3550d19a3,5eb35e715308a1157ae3b853,0.11912879160091336,0.01854172721043723,0.02244492798051273,0.007919912180183779,0.27459856025500806,0.4782112750791006,0.029005420428145575,0.050149384881719265,1.4655810954044246,0.6508759281230515,111.68492992689411,0.031043593130779392
7193181e-85e5-4c31-96f7-d4f38c312f71,5c30b27e3329f40001e8e582,0.02523053629539427,0.018227852874334587,0.04498238091765373,0.054196332857603245,0.12095528362936037,0.16023093878043063,0.5414414356733772,0.034735238514566565,1.263333612344958,0.7097371861383115,119.85529240697367,0.38946162657502864
7193181e-85e5-4c31-96f7-d4f38c312f71,5ce36fd645ff250001244987,0.11003565570277457,0.04029300088694582,0.07348006730991952,0.010300181295011727,0.16576995660679075,0.3741387227932298,0.15736597774833772,0.0686164381894553,2.271745840338908,0.6989888136186558,141.26996885447394,0.13810316139767054
719582b9-9fbd-43bc-8891-76674a4e603e,5d1e5e30a043ee0019453932,0.18696006902039772,0.011483793734589702,0.018617725631190744,0.03552079567375268,0.05823041248825221,0.5173705265672232,0.09172965544142103,0.0800870221115349,2.194895180490238,0.721286459657947,160.62284252643704,0.9236363636363636
719582b9-9fbd-43bc-8891-76674a4e603e,5dbc46b70338051eb7999760,0.08876615899440168,0.01647573098657903,0.011198618635096953,0.07809140687549966,0.17087079392455226,0.3746147012183884,0.09518081403543359,0.16480177346345998,3.1741809842809987,0.8138510236777551,207.5063808862874,0.02977667493796526
7199ba04-39f4-47cd-b3fe-1ab67c6f71d7,5d9b20dd62b8100014e8cb53,0.06314972030142947,0.00914022496167043,0.010834742493813467,0.02924111424623119,0.2947925135469015,0.48185972924839304,0.09022114791236532,0.0207608083462322,2.243024366310745,0.7851363738800307,145.81406927667066,0.050724637681159424
7199ba04-39f4-47cd-b3fe-1ab67c6f71d7,5f60371e80ea02132146968e,0.007691271553612622,0.03132716271569958,0.014268139513593275,0.0006342969871048183,0.864061863258796,0.06442269657262199,0.012367381114668221,0.005227187571369634,2.27638571674012,0.7753278168110419,205.02402995910037,0.2732732732732733
71f24b04-6488-4601-a739-741e402bcc3e,5e432b707546fb1cfcd9e0b1,0.05624549072577774,0.05967834579376243,0.05166791070844923,0.0497631110338158,0.21303891311721976,0.23601319726180828,0.25346309255453275,0.08012993884869457,3.7788888335483146,0.8021550306030303,174.60388104211063,0.38646482635796975
71f24b04-6488-4601-a739-741e402bcc3e,5ed5ac56ee608714bb21075d,0.07978323110002343,0.026738890945248034,0.12436906085825253,0.07130836676928978,0.3280215747036539,0.1381192744532668,0.12009818888533855,0.11156141190360984,2.1716866127328704,0.7778038928249728,201.0485428453132,0.28671875
722a7562-25d0-4187-8235-d68ce6c9a694,5cbe04b4f429ff00159de30e,0.04403665080592098,0.026034884705259567,0.02240067661978139,0.013976944719806131,0.703737548344501,0.1251244096020221,0.031845773980249334,0.0328431109917113,1.8418941084875142,0.7930275441302608,205.69120901341836,0.927536231884058
722a7562-25d0-4187-8235-d68ce6c9a694,5f4afb1288eb746d1804dc1e,0.07133938682023479,0.032659602909259,0.05697689237220409,0.033947794020925764,0.17018776191432272,0.38743594874272747,0.11022045724917373,0.13723215695156699,1.4070206662689524,0.7104367417492576,118.86539082587464,0.21651376146788992
722c57d7-fe54-41b3-b3d1-04830c2b3148,5ddef2e6929d5de6f1050f1c,0.0693092154146751,0.06049371849739636,0.2545105955504785,0.017259470598535526,0.25404646995847474,0.10989651380126486,0.20727445889525814,0.02720955660561628,2.3844309283630913,0.7347529490757967,167.72396905235138,0.6448598130841121
722c57d7-fe54-41b3-b3d1-04830c2b3148,5f7197fef298597c841d9ea7,0.2147347834084968,0.029242719700832254,0.0457687338485703,0.019024653674555185,0.14188316622366529,0.2808824573105388,0.22522477082222758,0.04323871334494638,1.1495941537214027,0.7743009962751409,131.54098104996885,0.4009146341463415
72357fad-5497-42d7-83c7-72663f8bed0d,5f3ac1732efa0a74f975b1a8,0.05148890951390573,0.00883408868327856,0.0051114349118735304,0.08037024690215495,0.15012305889692495,0.556897613937303,0.07843087034349339,0.06874377590025364,2.122243826247342,0.7939739623586787,221.34200057815013,0.0
72357fad-5497-42d7-83c7-72663f8bed0d,5f5127e45185c93094565dcd,0.04254682456340724,0.009750696424298683,0.023319874340266736,0.08819534090080591,0.06897993481363082,0.4070023491796267,0.1160131635468936,0.2441918169536686,2.0849500309430358,0.8307619818593152,204.6229761731464,0.6713426853707415
7253c38f-1439-462d-b699-d4712a9bf093,5e31978166f7ac184c52c457,0.029750689919643282,0.015449222533785783,0.010096683285018096,0.06236819934871539,0.49237820189564,0.15136727680455733,0.08656287798128484,0.15202684821739898,2.6958201955118364,0.7132846527450086,166.431524273147,0.3503455608718767
7253c38f-1439-462d-b699-d4712a9bf093,5ea5ba46461d105ac7fdb4fb,0.19175498599751012,0.02452668830921188,0.035490276138428783,0.034837853717708464,0.17177128246529622,0.3962054990379955,0.1065592191152847,0.03885419445997333,1.421631362787816,0.8119642946514951,209.6014271177433,0.003293084522502744
725694cc-a541-4e33-88d8-0cfa283df918,566c7564d408ea000519c678,0.0987514596644822,0.007961391148495813,0.034475885550274366,0.11247379696741984,0.08222371111636752,0.3269661516429433,0.28242641120517364,0.054721193241895755,2.003318395090187,0.8092609261004587,186.27265167424008,0.6983951300498064
725694cc-a541-4e33-88d8-0cfa283df918,5e1545d9b1fb05b6369d13e8,0.006226340274871207,0.005211764572466439,0.006427222895036096,0.20643455119383533,0.14035821973822885,0.09576060763639284,0.0506398871900029,0.48894140626634075,1.421353416097694,0.8155017997022891,184.81811932705835,0.6200762388818297
725b5586-09b0-4701-a975-03bbd6b88edf,5dcf9e053269920b9fabfe19,,,,,,,,,2.0269216464098117,0.7574076593444866,149.9531723684271,
725b5586-09b0-4701-a975-03bbd6b88edf,5df4565dfeea89323021ef27,0.23546901333876305,0.014983121060850197,0.08931451343428938,0.06511506871909893,0.13505348825977811,0.2537462970502003,0.19105007309889155,0.015268425264412806,2.04431574249848,0.8801397476514021,242.34442584270732,0.0
727612fd-fe1b-4d87-88bb-c2f2704c0efd,5be31317d6e8c40001d00d23,0.037829583458334905,0.02249661207897202,0.029513520596097242,0.018476297256155738,0.30802562684176127,0.34514566403257163,0.03708465488335214,0.2014280401276609,1.4612587721608905,0.798270528882375,153.46547693303867,0.9644128113879004
727612fd-fe1b-4d87-88bb-c2f2704c0efd,5eefcccaf9461b13feb83c5e,0.014731332899478158,0.0012157557463218659,0.0010138172752046726,0.14367902952910855,0.041343790555256485,0.46003413025878204,0.047292125167745856,0.2906900166572281,0.7687995446815876,0.6740053695326585,122.2350349914718,0.002
7278766a-bedd-40d3-b335-428e8cf5de09,5ea72592a95dbf0c71404225,0.03031542094403441,0.03568132486927684,0.0056850184344954145,0.02875045379697009,0.4687311298886446,0.23076269691689177,0.1411473724711478,0.05892658307906181,3.1922769696539417,0.7092424842687935,142.52178566391885,0.0822550831792976
7278766a-bedd-40d3-b335-428e8cf5de09,5f12b2d469688113079cc273,0.03513640609909514,0.081870622117315,0.04824401782783798,0.008055049732083572,0.3511016481704494,0.3932050973082461,0.048572280402205986,0.03381487744955881,2.63362465691238,0.7785209790086852,196.07127377295026,0.21524064171122995
72834788-d7ec-463b-873a-daac1a8dc352,5a198755f2e3460001edc5c9,0.08444413022925204,0.062133271506753684,0.03964711587389243,0.03947948842860712,0.20592853054510096,0.19961059905722092,0.3192679774847391,0.04948888698661305,2.3456019843574576,0.8103556803643073,192.61269197418167,0.9418162044589451
72834788-d7ec-463b-873a-daac1a8dc352,5b4983840753d30001db8ab3,0.013828663974771073,0.019293742137244725,0.005668630495488595,0.02097513263517883,0.7329110008393627,0.09980916785885742,0.026728637541261795,0.08078502523535594,2.416561928565649,0.8334182322979,229.60875154604716,0.15959252971137522
72a00e54-457f-423a-92a7-0df30ec6a811,5eb35e715308a1157ae3b853,0.07493462238373026,0.016871096656943148,0.016014923577773427,0.0107908523880714,0.29941177549342535,0.49240773098936896,0.02384787263164843,0.06572112459272811,1.6802254496065265,0.6640214261727683,113.16366945525373,0.03765690376569038
72a00e54-457f-423a-92a7-0df30ec6a811,5f053720c017078437e04818,0.005819260290591307,0.005276120262412229,0.004674649813130444,0.030945490790644608,0.8868559669272665,0.010489814243661593,0.027167289720294512,0.028771406403880914,3.0930227603574365,0.7131134359469558,153.3363352297716,0.004310344827586207
72ab1fc0-4e9a-4b21-8ff1-81a9ae0a37ef,56db4c217dcddf000bd5853c,0.23659705092951985,0.022210736092510102,0.06079922634511798,0.08475900711126534,0.23256194334254365,0.11984206710022537,0.17689933648461845,0.066330633257861,2.5152310917415215,0.8275394359921211,227.67051760642389,0.8145161290322581
72ab1fc0-4e9a-4b21-8ff1-81a9ae0a37ef,5c670a430d80fd00014264f9,0.07384176411559128,0.018113390232139367,0.09450066531699967,0.05296965364632395,0.07886502134418887,0.258392972410105,0.08577450817396161,0.3375420265643749,1.5921722141522883,0.7863318461539459,172.78130178734799,0.899236641221374
72b33144-a3da-4a23-ada2-ba21f9e973bc,58c1ce3c3783090001b49355,0.03483421519813083,0.019312898607872667,0.0637938191468835,0.023881609307943513,0.272508588627258,0.3788374949836681,0.13722780317082073,0.06960357111653959,2.64095049280166,0.8189487487514915,203.8880190207854,0.9728260869565217
72b33144-a3da-4a23-ada2-ba21f9e973bc,5a693e48c0d8360001082fda,0.1130387518262846,0.0417230981037447,0.023416231710460783,0.013520357880868243,0.2541205326551567,0.4135538825752383,0.0900472951653506,0.05057984987991667,3.4945296468005993,0.6931412523326443,135.44446081444752,0.46148036253776437
73162393-05b0-4ed5-a8dd-ca0cf2faf9a8,5dd3d7787b6a663b7f0e3846,0.014248030264684367,0.02947784704496317,0.007028850182074961,0.06504253572412996,0.29725407200186243,0.2247909465200663,0.1082683059840903,0.25388941110309243,1.6658217061423508,0.6991148179389574,131.8080328875442,0.1749502982107356
73162393-05b0-4ed5-a8dd-ca0cf2faf9a8,5ed5e0276122c5175e4509d0,0.016492410970125312,0.03195585271985671,0.03193071601826731,0.016369206001289046,0.6140612577031124,0.13513647780838572,0.06996084283426657,0.08409323627764562,2.7168749496241826,0.795770910264934,225.4094441534032,0.8469387755102041
734e3ae5-349c-4c7c-9d8a-eb08b0513e2a,5f60d31390a8c1044e775b18,0.2542894933853789,0.0128249610709841,0.044041486998403885,0.10083682573919238,0.06196719366247898,0.37378266555575645,0.0749749035705787,0.07728247018198144,3.715107467612433,0.7216941557873544,178.35190446335838,0.17584605175846052
734e3ae5-349c-4c7c-9d8a-eb08b0513e2a,5f8f590a06d17e1aafb3e50d,0.04035054260431861,0.0779445558403404,0.04321805754836469,0.03830214471626012,0.306274968964482,0.22117465194930422,0.23617901552425294,0.03655606445169965,2.6936999030996303,0.7077132252366293,150.9152017340138,0.07015457788347206
7366a7c8-6877-43ab-851f-ec30c95b9b66,5d38c604b3126d0001fbed6e,0.05016504209709073,0.013428315175472418,0.014661598921739313,0.019246942571403032,0.4361029575283366,0.3334590677918574,0.0878484793026485,0.045087595787000695,2.6739259686896815,0.7486445590568408,196.39773202693115,0.01
7366a7c8-6877-43ab-851f-ec30c95b9b66,5ddf58d87af661ed30fff14b,0.05677898312302378,0.012097288368346424,0.020034541124690594,0.0654787716912423,0.3576168706302194,0.1044454411582321,0.20251963761544597,0.18102846612850587,3.18426511234164,0.7078765484816102,177.75485062768504,0.6332075471698113
73c201ef-8c32-43d4-b642-dcedf4aa5c7f,5ea97c8bd9092906246d2621,0.02893264772566758,0.05708127253671642,0.03584270152944298,0.009939320795244412,0.6593819943191681,0.12972942643494215,0.05121786951446187,0.02787476727038833,3.2044989199271843,0.8130278041171709,231.3629192669085,0.5355054302422724
73c201ef-8c32-43d4-b642-dcedf4aa5c7f,5eb0fda3718c921beb4834d0,0.005109841901806078,0.043619365287268105,0.011789370248395806,0.010830663313332888,0.6287806595726428,0.08915585634013097,0.17783995154991103,0.03287429320539246,2.3024585222934375,0.7234182718139179,137.24553707877732,0.5531914893617021
73c8be92-d673-4b80-9a8e-0f0a6dcb00b5,59296fb2e8a7ff000163f033,0.044056905265937064,0.08239564096367163,0.14709279656414753,0.00520995903026889,0.2997050529590255,0.2511724993908016,0.14549511436068446,0.024872032281204808,1.1596758846784059,0.7757720427462445,133.1145763275182,0.9619815668202765
73c8be92-d673-4b80-9a8e-0f0a6dcb00b5,5ec81134ac7d6b2b9ac51453,0.17151775611170608,0.012417286245923637,0.07529419338390939,0.03558974599889511,0.254947321268224,0.25190258354646056,0.05022294004363976,0.14810817441624838,4.6558583564613505,0.7658652229176908,217.04495785325432,0.4916129032258065
73f2430b-2422-4776-a643-b0794a21827e,5ebea06f9d56a105c10f6315,0.0214763375794785,0.01259412167686023,0.0031700143699186552,0.032231875195631664,0.5496096051821319,0.19507022647910507,0.030455755325059702,0.1553920638040162,1.4043775332701371,0.7353221879982437,137.58366234565773,0.20374220374220375
73f2430b-2422-4776-a643-b0794a21827e,5f40b04fc9ed761f282ca31e,0.07674788025634997,0.026540422618053186,0.20254519855126468,0.014533151153914523,0.19382471283022032,0.21927754117561038,0.2125641697240072,0.05396692332292962,1.8970803797803184,0.7883579362462501,225.61538992548057,0.9034676663542643
744707ad-c934-4b98-8df6-64b545881543,5ba3d4590e41db0001786ca1,0.024654730697884816,0.05629126847619782,0.029322634722316856,0.06289709414973221,0.38708761308746986,0.11906417529570587,0.10162577830740208,0.21905670685704484,2.5005366095504935,0.7935670752799713,201.19775901779758,0.26405867970660146
744707ad-c934-4b98-8df6-64b545881543,5f47b6587dfbf11be8eda97c,0.07110090589235478,0.016217977158278222,0.05294519524290718,0.0920049496697565,0.13590962302068482,0.30669001119808914,0.14887656241030217,0.17625477522780336,3.3270606705308667,0.7484924453927465,203.75504234412173,0.6099137931034483
744c0219-e821-4c24-903e-92c25347da13,5cf6231511ba980001e3aa3d,0.0721005515154076,0.039627706529801285,0.02670210921994627,0.07026833599724516,0.23567272780116957,0.2879825189924574,0.07803908040034961,0.1896069698659414,2.041566060398051,0.7597707905505868,191.537563477154,0.4778350515463918
744c0219-e821-4c24-903e-92c25347da13,5efb5f77ef19f50a68564191,0.13736552773350882,0.010561946395267707,0.03008321993765849,0.07921506721165118,0.17293900133721213,0.4404333142546522,0.08187698114563946,0.047524940940872736,2.5299140315096578,0.6768911437750684,138.44561902893517,0.5916568742655699
74566dc5-b8cd-4835-91ec-7e4e245dc318,5f0f62de21b8db102948c958,0.03262644924029587,0.011458908606541935,0.0031564868631687782,0.06506131116088136,0.36544236832861615,0.31137059693676383,0.03827080729459303,0.17261307126355932,4.291547717664033,0.7608292758050681,184.33439797216028,0.01288936627282492
74566dc5-b8cd-4835-91ec-7e4e245dc318,5f1ed1caed4f03012ac210a0,0.006989928264880379,0.02656772161288065,0.014323234062398408,0.015407314378776698,0.6169777872712384,0.13970913938960128,0.14617094781709292,0.033853926981083964,1.1958741173419198,0.7236038663656107,141.21203720468696,0.7277526395173454
7463ac49-ae39-44f9-8a77-7d94ddf0a46a,5f3b2b15f5d396257a4cd215,0.07366786440200528,0.034035287346625434,0.03533601864130838,0.027318156963449323,0.2184243748970161,0.3874032698589024,0.08171971266549176,0.14209531501987901,1.3675898513164364,0.8444933418676965,226.5734817245726,0.6459246275197196
7463ac49-ae39-44f9-8a77-7d94ddf0a46a,5f616e6d5399870fad4c4d17,0.03118915734034424,0.0249918525701446,0.041422909931478395,0.11408840975198828,0.09605881102197686,0.3060524919138806,0.2287054748668349,0.1574908923702164,1.2119283840943629,0.667876371610233,129.99798902165617,0.0416221985058698
747bcb23-a508-4662-a525-1c99a35fd71b,5f23ff398626c51fdd6c3fb5,0.050457160711556905,0.004990296158787367,0.010472616092025464,0.12134720746465438,0.23321690514217078,0.34781490310521024,0.16866203677771044,0.06303887539386853,2.1206117304140433,0.8392428396864562,221.45089798972145,0.0022197558268590455
747bcb23-a508-4662-a525-1c99a35fd71b,5f9c9d259e7c0a17abe03413,0.021982502872542744,0.0685473031395261,0.04708626838071217,0.009944969009360406,0.23535980610071539,0.4029703830591632,0.1486957646119582,0.06541300325962753,2.786484156364836,0.670637377042068,146.08179387675978,0.5378378378378378
748a93e0-323c-444d-985c-6540295e26de,59d5c894c732930001d88b5e,0.0419460414227013,0.014676905023280376,0.009645532970821491,0.06439331126898597,0.23108856729643487,0.3222602352061066,0.12051769018269588,0.1954717168449157,2.294969884852143,0.7309613250628068,152.10667353178064,0.24002751031636863
748a93e0-323c-444d-985c-6540295e26de,5dae16d241fbb6001160ce72,0.06248208211444247,0.03518695338686867,0.016442106532308154,0.020543330790444094,0.29931202084689984,0.36820504946530963,0.03584735658410125,0.16198109954755277,1.6501514785674412,0.8117944118307757,179.0759553403173,0.3742255266418835
750ea6bf-51b3-40b3-8c01-56517226db01,5c817d90fae0130015ce9bda,0.052771155334862103,0.00472559802595595,0.01935288795953327,0.16788400166395182,0.07636954807433201,0.19325888865324475,0.23267089457013132,0.2529670236244066,2.6607395128652636,0.8283343270955925,222.45153331430706,0.01564129301355579
750ea6bf-51b3-40b3-8c01-56517226db01,5f07ec0ec025b5421c3e3379,0.026024243292665193,0.16304710855337434,0.013162947748511136,0.005733471750678211,0.42700327302935076,0.2490422527646183,0.05015611699565894,0.06583058605008099,2.720960756615697,0.8655633274517255,247.08239704083957,0.24835988753514526
754240f9-69ef-481c-8484-3de526bf96a3,5ee2916b70aa643be19c0036,0.059446749275071056,0.00791974238507552,0.045640692256186215,0.08216369534295677,0.1853219717674824,0.15705076479254745,0.26068254645081124,0.20177383587406214,2.7635905110583985,0.8846817699050445,276.70870377732945,0.0625
754240f9-69ef-481c-8484-3de526bf96a3,5efe907ba8384039f55a9625,0.041258019459771825,0.02064653579007341,0.04750922687554655,0.015129008158301493,0.4308689601351553,0.20749959643201357,0.025968925867968066,0.21111972711377977,1.7174248791379194,0.7854909295535074,190.43352225939793,0.907103825136612
756089a3-6110-437b-8037-21d77e21e07e,5f2712b3488e134d570bc387,0.02376297261100137,0.007920082185986211,0.02293829093342197,0.32450137850492733,0.2279236374533713,0.06188672977847531,0.07764412777000579,0.2534227807421273,1.722617569468013,0.8651597294439058,233.5710281074425,0.8508064516129032
756089a3-6110-437b-8037-21d77e21e07e,5f9f1dd3e20fb253392e4bf3,0.09833027076641424,0.01933292987133237,0.1130840940661434,0.010362761977734648,0.5867133151303012,0.09752404042141627,0.012619602464032192,0.06203298579342551,1.7442444160935344,0.8410662418001924,247.96433877279705,0.9563058589870904
756aafa9-6ef2-4942-a385-222ca267a529,5d05767056e71d001863ef54,0.05107073572877379,0.026314666163318068,0.04320783873746124,0.014268193897836581,0.2576880426970658,0.43041860000475635,0.058415720913987786,0.11861620156867513,2.0837796125590837,0.8600743221690111,261.83511968812707,0.44028103044496486
756aafa9-6ef2-4942-a385-222ca267a529,5e7072e5fb136c63e94f3fa4,0.09671972013284678,0.016974587305607036,0.14687532962243643,0.09754658037917986,0.24236029014415542,0.12463017317389631,0.20158943082555486,0.0733038880643901,1.9565820174988322,0.7451791170201029,145.52693698006215,0.6073619631901841
7580acaa-c235-4550-90e3-db781f7787a4,5bd8d97c26903900018579d3,0.024054060940773916,0.01039691479476541,0.011234016864471064,0.12483044562275503,0.14094065556453297,0.24361021246436013,0.10264121011675224,0.3422924838853271,1.6638431281058064,0.8143567621543871,196.21388429386076,0.06570048309178744
7580acaa-c235-4550-90e3-db781f7787a4,5f4f880fe0a90c049c47adca,0.0354150823243734,0.05552167914848911,0.016078099359907585,0.003189857683601686,0.5245635489069606,0.2122722643250478,0.13433666900640995,0.018622798583381252,3.5429111165493894,0.7492295730905396,189.9724938358552,0.25
7595d874-c1cb-4aef-918f-3c81f3a84324,5db25a62299961000fc5628d,0.023061850187699406,0.013976304530518279,0.01520443732513751,0.10414625405588901,0.1727369534724553,0.30663471423995936,0.19265908605464968,0.17158039951617748,1.645776038147953,0.864024713004974,250.86994255759146,0.06672443674176777
7595d874-c1cb-4aef-918f-3c81f3a84324,5de90f54a48441037ac21f43,0.04567034782816671,0.010122123687376193,0.010939584436034721,0.1475357507307394,0.12366381151351281,0.35016838859669336,0.22704697994988113,0.0848530140427597,2.6274863661577013,0.7282950834028361,197.71082662731848,0.013343217197924388
75a06a7f-4480-4a5c-abc2-dbe2814a0eff,5e948edbbae84a7ddd396364,0.04824404228524916,0.0475431997319827,0.03872895859291771,0.02637732701176997,0.17173532942620728,0.44542418296827346,0.11725157961552567,0.1046953812784365,1.709258770074075,0.7988775613325354,206.52259802488757,0.0010214504596527069
75a06a7f-4480-4a5c-abc2-dbe2814a0eff,5eba34aa6f816b16d72f49e1,0.17683597761592776,0.024698337351509995,0.043171726905275994,0.018594058296516208,0.546993847674818,0.11415301983960631,0.028342969426419812,0.04721006326892866,2.2321690828243126,0.7159149237702173,158.9797516697555,0.7220149253731343
75d13498-2748-4ec1-b247-f3807b358b1d,5ec00f62cf12be40ea6fe344,0.10250479136985384,0.04521670466575875,0.03490395641133954,0.021341989092698428,0.2174770157698597,0.2992313723292048,0.1511450710206563,0.1281790995571294,2.5837516413518093,0.8128084376849288,174.34304213478163,0.7032795419052577
75d13498-2748-4ec1-b247-f3807b358b1d,5ee6f91291a7f3467cd37704,0.05412360442432548,0.021353260795122078,0.024328636462009452,0.034688334264570714,0.12073020296720514,0.3863765725095876,0.3276914754039592,0.03070791448200343,1.35958151539442,0.7530215363247942,134.43535281334945,0.08
75ec8199-4125-4465-b1f5-148e7cc557f4,5f469dcf5fcb5d0355771013,0.09398064073895097,0.004470135326034701,0.04084966110643092,0.06669107518327004,0.17773571708184213,0.3351622615455964,0.09805997642960403,0.18305053226006188,1.3330062581612248,0.8048764746977806,166.88441752605226,0.03526448362720403
75ec8199-4125-4465-b1f5-148e7cc557f4,5f5a6c23009333128f6f7d82,0.06442261357192416,0.042836844277383726,0.027077851866596017,0.020722209487597232,0.32432603362544854,0.3650049304685678,0.03881195812838601,0.11679755855304805,1.671842148421249,0.8356699924318882,211.118711199662,0.5753295668549906
760794ff-2553-4238-93fb-13c0ff0c58be,5a5d0554ac562400015402dd,0.16718611928470362,0.017269564474096433,0.17470554339957428,0.05810051134059141,0.2743630819248773,0.14098454115356288,0.07221082101776866,0.09517981764885135,1.9583155125712108,0.7883002016242037,201.49727322859673,0.42358078602620086
760794ff-2553-4238-93fb-13c0ff0c58be,5efd41a487c4ec1945330e9a,0.0334793436120447,0.020490916824750835,0.03109732620766613,0.06464498530509628,0.16876976735024662,0.40740605675937946,0.0781843923584394,0.19592721229117074,2.2412467556479614,0.7564963073204517,133.60944664498925,0.031876606683804626
763e8646-5acc-465f-8a86-68140f28a301,5cb929bfebd17d0017e7f848,0.02627492845912738,0.010068717318685501,0.03555839022783281,0.09442789017176158,0.05376340699739512,0.11229248421019626,0.5497967140781079,0.11781746756469724,1.9093676721674708,0.6757801090440347,119.2291200396591,0.06853020739404869
763e8646-5acc-465f-8a86-68140f28a301,5e97478f8b670f09dad1fd02,0.012626322150867904,0.004734861595107279,0.002899331069916216,0.025886474209717777,0.05790503933753097,0.3602194531705291,0.09238289811741827,0.44334562207542355,1.868873677103811,0.8111418712751115,225.05985431570997,0.0
7656b1cc-74e6-499b-8910-fc99f2e41885,58f0fca0d40252000192f201,0.027987849006889925,0.031911174025555294,0.0075706017391094105,0.0371027443598652,0.667180127656488,0.1257095322302169,0.02319409689441059,0.07934387013339933,3.343992742764245,0.7600891990240624,174.24364788903353,0.25
7656b1cc-74e6-499b-8910-fc99f2e41885,5f5127e45185c93094565dcd,0.040433810155536244,0.01994246398539726,0.016150871588484987,0.05531266604014043,0.14715567820805023,0.4171585927946925,0.10524451961877063,0.19860139846341798,1.9906095675022137,0.8411232165919894,205.09207722435582,0.7721311475409836
765f6cde-5291-4047-89c1-d71b1e3a413d,5e46fefc190716000bcc1b92,0.011084405532733292,0.0009460586701195477,0.0018921866662149826,0.06076294533449183,0.0025563558440534245,0.29355561558767646,0.3157758246561597,0.3134266082463379,4.56536686115236,0.8180615089317175,183.55744504040155,0.0
765f6cde-5291-4047-89c1-d71b1e3a413d,5e9d549e36f025000a0ddc25,,,,,,,,,3.858259885790823,0.7979784601528712,207.59927380421595,
76abad1d-daf9-4cc6-bf7b-9520438a66f9,5e2926d80beb030ede110e67,0.15251909087332444,0.009254494251266532,0.05560745251970836,0.09144893048969215,0.13554923820364917,0.1623281575422726,0.36342186554119854,0.02987077018868426,2.625606330143387,0.80161875304132,196.8926850589762,0.0
76abad1d-daf9-4cc6-bf7b-9520438a66f9,5eaad5dcc2e64603e5122442,0.08814617665279449,0.04252326460271804,0.04148935173567254,0.037564096460551026,0.1641832259051577,0.34548539776821063,0.06986611652770204,0.2107423703155903,2.162955785170086,0.7561649933794599,163.67348637218865,0.8228630278063852
776df112-4de3-40af-8db6-74adffe95ace,5be31317d6e8c40001d00d23,0.04325104750154522,0.036211494740329246,0.036290347692769884,0.011042735456493332,0.44658076855493367,0.23228898687550859,0.03723852724603778,0.15709609089162566,1.392105397368492,0.8021826037124403,163.14727068880543,0.9008016032064128
776df112-4de3-40af-8db6-74adffe95ace,5e21cfa097308b4b1dc8f24d,0.03482769026144741,0.02906974832149479,0.01720517561005734,0.01796655260099249,0.2685403770017855,0.36829621565013115,0.12358285096259491,0.14051139033867444,1.20228050420069,0.7636493101580102,149.33110826297704,0.5891238670694864
777e03b5-425e-43eb-af4f-d8dbb313c319,5dead51bb48fa7200b3d0dd8,0.12635570562895054,0.007581552964423048,0.05030271502242989,0.18087477175735994,0.21734952446069294,0.15295782436542996,0.11092924996858224,0.15364865593074445,1.7971023281529623,0.8437817662152549,218.14855230403472,0.2145214521452145
777e03b5-425e-43eb-af4f-d8dbb313c319,5f1269b2bf131c1c3ad768b9,0.06997482588706878,0.02879460139368026,0.03201252045409373,0.047624932719555084,0.24236319975935539,0.3999114501077327,0.06323399179034393,0.11608447886477517,2.21155024797129,0.8025902785453308,248.81415167588344,0.19760479041916168
77866cf6-b24f-4b57-8a44-a7b581e0bc30,5d36600685d1d50001affacb,0.11877963127513919,0.06551037171843226,0.028272949477321604,0.017672253649076018,0.30655592797986264,0.387488229546983,0.04998566134589507,0.025734974296809904,1.3477249987162059,0.7596886687944029,127.4674060823803,0.1857707509881423
77866cf6-b24f-4b57-8a44-a7b581e0bc30,5dea5ba4446c901777bde897,0.010619875775728855,0.042924234278680806,0.03331233165116137,0.01117256275572368,0.5975008693636231,0.11681169147069363,0.12545449657120625,0.06220393830708068,1.559717860263811,0.780094037314985,205.3892250161148,0.6789554531490015
778aeea0-34ed-4b5d-980d-d6ffe062e914,558acd52fdf99b65685f03d9,0.09392892057227341,0.02227809510800539,0.10069510969474021,0.007972523339448267,0.34460014087181084,0.35540707568320623,0.046217674897559735,0.028900459612520583,5.245056727686015,0.6584366716637733,248.20068973416514,0.7335355285961872
778aeea0-34ed-4b5d-980d-d6ffe062e914,5f9addbfc4733c24f8e81be3,0.10623589475261835,0.025466300750206464,0.02875828648860796,0.06333216948971769,0.3512272101512843,0.20479229695973036,0.11458151120160395,0.10560632967186356,2.326662752461359,0.6668237457492135,143.20149524540068,0.023778071334214
778ba8d9-9eaf-41bd-9ffa-aa9033cb1b3b,5de1ef4ecb1b08240f97671a,0.028890738161055165,0.015266112647144444,0.006090693540605633,0.02541795488164548,0.15400816655725386,0.4637358960336452,0.23660056589501377,0.06998987284605444,3.662732671856441,0.7559127105984751,176.19960655454543,0.43142660234321156
778ba8d9-9eaf-41bd-9ffa-aa9033cb1b3b,5f482b0da1cde52de45f174c,0.09819885485901475,0.015348127316707498,0.011049913717183347,0.06374363896514633,0.0751040218204332,0.5161538417342738,0.06488190318534248,0.15551969885016814,1.3900078607294595,0.736626480244391,144.81143578574307,0.01394169835234474
77b4db2b-38f4-40ef-8b6a-cce0d6095197,5b97f8988ae8150001c7a887,0.3473074976935457,0.03198897133807704,0.1315377902925675,0.030948280581300093,0.04539742391589198,0.24482267936418364,0.11681929425624486,0.051178062546617366,3.6300197652157182,0.7028629896931572,150.01047477510676,0.13356890459363957
77b4db2b-38f4-40ef-8b6a-cce0d6095197,5f1d266c6f7d7f62a219fade,0.06751461065501901,0.02361604543987444,0.028917385732722716,0.10841182085307492,0.2167851294226282,0.276703679993627,0.17757066180774417,0.10048066700974394,1.8901300038024922,0.7413247623924001,142.51094446265355,0.231433506044905
77c6ce1d-774d-4c6f-87c5-a1fcde333a4b,5f5ce2af3329104f89c492a9,0.012335434938877995,0.013219446573024249,0.005880368796392724,0.06161713966296994,0.20131318680708854,0.3081175594589255,0.2913389675014348,0.10617789651776718,2.357406744194401,0.787813066594807,209.47919199181095,0.6885676741130092
77c6ce1d-774d-4c6f-87c5-a1fcde333a4b,5f5fcf3aa5691f099d7ed990,0.056938724739318165,0.02335345618478721,0.0021587289755382686,0.015372452124515283,0.3508086101272262,0.45154175411407793,0.06139562455063424,0.03843064931019932,2.018924237806562,0.7350611492448499,144.51221093711038,0.01910828025477707
77f35248-1a74-45ae-b3b2-dfa5433093e3,5f482b0da1cde52de45f174c,0.10790013168128948,0.013995207336828411,0.027088301555431914,0.05126626676791373,0.034178562243914454,0.5059977126880052,0.06278787182911899,0.19678594563683038,1.0012695133526626,0.7677616844674113,132.1838228112834,0.0
77f35248-1a74-45ae-b3b2-dfa5433093e3,5f4e8f0ac0126208c0db2f91,0.08798549675700063,0.0598754952532547,0.26491560229936656,0.0368915336620975,0.2814420761799544,0.11891405310974797,0.04950178658852347,0.10047395894139502,2.1004199585105705,0.6891726366784829,137.69776126178286,0.2628504672897196
7819026b-80d3-435f-bc56-4cfa6d384f76,5c4de8f726093e000134ee6e,0.1448004161280125,0.013762522600642087,0.04692897181722448,0.11650430476491452,0.20343165708887634,0.22027715589843294,0.06511603233667901,0.18917893908378938,1.3080376482989924,0.720579661543774,137.95896998202718,0.04061470911086718
7819026b-80d3-435f-bc56-4cfa6d384f76,5edc3f9696a72790ae256a27,0.22051888793390578,0.0125147987527759,0.015406670406648679,0.1758071808204043,0.058114714752135394,0.0990552433347767,0.08235712985707103,0.3362253734484357,1.9128059849042964,0.8244189987429678,201.8465326624198,0.13394495412844037
782a11f3-337b-4794-8888-82aca3675442,5e606b1eaf84e83c728748d7,0.12582725733108102,0.00806744061010041,0.01187729977724266,0.12002926601044603,0.11048302310413963,0.44124468642845904,0.1180619923823001,0.06440903437198457,1.4713575434165422,0.7557856267893558,155.4099899228749,0.22899628252788104
782a11f3-337b-4794-8888-82aca3675442,5f4c9e74da9c148b0d42ecbd,0.07233685637645224,0.032956613709849994,0.012985590356332271,0.004565437944482174,0.1332421304478029,0.6186412775281523,0.10431734138122566,0.020954751261072116,3.463488993591975,0.7290705001225901,180.51129220675486,0.16052631578947368
783b98c8-73e4-46aa-8d9a-9c446f569ab9,5e28f6f3a9af590c5b97b2b9,0.007800476359032763,0.06231086749554366,0.004334389874589107,0.0027286952047567126,0.7550499836815141,0.10629260843430356,0.05204758172274686,0.009435396911426296,2.564607473210704,0.7980962176576153,171.08619312186852,0.77735368956743
783b98c8-73e4-46aa-8d9a-9c446f569ab9,5efa5f1e85fd3488ef3fd4f2,0.03813275376778994,0.02055458349841492,0.011074654907842657,0.058865479356312755,0.38020277973984884,0.13646740176949043,0.03106053561327223,0.3236418115401138,2.6399958018966805,0.6808476755456332,205.2302321184546,0.8240396530359355
7846e1d4-2b36-47c4-b6a0-51763fb72c2c,5d788a48a745e900191b0447,0.251746956728574,0.045263706574165584,0.08510389490081141,0.025391197029911536,0.3462153698647412,0.05102646065770276,0.18993318310736748,0.005319230612890901,2.702792983199372,0.8070559072578208,227.5016925415321,0.7056367432150313
7846e1d4-2b36-47c4-b6a0-51763fb72c2c,5e83bb0601aa8c11929fa6d4,0.08615178042225816,0.007103155290018716,0.3348314308335172,0.09122981620578706,0.05422808549136884,0.0688143543735874,0.3036566343325396,0.053984742652017095,3.1074907088696557,0.8308834790870679,236.30123930980338,0.6681974741676234
787f92f0-51e6-442f-a7a2-71967779e830,5f15fbdf2c61ce144ceeb357,0.048552735435666745,0.04814788384939471,0.1667317013915615,0.013404464902686854,0.22133653315702528,0.17581856224926107,0.26022788004413405,0.06578023874690568,2.4533376558959707,0.7903194395425903,202.78996158023875,0.42911153119092627
787f92f0-51e6-442f-a7a2-71967779e830,5f9ce8cd0c6e891eed46dccc,0.01485423956759327,0.011420187699694708,0.02245069984994931,0.11788304479551891,0.46680564481206477,0.14049259343506193,0.14435069518279825,0.08174289425295939,2.8769541111475614,0.7516805643697002,137.97734497417858,0.505981703026038
788b1fd3-1c7f-447e-9507-85cac67ce378,5eafc593ea86b06dc1628d88,0.06251739893457732,0.059276084466617335,0.010753356909759405,0.01412134652504886,0.33888486712425775,0.40593535013991966,0.07521803424298655,0.033293562254906636,2.3573870501099115,0.7216162352571303,116.02539223638122,0.1925601750547046
788b1fd3-1c7f-447e-9507-85cac67ce378,5eb24e9991dfaa1aaf03a7b8,0.0707802415265093,0.01837428605597231,0.052828114254310964,0.016383775826805544,0.03884230800556903,0.1880385715092222,0.6067634177933662,0.00798928480943225,3.876045373886982,0.722308655200788,206.6132272193506,0.0
788fbfa6-b7d3-46a7-8c09-a91c98a1ee30,5efb5f77ef19f50a68564191,0.16046327394891163,0.010822440750494298,0.021266525313758947,0.06842204553786,0.14915179756371427,0.47265387073728216,0.08504487744778066,0.03217516866750063,3.1491874852741057,0.6732079245002449,144.83070765742727,0.35138387484957884
788fbfa6-b7d3-46a7-8c09-a91c98a1ee30,5f978c9948915015fb3bd00a,0.13865550308400448,0.06870332145738374,0.07468341233889322,0.015519107762057158,0.31790151967140917,0.2836559465235013,0.07386507881385661,0.027016109521014672,2.199237355001627,0.796356297674991,207.5635819546612,0.010638297872340425
789c643a-d04b-4ddc-a1a5-9cbd87175430,59877315f8b162000167a2c6,0.016854132242642338,0.0842834382289691,0.014120414575258523,0.005958706933468329,0.4540783558663193,0.2708052401162092,0.06296642771471472,0.09093328322347861,2.511544856838645,0.7172525330910239,161.99698430048485,0.9748837209302326
789c643a-d04b-4ddc-a1a5-9cbd87175430,5d8de6eaafa2c40019f2375e,0.24828987345603942,0.024817427163882348,0.23281390755560516,0.007693786953204423,0.0640763989745978,0.3342067146434358,0.06609305422632106,0.02200883694476192,0.9073353073625737,0.8046882840213953,175.20852117622223,0.15019762845849802
78d88191-8981-4da8-b232-3e2153d9b599,5f484d7b5a01ee31c81bf9df,0.09314585913330412,0.021236106931958106,0.008615952953525333,0.03411358333944554,0.16892288997237873,0.4006585653600667,0.1081161831561119,0.16519086013785744,2.9588555785409842,0.7862480125416587,164.77785504768255,0.19855595667870035
78d88191-8981-4da8-b232-3e2153d9b599,5f5295b28bb79656686ac868,0.03715721543891071,0.06167492781975005,0.01197124630915774,0.011484315180052681,0.18495813103481515,0.41113915601215106,0.09136994706343068,0.19024506065746627,2.5999208093292427,0.7971208735573452,220.05898486011537,0.6760404949381328
7944f706-b354-4953-9a17-9ca60a5d6d16,5e3c4f807635c2012090dc10,0.012454162869999829,0.019611104032682528,0.004615044452519809,0.09542870077366239,0.3142320698671589,0.2255309486901094,0.05069799012330401,0.2774299797893736,1.467527414018076,0.7715663615290701,161.66988715408672,0.40274841437632136
7944f706-b354-4953-9a17-9ca60a5d6d16,5e88f058524dca58ab60da0b,0.4356839327869842,0.032411866960823196,0.06700603543016678,0.04969864387482715,0.09722474394529902,0.1590536228400361,0.10448751310163922,0.05443364086146363,1.883905459882653,0.8240359879471891,191.08847057797647,0.31632110579479
796f2826-b2cc-4848-a32c-a19892cd7919,5ebabe2f4d32da02ed3a6915,0.01267947690154229,0.06737842365518695,0.010227306695616792,0.014876560590367844,0.28347581979396014,0.3028486266813701,0.18631028002527522,0.12220350637218176,2.1291409330872555,0.7841591135168048,209.21214643868845,0.4196157735085945
796f2826-b2cc-4848-a32c-a19892cd7919,5ec18c4c2f44695b38204649,0.3130945971749831,0.014651630227236697,0.06206349704613578,0.028429509888851213,0.0849286068394121,0.37792202105766937,0.10426553504979295,0.014644603887331405,2.336097150032977,0.7153873913528526,140.68664194243786,0.7934508816120907
797c5a5e-9e42-4ff6-b89d-aeebf4743cf4,5f40844f08e4b91ce5dee945,0.010677425252537634,0.02824138817438153,0.03358395013415114,0.059459565715562025,0.3289386246917777,0.22564509658929144,0.21066943100777472,0.10278451806039292,3.046680871508257,0.7530142107686747,213.2421709689291,0.6243032329988851
797c5a5e-9e42-4ff6-b89d-aeebf4743cf4,5f98aeb71f6d0e1cec74defb,0.019293417159551997,0.043326179761027275,0.030911565727959542,0.021675558465913732,0.5264106502107123,0.1590257113734367,0.1461609003943775,0.0531960160852703,1.3364258021816997,0.7243382766961154,137.01371283888338,0.7134416543574594
798a58fb-2c59-486b-8fef-1da18e38771a,5bdc94f819b9ba000157da85,0.0711064653761447,0.013114634826220937,0.013558188605562018,0.21340434479752074,0.18166995941864023,0.17270974803900807,0.19971568650530303,0.13472097148648968,1.131881654500737,0.7508745687730989,149.04700475319999,0.4731774415405777
798a58fb-2c59-486b-8fef-1da18e38771a,5f1e9b5ffe1f70029559f24c,0.19074454700277937,0.05283413832394975,0.029057564222384657,0.02319863865850817,0.32902055858995044,0.22280355236670737,0.09210653633078066,0.0602344644737088,2.0322923177155747,0.7153459651048879,142.9784611531391,0.15667074663402691
79912e48-076a-4cb0-82e2-e43a932d0cd3,5b6cb3049ee1a50001c5ef0f,0.09174196160033518,0.07318948527677342,0.03198542724517104,0.017144551618500682,0.26684559134161384,0.27357500031660925,0.21872531928001768,0.026792663151685266,4.133661484825994,0.7926930194811399,207.7124939115724,0.21782178217821782
79912e48-076a-4cb0-82e2-e43a932d0cd3,5d3356323e1190001909339b,0.06912300381241082,0.022784470707916206,0.018852864864133553,0.041813867526977695,0.2694440380960741,0.2815907843091404,0.26850966721868086,0.027881303907986238,2.183530386686172,0.8261311198671039,211.1898374718017,0.23992015968063873
7a2f47af-d76d-495c-b592-40bf92a221c4,5db6f5c8c5ffeb000ac7cfb2,0.08419162422445954,0.011883054602255961,0.051575120224461084,0.1739341516157948,0.42088538074324333,0.06266242718830221,0.13458228532182867,0.06028595713147495,1.9520648745865685,0.7946818260733098,207.7555781449378,0.3916887709991158
7a2f47af-d76d-495c-b592-40bf92a221c4,5ef19d99454675561e3fc9bb,0.05067451714707841,0.023713903449049174,0.013551112913155732,0.018124900392514062,0.25432837456837953,0.3968458529526026,0.12922639415727719,0.11353494454190374,2.008523852835624,0.7687424782242255,211.12459092605667,0.35603996366939145
7a47e9ed-6bfa-499f-811b-f9e2bffc2770,5f2c32ad4fb75e0ac17a60f5,0.03155359366561476,0.05563306671997663,0.005799197751664311,0.028694810049502594,0.22533443485606267,0.45667468909695913,0.06015828076390041,0.13615192690780784,2.898909382561199,0.6611953157203668,137.38004926435124,0.35805626598465473
7a47e9ed-6bfa-499f-811b-f9e2bffc2770,5f8f826bffb7ae1fb5dad299,0.08441457158119384,0.051518265037616494,0.02276240734156714,0.027671264457902942,0.20420934736812363,0.45130561363539023,0.11881874251981177,0.039299788146237295,2.384277701047884,0.7333094153670106,130.56016899707066,0.2770935960591133
7a5ae937-56a7-473e-a6bb-af2313410916,5ecb2895bc80406a12e913a7,0.027885100943777438,0.038451458732033816,0.03510689205835496,0.04750589106796437,0.30699547955643175,0.32890661634659407,0.09154445850349255,0.1236041022820434,3.4189158901374985,0.6673417013092926,166.15008169055454,0.6959016393442623
7a5ae937-56a7-473e-a6bb-af2313410916,5f122a156da6b5164a0a028c,0.01458750281520839,0.020596757931321204,0.006299721151576452,0.03299484005289528,0.2887683234701989,0.29496075459987325,0.20293488471247625,0.13885721462751063,1.9883068164088813,0.8292361136849515,216.93908148351287,0.3196527229676401
7a8dd066-fca4-4185-9e7b-374f5401d3f2,5f3fecd2bc9bac0b4ca93d30,0.007470173037409435,0.021346662583202156,0.018223292589872375,0.015600861857411887,0.42449872342581924,0.21519034508056287,0.2168536025996457,0.08081633724676053,2.4374213633851265,0.8489637566796058,263.9136880834096,0.5604075691411936
7a8dd066-fca4-4185-9e7b-374f5401d3f2,5f469dcf5fcb5d0355771013,0.032836185991528884,0.0032828295447561683,0.007847338347901881,0.12961388397280768,0.24608399256385644,0.17440407936943356,0.040141813244682724,0.365789877436613,1.3844909628323696,0.8126284193634109,168.84124216616422,0.4755859375
7a9841f0-c22d-48c5-a469-5ab0b4a4f9e4,5f07ec0ec025b5421c3e3379,0.029714990213054966,0.08887315317967077,0.014285084441516459,0.0065649894951186165,0.45927462359106536,0.2674381541300379,0.0267915616438836,0.10705744351530677,2.0478891085316913,0.8552723392946819,228.08788899762985,0.35315985130111527
7a9841f0-c22d-48c5-a469-5ab0b4a4f9e4,5f7357ed17b7c1054311b85b,0.023140727909799652,0.0059137778433083635,0.01284909957026944,0.1273572448172204,0.09357301237356128,0.3443963159394565,0.2884409370298552,0.10432888435105027,1.4471890667134373,0.7160135911716244,140.19124682833504,0.09760425909494233
7ab498fa-9f84-446c-9f1d-daa5b60a8c71,5aa61dd36475f90001a05dcf,0.13492896800478707,0.007899007729600643,0.009973749871598653,0.09835464078762897,0.26291594186371914,0.35032465611105484,0.1189096823489626,0.01669335412107732,1.3505952537555326,0.7561893870488328,169.36684747096893,0.0
7ab498fa-9f84-446c-9f1d-daa5b60a8c71,5eee2f5b6a22952a2bce82fc,0.028949983471194807,0.07693171065121393,0.0033397380207692367,0.001115162447889536,0.5241096946749808,0.3185970028831382,0.043802720392121554,0.003153985262603429,2.724831889737621,0.8005552627197867,241.71271637270124,0.4234875444839858
7ad26b7e-0f5a-4c24-8712-2c44f113e97b,5d4a1c61be2a040001beaedb,0.10572660808993962,0.01522506180177072,0.05552841555897907,0.08681272166157321,0.3582217451021756,0.17716338238415613,0.071480799496461,0.1298412651955507,2.7542410913928888,0.8128236190301289,231.8072471444471,0.46495726495726497
7ad26b7e-0f5a-4c24-8712-2c44f113e97b,5e9679a26b86610fdf2c766a,0.011731167133108207,0.020357812928578183,0.007997255062792837,0.05118670078326879,0.48265320102867515,0.10015771073708879,0.0719857304966822,0.25393042184930686,2.2970316150974215,0.8230698258708462,230.49447393944965,0.7989031078610603
7b0c2ca2-e2cc-4b72-a930-b52ad2dba8ae,5c43c90d5aca820001f73f6f,0.08772100748913456,0.005217124385185344,0.02438816270274548,0.13068410189930646,0.0529395295003234,0.39521540562114654,0.09080855395909047,0.21302611343900907,1.448940429351331,0.5136433855400073,129.39201697788226,0.01675041876046901
7b0c2ca2-e2cc-4b72-a930-b52ad2dba8ae,5ea1fcf9dfd09210e8645727,0.023386644760501465,0.004663059813901767,0.0039744562487439,0.014931282283560799,0.04450719846589927,0.6155366517248608,0.21249369929234183,0.08050699979066846,2.7823383585547856,0.6849833404333614,142.70471418806773,0.0
7b88a1c0-eeb3-4d76-9aca-c9ad83198b96,593dfb9ea2bf080001ed3b65,0.06748198118576057,0.05028133046438609,0.046873679139742205,0.0276748687401555,0.1769337283911675,0.45353149738870824,0.07303348679621986,0.10418942846430472,2.467023010766974,0.6886485182422889,156.8412520081389,0.414
7b88a1c0-eeb3-4d76-9aca-c9ad83198b96,5d8de6eaafa2c40019f2375e,0.18425400655811394,0.009538158656087165,0.06070263403061579,0.024869283403347302,0.09122765717139407,0.48586405002622135,0.07426778082473415,0.06927642819507449,1.1791104423986527,0.8046264663756638,175.1790839638094,0.5111346765641569
7bcd1417-babb-4b17-a018-21001904bc2f,5c43c90d5aca820001f73f6f,0.01747895489635353,0.004005355845721931,0.004298757957653746,0.1435702329330063,0.3568326276807101,0.24450951084795386,0.05835777881711881,0.17094678058739712,1.6033597475638388,0.6855162636607384,169.11030945955363,0.5382215288611545
7bcd1417-babb-4b17-a018-21001904bc2f,5f15e493d2423e70aa0aa3a2,0.009017310552851251,0.029370830452429404,0.026692180680602334,0.03614726238570483,0.7066777461436597,0.056710212011917324,0.09921756854335399,0.03616688965089923,2.015875133196957,0.8329256331005812,245.92581261601651,0.8896232650363516
7bcf6ed5-b8f4-4575-a8b1-ae26d37d45e9,5e6a608ce62ce1000c940212,0.01665329206475712,0.03355880609618032,0.03142313818469266,0.024709472173157818,0.600412739271952,0.17286388647882586,0.0729603819743744,0.047418283916181685,1.720034326954031,0.7166944237590949,141.49597531847107,0.7858002406738869
7bcf6ed5-b8f4-4575-a8b1-ae26d37d45e9,5e9d549e36f025000a0ddc25,0.07856724007775713,0.018090689467111228,0.18181643560083602,0.025760092823345758,0.2947688433388132,0.23568418418529274,0.12106521934756935,0.044247295514284156,2.127667575925583,0.8442097553638613,233.049862710995,0.7040358744394619
7bfcf19d-17cb-4032-a673-2f4bb7759875,5e21d253c7fe654b45073bcf,0.09997461958525797,0.0190142969555682,0.016958403852441368,0.15365250302469854,0.1556727913636251,0.16302253651909654,0.2616584586179767,0.13004638926339224,1.8117922349803206,0.8455212221421652,216.8502055400589,0.07793103448275862
7bfcf19d-17cb-4032-a673-2f4bb7759875,5f6b69d064b69d05a7c7c621,0.01571296811362005,0.03987132133712786,0.007664504281233967,0.031006577812727205,0.41823019824028396,0.2224031466858085,0.016207819073204774,0.2489034646637224,2.2046759609338595,0.8026231021476623,216.09993494855624,0.7491582491582491
7c0300f4-efb0-4b79-beeb-f70087835899,58ae59babb9e0f0001acb414,0.061977873418306365,0.06390351616752958,0.014355403797070145,0.002527088303479442,0.28973860838109866,0.4651362793391685,0.03421934863752395,0.06814188225386109,2.582532664411004,0.7641005309336293,157.47011582463574,0.8963165075034106
7c0300f4-efb0-4b79-beeb-f70087835899,5aa61dd36475f90001a05dcf,0.22594992232919814,0.021817917758388327,0.039826787291739225,0.11048049545324166,0.3941797907051277,0.1329812508901329,0.05358700290311897,0.021176832581007086,1.4905208346877536,0.7602535256192576,168.7893913195803,0.022222222222222223
7c289d19-4fe7-4657-8ada-7b452642602c,5d9283b2fef9a5001ab28d18,0.016185361108818675,0.014748451189418373,0.010420272543563213,0.05001291661298981,0.33899084730772344,0.17403444375481072,0.06384750911166336,0.3317601987789923,2.414932066602195,0.8247793633496595,232.60857743482714,0.630844382414515
7c289d19-4fe7-4657-8ada-7b452642602c,5e83a35304f8a80a13ac590e,0.04739794336961532,0.011911548551677722,0.036305653332865895,0.15459774044159394,0.12069205369465792,0.25747830075721706,0.24579438907210627,0.1258223710080215,1.4982976765699092,0.8704353983174465,245.35688651619128,0.006497341996455995
7c35d830-2cc5-487b-9ca2-4385fbb38e86,5c1a4d7d1aea120001fdd685,0.01989479510435965,0.05107106453411203,0.008319813712649032,0.01857004569418168,0.3994184704232114,0.30108569488025644,0.08621810928947515,0.11542200561606081,1.5790855390108025,0.8124810946734575,204.7942350463605,0.05929919137466307
7c35d830-2cc5-487b-9ca2-4385fbb38e86,5e83fab3af601d15b6fef5c7,0.11138396444308438,0.018335040817144568,0.0595599326779821,0.054233274061151936,0.09374568701450775,0.40890603224964023,0.1149731029915478,0.1388629652158694,2.0585435656253575,0.7192149026405422,152.8705883092004,0.5784103114930182
7c3bce28-c6af-4015-b678-994ac5c0fa67,558b7b06fdf99b21155f2c1b,0.08629954805739712,0.05913461233860352,0.048300202740313096,0.015578462396906845,0.41156017789791827,0.19643034813732047,0.10685565664290891,0.0758409919906448,1.4670666783609336,0.6405947506434366,138.18452232012888,0.9815157116451017
7c3bce28-c6af-4015-b678-994ac5c0fa67,5c228e5c867f660001ad66be,0.016286945434672885,0.04929300979510346,0.012027582541971648,0.028288440332633433,0.3216037664058791,0.283576997763134,0.20427829715771212,0.08464496099755917,2.2677371248126055,0.789618285608899,215.5629161134157,0.2817896389324961
7c41de7f-b269-4431-ba03-ae25f1c269e4,5bf5f40635087500014257fe,0.020969392731317045,0.015193117662952301,0.007852589691653169,0.03785302924079627,0.2902141407446455,0.3633710037608748,0.10727267866232423,0.15727404742529374,1.213688881453439,0.8268887542285763,184.33190461888543,0.28415300546448086
7c41de7f-b269-4431-ba03-ae25f1c269e4,5efe33b14177723069d82cfd,0.05708353143219664,0.006884816053099396,0.04584972241464046,0.10131612806826848,0.16634401816220648,0.17265591628586652,0.11616440137922773,0.3337014660376329,2.1477102521526525,0.8040818650025816,216.4011258764268,0.44742990654205606
7c791294-8145-49c8-99c4-e44e8b95fb41,5bc0bcb38b1ded0001bfaa58,0.02250818382753815,0.03224887905134954,0.03659151159231301,0.03037811161534323,0.27911806064999933,0.22713164817510115,0.2934551299127879,0.0785684752201509,1.4657952922736603,0.8378699583037021,238.53337144561934,0.6433308769344142
7c791294-8145-49c8-99c4-e44e8b95fb41,5ede3d2ef7c9f9068776c4d2,0.1022677247681592,0.03719670119122065,0.08206861902292445,0.05558698963066573,0.17853343263671606,0.22410171161778691,0.23543519255424228,0.08480962917495534,2.5711272981131446,0.780925616991441,181.37785444794653,0.09854327335047129
7c80ae4c-14c0-469b-b254-6ea3dc876e24,5c5fc0136467ac0001b80940,0.05680342211020285,0.022060842576894453,0.02232425148103755,0.08084077875404744,0.37397255317586847,0.13476798402882156,0.09208640174568014,0.2171437667355036,2.203572129502696,0.8348469622726531,229.7482161952304,0.8147632311977716
7c80ae4c-14c0-469b-b254-6ea3dc876e24,5f0df6c9b64b5107b88cbd4b,0.07622297624155709,0.013115547722773919,0.026650613374561104,0.03456077216875933,0.5612331585536735,0.18770073534870363,0.047452101307661775,0.053064095948005964,2.194766524170524,0.8356894292519645,234.52315391445157,0.548936170212766
7c9458fd-c9f2-4b05-956c-33cd6c506d72,5c82a8cdfff8430015e9942f,,,,,,,,,2.619583353767948,0.7933651559901777,211.8054380448173,
7c9458fd-c9f2-4b05-956c-33cd6c506d72,5e790129bd76c94a7b3aa7b6,0.09519448868998195,0.019681145434692956,0.17807939968303407,0.06430299005939266,0.34862907205984583,0.09400991823963314,0.12700799145867303,0.0730949968189245,2.139021984176773,0.8632823949515439,247.61501300758607,0.03195488721804511
7cda8619-2b2d-4344-901e-2e6de0a6101a,5df15bc3361a8506b94f79ed,0.025860383055202118,0.025667010104332297,0.036534792449393894,0.025336904011562824,0.35002422515905784,0.30515087938277385,0.04972144411788765,0.181704361389761,1.3151051848703421,0.753454973110834,127.39950777140744,0.468247895944912
7cda8619-2b2d-4344-901e-2e6de0a6101a,5f03e4a77df42060e6b3dd13,0.16280385215980323,0.03044596799841892,0.10758754465964772,0.061974777177350886,0.13401902391730233,0.3349902002422339,0.06481501590116022,0.10336361856940526,2.0619895683180816,0.7222547935089845,154.0341389676403,0.7166813768755517
7cde4a91-d191-4bbc-8c6f-28f441919c4f,5a198755f2e3460001edc5c9,0.21207903319851557,0.03747247519133324,0.10434783585217654,0.014973378331557204,0.12194746218520626,0.2574909128095777,0.24071245898017665,0.010976444800061153,2.456833439522394,0.7950259862755346,199.020792025489,0.8707909162098669
7cde4a91-d191-4bbc-8c6f-28f441919c4f,5f8f590a06d17e1aafb3e50d,0.03304841347984125,0.022998283757293486,0.014183669974448901,0.09943963587270045,0.21886133496134447,0.1604025823149221,0.35806580836158886,0.0930002658201405,1.6647285581170395,0.6856020402292716,129.6704719527487,0.006172839506172839
7cfa2470-f77f-42a6-98b1-9e2e4ef61cdb,5b905d47e057280001e4af42,0.03125521674350131,0.03151934139444575,0.005439977780128907,0.008433286756042511,0.587784327270016,0.26302894655212467,0.034253132380568686,0.03828577091429928,1.9914746356957616,0.7499146895208305,133.47438934096934,0.49325435998683775
7cfa2470-f77f-42a6-98b1-9e2e4ef61cdb,5f59a1b945fc451ff6152886,0.026254223512048126,0.06742881012502093,0.015433168223276601,0.013476555541876491,0.34717781430955724,0.3266146188368946,0.09097252623698196,0.11264228400296224,2.3955010481353614,0.8128443333651177,210.66871606854838,0.4548022598870056
7d0033eb-06d9-48f7-a551-b3ca5507d99a,5edfa08db0711a2891ebd61f,0.0885618268853267,0.13583523574859174,0.06742049332325864,0.003288234236878955,0.507245594555066,0.15186962299756632,0.034918360721990914,0.010860631606551655,2.2825666965409788,0.8379965703186609,233.53299855323414,0.2426470588235294
7d0033eb-06d9-48f7-a551-b3ca5507d99a,5eea596158a5a50f8e29547b,0.3078119661502691,0.03224613752893552,0.17871895557254922,0.011372472722985647,0.13052056372368556,0.11778320265708601,0.2126811999091441,0.008865501912208158,2.4605168515237796,0.7909025781299294,194.52643752314106,0.48914285714285716
7d078985-6c61-4009-b25a-565ea5b1ed56,5da20df461471f0014bb184e,0.04443001761363259,0.01208492689216304,0.03570022452131538,0.012695210478218779,0.4291098662865292,0.351151090978506,0.046992756725782535,0.06783590586754289,1.7658385489251751,0.6950223714499668,141.1956034708411,0.9626517273576097
7d078985-6c61-4009-b25a-565ea5b1ed56,5dddbebeb966ded354c7ab3b,0.1602000655147603,0.02433821275574641,0.06217196317150161,0.06511977397818618,0.13297827903896256,0.3142848072575455,0.14511285249893516,0.09579404623427358,4.0596106570768224,0.7510946954545109,200.51924252676415,0.02551521099116781
7d17fe31-bd13-4f3b-bedb-ef44bf5bb5c6,5aa61dd36475f90001a05dcf,0.3179721054331261,0.017761784918625376,0.06762299775177086,0.06140647689075091,0.2475226110575062,0.20981411835088493,0.06334083865250086,0.014559067844265092,1.8560480515380298,0.7930515691285597,186.97990839067472,0.10577547047371837
7d17fe31-bd13-4f3b-bedb-ef44bf5bb5c6,5ec8a23062738338f917576a,0.10104764316640767,0.04224766464075312,0.067748451740689,0.0268713357967664,0.22620904841843098,0.37269809693053146,0.062040474495665965,0.10113728598255849,2.3359963025026675,0.7692010851278416,206.169875090329,0.2129319955406912
7d277fea-f43d-4a79-9027-ba1e3d866c2c,5de9ca3319398a0f991c84cb,0.027794013494608295,0.016043306114634674,0.017550664956982542,0.11042769990669264,0.3944243795995923,0.11480279556936855,0.17497394578443828,0.1439831945315215,1.2782619126270296,0.7334997433317815,158.21451212871193,0.7852941176470588
7d277fea-f43d-4a79-9027-ba1e3d866c2c,5e79352ea4d7d30d65532c51,0.02382317399025315,0.01824267552846104,0.035407120465883485,0.1025166131760859,0.4411238101295823,0.1773679648757738,0.08583946735745755,0.11567917480811797,2.0071229027127266,0.8589240577877832,257.1712540250161,0.05029940119760479
7d4d3cbd-f97e-4176-b77e-1c9ba3ad70ef,5aea9a59852ddf0001ced15e,0.12426649825709525,0.030336822378264468,0.02591429581839444,0.013013155935007518,0.11809152088102622,0.36557005174299995,0.2592278128381893,0.06357984214980592,1.5767981252828107,0.7347277016904811,134.03563418922806,0.9911504424778761
7d4d3cbd-f97e-4176-b77e-1c9ba3ad70ef,5ef865fa1fb3f55b2f7f3f74,0.025313691513221104,0.04095098246108455,0.02752285396279127,0.01597571380670163,0.3639486932376068,0.30008375164403867,0.0954310638277925,0.1307732495822044,2.068733560357468,0.7888320881413191,229.65721877454794,0.9305949008498584
7d878932-ff6b-41ae-aca1-e15582e5d519,5b5e7e643bac1d0001f9bf28,0.12256316251738224,0.010722193268503108,0.021448496045773046,0.03264092033028549,0.1749060673041647,0.41104476858975003,0.06759691779130975,0.15907747438105937,1.2436995425987865,0.7662414647018898,154.14040823595587,0.08222811671087533
7d878932-ff6b-41ae-aca1-e15582e5d519,5f51530ebc50f53857d60824,0.007672254770289282,0.025900677456779157,0.005299781544606636,0.0358614278366519,0.53851547485066,0.24204454543423404,0.054820094628222876,0.08988574403171948,2.341872779249957,0.7872119781761261,221.50767574520523,0.4208860759493671
7d9949bb-15a7-4b72-9e1c-2c68775fb95d,5e0d416d13ec504cb9c43cbf,0.036584349587144814,0.016892012370993095,0.008715830280045592,0.03491733509054457,0.10337057103693349,0.5110268711606794,0.17809862034624124,0.11039441082337635,3.1102064205029074,0.7362761126744515,167.06806390926423,0.8880368098159509
7d9949bb-15a7-4b72-9e1c-2c68775fb95d,5ee2916b70aa643be19c0036,0.04722955384462405,0.008354987528066751,0.031194107744961026,0.06096950972230599,0.26760158052039495,0.3106323915000345,0.18152146004797498,0.09249640873555211,2.036509939459175,0.8885757356092182,263.9214553638707,0.002626970227670753
7dd83cc7-3562-4e98-bd38-ac8a90336a42,5e4589f0dc89f106ff742885,0.03457644663109665,0.02201480353541081,0.017421264134371717,0.035312957888532684,0.16657916936090128,0.3642336794052976,0.23823117624825751,0.12163050249285673,3.29933430975117,0.7200894543277949,180.93495094403096,0.6811947576958245
7dd83cc7-3562-4e98-bd38-ac8a90336a42,5f07070d75038e05e9fcf515,0.05064193761480348,0.07380477068889775,0.027728818364663673,0.014946810490194454,0.30407874929601836,0.35943439869302446,0.07051830151240862,0.09884621269052432,1.5940501835403929,0.7263670715813716,141.07579386425547,0.43912591050988553
7ddf5d36-b6e8-450a-ac5a-52e2eb0556e1,5eaa26c17c3cbc1ae4881baa,0.06329628632202364,0.026864766993368348,0.009125798844835767,0.04857548920003957,0.29719461243872525,0.23078298352781268,0.18335113323460006,0.14080892889102714,1.4898789378929387,0.7862590429033809,171.57075545336795,0.33014354066985646
7ddf5d36-b6e8-450a-ac5a-52e2eb0556e1,5eb9cbed3af3720f69cb5913,0.07431601865271739,0.011762081366824016,0.018384351649859108,0.05830551544014181,0.5968933192542155,0.1619142408025496,0.058530951667748674,0.019893521589274533,1.7040545229253017,0.7606368996961425,164.00952753122834,0.2192513368983957
7dfedc6e-c3c9-4d43-a21c-ebf8a230d116,5ede1b9de880a5035a41da35,0.047316078361176905,0.03349967769096915,0.005847305550783401,0.00458101536334891,0.5681618902010046,0.2858844410927603,0.05131176146427919,0.003397830614880029,2.6277671682080794,0.7217728392169013,153.66836370638603,0.41081081081081083
7dfedc6e-c3c9-4d43-a21c-ebf8a230d116,5ee6c849ecd49045280d2ad8,0.05073509343728357,0.023515419015551178,0.013816347461612822,0.029270262762713693,0.3680046546463812,0.3645062999189444,0.0434471889277226,0.10670473438509366,1.714314673470934,0.8177453793811428,228.705137803808,0.43629124004550623
7e0dc0fa-c625-4f2c-ae20-215ebb492751,5d3515c39ce6590017010766,0.03539441470557933,0.02158387062529242,0.014723916574506649,0.049922685469479804,0.34612476884047744,0.25667906703342586,0.09156829444811476,0.18400298268003926,2.005052065277116,0.8480345979612607,230.26713862067675,0.07378640776699029
7e0dc0fa-c625-4f2c-ae20-215ebb492751,5eccfd5e040498000acbab5c,0.008875763808396992,0.0445969739176062,0.020346041227046988,0.04069623886182962,0.5076961318725006,0.07471286197299662,0.06537778952208809,0.2376981984472628,1.5941362912635153,0.8714270342134339,208.97519299452327,0.9076576576576577
7e6aa47d-10b5-4603-aee5-c2c1f2c8aa25,558a327cfdf99b2d75651681,0.17760064120465943,0.01816802943395099,0.1370115199915613,0.044171490318967596,0.1805901364813077,0.3163430186403841,0.06476140912259691,0.06135375404452943,1.63936143194677,0.7676055999820325,126.27902871256507,0.06140350877192982
7e6aa47d-10b5-4603-aee5-c2c1f2c8aa25,5687d85e369319000c269c55,0.02639368824169891,0.030409675493299728,0.04705054358042358,0.06644876260812443,0.41780195623847255,0.18845208801309637,0.1503833024942416,0.07305998427964815,2.9826454842923886,0.6591503560272547,144.6500668488599,0.7848557692307693
7eb00e0d-90e4-4310-86ab-616b4e498765,573bc4fbf3580b000fce0af4,0.04792812440915264,0.03558718352811551,0.0166363930143621,0.04226148169527535,0.37908367952084454,0.2862217018593338,0.06704699329580162,0.12523444120648652,1.7510749203598042,0.8768153391111552,256.87387614314196,0.20675675675675675
7eb00e0d-90e4-4310-86ab-616b4e498765,5cb60f1eefd4130001bbfdb7,0.05557401473004222,0.049107487354423614,0.017768032717301596,0.006012318545248763,0.5150872506762687,0.21036893121568917,0.1277881560303543,0.01829380818224208,2.240818064229281,0.7431725609708234,134.74210025414374,0.31652989449003516
7eb10edf-9f63-4f73-9afc-227568f683c1,5a791168f49c9a0001f31061,0.08300081214579957,0.014719950666600048,0.024177208917653105,0.04164742498532805,0.4566337783956353,0.2408565191323129,0.06040963194839056,0.07855467505314313,1.7158473607650861,0.8237757375607745,208.37623080212583,0.27147766323024053
7eb10edf-9f63-4f73-9afc-227568f683c1,5a7e017f527fd000014685d2,0.021830779356419396,0.013491198187184809,0.0034447971818854597,0.09603477496075677,0.05293263964456665,0.3399253734192395,0.15268753596638643,0.3196529020524586,2.1718815490681145,0.7257235755062145,127.40565514076178,0.0012547051442910915
7f32f80f-9412-43c2-87c1-df810a781a94,5f1664c5e764871cf6d224aa,0.03709568382118828,0.12715916804416516,0.027084426465779615,0.007398819867633428,0.6230151464675471,0.09668283925289207,0.020819837476967376,0.06074407943615806,2.25045746054024,0.8080356670866766,232.42169813273563,0.19688644688644688
7f32f80f-9412-43c2-87c1-df810a781a94,5f93386aec8f5f0e50933a4d,0.03616127986850496,0.03070973935346434,0.019909129807983688,0.030209010890351367,0.3028766897870701,0.27532432683360086,0.1293398352658644,0.17546998879799094,1.8512464135669553,0.7241387775839117,204.78585721947223,0.7522633744855967
7f42f761-f9c4-41c7-9bad-e1dc66d13370,5c266e991fc74500017cb567,0.1077070296750501,0.006013466561898947,0.06575570687843935,0.12454922699839412,0.2721814677046593,0.2149280391180264,0.07555431152667978,0.13331075160992628,1.7583558025701664,0.9076127167804358,281.1603306130636,0.14870689655172414
7f42f761-f9c4-41c7-9bad-e1dc66d13370,5dcf716a5726040ac12efe1d,0.00685253476669221,0.02135885356999402,0.046018009047842805,0.0017531594047915718,0.8856211717141583,0.01258208160853721,0.014927909647084474,0.010886281321179058,2.3397392022421246,0.804699978928644,172.38012360565804,0.8895705521472392
7f717277-d9ae-4dbc-b520-0b741d91a6c7,5dae16d241fbb6001160ce72,0.09675554867046922,0.026058360220621746,0.018357252684078288,0.023392407382995417,0.2649453093651223,0.33571228839512035,0.03817627708005496,0.19660255699937276,1.7037219593898423,0.7995780780805977,170.87712865694536,0.47671464860287893
7f717277-d9ae-4dbc-b520-0b741d91a6c7,5ea9c6541eb4f0121a911e1a,0.10010882027168465,0.022734533762916516,0.1641080598891399,0.027340892263977293,0.26280973064083246,0.21270845744372452,0.11970525882990499,0.09048424738886025,1.3039694508992024,0.7610986187526786,151.27695308087638,0.9661016949152542
7fab8351-a974-4066-be77-59569259a0d4,58ae59babb9e0f0001acb414,0.042831107797674926,0.05596053915560163,0.010416892315948006,0.002609403842584106,0.33929946050781473,0.46907568632113933,0.02670397960432482,0.05310293041992785,1.8815234836077963,0.7740955685017794,160.1544440711056,0.5649484536082474
7fab8351-a974-4066-be77-59569259a0d4,5efdcf388c837e24c1bbb083,0.13433806961283778,0.02126289577482424,0.046020934530886626,0.012885921665098577,0.35557351596890086,0.34525900497405126,0.049479756156491285,0.03517990048196743,1.849908022862596,0.743519571714634,135.72015775197278,0.2477432296890672
7fc59ebb-a980-4df1-9d39-f15ae25f3f27,5dd8cb39dba6348743ec0915,,,,,,,,,1.1960511979269144,0.8385130266245795,201.25059366162012,
7fc59ebb-a980-4df1-9d39-f15ae25f3f27,5eb2130d443a54374163d76b,0.036616295066604236,0.09543990896471755,0.021412797153579743,0.0069818725114289245,0.3371727901755584,0.3669826919928709,0.046227992065337134,0.08916565196089292,2.031846685789748,0.6668392929717541,128.08874751332107,0.7407094594594594
8013339f-3154-4547-a791-42df23095ceb,5f04797c88d91307286d6379,0.1568761524111916,0.031008995556922554,0.0884506137155888,0.01536862733166086,0.2885716949767728,0.2991104057254658,0.09509547216833114,0.02551803871419054,3.035866438033595,0.7196790162589545,165.82182648936987,0.22062350119904076
8013339f-3154-4547-a791-42df23095ceb,5f4e391f5dbb441153a43289,0.04125400176169376,0.016249048642008868,0.014304003169592799,0.012155518547607057,0.681089023120766,0.15855593239295865,0.03758584024085023,0.038806631609676234,2.7998816291089716,0.8361495025823364,244.66074052266984,0.8697183098591549
8016c17f-ffbf-48f5-9745-df1bf39c3aa3,5cc020d5159f790017bee28b,0.10730779207889464,0.018290022133486638,0.025687587251272074,0.011990001283780067,0.4778270880482474,0.2715382030252581,0.05689557947514248,0.030463725834039494,1.855553979270582,0.8007613501610477,187.68474901442482,0.659967845659164
8016c17f-ffbf-48f5-9745-df1bf39c3aa3,5ed2fa0793788128b41df2cd,0.18299653344772052,0.005053066640750019,0.023063629105247428,0.10504492517515406,0.10674461234737946,0.35478507596921727,0.04192252308757409,0.1803896323297356,1.4813446732379547,0.845110073074052,196.4164380447396,0.11074197120708748
8019ba78-cffc-441a-b106-46e21e05aaf3,5cbea0b506e27c001e4c03a8,0.053676619352064615,0.021644563330595317,0.03456992487733867,0.04913417126771967,0.14854779686522404,0.37292483187167086,0.2493770464645664,0.07012504539807331,2.271879400402814,0.7960419016533977,208.4106648968101,0.9486858573216521
8019ba78-cffc-441a-b106-46e21e05aaf3,5dd3e6b66ca7e73c42b4eec8,0.027253755224113867,0.0258107673816757,0.01276049489994955,0.00863752688654839,0.42047935102024436,0.3676804336127493,0.11474561482842965,0.022632056100125888,3.6342110604926807,0.7155536157197193,173.93797959977047,0.11315417256011315
8038cbde-d102-4099-9ea9-16049f148300,5e3f6b251d15101c5251d8b7,0.07174514929071513,0.0099100775124311,0.03220692059170612,0.07221127589391259,0.2470846528989725,0.22142252847013397,0.0731855995535444,0.27223379730879727,1.416307085110372,0.8003535223889813,148.66535824778825,0.049738219895287955
8038cbde-d102-4099-9ea9-16049f148300,5e520fe5fe2087237b1b8cd1,0.034327523794491575,0.019285724155650698,0.05070012826468817,0.10320915422803807,0.24160900765170004,0.19731979736414382,0.18274440885400747,0.1708042557897326,3.4773819279430804,0.7859384749954749,216.87633133754454,0.5506607929515418
80d9e496-db7f-49e3-8789-06850e62ffa1,5e4aedd76f4883000e48bfe4,0.026645678220014186,0.03226648910449749,0.01876355050601131,0.028750008438263457,0.1939753513560102,0.3497294879831635,0.241769933341036,0.10809950189319342,1.6264289612611849,0.6792531445277175,131.9663612196285,0.2171837708830549
80d9e496-db7f-49e3-8789-06850e62ffa1,5e97af0bca82b6278c859323,0.10161441209293279,0.0217755242367896,0.11954711703109375,0.05565786463646852,0.2909438223318809,0.1684622712987196,0.044228201166962015,0.1977707897271709,2.449081279665444,0.8357989125734128,255.73264361135153,0.01990049751243781
80e6c6c6-de9b-42f5-8aba-b7471a744303,5cc34f64b4a9220015911c45,0.044709821134927726,0.01882761548054115,0.0074196792034843095,0.09531150909355317,0.19688721452394983,0.21981042795906397,0.3212964487144146,0.09573728347559124,1.5512215705180397,0.6840572036724137,118.0207773554005,0.02253147779986746
80e6c6c6-de9b-42f5-8aba-b7471a744303,5dbf9446a3f5cb419e9d28c8,0.16665112713064503,0.04429077352736901,0.03321835156883719,0.0184505433061798,0.390468945208088,0.23280571548469386,0.07897273537293298,0.03514180861095533,2.5005821933458567,0.7785090531581902,175.76070851381286,0.8054662379421221
81970851-7b9a-40fa-b78d-25ece4ae0755,5ea720c9f599000d94151f4e,0.06929796097003428,0.024009816628033545,0.028082119246351615,0.057958743313388586,0.34609365158842936,0.2827371038304162,0.0622251707989949,0.12959543260707823,2.4771748799480444,0.7941737463909921,212.1863236049263,0.09583736689254599
81970851-7b9a-40fa-b78d-25ece4ae0755,5eb4c6510ef386339dde2a35,0.029023601112885863,0.050687706748698456,0.02632683681630314,0.010566847809352665,0.14929372318894304,0.3642552522503766,0.28022633066111297,0.08961970163583369,3.330336333648996,0.7350132917426667,218.8498611429863,0.7514950166112957
81acc026-ead8-49a4-9ca0-b18723c86f9c,558a0bc6fdf99b2d7699a94c,0.3000727411908269,0.028265793483812952,0.10485625579802671,0.04180062265815671,0.22876837057202284,0.17129329159521053,0.10368154002090703,0.021261385677178703,3.1351223959549896,0.7334576970120734,150.09133843884783,0.03913738019169329
81acc026-ead8-49a4-9ca0-b18723c86f9c,5e606b1eaf84e83c728748d7,0.2251716564318741,0.027548221777063366,0.017969438570272632,0.06057443271465567,0.07910821212799181,0.22719231976882528,0.3308428328739579,0.03159288705127529,1.7277084959342204,0.747851364372689,160.76430159583472,0.03907203907203907
81c7bd01-7cbd-43e5-ab62-53e24f3ccf7c,5f4a7225cf944c08a81adca2,0.01725248061670949,0.05339897186639427,0.008626060749474238,0.018091660341682397,0.19492897898786934,0.37302827701529956,0.18581055539641853,0.148863015733334,1.4431241127512433,0.8294239129438451,222.71392368377965,0.5902964959568733
81c7bd01-7cbd-43e5-ab62-53e24f3ccf7c,5f4c17256e656770da1ff9ee,0.046495142476882,0.017859284902756692,0.007613096722691815,0.006325892216550479,0.5617008415859617,0.31216250867536777,0.032075524623002706,0.015767709168385758,1.1188921325837085,0.7598243131212663,164.8564070980734,0.3318499682136046
81d35bc9-a18c-4501-956b-02c8a5e1b292,57af9cdda169b50001a434e3,0.04510136049090944,0.01325058684378201,0.030302268729495152,0.022681925076650577,0.5978562777406925,0.09109280342679253,0.17496550153176066,0.024749276179320497,2.6600489032844092,0.8299779664653966,223.3605533068262,0.6237337192474675
81d35bc9-a18c-4501-956b-02c8a5e1b292,5ee0010edfc47c33f1726e45,0.007655580760860031,0.041288039076872424,0.0035050095041475634,0.010912709197369981,0.5159126759373719,0.2713789305343976,0.06779806118285066,0.08154899372469702,1.799053668635288,0.754255732622511,187.34366586699417,0.06083086053412463
81f75ece-fc36-405f-a281-a28213a8707d,5b6cb3049ee1a50001c5ef0f,0.05369265914541129,0.020186195454658662,0.014710432286135479,0.07475609831332543,0.3553676629155008,0.14925011430773036,0.24521488733078436,0.08682195053121745,2.792973063573942,0.7575176273618653,196.71470775099365,0.46755555555555556
81f75ece-fc36-405f-a281-a28213a8707d,5ef6743fa4d98d36b3d86694,0.21465664579370158,0.031465117156837384,0.06029405127720976,0.04969214176098537,0.39293242245289234,0.13344274982381113,0.08425567845020378,0.03326119275229541,2.2962808226841904,0.7365257486205862,162.01210259919918,0.08176100628930817
824c8d5a-0504-4a2d-986c-6494469e2c86,59296fb2e8a7ff000163f033,0.04055357506341868,0.0651874980744767,0.2993274713888712,0.006072829668214338,0.258248631274974,0.19695178807883573,0.11746422262974644,0.01619398346651086,1.4182187570219564,0.7821832652710133,144.21841661322267,0.408955223880597
824c8d5a-0504-4a2d-986c-6494469e2c86,5f2712b3488e134d570bc387,0.023840667943221917,0.0074852216752263265,0.011195670073246088,0.24869184460622493,0.25060202017318567,0.09098727637822503,0.11686450611402907,0.2503327932324635,2.2850333201755686,0.8588122305865008,245.98051041059867,0.816633922724296
826248c3-018b-4b56-8844-ef762f5b60cd,5eac6e70e481222bfb2a8872,0.10312886996948205,0.024387464508016883,0.026154111565049307,0.04057013020880346,0.3075163612284016,0.2675685665460472,0.04882644268379188,0.1818480533367948,3.996796955306234,0.673403383733689,190.49615140552444,0.6035555555555555
826248c3-018b-4b56-8844-ef762f5b60cd,5ebb60fe5b408e13222c626c,0.026381675712909797,0.032443769334984905,0.011153383605320887,0.03015938183572643,0.35822289283876013,0.3249094939778605,0.12768200857450365,0.08904739360893894,2.1364730362125495,0.7316068618095283,134.22649648113273,0.07969432314410481
826378b6-4c2b-4309-b66e-2a0a6b8fc162,5f5bac39ce8ed832aa378a53,0.3669574091725409,0.0038995807745450923,0.06184696534852888,0.06024489094112555,0.0720919994481369,0.27105014484829865,0.1195906803130937,0.044318328845127784,2.114971210850865,0.714987058093082,126.26494946377058,0.06579634464751959
826378b6-4c2b-4309-b66e-2a0a6b8fc162,5f7a0bc4853bd46503a27113,0.08938948361397545,0.0374016387104123,0.04411243994104222,0.04390238984393321,0.35438743560514385,0.2836800787822664,0.06257675834892679,0.08454977418507063,1.8185265131303396,0.8494126650783217,240.72498650966966,0.10152740341419586
828619fd-7bda-44a3-a123-e754026bfcab,5f50544b526bec1ce4a44f70,0.01666610492627682,0.010885616466423371,0.012961311141291914,0.018822762153913767,0.6299292220030562,0.11450247397719375,0.11404962320789033,0.08218288680399295,1.2661578170570493,0.7728289905057496,143.90679459970667,0.8383356070941337
828619fd-7bda-44a3-a123-e754026bfcab,5f94aa40f830e83034baa1c0,0.04095879151757087,0.026711110751741093,0.027511784357050886,0.03758730604692826,0.37279142788566255,0.2840626151637201,0.05952442126922889,0.15085254324920058,2.578576706717672,0.6743967692141903,142.19839800225802,0.9385560675883257
8287d05f-f9d4-46d8-bb41-6a2e7b46987b,5ea74ea1fb3f711081d6763c,0.12602082178403304,0.020863395367131176,0.24335469723100417,0.009987251331098655,0.36121395950675456,0.17437252994354982,0.04239087018850454,0.021796475513988656,2.140171167493399,0.8276939583715347,238.79976221192425,0.6520618556701031
8287d05f-f9d4-46d8-bb41-6a2e7b46987b,5f7e700fa9c86614bbb5343a,0.007377191911549293,0.01247115853452391,0.027378324737340205,0.05078892863231989,0.5987250478424355,0.07199077358257329,0.14775615130768785,0.08351242338244096,1.5033530005143323,0.7841702851669741,226.41883285966955,0.5743670886075949
829fe46c-948c-4a8a-8690-356777cd1d5a,5c12f106c4b80e000192c472,0.08418882699086415,0.012444418780013101,0.0409699395744279,0.09480307708478905,0.257575428773256,0.21156490305360662,0.04742369906965886,0.251029707240302,2.0327011179136454,0.8292925160207478,215.49874347235306,0.35688405797101447
829fe46c-948c-4a8a-8690-356777cd1d5a,5f1e9b5ffe1f70029559f24c,0.16156516001813143,0.014279637857538916,0.047575643579699664,0.09939038216487678,0.31232849680036273,0.19735708938731308,0.06446407158757075,0.10303951830065944,1.8910573881003527,0.7261516821154488,155.00697815424266,0.375
82af78ef-4d4f-4bd3-8d20-7daa70adff61,5eab120dde58220b71cf6599,0.04903763337857535,0.04287304868455571,0.04116519219944186,0.0040225985193979115,0.23651340696824666,0.4434616811395144,0.1658814018838883,0.01704503900668126,3.17654468315896,0.7766989288034067,232.44285944121972,0.8350515463917526
82af78ef-4d4f-4bd3-8d20-7daa70adff61,5eac240458076b2299539277,0.2047818984777903,0.02364608661896,0.022468647528902885,0.0355531298286599,0.02893468418121091,0.44771259080299325,0.21148282753650463,0.025420136942969577,2.4337380361804595,0.7596597311020638,141.04668365883242,0.0
82b997a5-6b2f-4722-9256-f49112be174f,5dd28beafce6062a4f5221b3,0.07292251892755981,0.016493954388462084,0.016600413890945503,0.10584723774249634,0.17738097151545204,0.21141424852302523,0.1494398174243702,0.24990083619162753,2.5046448703762203,0.7973060619908648,227.44490164467285,0.19429590017825313
82b997a5-6b2f-4722-9256-f49112be174f,5f935494c542c2119a47e3c4,0.022950809604954266,0.07610408961732328,0.026504146707761904,0.01162627287413161,0.550886396520011,0.18921078179114736,0.0643991414638679,0.058318359807127976,1.9190388145189279,0.696849386647913,128.71207483033373,0.1475826972010178
830bf9eb-68ff-470d-bc84-a87454d31f9f,5d5b64a224470200150a9cf1,0.018947329397025793,0.019593522896122453,0.013914074590471106,0.037829092203685376,0.3925315399496672,0.2778663850328013,0.08515642773917607,0.1541616291346706,2.462753538054467,0.8370627410204784,247.9644550696449,0.4091858037578288
830bf9eb-68ff-470d-bc84-a87454d31f9f,5ec5d393295d6e655f9842e4,0.024319014402832403,0.030472564385062777,0.016913724133137943,0.030445772354264607,0.40749012869484985,0.2993509790989125,0.10474984698782201,0.08625796957704589,1.6918039376842195,0.7993859034038802,200.42355120639667,0.06752136752136752
832b10fd-545f-4001-9eb3-3804c774272e,5e88f058524dca58ab60da0b,0.4997281154204998,0.03813256200361154,0.03418998070909394,0.010973772259518096,0.11488232378662427,0.22425541570707924,0.03395532021421143,0.043882510475682736,1.6924636771895527,0.8165705571400574,200.83423036234586,0.26746806912096166
832b10fd-545f-4001-9eb3-3804c774272e,5eeaddb294466620617d4869,0.04529247768755612,0.06845035781094239,0.008522724762502683,0.002457980574966116,0.60236493496964,0.24040353001281026,0.025479400713697756,0.007028593844159325,3.298163515921474,0.7702107126606538,178.77622446407176,0.0319706498951782
8352c39a-37af-46ed-9b20-801a5656eadf,5bf3761862e1bc0001f15cb2,0.0497370702785058,0.10043726523283424,0.06602072168428645,0.007480561577380517,0.5282526601579304,0.11560650682079927,0.07890608255062322,0.05355913187004867,2.363106613952561,0.7583166569100432,151.2044098670695,0.5426214482126489
8352c39a-37af-46ed-9b20-801a5656eadf,5f6b75742bd7e60776191cb4,0.0450045200618569,0.013510468530029537,0.010712045194487721,0.07270840815770942,0.13425940353765575,0.44650374376009666,0.1075205205419072,0.16978089093714874,1.7608017127567355,0.8045125331041805,166.23209425645032,0.0625
835e4c5f-883b-42f9-8e7b-d121d5d8997a,5c43c90d5aca820001f73f6f,0.13484854358705042,0.004678070236933398,0.019180465259755447,0.21793157986900502,0.16507766477372965,0.28589522547378654,0.06396433430090638,0.10842411590874881,1.5386320122312889,0.6498407571597649,150.5382313833236,0.020134228187919462
835e4c5f-883b-42f9-8e7b-d121d5d8997a,5ef6743fa4d98d36b3d86694,0.23436946795543137,0.01988593322615519,0.03473551957427576,0.0686905254610269,0.4426966746718107,0.09860109303999295,0.0482060353062296,0.05281474455053011,2.211468859788544,0.7306265499053465,159.27494732335342,0.43243243243243246
844752ba-d440-4c9c-8a90-f8e641c4b305,5ec44240144f4f30a24e7aeb,0.028868171881496582,0.0033835215076637387,0.00471606471031437,0.07302756507932184,0.14058639945658666,0.5188609878204996,0.054311124508856,0.1762461648078522,2.0621533120302593,0.8110538795985588,233.90562458226742,0.058965830057453886
844752ba-d440-4c9c-8a90-f8e641c4b305,5efe1fa306bbc52e5fde738d,0.024992468955418245,0.03746847350353011,0.043271745672253135,0.041528509518896244,0.4189170550515868,0.21856698607293812,0.07853092998816008,0.13672383130361407,2.361208238415751,0.7455523412320784,233.39934218810177,0.5097629009762901
84842960-26e4-4adf-8de0-e6319684d69f,5efbdfe2d66b1418c2ba858a,0.03652333494377596,0.01933742376081066,0.023703996722312857,0.030217795409161197,0.42582254980840306,0.19511004090104342,0.02782566291029216,0.2414591950580736,2.0181836663968356,0.7594810259557994,203.6325739587091,0.9349722442505948
84842960-26e4-4adf-8de0-e6319684d69f,5f4c9e74da9c148b0d42ecbd,0.04712119357717105,0.033393622443146614,0.015729645118630044,0.007141414291990098,0.2585656642904833,0.4986494901632057,0.10680969480031068,0.03258927344204785,2.7947471566073205,0.6909955860307258,132.13637470259286,0.6705882352941176
8496793c-0906-4d4b-b6f5-2dce66cfee2c,5b5e7e643bac1d0001f9bf28,0.1472313183538624,0.012540756587301064,0.02279163524630646,0.045571279801257164,0.1902858440438963,0.33163271583166326,0.05852255235598908,0.19142389967674206,1.4305368360779003,0.7769580258234049,153.93360404528923,0.20310880829015543
8496793c-0906-4d4b-b6f5-2dce66cfee2c,5dd3e6b66ca7e73c42b4eec8,0.034268417600298744,0.04059845375421741,0.02008803696368766,0.006204243138836337,0.41090547258660043,0.3157413577422435,0.14813161718316592,0.024062400540174892,3.6932650022677205,0.5388853068023107,163.62338175333144,0.20802534318901794
84a41c3d-d43c-40c9-bcdd-ba3edb6dc7d6,5c3a34eebe1ddc0001aa35d6,0.08127633391989651,0.0042338835989640415,0.0377924850965056,0.19600738060658987,0.26778356808470977,0.22202364354436932,0.08504453530876416,0.10583817085562483,1.7655700994271653,0.8175191570626041,182.6211478200278,0.23391812865497075
84a41c3d-d43c-40c9-bcdd-ba3edb6dc7d6,5ea72592a95dbf0c71404225,0.10074688388894404,0.01963225744318542,0.00418038020272888,0.036190239968102646,0.28141670354043985,0.3638173170048359,0.1634670303297386,0.030549188540711588,2.7783422039209222,0.7099333213153483,183.72492959783665,0.01642710472279261
84d515cd-f635-4cfd-96f1-86cc78963b9a,5b997597caaef400011da16d,0.0164530337833214,0.01256103439851951,0.01964157524512645,0.11924623949103715,0.18341565906017884,0.19815925340406307,0.32792289102024574,0.1226003136480987,2.333388390024031,0.7422996419340084,157.21524836471906,0.7821428571428571
84d515cd-f635-4cfd-96f1-86cc78963b9a,5e51dfe3618c57215938d7b7,0.012618926859475089,0.03772042011603823,0.008013456919672863,0.009857700456259643,0.5040945214168185,0.1909470216112122,0.15762475494494885,0.07912319831798513,2.964768235938672,0.7408774096119946,169.83989713019898,0.8981064021641119
84dfe7e5-5d17-43d2-a0db-d63cf67c8367,5d05767056e71d001863ef54,0.04303845010694473,0.023533720186688735,0.04775791093419334,0.017307300950659035,0.35726565283947964,0.35746328357607593,0.09952615693864436,0.05410752561975265,1.995286936583022,0.8682613301677794,265.24599289248505,0.1424581005586592
84dfe7e5-5d17-43d2-a0db-d63cf67c8367,5f0e16a89f0d68127670c288,0.028606229300192017,0.02551479368474487,0.050529730441697715,0.04343339213035937,0.24039087006645035,0.35871214417813546,0.16365223105375204,0.08916060889490232,2.0166306158223763,0.7037893201229884,209.49321841048675,0.9311783107403545
850c9bd1-b889-4787-a46f-6c272d6115a6,5ea0d8c7e106cc0ebc3262b1,0.034721301968729974,0.05422791637188932,0.012881353507912988,0.007085509146352125,0.31968768644079043,0.3649496732030361,0.026145937743180032,0.18030062163686908,2.707567989096978,0.803790866641192,219.73035586916228,0.9991742361684558
850c9bd1-b889-4787-a46f-6c272d6115a6,5ea3e54c32fd2a37c8d34279,0.10308821376325142,0.10334999772972021,0.05087844230197252,0.0351387067694216,0.4159425404577549,0.16702034186044765,0.07004690367998029,0.05453485352380906,2.109628783560608,0.7736883643684594,173.42588128793088,0.6989141164856861
853976a7-d129-47e3-880c-210ace486378,5da4e65ee7fdf4001aa4dab1,0.06108778241465191,0.015526538475927724,0.03276172341180929,0.04290723431456042,0.3942785640984517,0.3351601052552189,0.06322649259449833,0.05505155880221052,2.7653577392588446,0.7159095038495651,172.7567211364206,0.8746594005449592
853976a7-d129-47e3-880c-210ace486378,5dd0b075c944d1174e6e3c5a,0.04806023286490219,0.016708297781880058,0.056100818944165444,0.012324344392503113,0.5484098937080661,0.18159243969252997,0.11698891783163798,0.01981505460446958,2.975274886025929,0.754677204091131,186.53713058493489,0.6095965103598692
8579117f-bc62-4472-a9d6-731b627f4ed0,5eb1f6fc96a926357133cbb1,0.013693254289297328,0.010764345708542924,0.03164332679267607,0.03739108364386071,0.6200161203601879,0.1028075343735339,0.0753602455745178,0.10832408869980388,3.2943005150328033,0.8313876042707632,267.1623745608448,0.6962353959324967
8579117f-bc62-4472-a9d6-731b627f4ed0,5ee2b44f470fa7446a470c8d,0.011774035567110796,0.04034845471953012,0.008017621372354717,0.011372253569032199,0.44421924819086883,0.23284622811651942,0.11047305888464988,0.14094910011223769,1.9797557263263108,0.8527428817219056,270.6546370880083,0.6686170212765957
85b76012-fc36-4a38-95c1-15a07bf67174,5b997597caaef400011da16d,0.01562823778697625,0.008498887505774332,0.022802324747612176,0.20565605270276277,0.13654394198528175,0.15586544342446174,0.2795225887717711,0.1754825230988708,2.8038631318040315,0.7286130066493485,164.84962740987785,0.7786259541984732
85b76012-fc36-4a38-95c1-15a07bf67174,5e4ce1b969ff371388c86078,0.0686561553371489,0.020018609930206276,0.0073013384991461785,0.010040029025202202,0.1413026743592107,0.6148860149257465,0.08000291969117419,0.0577922582475261,3.0003331542917993,0.7615348972342064,152.88733238289518,0.00881488736532811
85bb0a1d-9632-4786-9e7e-cc97bbe5b632,5c5da579bfe5280001448433,0.05041675384568014,0.012009320058167955,0.03751735759863781,0.10553942103852283,0.2637502765254461,0.1355064362582975,0.252615722273272,0.14264471258973163,1.64430109976645,0.8172911538148397,203.11836261782116,0.003968253968253968
85bb0a1d-9632-4786-9e7e-cc97bbe5b632,5f352e9b8ad4af48c58d8143,0.04187502269135883,0.01824550066854089,0.014787973031204887,0.0593668191307131,0.3551553159307874,0.2572009541758061,0.2273681741361847,0.02600024066467538,2.738386538928436,0.6835158101594289,142.17783780517416,0.5836466165413534
8610697a-bd21-480e-9973-7da048d82c3b,5ec453f93ba6b432bdf01d58,0.008080627473949444,0.03069057997373476,0.002570266378238179,0.013665514259722303,0.45196813482760984,0.31297195133895017,0.07309201170194346,0.10696091405608213,2.366847325580973,0.8064895549842239,235.5893165283865,0.14625445897740785
8610697a-bd21-480e-9973-7da048d82c3b,5f9bce73f770af3f314336f1,0.08861806644436218,0.006214390694389043,0.011509147447968954,0.12379133718051558,0.21571157204038738,0.378202386338258,0.07937977697179205,0.09657332082781718,2.669137702559069,0.7757033542378768,179.48200012728265,0.6853002070393375
863be6a8-2c9b-4cfb-868a-71bcd4c54802,5d52f6bdc93322000116f8dc,0.01793248146089373,0.01722559147652292,0.006752682607199131,0.03448175834640471,0.42191190678017165,0.2979790437194016,0.04374088656341103,0.15997564856854032,2.2475206795878417,0.7447376451398023,137.34286910597694,0.855574812247256
863be6a8-2c9b-4cfb-868a-71bcd4c54802,5e9dc4963217ff0f489c2287,0.06640320480896032,0.00850996940271683,0.006784679427916428,0.03688681940974377,0.43512491832067124,0.3437559490091977,0.0702606711781143,0.03227378682423175,2.250606178240665,0.8197596095399525,225.41107012315467,0.0
8655398f-c876-4323-ad2a-2a3334ad9847,5d9a7b223dbc9e02ad435c90,0.06603373153722532,0.017867424200516364,0.09796359957961236,0.08555375679881014,0.09352748722071721,0.1902359249263789,0.30967324066109636,0.1391448349543979,2.012751951590607,0.8614464538113366,243.3712390921342,0.5819032761310452
8655398f-c876-4323-ad2a-2a3334ad9847,5f3546fa1fe9184d7f649d65,0.0044676021755519135,0.03465304632537909,0.03626220487129951,0.02180097085386194,0.6051385848053051,0.08566548629491506,0.07523598615463678,0.13677611787265578,2.93665867186002,0.755750821718033,215.2676591000655,0.8714285714285714
866d180b-4e1b-4155-97d1-a9cdfe5faf28,5aeffc6e0ccc2e000185aa28,0.012679666715512121,0.0027692579584008745,0.0059140604274009875,0.26588069357198024,0.134243701217083,0.07948632799469797,0.4437907506349471,0.05523554163038256,1.464932711538817,0.7529508711713981,160.0042120459218,0.30982905982905984
866d180b-4e1b-4155-97d1-a9cdfe5faf28,5eb05058661fe60d7601edde,0.05427827437826145,0.015437145625664178,0.018357639029458687,0.00994967915157044,0.12123731116632334,0.6211580321080842,0.14144700628316254,0.01813491185658209,3.8585495107370194,0.7255369828270289,165.46472756110032,0.0
86db5ff5-3c2c-45e1-b038-e89e6e103400,5ea74bccac99141164dfceeb,0.013202141374885729,0.08797025748230758,0.013981695280822104,0.004692461820229993,0.7002482044212479,0.06522796777334228,0.08656946098802488,0.028107811206324374,2.219064747149191,0.8007793447181961,193.35121657129787,0.2773556231003039
86db5ff5-3c2c-45e1-b038-e89e6e103400,5ec82c3f67c66a10c498ecf6,0.057608343371133804,0.06294606658462612,0.09672241354957736,0.003703635866342336,0.5546309911282683,0.13908735755788615,0.05553181302989376,0.029769377898697297,2.1285426214672447,0.7908458637700694,197.24062077177175,0.6293222683264177
86eacecb-02ab-4eb0-a7c4-d5007f67bb7d,5b5e7e643bac1d0001f9bf28,0.1614268295368091,0.01337007956704117,0.03973977962609922,0.061352013490975014,0.2553022036638075,0.30598448542595597,0.05418531456103779,0.108639293908954,1.1656877793588958,0.7946508705426552,149.35048807338103,0.13820335636722605
86eacecb-02ab-4eb0-a7c4-d5007f67bb7d,5ef6d07be683903cd5ae171d,0.19085856794894557,0.01890622077091869,0.0567842770248186,0.025172030589001314,0.127337414416263,0.3225083194833505,0.12656400930226325,0.13186916083139993,2.0014890526577007,0.7483463237684533,150.33742106818738,0.08645533141210375
8712e06c-82bc-46dc-ba0f-4181c1feaf48,5db2cfc2aa1295000aa719c1,0.1657192326678933,0.04159226141074687,0.04035684296293436,0.040968063611832944,0.14499139649028375,0.29226844292310017,0.08212270878209921,0.19198105152111677,3.079149613746834,0.7114467942562539,165.39615307903438,0.25747863247863245
8712e06c-82bc-46dc-ba0f-4181c1feaf48,5e3ac9d20d41ad2da023d9ae,0.042445692073043974,0.030285225783510533,0.09758236039500882,0.015259677974433485,0.4643192300708141,0.17963091559656133,0.13100649948634752,0.039470398908374525,3.504328615118477,0.675853822125277,165.13084535417616,0.305111821086262
8717c68b-129d-492f-b9d5-fde01d65b3dc,5d8cf61c8057a8001b0569be,0.01908739795598991,0.04736550965055146,0.01736382735304346,0.009591797019953354,0.5553520862845958,0.17895373768465608,0.0967067214371847,0.07557892385717584,1.97618429101657,0.7773948965552653,150.91171662341472,0.6686174103877103
8717c68b-129d-492f-b9d5-fde01d65b3dc,5ea523b2a7782138712c7e1b,0.015977093198547766,0.010573374581143883,0.010894879643921747,0.02419365514867953,0.6516475568481093,0.19042521501942306,0.035995250410336355,0.0602929760062665,2.315367197098065,0.8287149663980417,238.14424716084685,0.43297380585516176
87507f5a-9ca2-4b4f-9e2d-8882d8bb9bfd,5d8de6eaafa2c40019f2375e,0.2687467885118141,0.019790544680382747,0.13905575063076694,0.015101592735689251,0.04769559152642157,0.40844948436950984,0.07472472699352717,0.02643552145737068,1.3075144300083785,0.8037369813548914,178.48407669237668,0.02032520325203252
87507f5a-9ca2-4b4f-9e2d-8882d8bb9bfd,5f3a99865242340d71f85620,0.04821938083652237,0.05331821949273374,0.02633360470241164,0.02295222556370442,0.2613756910008601,0.29245133584846095,0.20524078761082623,0.09010875545496243,1.5465975728513914,0.7381866950517991,146.18879293572482,0.20681063122923588
876dec66-b6e5-4b37-bd4c-201701303210,58adba7a5e63bf00013b51c6,0.055592026746856406,0.007231237147350667,0.021424343488615567,0.06869889841558136,0.15344377561962666,0.4065371051839386,0.11289544902633022,0.1741771657393467,2.702440651101069,0.8371234605299624,238.64297802664404,0.17343173431734318
876dec66-b6e5-4b37-bd4c-201701303210,5d961edc1b7e120012c4ca34,0.2044275357126002,0.01407479778095797,0.01683376739574267,0.03732021036920029,0.4163682048014458,0.21305129560171923,0.05071237806440995,0.0472118112028812,2.126764437564451,0.7662085664042304,179.6596597388308,0.24956471271038885
87d78bb4-e2b9-459a-a165-191289a578cd,58ae59babb9e0f0001acb414,0.0254554217135793,0.08170094113803171,0.00932587271374335,0.0014404172369187065,0.4975457109094602,0.3074711065826061,0.01414077567500622,0.06291975444302021,2.238952000080644,0.7718436517752775,153.9696008473803,0.8499486125385406
87d78bb4-e2b9-459a-a165-191289a578cd,5e7e70c583c34c53f6c643db,0.04121189261316769,0.011336260949460905,0.018078049445175864,0.07630261289246187,0.09182053310468741,0.30727308961631156,0.11677990381918761,0.3371976570260228,2.039049899615078,0.7731092021641673,204.60623413042862,0.6679352997145576
87e8b3ce-14da-43e6-bd8b-7c3c67030559,5c4af67cdccaa800016b3192,0.011237901277248474,0.02836789886549574,0.021349559906732336,0.031880898592304474,0.7167328408262111,0.06723062225650547,0.04670434247499067,0.07649593577088812,2.6642264729632377,0.7312632966850839,148.45390080109587,0.7715112075198843
87e8b3ce-14da-43e6-bd8b-7c3c67030559,5e9f6e4e66dbcb0dc2c04dcd,0.019181620965641587,0.030387686261935325,0.016181696470805133,0.025656876110244198,0.6993691766987332,0.08882433953360648,0.020747768200883733,0.09965083538767121,2.65636383845536,0.7561576147815238,161.2614220018254,0.9087719298245615
87f8278a-1952-4aa2-92c3-6ad3ba3e562a,5ca229d63861e700154363bd,0.026820289305755883,0.013278966410524137,0.0333494576372234,0.010404248534093196,0.545323026295922,0.22003730081209294,0.10506581876357372,0.04572089294161255,2.4910274966425936,0.6956108106970537,130.00722183091136,0.6718092566619915
87f8278a-1952-4aa2-92c3-6ad3ba3e562a,5ee70f2038ee524987f6e9cd,0.10671664968456013,0.04125478125205029,0.09859322359688097,0.021124699271800915,0.29249789822647304,0.29807064063291966,0.058010236421897045,0.08373186986052,2.584361095682197,0.7499037946960476,157.32953058726835,0.48232695139911635
882bdd3e-4def-4144-a5b8-adb69e81a7e3,5e52af8dd120e7000bc35826,0.08363027034158484,0.017610465873366603,0.1055362499861156,0.013393957685785498,0.20354049372575525,0.45041623586310914,0.06698718958121405,0.05888513712051317,1.694489417553705,0.7387582713477581,152.89167402217518,0.25023969319271333
882bdd3e-4def-4144-a5b8-adb69e81a7e3,5e8ab4b84d3d6775b807e9ba,0.011686923504610435,0.04129296139850259,0.009419754299892443,0.016320984098457506,0.6741852022687075,0.10256212358269196,0.0477150444850074,0.09681700683308948,2.2780577175520405,0.8276676896145205,215.61708626576663,0.9521103896103896
8852e872-d599-4a63-a49f-d0b520763919,5b16d24d388d8b00014fa6e6,0.16700558456084622,0.008066057504368477,0.0076081566631257215,0.1511698381005101,0.07536466609373313,0.3418565041007029,0.1483748351230876,0.10055435960499318,1.4219970206672048,0.7257374834215489,113.48755477038016,0.16602316602316602
8852e872-d599-4a63-a49f-d0b520763919,5f9ce612801a251ec3c07ecf,0.02553936121414577,0.047134424566629314,0.032992789926486986,0.004526228769758443,0.36400368833866764,0.4495412492192562,0.04990960385935435,0.026352653830495495,1.507785710786413,0.604561058747576,139.90283530771725,0.16827743035815804
885658fd-8cec-4889-a1d9-dcb6b07ac677,5e3360a4499e7932901951cb,0.1506161642260975,0.0038589828830523937,0.016535866104473197,0.32227260644374034,0.09875569778610108,0.21141097776876502,0.09296331803371378,0.10358638656448849,1.6931200371791346,0.7881404392389814,166.40973759011462,0.007292011932383162
885658fd-8cec-4889-a1d9-dcb6b07ac677,5eed1bae9e63ac127ac15a77,0.12689790636304463,0.016951489157666148,0.1341260388826094,0.24719545896734424,0.07669900813337843,0.10003400709505221,0.2417873994729831,0.05630869093892078,2.8056007739906925,0.8005316857199982,178.98886553706703,0.10327313769751693
885e4bf4-6eeb-4479-bd52-147a0f6748fd,5dd7f64ecf8e7e78055d846c,0.0028885016600853873,0.018221453070073074,0.0031308045880780737,0.03499888263542995,0.8126906333425579,0.02707732643674076,0.019678198369305646,0.08131419968213281,2.2510755023481277,0.7867706814963278,239.79835893633896,0.6150845253576073
885e4bf4-6eeb-4479-bd52-147a0f6748fd,5eab81a183d00517ecc69645,0.012954211881345797,0.024162844600045558,0.005884525050129264,0.032994751748489023,0.43298749797352637,0.20698293737481946,0.07654386990706577,0.2074893608295604,1.7189249352579399,0.837584723329381,215.4281043671543,0.6017505470459519
885fbe61-96bb-4644-8629-9af34557eacf,5b18647968a5ed00017343ec,0.004247750999162801,0.012475622862187188,0.004207510854573498,0.032948533828498563,0.5683619985342735,0.06380979436511135,0.06807491946815031,0.24587386931484745,2.0829452962741035,0.7744375818498916,225.3194208931913,0.9323394495412844
885fbe61-96bb-4644-8629-9af34557eacf,5b66ce776f0d0400010d678d,0.0057364217674826315,0.028189711043550336,0.004068157881688999,0.010833601720069178,0.824035865280964,0.06922781280521828,0.029616478958041342,0.028291952208287178,2.0654441487911828,0.749008313500594,175.51439535139897,0.06431372549019608
887e8f31-1da8-4a42-8aa9-23f6cb0781a2,5a78c698000dab00018c2598,0.10815229067030688,0.005601246543948221,0.008432392737460565,0.04157652448864385,0.1856230018202126,0.5515436127536459,0.04370720087758632,0.055363729662554546,3.2370952000409483,0.7190589104568477,164.39875301801325,0.06439066551426102
887e8f31-1da8-4a42-8aa9-23f6cb0781a2,5e9b3c62943331040367e599,0.04763312493341382,0.059471665680036624,0.044284827143893424,0.05819341545876661,0.2789910146627632,0.2505876667621508,0.18415885289732,0.07667943218559646,1.9667307895338557,0.8328503303511019,233.79256465948632,0.45745361484325014
889978ac-40cd-4dc0-bb79-39334f6037e2,5e097142864020244036e40d,0.20415162464677286,0.026182611260236324,0.15091260924093763,0.09382297761341041,0.08435482231628787,0.16961597504707915,0.20218422878147538,0.068775151569,0.9960386699842431,0.6752082644021072,131.7806849299121,0.11157894736842106
889978ac-40cd-4dc0-bb79-39334f6037e2,5e9bc5c73a47a40d4ddc16d5,0.026871726728615552,0.030949137383891823,0.01154306849388164,0.05527504940268454,0.3731727576210232,0.21063139617661544,0.11640459542006015,0.17515226747558268,2.309509684612384,0.7717487571411904,188.19918377337936,0.5110913930789707
88c90246-2d1a-4c6b-b84d-abde34a8cb0f,5e7fefe06c12706d47e35211,0.04690978313661169,0.019324531856650933,0.031771085420944256,0.033973383479873324,0.12287786429068022,0.5028286670901951,0.15884271155966107,0.08347197279436172,2.9893407527234594,0.8305456555319949,233.5236436437383,0.5895589558955896
88c90246-2d1a-4c6b-b84d-abde34a8cb0f,5ea75e57fe8e7013dd8c1224,0.015478884717104026,0.050137047518412504,0.013347175367161996,0.026877164718138738,0.2855883634398076,0.25945212457924377,0.20393025746733703,0.1451889821941726,3.424309009629212,0.7412996636453222,181.50558408456604,0.9451170298627926
88e7e184-0011-427a-86d9-151a174d86cd,5d633f7d4b3d9000011fc60a,0.03817251015277952,0.011810714227473628,0.01623270118096432,0.04987087134168348,0.6681308349344695,0.12241284069449056,0.05272014278892742,0.04064937496893859,1.5691068941108435,0.7425508738669495,143.79064211841984,0.3153153153153153
88e7e184-0011-427a-86d9-151a174d86cd,5f08916db314750bc9206ce8,0.026932773384622015,0.03165184676152921,0.01948556423843666,0.041653257320326355,0.5030430116058573,0.17017078875712693,0.08596775465482284,0.12109500222458028,2.0606489282621308,0.7703912065281738,235.76040054385956,0.4319419237749546
89030a65-7fbf-4b75-a85b-e0b48c9cb21d,5e790129bd76c94a7b3aa7b6,0.04820988373401925,0.02405079656241108,0.03896100747298301,0.06239243567917415,0.4761843414272955,0.10171547883989274,0.13598948309179892,0.11249657316744395,1.581331611809452,0.8162797068498969,208.6223526308472,0.04365904365904366
89030a65-7fbf-4b75-a85b-e0b48c9cb21d,5eb29a3db97d6b0008d24a1a,0.03142791297973566,0.008140476355535163,0.011591160162215225,0.014438761586121113,0.16452116765635919,0.5160730000853939,0.21618572280178378,0.03762179808479308,3.162646272101481,0.7197834533052079,173.4750411651365,0.4666666666666667
8905eed1-c670-46a6-98a3-271969b44927,5ede3d2ef7c9f9068776c4d2,0.08940109318042187,0.040221898321971004,0.07711970717733374,0.029760488365943964,0.20367882985830618,0.20556749016681944,0.2837344300301939,0.0705160631185387,2.582265762082571,0.8136779002381879,177.47826288123184,0.24350408314773572
8905eed1-c670-46a6-98a3-271969b44927,5f29cc9048d8b1151c92f9f1,0.05991580881195018,0.01634074758436103,0.02459583634670096,0.0966954063991629,0.26787258368996153,0.195321320931598,0.15869115704212305,0.18056713914147599,2.131382164540879,0.8071895726184208,231.87401462420718,0.1
8942bbbe-ac20-48ab-9c7c-c69098c99a42,5d05767056e71d001863ef54,0.07885855316988645,0.0398805330103151,0.05808837528750345,0.010722870166294737,0.20203763597864927,0.46998933204187293,0.05472011189375921,0.08570258867951766,1.9686536255015747,0.8327937461309664,251.65133663461836,0.3401506996770721
8942bbbe-ac20-48ab-9c7c-c69098c99a42,5dd33bd8f01cbe3350807cf6,0.14228002535638945,0.023295009398662386,0.017195411670865034,0.01861377306675542,0.31152137891085496,0.39058610113763575,0.07149880189696503,0.025009497775482562,2.642754770080669,0.73248402021419,170.84547866263333,0.37816455696202533
8952d5c3-5ec9-4a99-a21d-52be2dfec176,5f2ef358d45f6110ad8ba935,0.03689460871378165,0.009412952799486228,0.011341336910546411,0.03943702986931395,0.024674492113103318,0.6308986876372056,0.085208509019838,0.16213238360120868,2.8128172880490934,0.6905028484092283,185.4955780005215,0.28534031413612565
8952d5c3-5ec9-4a99-a21d-52be2dfec176,5f6be2474140c215c8ebbe52,0.0474493217983988,0.05134699415549642,0.03792442268328615,0.01923125428545338,0.3846891418388224,0.18486473058758926,0.07533892058731738,0.1991552135590892,1.6676658096531065,0.7981644787707327,197.56442149197193,0.8998194945848376
898c0139-9796-44cc-a8f2-35392c70bbb8,5c817d90fae0130015ce9bda,0.0545911286965077,0.004822928903893992,0.03886391527694843,0.19871984654229818,0.02756873290721961,0.19847486866313632,0.19413726111309554,0.2828213170786606,3.291622721799766,0.7893196335397636,207.13900579538029,0.0012048192771084338
898c0139-9796-44cc-a8f2-35392c70bbb8,5e7cf6a91b20a2370376ec18,0.020866455642340572,0.020419855460737536,0.014280020864466248,0.06842449152408588,0.25448446401570346,0.2538484911945052,0.29167740680734106,0.07599881406001043,2.2488321585168705,0.7923312314063434,188.52211842778,0.8451757666417352
89a5a032-cac4-4c02-8dce-9ef2f156475a,5ea91e89257581388e79adc6,0.12595061259447635,0.018359090903385302,0.019636989149577087,0.04966929525898735,0.2047448876303567,0.38311027518168234,0.08340151020262246,0.11512733943984552,2.9252491194656693,0.7612053963266044,180.86364921615854,0.04177545691906005
89a5a032-cac4-4c02-8dce-9ef2f156475a,5f4a4da1575d605c43bef871,0.38363198938810894,0.012905438502726485,0.09089926581480728,0.18802645591115386,0.061249589560649104,0.0756632769344213,0.11372093077485473,0.07390305266176464,1.7593060471693036,0.8517290570305069,195.2608003116004,0.42927228127555195
89d49611-6307-425e-b47f-69d9b317573d,5a73899f9cdd1800017786f0,0.1847969504202839,0.011131378823995416,0.02076045806304244,0.12063896987078877,0.1371771075651703,0.2829633534577902,0.03297094391555836,0.20956083890522872,1.9499213947462282,0.7020148200304038,137.70561470676483,0.5523012552301255
89d49611-6307-425e-b47f-69d9b317573d,5ef54b31234db61ac1c7fdb0,0.03767091836775461,0.05677028228779459,0.012969562809232123,0.014900846020200151,0.36281988512421665,0.17550576433066198,0.3074015640449509,0.03196117669501325,1.4282970153696959,0.722018388419908,152.53566107920005,0.8876678876678876
89e4bd51-11dd-4b48-a049-aefc8b0bc604,5d3758292faa0d0016797c0f,0.03312581936903859,0.005249843914112409,0.006290115436380583,0.050079384112466194,0.08015307512244195,0.5986615808686798,0.1742207847423347,0.052219395473933006,1.9584183739571461,0.5857749699688057,132.73257885963594,0.034220532319391636
89e4bd51-11dd-4b48-a049-aefc8b0bc604,5f26523b9e04df29fc462ea6,0.02747613962386687,0.019320544396682234,0.032802960763136726,0.0762731744328412,0.32447393610901437,0.26237544858249795,0.06340837886673913,0.19386941739712288,2.1431527089757916,0.8102579588946989,213.962471330372,0.35443037974683544
8a2c96ea-b898-4da6-87c1-2a79aa31a658,5be05da9b5be300001e54be5,0.018691113807222454,0.04749632970319525,0.015152693823631911,0.00564986772231845,0.5545878583218864,0.22234884750414852,0.027380605990799906,0.10869268340300024,2.550371375001979,0.8054537527462531,222.0825805353788,0.9717948717948718
8a2c96ea-b898-4da6-87c1-2a79aa31a658,5e9ce0a46976671ceda6082a,0.039784729024621365,0.01832979883884024,0.03252299360351248,0.011690526252258074,0.4917175311751943,0.2863249224062774,0.10283211235033013,0.016797385646881508,0.8187683965066072,0.7542064757964256,122.70999671956525,0.5950413223140496
8a5c1257-8159-4bd5-881e-7537d40c1a22,571cea664ca277001153c045,0.17934402465274651,0.020494100202751282,0.19121888328681344,0.058835913260972504,0.13015157611071546,0.26408022044791224,0.05694247943760786,0.09893280317438626,1.6800932927963739,0.7623435130956088,142.0894576597888,0.6881118881118881
8a5c1257-8159-4bd5-881e-7537d40c1a22,5951c8505f42c10001ff3f93,0.05031070492200888,0.005107336316544298,0.007893058381586526,0.10901534829232969,0.45609829074189423,0.10258941622913659,0.09400094153639857,0.17498490197848574,2.8851267399637295,0.7746177585461437,224.57313746476333,0.1827814569536424
8a852635-85e0-4b09-8004-ad3d7de925d5,55a43cf3fdf99b02ff6cb0b4,0.00465039062617737,0.053860434919413,0.008974510356941825,0.009216243133214006,0.6789392956131416,0.07213244172331083,0.040725444111461256,0.13150123856946633,2.113594052914789,0.8108047895238576,225.07752707426522,0.878740157480315
8a852635-85e0-4b09-8004-ad3d7de925d5,5ef6bb87b83f3b000a3f04ae,0.043503436406014645,0.022989105506877276,0.02489759543231199,0.051583125708206716,0.3271062073288885,0.15393011021671846,0.32490306426441934,0.05108735771927772,2.525733068620398,0.7178456396925698,167.12938039750708,0.032067510548523206
8a9561f0-0eb6-4650-be92-4bb03821fb7b,5d7bd6f64b15c1000195721a,0.04112820706398614,0.003973909621844758,0.004765804609514225,0.09730377399053242,0.11007106538712746,0.49415694623168677,0.10277699279487552,0.14582329984892498,2.19760688497226,0.770716108449555,203.6918476191184,0.12468407750631845
8a9561f0-0eb6-4650-be92-4bb03821fb7b,5dd406d9c23e0d3e6dacc034,0.1915084506524583,0.034363030153246314,0.2848832735779556,0.02985402349849926,0.2776688997617236,0.12127465307930409,0.038125915782668406,0.022321752863332843,1.3993994270145513,0.7979975752177965,183.38442182174398,0.6955363091272485
8afc47b0-f2d9-4f4f-8b51-5c2342ac9c0a,558a327cfdf99b2d75651681,0.24092473128996644,0.01891824856705081,0.141941840538445,0.05643687392027049,0.10984919734989589,0.2913503124739758,0.08945319609488081,0.05112560013817679,1.6630159137358176,0.7618975800803288,130.94968718593205,0.0033222591362126247
8afc47b0-f2d9-4f4f-8b51-5c2342ac9c0a,5ae9d42e9d82560001bdd824,0.014963860343582304,0.052637342028369526,0.0028102644065484254,0.020136259442311965,0.4810097179355562,0.19936873995807805,0.04027376418775844,0.18880005127771332,2.783064616279362,0.7044827719825468,203.80084304805723,0.25675675675675674
8b0ecdda-eb47-420e-8a79-a41e64a40b09,58cc6e1293dac30001d4abc6,0.04593013646758994,0.013987794323773896,0.06938125338359286,0.0912700536574408,0.2764317345693981,0.09515379308721655,0.34406157663584114,0.06378365770465229,2.718814588012225,0.716208887697971,160.9446106903904,0.6501677852348994
8b0ecdda-eb47-420e-8a79-a41e64a40b09,5e7cb742d29f7530898fb99d,0.303348544889627,0.019433900921888743,0.035517023896066924,0.033321691793053894,0.3768393748320337,0.142648918012042,0.06267524363471019,0.026215303494483727,2.1817007318965347,0.7346027746848814,162.68830605186457,0.22375690607734808
8b1e20c8-f7f6-4198-b938-a8fbeea3e912,5df58b28ecb3ea3ed1ceea37,0.037074991034609005,0.042031571900750214,0.023558211486142202,0.04102691936562847,0.34062886802084763,0.23636331412955616,0.07661751786155623,0.20269860675390383,2.2259721690125347,0.7839143640342211,186.44922115108758,0.20122574055158324
8b1e20c8-f7f6-4198-b938-a8fbeea3e912,5ee3c4bda54f6807aced1eb9,,,,,,,,,2.2013491905733114,0.8302822427012692,225.8120271787402,0.0
8b1f3ac0-a641-4574-9763-2218bfb4bdd1,5b0319e68d753d0001cc75c7,0.03394026241960614,0.011325272424384523,0.03821906163614254,0.08937487143395081,0.3307439257945276,0.12867669475147894,0.14584193783877897,0.22187797484235397,2.5530025077571796,0.870471114688476,252.2453985404846,0.28649921507064363
8b1f3ac0-a641-4574-9763-2218bfb4bdd1,5f0df6c9b64b5107b88cbd4b,0.08748802725161588,0.01346468761113836,0.02881953010993307,0.034207341598609435,0.6344700702345274,0.112823606285918,0.03280244291586186,0.055924292889106914,3.008004907358128,0.8033055902914745,242.324472629245,0.8708133971291866
8bc5f32a-afbc-40d0-9037-9baef0e7182c,5dc0ac2c441a2105cbb3bb0f,0.23441847947825353,0.004384670408914983,0.030696797223713677,0.21697206024266666,0.036257574492308965,0.19636724018813778,0.18571076520659513,0.0951924123311074,1.3987183603828166,0.7593254898023633,142.85686681685064,0.023870417732310314
8bc5f32a-afbc-40d0-9037-9baef0e7182c,5dd5fa943708105b2a644e09,0.0010356517969667325,0.02121912837231089,0.0009985766201157421,0.011869549117062863,0.8203939147224077,0.03676968316724512,0.05280534508498873,0.05490815015224057,3.7777984953471155,0.6766865398397953,158.22717837823205,0.26366001734605377
8bf369ea-ab22-4723-ba24-caeff2204a9e,5b5e7e643bac1d0001f9bf28,0.09678219116409362,0.01830951331881352,0.026359098181411748,0.03323258950377963,0.2560866375008462,0.4131089041668867,0.05219462622133122,0.103926440404239,1.3254219576171773,0.782012146913366,154.15106232994094,0.2256973795435334
8bf369ea-ab22-4723-ba24-caeff2204a9e,5f07070d75038e05e9fcf515,0.04441783605765203,0.042345547340008866,0.02925197671145377,0.014042618733382145,0.3122571062140877,0.3692737975411193,0.05696619540611521,0.13144492136093938,1.9217353715296255,0.7257441011362367,155.80332095007444,0.5362563237774031
8bf5b973-cb87-4d3b-859b-8e116476295f,5f23ff398626c51fdd6c3fb5,0.04251756020648961,0.006092107865655152,0.012208387072093768,0.1524680912299297,0.22521347609790707,0.3293315263933958,0.14257912492541366,0.0895897256603583,2.1419934138008725,0.8456357525211974,226.58217787398272,0.005197505197505198
8bf5b973-cb87-4d3b-859b-8e116476295f,5f5eac716f1f7176f11d2bf0,0.049305052695306106,0.1224999987849095,0.029322963213154137,0.02014906020167757,0.29618505560989344,0.31629601327473617,0.04456066392639025,0.1216811924318645,1.770644959444219,0.8000575561125044,237.08414972851963,0.14600231749710313
8c19ef18-4f48-4938-a2fe-f489af906df7,5de10a767292b61529705ead,0.08513468721333148,0.004280980853196362,0.013755684023787745,0.21652571805485635,0.10354934306560504,0.1750159298591476,0.3319211929666578,0.06981646343125396,2.6567701654775058,0.7300724022932348,157.69265828761453,0.06369426751592357
8c19ef18-4f48-4938-a2fe-f489af906df7,5f1681427a99fb7e7d6bbec6,0.08155739079686447,0.02519029440174581,0.0668302347216281,0.036420660363897434,0.21599505363064594,0.34666478868777717,0.08784014090903278,0.13950143680920832,2.609372146142621,0.7453533841463198,163.03448268122605,0.7448132780082988
8caf8ef8-b35c-409a-a0ad-953925ed3a2a,57950da04a84da00014c5dbb,0.04435985705786613,0.01930230275621539,0.05298582543804233,0.034680795406405104,0.17999186353995494,0.3349726622827177,0.2300187914691813,0.10368790264179956,1.2415087609425697,0.6515837040906829,126.77154262746286,0.08242539081004263
8caf8ef8-b35c-409a-a0ad-953925ed3a2a,5a7e017f527fd000014685d2,0.020814918295910492,0.016794507858763127,0.0051620575788654186,0.048714324658135216,0.06738109481016175,0.3344537083951311,0.21189537587541743,0.2947840128293012,2.994101375854807,0.7030898037002172,135.4068490747268,0.09739130434782609
8d0c52af-1e6d-46ca-a709-28c7ba9734ce,5dd28beafce6062a4f5221b3,0.15061883041579524,0.017681234831064662,0.035600714115091414,0.06959396369988154,0.157074956547736,0.3723475713809249,0.07533679687066817,0.12174593257017842,2.305138924508294,0.8066568664032139,243.56644492533752,0.3608374384236453
8d0c52af-1e6d-46ca-a709-28c7ba9734ce,5e2d9faa72e2fa39058e5b4a,0.02314804186762278,0.0045317744820336,0.007415066203314091,0.04390816528801661,0.19272545497920926,0.5857876575354374,0.04992664390892688,0.09255718089865911,2.4088121278177144,0.7402708670658047,159.31212794155118,0.024330900243309004
8d38d01e-ab10-4ec3-8182-175be4e4be2b,5cc020d5159f790017bee28b,0.11190282301198784,0.012350461138895185,0.02986523069095694,0.03677178709270321,0.24673516253903796,0.40808943271544545,0.10278870700339916,0.051496395521431294,1.683535517556964,0.8012917856043869,183.94047963862042,0.6433506044905009
8d38d01e-ab10-4ec3-8182-175be4e4be2b,5f30841ff614014e92784605,0.026467355861600473,0.006083495022628757,0.016409107033154725,0.10255026162697091,0.48423889317762664,0.14219977710918488,0.13542766842216541,0.08662344268876172,1.8288557536096142,0.809970567831097,217.66832064047793,0.399163179916318
8d608a59-05cb-4954-9ea9-e45ba15e8f83,5a127fc7c259f30001766641,0.4092050386448739,0.013857420855521378,0.03351457041821134,0.11649910371832828,0.025942697396507345,0.20495734761229514,0.06230380668193602,0.13372001481121076,0.8993031143812114,0.7140231908336971,120.17754628014276,0.0
8d608a59-05cb-4954-9ea9-e45ba15e8f83,5e9732d6bafec41daaf8fc30,0.0473335488335084,0.01305902928111034,0.08109156642539829,0.07114060470892612,0.15495723357354468,0.29253705714062006,0.3040161320639976,0.03586482921582465,1.9161860683432272,0.6900495327682755,130.65249709498286,0.6485319516407599
8d8f365d-385d-4116-a0c7-d7aad8e5dc30,5e2f92e3484f9b5583eddcdb,0.01207319977489274,0.022075530266649334,0.01668474958645832,0.04875633789757343,0.4349269549037362,0.1976659840182544,0.13562929796395856,0.1321879457378171,2.1521985647688604,0.7725673285116859,211.344585160907,0.30728376327769347
8d8f365d-385d-4116-a0c7-d7aad8e5dc30,5e7e9728b8637456f26f3372,0.030873143713033627,0.019954432266712185,0.008956720104097942,0.09130489021582139,0.32638894690384435,0.17365491947279652,0.1553272008457019,0.19353974610184074,2.683656784857863,0.7936991570428161,240.5767823266912,0.0008539709649871904
8de72bfa-931b-4d91-abdd-7fa0053db775,5ee3fddcc8ba5c0ecbd0699e,0.011703663888755864,0.05988987412658277,0.03156089422977387,0.010327465644984678,0.5005858495627082,0.255670694862514,0.10582583268997207,0.024435725209786617,2.7473446957601038,0.7770539227215556,215.2241986846824,0.5160744500846024
8de72bfa-931b-4d91-abdd-7fa0053db775,5eef1e59872e07000ba6cb37,0.07178536257140432,0.024958193330370085,0.03404163465910783,0.015628835380460053,0.4095500318119364,0.3234624885514657,0.04348333964308596,0.07709011455585286,1.5800328971630282,0.7776872639522521,131.12973551217215,0.1334279630943932
8e00da37-7586-4718-922e-feac93b75553,5dab7683c514d8001730ae4e,0.017557407862649588,0.06873346873870126,0.008956251600911552,0.002911562456663872,0.6082035858814973,0.15330757731196878,0.11502004343941898,0.025310102393129585,2.1671105517001608,0.8483191751073338,225.63660341583702,0.9816933638443935
8e00da37-7586-4718-922e-feac93b75553,5f07070d75038e05e9fcf515,0.052163677866184595,0.05244630629180377,0.06321163113862723,0.01818496293967065,0.22289670254317476,0.3874602396471064,0.1088650418198384,0.0947714378444928,1.774387628293399,0.7343517129766667,140.9405364389919,0.4260797342192691
8e525c27-7d72-4aad-84fc-7bffbe15a0c3,5f1cc717981bb7584655fe62,0.01846829626569107,0.007838498313412713,0.015553403420634092,0.03389694345906983,0.5770478831232426,0.2014408871283487,0.1294012943194401,0.01635279348655733,5.0819555679220665,0.7642867795083617,238.35602298937192,0.5343589743589744
8e525c27-7d72-4aad-84fc-7bffbe15a0c3,5f51263e54863a31bd83b07d,0.08061856221118506,0.022478072196266963,0.03328224293138971,0.04671275635239383,0.3045717684538444,0.23465550810715777,0.17491958831157223,0.10276150200998976,1.7535059724854785,0.8000872785570609,216.78659329886707,0.3335423197492163
8e6813d5-c2de-4e09-90e9-ba739fdb6d48,5c1d8e5d0091e40001c844ed,0.02351876539031283,0.021717935936571984,0.018061322753172394,0.02856676149060607,0.25869541190204715,0.43307739004308177,0.15193630936845856,0.06442610298300239,1.90006525778109,0.8493497910901225,269.10769652236456,0.448055145248646
8e6813d5-c2de-4e09-90e9-ba739fdb6d48,5ea9d17ebd3d1011e05655e2,0.09356458521887201,0.028355461638283237,0.020244838224584227,0.03726332898095953,0.08981002127003947,0.409724898207774,0.2627753438648353,0.05826152306389366,1.3642981108781231,0.7883397720299861,165.4590135059547,0.3987441130298273
8e76a02c-9b07-4a8a-b70d-0f8ff57b82e2,5c7a4ca80b94ca00164122a1,0.08017146231912982,0.009102134605374469,0.03337611093002514,0.024263627250763815,0.3824006059022816,0.36886445402754586,0.06394654208016172,0.03787506101774401,2.3889379715065786,0.8125236797794687,193.7516725297337,0.004291845493562232
8e76a02c-9b07-4a8a-b70d-0f8ff57b82e2,5ea3310bf9c4f828f0c909c5,0.037182523282993256,0.026976821476923925,0.05927730458558004,0.09880096208531156,0.37350478222115635,0.11636351009702459,0.1629493393237664,0.12494475541805752,2.428789203873841,0.8613727130651921,247.65049990383827,0.9124748490945674
8e88babc-8098-4a2b-b533-252a2419f7be,5b48e77c369f84000112a85c,0.06462644538577553,0.04936546365373619,0.026674214833108216,0.01518444799251893,0.2675324128874473,0.36278271865735723,0.17634494713705046,0.03748935011448189,2.7350022358564483,0.8143030586960828,207.2450149330554,0.02690909090909091
8e88babc-8098-4a2b-b533-252a2419f7be,5c284e0970d93a0001211e16,0.25465631776785325,0.008269700854847097,0.05169754415595226,0.0329641108628624,0.017793385049850105,0.2950509773387702,0.17264732275764277,0.1669206412854358,2.060163194867186,0.7181387014742507,139.339219439618,0.0061162079510703364
8e921771-ab17-4891-9262-56530800ac00,5f15da27044c9b700c9b7432,0.16716436309354568,0.0083656317302562,0.02455915641894608,0.04817225314356581,0.19036393944046895,0.44804706910649,0.04405962962232387,0.06926795730668762,2.0518819737156857,0.7570910690160851,164.0534683342465,0.4489528795811518
8e921771-ab17-4891-9262-56530800ac00,5f5fdc58bf88350b1c455de4,,,,,,,,,2.5392574215789843,0.7716348275371785,147.49581614555953,
8ec55249-5189-4055-bb68-c2466e320f90,5dcf716a5726040ac12efe1d,0.007411813407846693,0.021311397743647324,0.023790727352712416,0.012109376561410904,0.7776165473256835,0.09486537453748425,0.028807758417422277,0.034087004222425527,2.3476227931554288,0.772222761626127,154.94852436610512,0.36101083032490977
8ec55249-5189-4055-bb68-c2466e320f90,5dd332d218beb6343b22a5e4,0.08984395050798029,0.013478505332976842,0.05237439231797328,0.08050703287468582,0.15966832722288896,0.44996264168047845,0.09822066046837162,0.05594448957958265,1.7038432507582748,0.7663999375661772,165.13918428220512,0.07894736842105263
8ee0f515-ff66-4189-bd7a-bde430931fe9,5977e3867412f8000194e1fe,0.01146953947343457,0.024285808456981008,0.011991585119391598,0.09623794203500567,0.18811242538747533,0.24936342799402766,0.20476328404923863,0.21377598725190058,2.642977611017268,0.7324485697592932,142.73943041803622,0.7151898734177216
8ee0f515-ff66-4189-bd7a-bde430931fe9,5e387b36caa8e1000da3f0f8,0.05359858516099884,0.00601053028652011,0.04381529621862002,0.28687264658113715,0.29647022006893514,0.1030839369927769,0.05540111646318127,0.15474766571528548,2.0908656078150747,0.8081920142417977,235.89933153936937,0.0
8ee74838-737b-4093-b4e6-424dd7f4b347,5deaac8dff7f711d9032fa94,0.14917233816962347,0.04731055046444899,0.1286134406387255,0.027052392915171253,0.16095205962953915,0.3532831199681903,0.0697573274964016,0.06385877105359557,2.415990214020253,0.7638957453246299,180.53580230726533,0.8951863354037267
8ee74838-737b-4093-b4e6-424dd7f4b347,5ed8748d4dbf2e3863002f76,0.018998665408782024,0.006728257489182089,0.006179864631747439,0.08426736700162336,0.074753845056193,0.36094653617529204,0.1372216637037447,0.3109038001317713,3.29431225553374,0.7196507612120239,183.01996724680058,0.6147672552166934
8f1d8967-f1de-4a3f-a5fc-3adf9015e732,5e5ca080bb37ff47b09dd4cc,0.010175287316111363,0.014254288132659273,0.010174064975482766,0.005446799295472641,0.7713229192780731,0.08403007151489482,0.07683583510436577,0.027760734945115037,3.7594762710838463,0.7698877652940601,189.52040982234095,0.39645693341478316
8f1d8967-f1de-4a3f-a5fc-3adf9015e732,5f69256939716410ede6f2be,0.09844652226790347,0.011176979236750843,0.03376719937777896,0.02826996305490352,0.09609549049846404,0.47023636461664503,0.1967155319307965,0.06529194915067599,2.34012738609729,0.7639668688148807,141.56727431580455,0.10869565217391304
8f32555d-8b0f-4384-aa03-5b351df05b2f,5ec735fc4131bd17f438838c,0.0276156935272117,0.018024427520065278,0.008306185344014378,0.05994222754244403,0.20175510079012973,0.33990276305133504,0.06701118955987387,0.27744241171386685,2.2374410448648416,0.8122779006445807,206.29357537886443,0.41603053435114506
8f32555d-8b0f-4384-aa03-5b351df05b2f,5ecb2895bc80406a12e913a7,0.05847648076250729,0.01584270417578859,0.03145555062202881,0.07750121186992186,0.16382993281458072,0.38761095991198385,0.065271383378684,0.2000117777630132,2.2698012674578236,0.7556798450025474,140.40951131903012,0.16969050160085378
8f6efa76-f5ce-4d71-9dbf-c1b8670cca44,5db6f5c8c5ffeb000ac7cfb2,0.04390613624217615,0.009482046063275774,0.04061517246955971,0.13925413521575414,0.5127458716062953,0.03891689064466848,0.12921749978211064,0.08586224849156494,1.7569572934450912,0.7414048485946045,205.60927409730016,0.9439124487004104
8f6efa76-f5ce-4d71-9dbf-c1b8670cca44,5f6e7ce18d7ea83c39acc2d5,0.04646495532197789,0.02323165430611823,0.053903096401295515,0.02076508591808488,0.655608419602677,0.11732906832374884,0.05683906638084172,0.025858653866799287,2.7677675682647758,0.6568319323211209,157.88079479744704,0.8436657681940701
8f80fe20-344f-455c-9bde-fe40a309fb63,5f4c17256e656770da1ff9ee,0.04291810922416636,0.023279099587903827,0.03211719010814591,0.014296641306424803,0.46216695175306705,0.2151764301547163,0.030501768421228117,0.17954380895695624,1.499416002880935,0.7856184602187817,174.98749094968522,0.7630173564753004
8f80fe20-344f-455c-9bde-fe40a309fb63,5f8f590a06d17e1aafb3e50d,0.0753495063454758,0.042975372810971295,0.03481341617438422,0.054292136193115556,0.22442218071374437,0.20333647708500316,0.3356321358714399,0.029178774041843804,3.4338625194578065,0.7208536854644398,160.2522562254388,0.09517241379310344
8fa48307-dc73-4a67-96ed-85b73cf8f8ea,5f3c2648a9ef86a4c10de377,0.031335606071546146,0.014939638266709958,0.062368284285728354,0.1299947816992961,0.21701137450575134,0.2978771837829227,0.14636443584501438,0.1001086953832119,2.4072626938238404,0.8015152370720603,147.9466922550563,0.03753351206434316
8fa48307-dc73-4a67-96ed-85b73cf8f8ea,5f469dcf5fcb5d0355771013,0.07257532514985084,0.003400624983261158,0.007257627683902268,0.1214805985663607,0.21121617578533827,0.28881161676172773,0.06139791084860475,0.2338601213661871,1.9556892421414083,0.7987409530760385,171.39941474109438,0.10438144329896908
8fb541d2-030b-46ad-9b94-77b6989cd555,5b66ce776f0d0400010d678d,0.015336479339972184,0.020834075532823938,0.008957525719050558,0.06393177512920355,0.6620547182682481,0.12619480446343004,0.05289865810763333,0.049791963527750255,2.867200480052164,0.7203681679802107,177.52729457044214,0.15085444902769593
8fb541d2-030b-46ad-9b94-77b6989cd555,5dd33bd8f01cbe3350807cf6,0.04040647923687852,0.033123617364255724,0.039784143127627576,0.01962120132247765,0.48613088857869524,0.1708899494196559,0.18510842536456956,0.024935295261315202,1.7361078591416597,0.747844963272799,171.19278092263983,0.8309730470534491
8fdc1837-7c68-4eb7-8a15-1fe0abdba373,55fb0c5377f33b0005cb1f12,0.013279091044369293,0.0148311584277895,0.013390225661532211,0.08207428577007346,0.2870460249363906,0.09617678609536877,0.3352266657265326,0.1579757614379782,1.530125355473346,0.8375089118918999,207.63048964403978,0.6543321299638989
8fdc1837-7c68-4eb7-8a15-1fe0abdba373,5e8f8be517bd620d49b9b5d8,0.07460670452951329,0.045802284011770916,0.10801862348829203,0.011987279124255564,0.28784089122008105,0.24300379012664935,0.16319341890200048,0.06554700935752553,2.1038461450865173,0.7679464563683144,229.81662352560795,0.24651162790697675
8ffb9f08-20e5-4edc-b365-da2657115f1a,5f12a44dadcb8421418b6a80,0.020458771337760712,0.018289634343365533,0.01296891399993244,0.046547712439762814,0.31894312360745875,0.29096441855664507,0.07190628568761018,0.21992114012119776,3.543054526990164,0.7700320901237787,222.87254521949725,0.7695343330702447
8ffb9f08-20e5-4edc-b365-da2657115f1a,5f5128258dff8f30b0c3c1eb,0.024873937585210105,0.045143558477278155,0.01451180329532134,0.010470040710292075,0.5258171653892085,0.2683752463690336,0.09342075035940839,0.0173874969938133,1.7808988198046334,0.855828473696956,232.6248606886069,0.7916666666666666
900ef686-6298-447f-8382-bb5ea0ee6e1b,5ea9c07d1e683e1118000f78,0.2635475500702594,0.02586739648873828,0.050540959797102415,0.016352875704285383,0.1943016026335417,0.30548235748400365,0.09690274565783619,0.047004511267872744,2.029326351356752,0.6957731704354458,130.6125321381271,0.4804297774366846
900ef686-6298-447f-8382-bb5ea0ee6e1b,5f978c9948915015fb3bd00a,0.12877146363240782,0.01632037164179306,0.036143218204444695,0.05328686985700797,0.3849326878583444,0.266964903784278,0.08840335783954842,0.025177127141721566,2.660739823945073,0.7679018874406368,211.7019030521387,0.011479591836734694
90741059-bd4a-4488-946a-73fa52c24066,5ddc91ba7d4595bf332f8b7c,0.015175355184237632,0.030995651345745882,0.00501969335971049,0.03434937829518723,0.27931035946836663,0.35280496482724566,0.22488183778175597,0.057462764296994324,2.1213297987592914,0.6920686742039203,160.03637149046028,0.038135593220338986
90741059-bd4a-4488-946a-73fa52c24066,5e02285cac9e16dcddb845ef,0.04102890913993451,0.03166369335700286,0.025918442549094693,0.07767438263256178,0.2342282023883285,0.22712691888956815,0.21027623370379347,0.1520832167997733,1.9606336443267878,0.8203022286060341,237.66013627404246,0.1101956745623069
90ae2f6b-e8c5-498e-b952-95ffb8446d52,5e64629155bf351e8bd24721,0.07551445501244967,0.026733334426911285,0.019927747074664364,0.027770710243772333,0.3932641688111032,0.11375293934357093,0.02282587314944208,0.32021077145605287,1.690033187638578,0.876471792446677,265.48782181924815,0.5966850828729282
90ae2f6b-e8c5-498e-b952-95ffb8446d52,5f08916db314750bc9206ce8,0.021651429720472782,0.025232663319532705,0.014995377061426313,0.022472626192745277,0.5957521996712938,0.17835676820490853,0.07724382210913286,0.06429511508246485,1.970368538335481,0.7442376803865982,236.90026662828203,0.1461187214611872
9109deac-7168-49b9-918c-a7fd955b45a9,5de855017d44177cafe19840,0.06896815954655412,0.038935436897202004,0.2067641501536106,0.06300729121421897,0.37492096137019304,0.1070325571594096,0.0979499197138394,0.042421524543493565,2.8737742367042562,0.7190017677386211,188.70294390941737,0.06459143968871596
9109deac-7168-49b9-918c-a7fd955b45a9,5f0f62de21b8db102948c958,0.013861584326560676,0.03264094670650108,0.006865880782957967,0.0997776358605435,0.35876923662829274,0.1564696489996277,0.09441420222869752,0.2372008646615989,1.5030453845486749,0.7095228483566065,113.26674130618247,0.4720430107526882
911bdf35-886c-451d-a26e-7b841cb17806,5d49b7be18ecc30017428cd2,0.055556077408120366,0.038236169708707066,0.01674320919778972,0.01807758872512602,0.4274866173203935,0.29122692974906783,0.12504634505048343,0.027627062361794665,1.5350584020856515,0.8076895597003937,183.71972518242845,0.13962264150943396
911bdf35-886c-451d-a26e-7b841cb17806,5ec453f93ba6b432bdf01d58,0.019936948972049125,0.042115004972204294,0.006938169893772859,0.033822455647705515,0.34760663850349954,0.3058949361671748,0.1596416794275905,0.0840441662504715,2.6313648690447784,0.8038200046166746,214.9124071385757,0.8153607447633825
9123e35d-aee3-42a2-ab48-190f59d2fcc8,5ab4149e0527ba0001c1656e,0.026361714170066004,0.010965267027373276,0.008565071705067682,0.009405834033333173,0.8024901506506552,0.08206031034040415,0.023323186084264293,0.03682846505516742,1.9451059263020296,0.8320162081584583,219.54328020221922,0.9166666666666666
9123e35d-aee3-42a2-ab48-190f59d2fcc8,5f17821d53d8590009cfc951,0.034718500501780325,0.012461304101155184,0.008677577243845873,0.1448421097348035,0.1963076029579423,0.3070814631203758,0.12290511367283494,0.17300632832054272,2.2976512384717767,0.7441567391179558,156.481320211498,0.5881470367591898
916d8851-e042-42e8-9dd5-9aa61c3e8df0,5ec6c3fe8197ce0e352fbfc1,0.1285785416021226,0.01832920431478171,0.1319181983715718,0.04408700246145818,0.276851133815971,0.24349678412372697,0.09122769788284932,0.06551143748000436,2.3061100959056713,0.7652874110436905,186.64229028837204,0.8290155440414507
916d8851-e042-42e8-9dd5-9aa61c3e8df0,5ecf4b18f7b0443609e07646,0.015476401238828333,0.014274238933228635,0.016289505102721844,0.029792993491943188,0.7068988421335719,0.1084944067935705,0.039828223107893954,0.06894538950039991,2.366642417203539,0.7258648690645033,177.3727910971536,0.7871235721703012
916eeff0-81eb-4b23-a80f-395a73209388,5c2805401d4eb70001177bfc,0.06583410719121992,0.0053497719565385625,0.007821487655368373,0.02560961878264675,0.06249467594427138,0.5855673253277349,0.18611404557336436,0.06120896826487846,1.629016493111727,0.8308158783657779,217.65093803070693,0.005039596832253419
916eeff0-81eb-4b23-a80f-395a73209388,5dde8fba82f458000c8c7c75,0.06906625225390853,0.025442259809312816,0.007511316111682535,0.02452038672418225,0.3501861524416851,0.38520782088215494,0.1021381103091511,0.03592770081304832,1.9588308981001579,0.7274589684190272,134.42780655022452,0.02787162162162162
91dcc2ea-a651-40bd-86af-2382fb764930,5e865a15d17bd61028ae0f14,0.022047912682404174,0.025469433088036345,0.01754860064596959,0.12215888197386938,0.12547652930776398,0.27607886226962847,0.23449311803392195,0.1767266610707479,2.314066233617548,0.6775698977793598,129.14555005310845,0.8452830188679246
91dcc2ea-a651-40bd-86af-2382fb764930,5e9a85acff642f1158b7d33d,0.01631560603690636,0.029344220243507343,0.012214442435032679,0.035424102135816184,0.11759491288273372,0.335392007554565,0.10755827763268011,0.34615643107485894,2.407173895956243,0.7947039492820692,223.10363539417756,0.18801498127340824
91ec4843-5cb0-4792-962a-21fb69435204,5e2de5a5ca99353d0b03b72d,0.010214204067000496,0.05687800535057947,0.01736022309826579,0.010126955634004925,0.4719080535912437,0.26198068323494655,0.07930288661756815,0.09222898791605244,2.411186982006536,0.7880138749096981,223.41528393928522,0.9442424242424242
91ec4843-5cb0-4792-962a-21fb69435204,5e9dfd0b5484b719c94cff0b,0.04664888846465269,0.043918361943952,0.0101228895610066,0.010883913702809904,0.429437031682845,0.3850786366760775,0.04503506187066265,0.028875217170722955,1.8032476196699776,0.7022156260289457,141.06236059243238,0.23795830337886412
91fd5018-5302-4a6b-8699-eb56c370e5e4,5ceff90683416100197cde83,0.034374747804098604,0.02952591314921346,0.019638387124072322,0.009448351273698257,0.4299473404385698,0.38589610159171706,0.03570844082438161,0.055460718309785634,2.1349370957370093,0.8820117951709733,245.7767261548409,0.45729657027572296
91fd5018-5302-4a6b-8699-eb56c370e5e4,5f07070d75038e05e9fcf515,0.052920091611011966,0.09378224826686103,0.05245763892721997,0.011800701736637186,0.27680975569445504,0.3439406421775812,0.08083776881391842,0.08745115314854483,1.3525540273163037,0.7316800907295488,135.10021624120876,0.253475935828877
92198ef4-6861-4b05-b32f-d632503345b8,5aea9a59852ddf0001ced15e,0.10422446457718683,0.03115944941227072,0.030424679408116037,0.02642135056670419,0.3247068767252691,0.3248854746566516,0.06768376177292552,0.09049394267474271,2.4912626174877217,0.7254266983705414,147.81347126364852,0.8010471204188482
92198ef4-6861-4b05-b32f-d632503345b8,5f53d12e8401650d33179059,0.031159125590674748,0.12825478728442558,0.023065805209517926,0.012677067360194732,0.4592155402674073,0.14740819620752627,0.16279788026978448,0.035421598382278666,3.0367090072941374,0.6986822536893493,143.18077335478415,0.3727598566308244
92a95acb-06cf-48b6-bc49-c78d972b64d0,5a79de1faa46dd00016b3a60,0.01067169837173067,0.05341623212244095,0.008491546769518464,0.016222419961077456,0.36943907850461566,0.17877335970553657,0.23680978527214552,0.126175880093652,2.0737191510493576,0.8254508652111765,204.36589953076032,0.3893521488133419
92a95acb-06cf-48b6-bc49-c78d972b64d0,5c75471e5eb59f000131c7a4,0.07736981923220491,0.031376090563572816,0.035959426396837454,0.06898340040638624,0.23434775163300028,0.3684246151143426,0.07830270736146108,0.10523618940651054,1.7176787845266623,0.8164224170442107,210.80257192987597,0.310801393728223
92ac6bad-d972-4f55-87f2-f2d45b4a995f,55a43cf3fdf99b02ff6cb0b4,0.0084039989314266,0.04846469868943476,0.010009288101457806,0.013556788599314733,0.631921774442284,0.06510188939414523,0.0930480897252936,0.1294934724482855,1.9344661719746168,0.8065626826365111,218.1213447452245,0.8137059214903526
92ac6bad-d972-4f55-87f2-f2d45b4a995f,5eaa020e5ac39b18082f97a6,0.008387127135072454,0.03054916911972774,0.030084249247623682,0.02201498454688887,0.5935306542714732,0.13712196098981352,0.14423578599990736,0.03407606928031181,2.5196110074207767,0.8192304103153315,237.0354755636846,0.6385658914728682
92c5bc68-fbb8-4743-b0ec-464132eddb33,5efd41a487c4ec1945330e9a,0.08747843365134676,0.012833467943393906,0.03535859126575612,0.07874115541512507,0.1189073269086596,0.4423961740443105,0.0474757454517037,0.17680910447903497,2.5758480381399695,0.7294869226065542,150.60538584261948,0.022167487684729065
92c5bc68-fbb8-4743-b0ec-464132eddb33,5effc7a64495250cbb0d8de8,0.051045892629207945,0.003980611160608037,0.01559098716457321,0.044353175409410125,0.012315380093618888,0.24333696952346112,0.04136332265842027,0.5880136610620026,2.794540925990667,0.735089084187852,141.56287248281072,0.4475969889982629
92c66875-8a3c-44f6-9356-8537655417db,5d96fe713cc967001852334f,0.23350166060818134,0.005032410078023662,0.033806131598726266,0.10176680561675823,0.11786409843255138,0.3005130891518998,0.12384663009455281,0.0836691742554934,2.04061682520731,0.7834482190009776,176.94591454731864,0.650231124807396
92c66875-8a3c-44f6-9356-8537655417db,5f6dc2d7fa66e824dbf70d24,0.019001598879319365,0.05119758896091129,0.006201098446005446,0.021947860496415884,0.3576868223100529,0.27526416503934203,0.07070081364000472,0.19800005337533197,2.58227384568764,0.8183467717503443,199.9198108839869,0.15457685664939552
933db294-d447-4152-b79a-f102fabf925a,5e7072e5fb136c63e94f3fa4,0.04457538727910729,0.015475231128865948,0.1178810952742651,0.08850889108006606,0.37520511298937065,0.1117360692221452,0.11987557589395192,0.12674263839666736,2.2427282599590685,0.7424502076289564,143.00667492739373,0.29394812680115273
933db294-d447-4152-b79a-f102fabf925a,5f440d9f63546316e56a10d0,0.023413041593771305,0.09470407146258979,0.04719653375495233,0.006797128807653363,0.4995488118615428,0.16496614795870657,0.10505308411256317,0.05832118021813091,1.873025532930476,0.7721291114850836,136.025282269756,0.7630385487528345
934e0711-7abb-4a17-a73e-4e6b2b175547,5ca6bbf13b5fcf00100996e9,0.05211529562638735,0.017619280468877757,0.038070208833091854,0.013241772140300123,0.14229474178379328,0.27558188178636484,0.42112021648863474,0.03995660304239529,2.0912460355536187,0.739123055316543,131.82299610946245,0.6645109135004043
934e0711-7abb-4a17-a73e-4e6b2b175547,5f14cf327627fb00097f9a8a,0.09627510047922185,0.011690177108370352,0.013385707552019496,0.06729233844181577,0.2443329414690795,0.2911000506561567,0.24635010417613157,0.029573581088242217,1.4766842198023364,0.7707451374219474,169.00467072432158,0.001034126163391934
939a1017-c474-4059-9dac-1ae65a2e4bcf,53979923fdf99b1ccc3f11f6,0.004852408738761083,0.042169771708778336,0.002075630691508509,0.0035097792895709854,0.690758358868834,0.21043545774918768,0.010263032013599939,0.035935560060773336,1.0225717697697996,0.7520765963369983,132.52492842918318,0.4546351084812623
939a1017-c474-4059-9dac-1ae65a2e4bcf,571cea664ca277001153c045,0.12451988073298495,0.01760275944734067,0.2650770660687105,0.05899241019796935,0.1171975886147551,0.2382806126087276,0.04648885561070266,0.1318408262498158,1.308739991894747,0.7709396822096423,135.9269070729743,0.3517110266159696
939b73b9-4e39-43ba-b772-0946e4c4f475,5f4c043843154b0efb8a1a25,0.005070930798984418,0.04337829844791001,0.005694927055496376,0.032583580750741165,0.39762689671477736,0.16767996917871952,0.12313611599429455,0.22482928143441894,2.114073242014498,0.8391556114481836,231.44468707164393,0.38461538461538464
939b73b9-4e39-43ba-b772-0946e4c4f475,5f60d31390a8c1044e775b18,0.19013212601853863,0.018992530014735606,0.025873089776778744,0.05767761996641016,0.1275123223884359,0.43334525224510395,0.07541854161453164,0.07104851756126801,4.096632235877578,0.7163132940403831,186.57010041094685,0.11741935483870967
93c0b0ae-6a00-4ec6-bd85-1e6dccac93e4,5eccbe0aa713d84c5bccd35c,0.0942487104505365,0.052763741270558634,0.05640410209400843,0.017589461299291696,0.4146777694304999,0.24655932574798958,0.05456261316248057,0.06319427705049753,1.8066445975211975,0.8427043205145515,224.88825362042002,0.6666666666666666
93c0b0ae-6a00-4ec6-bd85-1e6dccac93e4,5ef530ed22eb1d18a02d5701,0.011209508172895753,0.03016179056210338,0.05864128143199683,0.01981093158499741,0.5918830476319302,0.14500704058595473,0.07838071109305363,0.06490568877026617,2.7517002581670504,0.8112880774756445,225.37992321342978,0.975298126064736
93f3cf2c-cc98-4177-863d-28b32f36cf36,5c7ec09ff123b3001022c20a,0.016649116342665964,0.006277924313289646,0.0030869697243892046,0.10764118594574364,0.46113274361134166,0.1651752110970567,0.06531239366285761,0.17472445585420757,1.9423472542941644,0.7608174469024312,218.73315178911662,0.31090342679127725
93f3cf2c-cc98-4177-863d-28b32f36cf36,5ebb48fa86aba5115f8f33c9,0.02157780974503986,0.04053804436531896,0.038412684435344034,0.0017426009911448907,0.7235821761456495,0.1311517235904363,0.0180957409826668,0.02489921961784616,1.964901940830974,0.8175077108361087,226.0623456992671,0.9914529914529915
945a11ec-7514-4556-9c81-5f32dffae21c,5e7e70c583c34c53f6c643db,0.05017250610346745,0.01610873480723065,0.02661660826592335,0.03717842038135411,0.07671507517433819,0.3590427716716238,0.22033702394378177,0.21382885852973058,2.261358003051747,0.7773472416665026,214.27630559815336,0.1373762376237624
945a11ec-7514-4556-9c81-5f32dffae21c,5efe907ba8384039f55a9625,0.05022095302862743,0.02990538512562508,0.05778826607409499,0.024897345899948818,0.4823850045152357,0.15311083485258445,0.031321777130797236,0.1703704331761813,1.7228117177983286,0.7530420186426101,164.68650343073975,0.9112073632918246
945a995a-96fc-4f11-a508-5aab151aac05,5efabf3ac16df890cee2b41e,0.058381488869475154,0.05328289620162038,0.04435954378798364,0.006847638591032805,0.1931898513881368,0.44435217743641536,0.15205744966988904,0.04752895385752358,1.84761916433282,0.7656173651150887,146.00945821274465,0.7024456521739131
945a995a-96fc-4f11-a508-5aab151aac05,5efe907ba8384039f55a9625,0.03550615047815211,0.02291992141073699,0.03726938823414021,0.011048297669340464,0.40153424803176724,0.2732495412608844,0.029782856091821127,0.18868959640184677,1.8426529214478027,0.7700029486155262,170.39441921640469,0.8615953512942419
949ad667-0831-443f-987c-78e61775fa00,5aa61dd36475f90001a05dcf,0.20862097451715816,0.01028028187530482,0.042651207463904904,0.18347852628754274,0.3043355990721135,0.1252090704109074,0.0978332071959735,0.027591128291989737,1.3772852447981552,0.7677287855061666,162.43869743833008,0.0
949ad667-0831-443f-987c-78e61775fa00,5dd28beafce6062a4f5221b3,0.11683014241653247,0.024356782204055124,0.08174737843514714,0.07046210287547101,0.12577665406362398,0.398471639763351,0.07224479200931237,0.11011050843966626,3.371960382174048,0.7879431409238599,244.48668711329276,0.44911297852474324
94a1abaa-d89e-4d0d-82ad-1c8de8155a2f,5d8e361e6e920e0014b459d9,0.0431698337565828,0.007099764651623457,0.033330561282732867,0.20036643188212505,0.28909459200127474,0.1333305949417331,0.24513522316774028,0.048472999366034844,1.616944411618506,0.8246632912061177,184.96770847789807,0.6018691588785047
94a1abaa-d89e-4d0d-82ad-1c8de8155a2f,5f4d435c030fef9d0136b496,0.4099758531660619,0.02923073694864105,0.07260492541650079,0.04776401038252694,0.0389911597693951,0.25901623505198224,0.11531168437032045,0.027105395186390543,1.7934263896137166,0.6873575235171999,134.67217309467833,0.0044444444444444444
94a3c6b5-46d5-4d3c-9616-1cc0e5a21e9e,5d618d5b13b88900195548f2,0.07373506257164213,0.03932443695692894,0.02730895822795534,0.01140862193874627,0.35358475768135034,0.41662819303145,0.06101138204033389,0.016998586781905325,3.2211483769844884,0.7337366472186303,143.1210749324062,0.45504587155963305
94a3c6b5-46d5-4d3c-9616-1cc0e5a21e9e,5f4e391f5dbb441153a43289,0.018319734855463714,0.02477173052270436,0.004775329426568564,0.0034986679680320374,0.6698555638671129,0.18153410772119088,0.08620542306950423,0.011039443120369896,3.1902841989746578,0.8260734415697777,231.66927526305432,0.7602131438721137
94ac8821-51cc-4d9c-a185-b98cbdcd938b,5a791168f49c9a0001f31061,0.1425024121633603,0.008483120899201705,0.022431787540708643,0.09416718574670735,0.46738634187817024,0.1225499700885314,0.07338033475591593,0.06909884811090228,1.5215677625832702,0.7643014553369846,168.15784701044214,0.2718078381795196
94ac8821-51cc-4d9c-a185-b98cbdcd938b,5e4aedd76f4883000e48bfe4,0.037991408859091004,0.031155084404874495,0.01322071362902202,0.047879562485666716,0.08975389902385254,0.3563870502207727,0.27034043243066863,0.15327184847967537,2.3605582224369273,0.679045360440821,134.3592967107722,0.33783783783783783
94ad0e79-33b1-4fcf-9fe4-afc2d0edcaae,5aa61dd36475f90001a05dcf,0.22020313184425774,0.0025142464980577595,0.00587950552019719,0.3189043873999784,0.1348540967320244,0.2024577290294049,0.08294100099274065,0.03224590513387208,1.5635494369839515,0.7968018127271769,197.04999889458372,0.0
94ad0e79-33b1-4fcf-9fe4-afc2d0edcaae,5dd0103cb2204f108c201552,0.024385901586904866,0.039889750115385585,0.015276282972937667,0.018590236764375975,0.6942846932167551,0.10356282252073751,0.05363180777385772,0.05037850496036374,2.0926898699321934,0.8776388871439549,279.9961295453345,0.270060396893874
94cbc2b3-ba08-43d1-83aa-2c1100f34385,5c7e91c1973c990016ea72b0,0.16580221692204228,0.02112080285435143,0.01736621580423243,0.10426139290404571,0.11364575953406587,0.312946637536785,0.11704765201468885,0.14780932254957305,1.9303610387838088,0.8201220188975006,209.41124163529187,0.0
94cbc2b3-ba08-43d1-83aa-2c1100f34385,5f5128258dff8f30b0c3c1eb,0.04415308595719031,0.017228387210372544,0.008635516365175682,0.0835158909876832,0.4855922654970702,0.20610702134916956,0.07936598296790993,0.07540184914656954,1.7679731063729547,0.8335944569741555,231.6300896162494,0.005296610169491525
95080666-a5c6-4e59-904f-1efb10065762,5e483052a742a3000f7c15e8,0.048562241211288756,0.10049679403749495,0.061961573381370726,0.003264358281147631,0.36726721211623564,0.35246115186043087,0.04115406563758418,0.024832602513645254,2.108878945676927,0.8233717183405179,221.25272170164718,0.9867330016583747
95080666-a5c6-4e59-904f-1efb10065762,5ea749262a23e31252937fc9,0.007246719787302713,0.02548914376350166,0.008057206092887534,0.012002917300899616,0.6767950942871623,0.10383425487810176,0.024452356964160538,0.14212230722821262,2.442730122854948,0.7533130735180947,194.48414003212758,0.515832482124617
951af6f2-95b0-4883-9c07-3f41a0db0e84,5c9107147a7067000190a544,0.07668666670383563,0.008846305282677682,0.006918570670152616,0.020725020214190596,0.1286004600183668,0.5344853654182268,0.1731853563008491,0.05055225770039281,2.557264623079431,0.7136878584650219,154.156814669497,0.0
951af6f2-95b0-4883-9c07-3f41a0db0e84,5eccbe0aa713d84c5bccd35c,0.09206633151439772,0.04330658625564619,0.05241302704579656,0.033766236384723966,0.20005229846905656,0.35542906356729154,0.09802801968642998,0.1249384369448044,1.633986889077731,0.8413604936033602,221.58703707610255,0.1402321083172147
956c58d0-48d4-4f4a-8cee-95c4b2df5e58,5e2721b01160079464059b5c,0.03793628425776005,0.05407630104984229,0.10787486944851248,0.014492964032380564,0.368848153587937,0.28833503440438757,0.06592282653259227,0.06251356688418828,1.4072202959851028,0.803902239958876,202.34976147439005,0.9795539033457249
956c58d0-48d4-4f4a-8cee-95c4b2df5e58,5f12a44dadcb8421418b6a80,0.022705729301184224,0.02467105053866046,0.014770259658950808,0.03744567468605737,0.3001742371409662,0.3533550266462248,0.06019520008134813,0.18668282293043126,3.0475360416245274,0.7572057225702877,203.46622400267387,0.9175879396984925
95782a22-1450-4685-a78c-b866fe736ff6,5ee2b44f470fa7446a470c8d,0.031599660653672326,0.04477883481892749,0.04656994728357726,0.015239033344412813,0.3914454528922291,0.23860137083996694,0.10205017423031736,0.1297155263728166,1.7776705080260806,0.8316593826496143,236.14549812722572,0.7285974499089253
95782a22-1450-4685-a78c-b866fe736ff6,5ef517ab79cf2c15b7452eda,0.04183107944924821,0.031006264483734065,0.015410371185457038,0.023827931107313224,0.38020445113689627,0.3621130588086964,0.04919019635312088,0.09641664732912844,1.2746768163635738,0.6646548012215339,134.8070990187657,0.08322496749024708
95d7d1a0-eeca-4eda-9b1d-9e72edd0c560,59d5126df35ff40001914d8e,0.07401601040397678,0.025649016747982863,0.007610534935554864,0.010996262955900593,0.19780330835575502,0.45504524330109625,0.1526517242441297,0.07622790600483612,1.6082815753680253,0.8463904696038792,232.15961911080512,0.875
95d7d1a0-eeca-4eda-9b1d-9e72edd0c560,5deb1865986140241391d84a,0.03629443528786057,0.026017809220852336,0.009204637462349815,0.021477116904204153,0.37575204304680104,0.28709419057889946,0.13329304179886065,0.11086672521963663,2.7006376267680587,0.7924494569078977,221.1757075531681,0.4214755295836377
9621ea79-3d5b-4b49-aa09-d792aa9a23e1,5e723ffcc1c46a022a71a6dd,0.011748174139563803,0.03354368667905184,0.010428661740197407,0.036570356909076875,0.588288813014922,0.07182163095960917,0.17984238083497664,0.06775629571137712,2.1277838949774663,0.8101278236461108,251.404676058598,0.9533932951757972
9621ea79-3d5b-4b49-aa09-d792aa9a23e1,5f95c1590b160b4597c93a76,0.1876908382069775,0.024068114173948045,0.3057787112945613,0.01805925408087843,0.18321970370144675,0.17730539770194706,0.040805467278381156,0.06307251368764528,2.929129065307271,0.7049566413398113,164.15879538868526,0.03431372549019608
962e4d2d-24bc-42e7-bea0-80f470306613,5a49d6a06d85f80001c25bc4,0.12855964811469095,0.012951243586028014,0.042096198412111714,0.057084042889445866,0.44454285450934816,0.18393735221998175,0.10231501446349112,0.028513644397919376,1.8236216063879687,0.8135133710644331,197.13158649929198,0.15570175438596492
962e4d2d-24bc-42e7-bea0-80f470306613,5d510396f6725b001a4fc025,0.042161199837823925,0.018132731680392523,0.038433943509060056,0.0721581272039817,0.20309705987726548,0.23705660764261147,0.24176877230522906,0.14719155906448173,1.9403566589726111,0.8495502868738871,245.82723330053417,0.09716599190283401
968d0076-2a23-4791-8136-9e65bd76c6b8,5e57613a151c201197693dd3,0.03004770205618244,0.0308178609529394,0.02840128235088611,0.024312179341170612,0.3419975088155937,0.3937117932132106,0.10027933828677511,0.0504323356506102,2.9579984645597683,0.6868752818597612,143.31294093021756,0.2659380692167577
968d0076-2a23-4791-8136-9e65bd76c6b8,5ec44240144f4f30a24e7aeb,0.032208466508052536,0.002775908623700018,0.005104926845540993,0.1196757041205873,0.09325655339566107,0.486352357760922,0.05006297258808542,0.21056311027335672,1.973425553074093,0.8215011496835938,234.32203535016393,0.050018254837531945
96932864-9299-4c8d-87d0-1e45b16052d3,5d3515c39ce6590017010766,0.018753762265200636,0.018328567276736478,0.015422628773252674,0.04206880314681875,0.5021776340591411,0.1628330357465778,0.16448437895448337,0.07593118864909688,1.6902359468030708,0.8474183626689318,232.7341894611229,0.3192771084337349
96932864-9299-4c8d-87d0-1e45b16052d3,5ee3c8f2eca1a2085413c9d5,0.023974270143647745,0.07131031548181317,0.011103482588493153,0.011318401541511496,0.25234030933894774,0.3500818293320311,0.11037762648182717,0.16949376460041934,2.9106318637633146,0.7606713058600406,188.73430148853564,0.8140161725067385
9694065a-ab87-442b-b3f4-fa3d8af12802,5f4d53f96aa639a0d605052e,0.025926002793850992,0.01553143064261328,0.021962226885546426,0.07209229884863481,0.3717791584199473,0.275998469010288,0.09610262690627867,0.12060778692244957,2.7396562004666913,0.7731659188447237,218.9487669399026,0.9945454545454545
9694065a-ab87-442b-b3f4-fa3d8af12802,5f9addbfc4733c24f8e81be3,0.09890230056405706,0.025988960983838308,0.07641944785286128,0.0982702328337517,0.2077215765585544,0.1501656411105758,0.28051562391307444,0.06201621493104164,3.370339214928369,0.6938825667729334,156.15198239390494,0.7594594594594595
96a61e6b-71cb-4806-aa18-0833e8ba9761,5ea9c07d1e683e1118000f78,0.17005339223231733,0.013995487677184872,0.1257193590286859,0.079468536624478,0.14358386064058468,0.23045854787768721,0.147520249517622,0.08920056701396581,1.8559458797203552,0.7040803683058784,132.6108259027684,0.3153904473085671
96a61e6b-71cb-4806-aa18-0833e8ba9761,5f5ce7f940a2614f6cb6e747,0.06382681344969626,0.035707099085029115,0.03358184524840716,0.05366291065910736,0.30224861156549226,0.3059933860207945,0.07575485658286792,0.12922447715702928,1.7856665671393464,0.7923288765966531,223.78182590875252,0.5531686358754028
96b7cb73-2377-4b20-952c-7e1fafb74da7,5c91c693765dad0016f8495c,0.10398735083803474,0.007347764473782878,0.0036835880049466132,0.025581845726986983,0.04460516154376766,0.5987927832555542,0.18074367976825031,0.03525782600244758,1.527894341936943,0.6986013431132148,134.6390908955816,0.0
96b7cb73-2377-4b20-952c-7e1fafb74da7,5f20240d7dfbcc294161ba43,0.14187950746523578,0.004155011263686005,0.026768666337553176,0.26536623256997594,0.18452912480152123,0.15783202144683725,0.11261645665904389,0.10685297868788107,1.9311085522275364,0.7618463292785329,202.21710093788184,0.10972568578553615
96db0ba2-2a0b-4e0c-9c15-a3dae109f929,5bdc94f819b9ba000157da85,0.029404179905693228,0.0056818986849801485,0.007807659296245922,0.08427932466989296,0.31656158429202375,0.28207942561683913,0.13567679766538968,0.13850913129320497,2.1625441258204745,0.7399513742634639,163.7571097190535,0.05899419729206963
96db0ba2-2a0b-4e0c-9c15-a3dae109f929,5e63912d08c2ef10e6a85688,0.03256156240183736,0.003700721299639925,0.0042105627698824704,0.11426241988107012,0.06370225200818175,0.17829123937992403,0.47918337316254184,0.1240878692455026,2.812188650472505,0.7813676587212659,209.38734426457998,0.4429460580912863
96f6db82-38b2-491f-a7d4-83a3a2c29c8f,5ac53209fa3b4e0001736f22,0.17373042597201926,0.035962219812804876,0.09253692093652903,0.03177255907419622,0.22473939961199368,0.3107774869582286,0.0511942526280699,0.07928673481483489,1.3332093276485228,0.7620544806284366,175.03161200461227,0.8719076415612974
96f6db82-38b2-491f-a7d4-83a3a2c29c8f,5e6139a2941dfb03f8bf1852,0.06901404965150285,0.040049530780502086,0.038716941067481324,0.016691595343645078,0.3380393417656991,0.27166913177093394,0.07354481584550779,0.15227459369065952,2.99766921459245,0.8104298726764284,238.18882492858492,0.08870967741935484
97087c78-d2a1-4959-b72a-80f858a0afac,5d1554e28ecfae0017a026eb,0.038117415897138476,0.019108546635422184,0.061014582562005815,0.058434924384955705,0.2710672232689976,0.28865787855004243,0.21383127068392702,0.04976815694278502,2.257191671428627,0.66999802367019,126.86833275041535,0.5755711775043937
97087c78-d2a1-4959-b72a-80f858a0afac,5ed9df4296035b58dce21946,0.007184118840152561,0.014295199723557254,0.006089545226374036,0.016130893715893265,0.6771450232604008,0.1265874905751472,0.012285300270921881,0.14028242798428903,1.873776226815276,0.8461260886717783,228.62897952158158,0.782983970406905
97237153-37f6-48f0-a8ea-45ab74ccb18a,5e33f0622878163a8387ee65,0.058220397446504125,0.05006312578189305,0.018770714249496022,0.04192536375002129,0.2465125183920903,0.2657423783231535,0.2068261816547168,0.11193932128480237,2.1234329995309835,0.8003849732363909,240.59016247182217,0.2643109540636042
97237153-37f6-48f0-a8ea-45ab74ccb18a,5eb9cea0d0a682113d2c05a1,0.08135751040984145,0.024271669062793023,0.046071257371855086,0.037470200261901405,0.4001446783704573,0.25477962681229394,0.08411247520935569,0.07179258193043754,2.047962413943489,0.8346978471341331,247.07760994623004,0.03451251078515962
9786cb35-0ef4-486d-85eb-42e234af5722,5dcb55b60133ef83a90f85ac,0.0611227635819444,0.07247186272877404,0.019705747426957517,0.0057998973534052435,0.5030646033493739,0.2134127682833763,0.09056146109078521,0.03386089577980671,1.9796858116349219,0.8523468017938889,252.88152561579895,0.6434176111595467
9786cb35-0ef4-486d-85eb-42e234af5722,5e322c53287816210062d0ac,0.02783673089534647,0.01547275400786696,0.006628138101575184,0.029660558831156647,0.13386721293319231,0.20875786046027056,0.5438355175504744,0.03394122712320785,2.185770790851491,0.7344653580848057,141.9559041213089,0.52
9795fef3-f31a-426a-9c5d-e4b5ddd51880,5cc020d5159f790017bee28b,0.0670567452898717,0.013079546939108884,0.018321021289963917,0.02537695195664403,0.5916799173018744,0.1890971392133233,0.03431097478895863,0.0610777032794563,1.9489926442229641,0.8085273082508051,183.45730134411346,0.8578947368421053
9795fef3-f31a-426a-9c5d-e4b5ddd51880,5f0c61f219803a07239a4269,0.1406156139881272,0.019554885833326912,0.06575487673608403,0.031563753052496105,0.44226724819185753,0.17294050913082024,0.09267675546337115,0.034626356875754195,2.7280496972658272,0.7546559338398345,232.95942628642308,0.9052631578947369
97b17342-a9c0-43ed-ad4f-02dfebfb7ce7,55f5946a32af74001017047b,0.049175091194478944,0.015382472232264825,0.03745399353610117,0.0796278236469072,0.19487959430045818,0.2721005696377798,0.19763329007822342,0.15374716627489146,1.4274465061756494,0.7178030661711908,155.86898711149473,0.04831751509922347
97b17342-a9c0-43ed-ad4f-02dfebfb7ce7,5cd8d86210887400182db201,0.12614170611493908,0.012301885103273506,0.10683516306686597,0.021896885145511642,0.11835687008499259,0.43619502802136007,0.15476169856890884,0.023510764899518293,1.6005582252248074,0.7497314479555452,184.62645514953354,0.3456614509246088
97c7567b-9b6e-4152-ab2a-26a1e43315f6,5e1c0249b07c32408bdfa75b,0.0632865282787259,0.007374067832958872,0.021525294599276615,0.08096170968108397,0.15473126078134192,0.40968674439792985,0.16834821707105993,0.09408618371007456,1.9100596903948346,0.8534071252427994,211.73006014948967,0.48299319727891155
97c7567b-9b6e-4152-ab2a-26a1e43315f6,5ea74ea1fb3f711081d6763c,0.10475142781430605,0.014593549933999058,0.08440091615637782,0.01448265876620007,0.3424415566718496,0.3523058712887979,0.059564842750887505,0.027459174938285934,2.4675568528830882,0.8386510259200229,249.97335666457874,0.5843429636533085
983a1ff0-e14f-408a-a807-2e1b1cbb2a00,5da947c15854ba0011d3a88b,0.1790049049012611,0.007773573279772338,0.021724128228289695,0.11513276093038999,0.1229931217829629,0.31008360282716935,0.06432187341708065,0.17896603529650737,2.0828219838222592,0.7717458461847463,185.42814916832958,0.012605042016806723
983a1ff0-e14f-408a-a807-2e1b1cbb2a00,5f4c9e74da9c148b0d42ecbd,0.027535138601499396,0.022896016761461066,0.011762641961345341,0.009492371820458015,0.19121189371102323,0.5701882519327183,0.08659422464618234,0.08031946168454729,2.8421944535146215,0.7108231552476579,137.9597643068993,0.8815399802566634
985897df-f738-4d01-9cd1-eabfa1a4c180,5cb62e9293342300017a72a1,0.009920052262334217,0.03295145835011864,0.015325172984002565,0.062357994694087523,0.3051142085551137,0.15495613480858736,0.26497915053478305,0.15439582759457238,2.012838633842588,0.649586414788116,127.3620329079248,0.6528623629719854
985897df-f738-4d01-9cd1-eabfa1a4c180,5ee4a9a018f5a91af3e985cb,0.05540745457234589,0.031800908304852216,0.022606873402547183,0.008333528026758097,0.2992623767983781,0.19360981778764152,0.3866273376738793,0.0023517036846728077,1.341400552159277,0.7166781234079284,110.8204428733654,0.1574074074074074
98666aa9-2a23-4a64-9379-48541d73d901,5e2f4df549436751a44c8d8e,0.12869838972552305,0.03184328616887176,0.023463703336086935,0.033396975719195594,0.08204557858690771,0.5036225271899865,0.17843412501492076,0.01849541340389921,2.71304287666714,0.6815867714159123,134.69820088305812,0.05128205128205128
98666aa9-2a23-4a64-9379-48541d73d901,5e4566e8f64db704b739b757,0.15692060070554054,0.046184430507203916,0.03848589024598845,0.00741921167233849,0.15422692854094638,0.435011480999158,0.15277823259129458,0.008973224570782808,2.0138227841744873,0.7910041866950351,141.45443581711763,0.5861678004535147
9888a348-46ae-4941-a37b-b1955439f958,5dae16d241fbb6001160ce72,0.053381992666069016,0.04149045873127349,0.011342340135098597,0.010931660478035092,0.3743980763511219,0.2695255974114842,0.023826986121035534,0.21510288718509465,1.8391200216062713,0.7547181929610594,168.13943055519061,0.9958563535911602
9888a348-46ae-4941-a37b-b1955439f958,5f113ec4c304894ad573296c,0.0694064104020131,0.012027779644487476,0.03833099408778614,0.29413666088505785,0.1583111294749928,0.12887843538072444,0.10527417872388128,0.19363441088757594,2.2706781307401447,0.7977803619762609,207.8548282153132,0.12181122448979592
9896ff79-163a-4954-bb77-9b93128f5c4e,5ef865fa1fb3f55b2f7f3f74,0.019378964229590973,0.044304745465203146,0.03651939699707687,0.016908551633821267,0.5853622408347021,0.14512678330387435,0.06364983376098689,0.088749483798322,2.15607283741707,0.8222556273397006,252.92350958713922,0.9619611158072696
9896ff79-163a-4954-bb77-9b93128f5c4e,5f1a93900aff791b8c4444f5,0.08178975691040528,0.010992180997700073,0.013075569543851646,0.1307488020287814,0.3185536021203309,0.1863901097985014,0.0847072143490673,0.17374276432033656,2.5951825807673634,0.8447104711988882,257.2731999833456,0.09121621621621621
98cd0271-761f-46dd-9fca-9d2de62d2c49,5dab7683c514d8001730ae4e,0.016767304014588178,0.03363612312223053,0.004205548273915518,0.013701263157476816,0.5581504786192378,0.16390228893242156,0.11783408003690667,0.09180291301244624,2.0783467783381484,0.8384064302381763,226.69486943046263,0.8090976882923192
98cd0271-761f-46dd-9fca-9d2de62d2c49,5e2de5a5ca99353d0b03b72d,0.007143452800900953,0.048017083654182294,0.012017640272601816,0.014783354948973357,0.473253265729176,0.23598847082734264,0.05832580645967658,0.15047092441843396,2.753108731711358,0.7616607073566803,228.03269592657324,0.970498474059003
98f5655b-9980-408a-b880-19e87cef1de8,5e4a1730c94447480594cea4,0.04542701960741887,0.017828630114275535,0.013953188297336024,0.0712481923744515,0.3473947808306488,0.13629963430090333,0.03454849209271782,0.33330005965557763,1.9082287170223788,0.8336625263815325,195.2292095486337,0.003472222222222222
98f5655b-9980-408a-b880-19e87cef1de8,5f035993cc8d3253768d9804,0.028685249186400304,0.036513678823548494,0.025970126656905863,0.02113512490233213,0.3626204368422244,0.25240886983350097,0.14773399709383384,0.12493251651319856,1.493682115830883,0.7212364067738588,152.45136998505058,0.750788643533123
990143a6-5b72-4ab3-b87b-b3b558bc0d11,5c707aa503f85b0001af8c7b,0.08046111763187222,0.028445026234752115,0.028329230292814554,0.085995106771257,0.2538439035858539,0.21843383968922303,0.15021534883954468,0.15427642672334352,2.7608830996102967,0.7782489554735679,231.47674090419073,0.2751322751322751
990143a6-5b72-4ab3-b87b-b3b558bc0d11,5f39a2f898f81753f878f7f9,0.03169143128614239,0.013380007267645226,0.012290071405399257,0.14785705300108595,0.3194078958678108,0.16187474772007313,0.09308643736438578,0.2204123558286363,2.349340224872132,0.8109157394603208,197.8402709922569,0.023100303951367782
9941102b-4c0c-46cd-a4ef-9c386b8dfcff,5ee9d0dfab4d21000ae469c7,0.029968738626682385,0.012029464632698224,0.016926434194763574,0.08907284684340663,0.3334482622619026,0.10658137185601389,0.22793788327542783,0.18403499878955132,1.0721601549823356,0.7705376013700148,142.07085142034782,0.5
9941102b-4c0c-46cd-a4ef-9c386b8dfcff,5f568b81712ed00cb3759181,0.06341338905580986,0.023495413960828243,0.22292678404013697,0.007823658359205298,0.5489796347883538,0.02893090459794884,0.09655636436274859,0.007873851818582344,3.085667246009168,0.8021735463813894,227.6781736541391,0.9975389663658737
99b21bf5-7a13-4969-81b8-824a66bde106,5ed74a20ac241e1c4dfeb045,0.017238945091709246,0.021507544093157464,0.0021298310159311353,0.011929771885365408,0.38093968035418485,0.4088464644181795,0.10979331898645353,0.04761444414202762,3.6387075891027028,0.7448230366935028,154.52041890122717,0.0
99b21bf5-7a13-4969-81b8-824a66bde106,5f52c941fc18905c7e8f78fd,0.029813930131834955,0.007784618918652841,0.017060794091105065,0.055787636289510584,0.32376626995413565,0.21103203792976907,0.30053855993525086,0.05421615284329152,2.350970292686401,0.767501046429808,165.76382311047644,0.6288782816229117
99cd443d-d3ce-454e-9359-8df20b9f6faf,5bf604c93a46830001a6d26b,0.10358247207545963,0.04415200708061538,0.20792400199241154,0.041269700379489106,0.18176583241460886,0.24824257861112156,0.12824613002865054,0.04481727790756246,1.3227437067119616,0.7831899664522982,150.94144343940263,0.9736040609137055
99cd443d-d3ce-454e-9359-8df20b9f6faf,5c91d45264d5c100171ea8ab,0.039902145410107163,0.0240889792984219,0.03886883557915736,0.03359025280229679,0.47986590459251793,0.15632505362552662,0.062129872213377756,0.16522895650698882,3.4844110216258612,0.6821963476410902,170.7475610766829,0.25
9a14411e-f7e2-4614-bdeb-a4a0a8f7e623,5d5dc2d37bfc8400013b653c,0.031415495777319544,0.03825540669592406,0.08607477649541992,0.02469732187417612,0.36185748184775307,0.2160464075411919,0.1707861138800099,0.07086699527134617,2.7526616055371447,0.8442620954457205,234.92687920787404,0.9054805401111994
9a14411e-f7e2-4614-bdeb-a4a0a8f7e623,5f67c86c73bbcf40f72deeaa,0.014643220155747398,0.02509452808618803,0.005480433390524911,0.02087538713739326,0.739486106852554,0.0857611861374571,0.04406146176971516,0.06459767958944206,3.6791812743472336,0.7683303882636655,197.6659738435603,0.529925187032419
9a227233-3252-420c-9928-c3ae79fb9205,5ea4a34e4085724768be21a7,0.012222820684673754,0.020469633986588603,0.014973936646005237,0.018404448236148528,0.4410655484609663,0.17718982900481375,0.2771871520891217,0.038486630444294186,2.586614317389732,0.7930913055800285,215.28379002585814,0.4681818181818182
9a227233-3252-420c-9928-c3ae79fb9205,5eece89d63352e0c327ddb0b,0.14942611977133324,0.012932761693915919,0.2089892961410333,0.10732738440405395,0.05249015224389323,0.20296559630057967,0.18225741698606474,0.08361127309491712,3.7716873049967163,0.7701018303875551,221.76033875875916,0.008493771234428085
9a495cd2-0101-4714-ae60-eb55cfd5764f,5f0293ca91b83b4294d6685c,0.01944597669898504,0.008994755417468837,0.00716913070792879,0.03323213666830464,0.6460652233772592,0.15020408832586454,0.017399079034581103,0.117489609901679,2.3939014431732604,0.8260573031658295,232.1726349618288,0.8999295278365046
9a495cd2-0101-4714-ae60-eb55cfd5764f,5f0df6c9b64b5107b88cbd4b,0.09997884778900751,0.022806805339183885,0.036787049026763115,0.03763697440592349,0.6082051076785862,0.10370777327720071,0.038371499102891886,0.05250594414365946,2.509855000899176,0.8482431962665204,245.29173049930574,0.04666666666666667
9a54607c-02a3-48c6-ad11-02a5e27812de,5869dec37fbbcd00013974e2,0.017129427809174074,0.022168011952063603,0.00817493365125517,0.04347922042620405,0.1988541722836941,0.22928422311509242,0.2560018415256961,0.22490816943356426,1.7331069817564304,0.8364217950382998,212.11334484194546,0.35756501182033096
9a54607c-02a3-48c6-ad11-02a5e27812de,5f1b1f6a908b2609a62ab7ad,0.1309595330952399,0.053148482911334005,0.04617386561423069,0.013834193240037788,0.28735708143088157,0.24850017381633357,0.2026744930684996,0.017352176908251332,3.834889370584444,0.6856109784285883,142.34381088495726,0.08745684695051784
9ab45631-cba1-44aa-8e56-34f95a0dc699,5ea492e3b1b3620a6fee3b90,0.06452558316437718,0.012703724925484303,0.018876722198875196,0.1076724162652844,0.5233271997593729,0.13237710152801735,0.055121557908789844,0.08539569413659341,2.2327303503669578,0.8003959118980807,217.87381636661104,0.9563279857397504
9ab45631-cba1-44aa-8e56-34f95a0dc699,5f8e2a9201810e1f2b9f63a2,0.10119731199353975,0.018449734863320983,0.07971845424461631,0.0811729530845744,0.15162344817871778,0.34262424541222863,0.13972483260704063,0.08548902033280036,1.7947380138504416,0.7967189274015166,197.20842002914839,0.49085659287776706
9ac1cd72-36b7-4fe1-a870-d35801fae201,5a79de1faa46dd00016b3a60,0.007871225757109376,0.07428651891740057,0.0036264057208733646,0.018612695777422864,0.2703336160447099,0.20652224214984938,0.2982680182293312,0.120479277750489,2.9283427675307965,0.8304858048727789,221.990548583205,0.2529137529137529
9ac1cd72-36b7-4fe1-a870-d35801fae201,5d1aadf961a40900171f6931,0.013294444683937576,0.010721565392215823,0.002690773415245485,0.02356408963440273,0.7681589769849324,0.07961910534753144,0.04928548318760029,0.052665560160308274,1.5285944270173786,0.7527853586824751,141.73618884731553,0.2776946107784431
9ac941a3-3b04-4bb0-8cb1-d6dcc2583b93,5d5dc2d37bfc8400013b653c,0.02917400268845096,0.03182900567850773,0.026945452168343723,0.05582549041807971,0.23247835931564503,0.2745678503879203,0.20974146782318584,0.13943837119568347,2.1022583562197665,0.8390599645410152,218.76188408758225,0.2294557097118463
9ac941a3-3b04-4bb0-8cb1-d6dcc2583b93,5f5127e45185c93094565dcd,0.02972013885656122,0.018826268280288324,0.015104641771119849,0.047274917447355895,0.15883820236541407,0.42104668972761927,0.1351347706988748,0.17405437041546537,2.226355759936125,0.8309641398301781,207.72292456527276,0.7840409956076134
9ac9b18d-66a1-4208-b2bd-4f249464632f,5e79352ea4d7d30d65532c51,0.012546920682714832,0.02674815736442041,0.015036228756382965,0.07872817699912879,0.5004731181211061,0.10256230527061505,0.0746316338611456,0.18927345979073587,1.720756728713178,0.862488414263223,251.07988747299868,0.7237464522232734
9ac9b18d-66a1-4208-b2bd-4f249464632f,5f1b2282a3103e2caff2fd7b,0.04197314875813286,0.04874822093446399,0.03366111623844286,0.006947521248128135,0.37359693523765514,0.3909358485859635,0.06332803241693405,0.04080917578447088,2.086968396059553,0.6913342645262239,129.9702884622559,0.4531791907514451
9ae602b5-4040-441b-b8e3-a9cae93d5b43,5987c9f26ab9880001b5b04d,0.008147529319637192,0.043040667563766885,0.009827427662969512,0.004933811911178319,0.6503676259898568,0.17812326443420032,0.07934404216317277,0.026215629809830745,2.6698277427371435,0.7966657024855114,216.97384466666924,0.4713411240957151
9ae602b5-4040-441b-b8e3-a9cae93d5b43,5c57d2dccf1cd900018d7226,0.05130278409425609,0.032241346282543014,0.039319964396651114,0.035238973334437054,0.43675067964360526,0.22003508225155352,0.05640043670832596,0.12871073337728578,1.7469548998276332,0.8015406421481751,198.35024636332847,0.35827664399092973
9b1390e1-e5fd-4288-8a6c-09d0aaf970e9,5c2d2bedbe01f100013be5c7,0.04777008265845978,0.05376972556915769,0.017733302131960643,0.005756991967410533,0.5063777048712231,0.30341655461004136,0.02986614342555184,0.03530949520293267,2.3542503898223663,0.7204861449213593,139.0513670906189,0.8374032162001191
9b1390e1-e5fd-4288-8a6c-09d0aaf970e9,5ea1fcf9dfd09210e8645727,0.056398212992011344,0.02774266964649127,0.29531608388169045,0.02421272149663716,0.12083681104471337,0.2279057842442534,0.1346849224227003,0.11290279451276905,1.218215866091826,0.6445695186182404,118.62180551223925,0.007972665148063782
9c512190-7d6d-4425-88a5-6a6179ba2483,5e8b9c7054a5cc07dd6e174d,0.1349957134515185,0.02685356792088952,0.3500772359158191,0.05741505780004136,0.09227705490801541,0.1182439757883027,0.1678439093714713,0.05229348457245817,2.2462234363546383,0.7389015932865742,161.43242165032717,0.2038765254845657
9c512190-7d6d-4425-88a5-6a6179ba2483,5eb9af967fbf4b0d17bbe946,0.013105632294005382,0.0621623999881064,0.006811091927119507,0.006209331898046705,0.41241259478710884,0.3634236483317435,0.016878816576859818,0.11899648376603218,2.1388728207537775,0.8617589238262137,242.50693163833725,0.7912568306010929
9c86967e-584f-4f82-9641-5687a9a4652c,5f55b2de5c3cb118507479f5,0.050381790870168655,0.008692319420280023,0.007101209209400282,0.041075374076532764,0.09416974418791446,0.6109841783108233,0.10939489980772658,0.07820048362824066,1.4217677778845716,0.7169920411767435,145.20481878281015,0.0
9c86967e-584f-4f82-9641-5687a9a4652c,5fa0270a0f22bc03bd0380ee,0.016569007943821795,0.02531000051365228,0.001957349413699344,0.013242779351069826,0.3511207013099243,0.38415980744952277,0.13816605876238566,0.06947429653753497,1.7925891866015766,0.7175675639962479,135.32257854357903,0.0045871559633027525
9c97e6c8-6303-4a1a-a245-01873049ae7f,5f00cc127086ce2029ae6541,0.13358065593177867,0.015635506360090607,0.16365594153717375,0.12139979240346453,0.22247150819306208,0.15155488624814642,0.1389823763783946,0.05271933279789771,3.251691537744806,0.7716338154398741,260.03247150527693,0.8951667801225324
9c97e6c8-6303-4a1a-a245-01873049ae7f,5f1e9b5ffe1f70029559f24c,0.17048988605789392,0.014684417125974087,0.04631045854489085,0.10262995790452208,0.22120141723334535,0.25105328380078973,0.0653423992554236,0.1282881804042105,1.8167352308368232,0.7316741789174426,143.64589205647266,0.1650294695481336
9cd43649-cd28-482d-a29a-001d6e1e0aee,5b32599cc8e94a00018f22a5,0.060884187558296846,0.021802190792019633,0.10317453389670012,0.01836808038654154,0.34208696931168625,0.28266993499856286,0.15368622998432102,0.017327873048494907,1.72061245203751,0.7367952746398404,152.4747631816282,0.7280453257790368
9cd43649-cd28-482d-a29a-001d6e1e0aee,5ed6a20e56cb1a0f7f8f7d20,0.01475384513016749,0.018335704283422148,0.017137405494991258,0.029224053641041796,0.4768234594409273,0.2420977560870756,0.021026070578393976,0.18060170490032143,2.0774017380703262,0.8289362473224323,231.07013949311508,0.9222412807318467
9cf9baf0-2a8b-4b45-a7b0-416629bd61a3,5d49b7be18ecc30017428cd2,0.03173904899140933,0.02709858236494443,0.00950646149033035,0.02629031304086058,0.49225779021237226,0.28900461648785924,0.05952523411452028,0.06457795200956493,1.6154091533799435,0.7986049385627693,186.84685985066437,0.4924297043979812
9cf9baf0-2a8b-4b45-a7b0-416629bd61a3,5f1ba4b61d8b7c3adf75d9e0,0.01257423713836281,0.027889841969979207,0.006299698403794449,0.01574257322484611,0.5503385558296973,0.1324519555246274,0.13522721158353865,0.1194759259920335,1.948573182044214,0.724411866453937,197.42075182427206,0.7255297679112008
9cfb7453-92b7-4e13-aa0d-32b6793ec1c0,5d5b64a224470200150a9cf1,0.031590536113240024,0.022840085483814554,0.04386095205270993,0.033142820336411166,0.3566728247457728,0.32471362803918424,0.08108525465110379,0.10609389809110902,1.2840215162579234,0.8239363970212352,223.49793994154754,0.5906562847608454
9cfb7453-92b7-4e13-aa0d-32b6793ec1c0,5dd1dc9110420023be388e5d,0.22501312362165307,0.02258548405185766,0.07317480786151616,0.06758681287681585,0.20695054334962465,0.14719456068636627,0.19150596150929497,0.06598870531069292,2.090339174180693,0.8149409114031272,200.0483923406073,0.6561922365988909
9d35eac2-723e-4359-bf7b-13061d713517,55ed87f0748092000baa9a0b,0.07975825931357186,0.015020390391778271,0.0412723230945168,0.04053344877861536,0.1527134168000432,0.21293017215612361,0.3741367586240613,0.08363523105212171,2.2701525143677213,0.6988396318370619,134.2462422250092,0.4018856806128462
9d35eac2-723e-4359-bf7b-13061d713517,5e53f934158f1d3e9d2d761e,0.028662713156926676,0.01658155569971507,0.012301648906071466,0.027979532847426925,0.4831640318943209,0.3038479834145825,0.077780110922102,0.04968242480373173,2.3080737002786944,0.7586946948021899,218.3114782168424,0.0063025210084033615
9d3808dd-d448-42cc-930f-1dd15b383f23,5d6807f9778de5001a120d9a,0.10240333244311849,0.007520268853860198,0.02223519615330174,0.08486845369371387,0.15891493315403832,0.3950847239818066,0.06344491664921169,0.16552817657401775,2.2341191863862795,0.7858822056066364,161.22196691695729,0.6481481481481481
9d3808dd-d448-42cc-930f-1dd15b383f23,5e11882114ae638303c715d9,0.03938678224453031,0.028734044019252745,0.05687320626552006,0.01376929344589948,0.3029162872941549,0.37626643907058166,0.052667276355010076,0.12938667108792778,2.508144864512434,0.8007307594581788,195.83889064236482,0.6816283924843424
9d592e7e-554d-453e-9e3c-80512508147b,5dbf9446a3f5cb419e9d28c8,0.12739563777109877,0.02737205295808173,0.02785336749747425,0.0402136807950502,0.40270400398787864,0.1985036928495264,0.06289617531645668,0.11306138886011378,2.3388446289887423,0.7538153140289364,189.60449293097918,0.8522920203735145
9d592e7e-554d-453e-9e3c-80512508147b,5efbbac9041ae7163c083d36,0.10174508613333416,0.06924827114370795,0.044634515900274105,0.023707001430069544,0.2869313822057478,0.2430824701840456,0.2135490611216463,0.01710221212885246,3.4833032454374444,0.7040331921467964,174.04461885357202,0.08433734939759036
9da99b7f-cdca-430c-b8c5-260995719f0a,5a693e48c0d8360001082fda,0.10812784144554681,0.06308238923284686,0.02507809240764859,0.007034938863775234,0.4339017491282465,0.27493369424392017,0.07478356131499388,0.013057732816169468,2.105128092289767,0.7113148285758132,122.19091294393556,0.3111111111111111
9da99b7f-cdca-430c-b8c5-260995719f0a,5f055b6ca28292863f750383,0.014146826100589092,0.04947810298758702,0.005950432436587441,0.008307877889142532,0.5276829815923172,0.163055513851653,0.04219207542522799,0.18918619015156607,2.546033807708325,0.787617029750397,187.10226739242094,0.8125
9e11ca71-f442-49d4-a9c0-3c7ba4afa275,5ea6467fe88f00661eb5638b,0.05201651584540126,0.020986141561406536,0.060955771444738883,0.11637666130742624,0.21047893660679995,0.11797028671917367,0.09879970861738013,0.32241597792284826,1.5757223605534356,0.8555938515208581,228.35778894667075,0.9144736842105263
9e11ca71-f442-49d4-a9c0-3c7ba4afa275,5efbd589ceb6b9190882911d,0.03766404597604683,0.02199292219505501,0.005967636831507663,0.01928377631384663,0.5886214777877896,0.21816822127534444,0.03130474752047122,0.0769971715056911,3.00678714620001,0.7655366102998933,239.5502919690184,0.6220735785953178
9e2f24cc-108a-4c24-9fac-c07635299a98,58641c3bdb3e720001e22831,0.03737135073369464,0.03935886614807385,0.012950931438053205,0.011111051379206123,0.2636713436457581,0.40411381209433267,0.17137499196791114,0.060047653094572745,2.183626479167267,0.8629423376618304,222.4315284933484,0.7332613390928726
9e2f24cc-108a-4c24-9fac-c07635299a98,5e2f4df549436751a44c8d8e,0.14789697957061113,0.06802969171491964,0.11631378291631983,0.01916477343335328,0.21970657745323535,0.3385352058430822,0.04208853095620853,0.04826445778451056,3.4988212962918217,0.7368674575826787,171.8027673688447,0.27864992150706436
9e568fdb-cf02-449b-ac55-73ea9f54c89d,5df40839a1f3612e51ff72bb,0.07570263219506936,0.0319336202779581,0.07717701049594729,0.040616052151669406,0.3552984542190678,0.21420567381796785,0.08321307831749801,0.12185347836803674,1.0819770828777768,0.8750645965308792,227.02330490660455,0.796193497224425
9e568fdb-cf02-449b-ac55-73ea9f54c89d,5f568b81712ed00cb3759181,0.04720815103587106,0.03153534981242875,0.1371249708153609,0.005863416925866749,0.6690563805666263,0.03497579540196877,0.06488569122509631,0.009350244048861811,3.7467773921792142,0.7974390848842197,239.90803192548228,0.9950166112956811
9e7cba4a-ddcf-4e84-8892-6759fbde7608,5bd0d9bf25db7b0001786a5b,0.017567622272335798,0.005296378328533292,0.009679455747092334,0.11368741404905297,0.2011830463404871,0.1917973046745989,0.05033727905018134,0.4104514998125169,1.0650307923258355,0.7111291577359744,127.97044031289873,0.0
9e7cba4a-ddcf-4e84-8892-6759fbde7608,5f08bea1c1c4e111f286d7d1,0.00655821497617112,0.006034544495467466,0.0024059807151161025,0.007356449473063863,0.8419984887503639,0.08715071184802281,0.034164894614525265,0.014330715377388274,2.981240201465904,0.7076095187295872,166.70458888241254,0.5457831325301205
9eb57b35-1f92-433d-9510-8816c2b58793,5f5452df72345118f58d187b,0.15889350101198138,0.016086744974721505,0.03169313750856215,0.07605006163476696,0.09518708464275326,0.4542123736520943,0.09351186668848463,0.07436522960098181,3.2137954781292417,0.8029365783658039,207.8293075801553,0.21218836565096952
9eb57b35-1f92-433d-9510-8816c2b58793,5f674f8b8dbc2b0416c59902,0.12524042554473214,0.011634403500976847,0.020837462730571323,0.10941407799201437,0.17800250246245922,0.21135929298583597,0.1879181794814532,0.15559365559407345,2.095550362679275,0.7068583641301693,168.92893567827664,0.028469750889679714
9ee40596-5568-4bcf-b30f-eb5ef832e438,5e702661ff04d660078e2be3,0.007590315545617664,0.03258819350851615,0.003374725355701546,0.009309243442341448,0.5106024339921004,0.06619864481994056,0.024736620150833433,0.3455998235951749,1.285081244771773,0.7098630778052539,134.90609102411014,0.9045383411580594
9ee40596-5568-4bcf-b30f-eb5ef832e438,5e8ea833d4e24915d6880320,0.011828542713051157,0.01018730192062167,0.0035326970297772306,0.03396573381901629,0.2376635073646226,0.4252381689088655,0.05936840353122625,0.2182156440094988,2.417254629496632,0.7718954121181051,149.32254814239135,0.35030728709394204
9f21526c-3feb-4ba6-9366-19a6c78fd8cb,5df3b781ff28a82967d0e41e,0.07493695023541264,0.014152520092335509,0.0091193357248229,0.03280088630779522,0.014869390660001345,0.6816587195182459,0.12904369698312032,0.04341850300373218,2.410689091820196,0.8548623065676575,224.78889714208034,0.0
9f21526c-3feb-4ba6-9366-19a6c78fd8cb,5e3360a4499e7932901951cb,0.14563037857707206,0.004327977395556747,0.01829088528864046,0.18839729132163785,0.13241718131683616,0.28242376049742257,0.15648649609095502,0.07202603289190967,1.9657019016613502,0.8026074825411984,175.65588651152547,0.0
9f3ab90a-2c3c-4774-a703-f6188d446397,5d37c1724803980016b2207e,0.08686664125865258,0.031101680098450858,0.08621185313052422,0.030888134093022598,0.416803065638514,0.23148633095733465,0.055407688145835035,0.06123460717218685,2.653543495620119,0.7788412615143846,204.21539242099394,0.33301707779886147
9f3ab90a-2c3c-4774-a703-f6188d446397,5eb0c3f05aeb111911ad74de,0.11977555277071265,0.019690213172446694,0.04135246462356516,0.09479582824711584,0.29267451934415817,0.2332716521489363,0.10715681962743043,0.09128295022222989,2.89243317786379,0.8030066105605913,206.70184336312352,0.11431513903192585
9f3d1985-bfa4-48c5-95c1-a38d4a0dd4a1,5d5162f1b50a1000169da137,0.009877423431990795,0.06974164721571928,0.008866043149750698,0.004705146528714909,0.7100915353950364,0.09885815347535798,0.05461661225637173,0.043243439154617216,2.649372107925644,0.8197995114250858,240.29337222628044,0.2974683544303797
9f3d1985-bfa4-48c5-95c1-a38d4a0dd4a1,5dd61a909ca8a35c14d8d610,0.19966174253462102,0.015775194352667696,0.01849000838135242,0.02313858825284958,0.3335450523518613,0.32957859487330765,0.04009617849007007,0.03971464139428412,1.6764583663920298,0.8471544542817192,233.4854825965888,0.217866323907455
9f6aae7d-7d98-45c1-b2aa-b9ea12b6b114,58ae59babb9e0f0001acb414,0.028695409086959753,0.07819986374482286,0.00806775781947819,0.001600559816042236,0.38174020983457974,0.3934365892422577,0.01587652308327959,0.09238308790013113,1.8661586007853752,0.7623428003795097,156.4209384285389,0.8563829787234043
9f6aae7d-7d98-45c1-b2aa-b9ea12b6b114,5efb5f77ef19f50a68564191,0.162369293840885,0.0076804974495919935,0.024547535525598227,0.10251902829728479,0.12241858106019292,0.4414363425102895,0.0925902563694983,0.04643846519831386,3.5313252959365844,0.6995070285223323,158.7432355197128,0.08170212765957446
9f7552be-807e-4715-8c6e-4afbd422ead6,5dbc46b70338051eb7999760,0.11775843822821103,0.028624698435286904,0.035545356570901875,0.14345783023775413,0.1994339983740178,0.2397942423616967,0.10589269398772716,0.1294927415257958,2.012511398973466,0.6493684995350698,225.1849760255596,0.08362676056338028
9f7552be-807e-4715-8c6e-4afbd422ead6,5f0107db94097c2544c516e6,0.020619165035896,0.0055501741735497,0.00246433167558275,0.009464142203796601,0.5519341342151164,0.34618794673588127,0.045618340460350695,0.018161859363317448,2.539093971439699,0.7957235710734765,212.39389495595623,0.42857142857142855
9f9e6ba5-d57b-4378-8d44-4d6a21c088a3,5dde8fba82f458000c8c7c75,0.06289420674037256,0.03877457067832477,0.010863956798063259,0.04786903950688631,0.3665164060549507,0.27524098705226485,0.14312766215767483,0.05471317093811904,2.0385930144341375,0.7474751300185859,135.84895129620907,0.23809523809523808
9f9e6ba5-d57b-4378-8d44-4d6a21c088a3,5f0298ad4a1b58435567e7d4,0.1231683442680807,0.032338510574098214,0.045861202012417314,0.01805340473793687,0.41620480942212723,0.2664329336889249,0.08291443712056867,0.015026358967499254,1.8690526356824786,0.8199189783677615,202.6175944601681,0.21195652173913043
9fc87799-741f-4741-9b8e-80de2b3a7149,5d1e5e30a043ee0019453932,0.168227888116237,0.017751506159809822,0.02622682500595399,0.03034495691375031,0.1714238566217122,0.47432220404644426,0.0580478776912503,0.053654885914375,1.89062957476781,0.7167182971104267,137.0863266142127,0.8791697553743514
9fc87799-741f-4741-9b8e-80de2b3a7149,5db3a4ad4e72fe000cfb3dc9,0.053110127947346986,0.028462111824160037,0.0071767298675262025,0.024499602318163678,0.41206245146177883,0.35220963790805193,0.028872482774951264,0.09360685640370746,4.2186965831699235,0.730942985111597,189.43289690276507,0.8426778242677824
9fe28434-f888-45db-9294-c2db96be095a,5e3f6b251d15101c5251d8b7,0.12387022045880593,0.006563120466231837,0.031954730326924134,0.0842902318767683,0.3331438266309356,0.19664517597192932,0.06180678467336924,0.16172590979485585,1.9976684502652613,0.7913189517704193,157.07154718008903,0.00984009840098401
9fe28434-f888-45db-9294-c2db96be095a,5eb35a554ff34414ebb41827,0.05740658359609481,0.018990903604322543,0.01755888720703742,0.017540370024474145,0.566497085028709,0.20792372572196485,0.0775134530755357,0.0365690013510347,2.968431484080684,0.7348947288049714,193.56946479669344,0.5
a003874c-1d39-4924-857f-94a865951ae9,5aaf4b0ce1546900019b01de,0.07540909404960891,0.016922250234030427,0.06931338235263265,0.06586519228923576,0.3781059983394875,0.22151431015140313,0.11121209877376727,0.06165767277636255,1.6365517847627875,0.8442777710297962,231.86815058505636,0.346336822074215
a003874c-1d39-4924-857f-94a865951ae9,5fa6006c1355231e6094a472,0.01749119776480479,0.01911874128682796,0.014027853133859128,0.028619949325759213,0.41109603711988696,0.2659890870821971,0.13520403236946715,0.10845310235025332,1.7466528980492182,0.7561636377161947,204.8473483335154,0.831858407079646
a019bea4-16c0-4620-9e61-7342df9a21c4,5c90fd5c26e3ed0001989e17,0.15634333127956107,0.03346449934044001,0.18394296639574717,0.021468912024052173,0.2470829059104293,0.26580095823168776,0.03115353871093213,0.060742887856675684,2.0892584633009013,0.8243420834573354,221.4089696072206,0.05110220440881764
a019bea4-16c0-4620-9e61-7342df9a21c4,5e70f556ff93c704b41b2b70,0.2021708970515197,0.006206465337035553,0.037373856940497344,0.02583740902674238,0.23211773087460247,0.28482265430647674,0.1157188512864352,0.095752134162467,2.27570823196751,0.7660526872442771,222.04438797942166,0.044890162368672396
a0245ade-92fe-4e22-9485-4f102adef301,5e95eb91a72181035dd053f3,0.018283526889196527,0.026474710333852257,0.01029574963233862,0.014890675005407061,0.1666618918247963,0.2852129160003097,0.4326095973307172,0.04557093267837852,2.257786799268956,0.7770870442572718,202.30408456592298,0.2777777777777778
a0245ade-92fe-4e22-9485-4f102adef301,5f6cdde7a8d71310b06e402a,0.023928677942941384,0.039793425863342946,0.0030150627269578643,0.015676614804137887,0.35799409152402345,0.39254081008736397,0.11846394248599397,0.048587374157384115,2.0971931604946263,0.7717469786306594,214.5090442779989,0.13766730401529637
a026aa58-bff9-40c8-ae2d-4d007a9fa279,5d792a20c0a7b8001879154a,0.04149222899495286,0.03776368718231892,0.052174596430719554,0.021593276504276747,0.43999712896924575,0.2217045177991001,0.07805848916272369,0.10721607705771215,2.5320540969781105,0.7209119467410293,140.20843298357534,0.6248492159227985
a026aa58-bff9-40c8-ae2d-4d007a9fa279,5ec6e4ebdab574105b1bf4d9,0.06242553291452945,0.07032871066414267,0.1292844145406225,0.012056913679363675,0.3467346099486945,0.22693922541762873,0.10804113939422356,0.044189453169563936,2.19418285155823,0.7191200619128517,142.2311730037379,0.4205405405405405
a05537d1-83db-4a99-8d47-d6dc9de254b2,5ec81134ac7d6b2b9ac51453,0.08946470981886541,0.013000423094551425,0.06772792033899915,0.0373333018314009,0.41005603231668597,0.22418985078466416,0.06683087600170119,0.09139688503779399,3.149691270822908,0.7498531445633878,159.58160878218823,0.4484233030464992
a05537d1-83db-4a99-8d47-d6dc9de254b2,5ed74a20ac241e1c4dfeb045,0.020781388344929173,0.02234987084829721,0.002192246694147292,0.02818444477531776,0.40064685619395307,0.3233751418561517,0.12846177708937845,0.07400827570158353,4.592513444605777,0.7206297171689642,172.64161565653825,0.0
a0631507-f0f8-46cc-bd93-4241f86a30b9,5dd2f7403c4937312433cc11,,,,,,,,,2.025812642743622,0.714126700750295,132.1746021673579,
a0631507-f0f8-46cc-bd93-4241f86a30b9,5ec74aa8015f9f1a3452eb05,,,,,,,,,1.7527706840078803,0.7833294300282416,199.02075556808566,
a0e51b58-9a86-4aa6-8949-7fa6bc2419a3,5f60371e80ea02132146968e,0.014537122848707677,0.011048239468952127,0.008495980537121665,0.0069739074178050125,0.8000951682030789,0.09504423609576851,0.03225989580598874,0.03154544961332165,2.213210397607328,0.8100459197766486,226.80834865873334,0.8626865671641791
a0e51b58-9a86-4aa6-8949-7fa6bc2419a3,5f9c9d259e7c0a17abe03413,0.01454960919973039,0.0400244500954993,0.06268648591066994,0.019111684593025743,0.5352963469132667,0.13791789242537442,0.10560285082617732,0.0848106808348443,2.5735548175566807,0.6660652950906767,145.98561229817372,0.9202626641651032
a0fa52ba-5843-4519-beb0-57ea126843c1,5df58b28ecb3ea3ed1ceea37,0.01806257719872608,0.056317325569292004,0.00712862822570079,0.021435791687274785,0.3867059950967512,0.26303679613285097,0.07126951913591921,0.17604336740620116,2.130899096531442,0.7902786871229495,187.8234308847558,0.2388663967611336
a0fa52ba-5843-4519-beb0-57ea126843c1,5f9dbe7b71894b333e8722f7,0.07540691521357029,0.026006653667077047,0.04060091859602802,0.10398204727297601,0.09867164198812307,0.3505188509931495,0.13177849546130596,0.17303447711746228,2.1558809983834175,0.804495560342455,222.96604162581886,0.8377518557794273
a11b4483-4d49-4486-8fb5-dd79e7bcdcd5,59877315f8b162000167a2c6,0.02462456005801778,0.025200947437490767,0.00849890877507135,0.027134168842272065,0.3432374472933505,0.36993529829135197,0.12950044154732526,0.07186822837086962,2.4370878485319083,0.7361458150943823,164.58260347950818,0.02097902097902098
a11b4483-4d49-4486-8fb5-dd79e7bcdcd5,5ec8595410d64c343d8c7f2a,0.024992874246814137,0.040386005906055567,0.022589039142121046,0.03367058657934975,0.27217623644138383,0.29326956464408055,0.20670523966379348,0.1062104542195297,4.9775820377289035,0.7439049185042548,205.8990815362655,0.42278860569715143
a13226d6-ad1f-4952-8f86-cba2bb920f69,5dae16d241fbb6001160ce72,0.10739650292253233,0.013404722409408083,0.009163641896784579,0.03605414760588232,0.20343436970988887,0.5138514271422303,0.0519210080762645,0.0647741796910381,1.9992796034450164,0.7843475922972584,171.60400100127714,0.002191380569758948
a13226d6-ad1f-4952-8f86-cba2bb920f69,5f1664b2988fa11bd92ee0fb,0.012326169864956112,0.005752887986343203,0.008039111369491567,0.10058538276686141,0.0804393976986834,0.20435196165534464,0.5112136868442936,0.07729140116213598,3.0404502860586855,0.7250083856128381,169.83159959513745,0.20833333333333334
a16e426d-757b-44ea-bd45-1f04912427c5,55ed87f0748092000baa9a0b,0.0682238634526844,0.01250907032902005,0.007307621478729352,0.01008412662656077,0.19512729301882575,0.39685690671860396,0.2693515535971989,0.040539565697762105,2.1068948043967874,0.7006606239546291,131.86368331736455,0.046181172291296625
a16e426d-757b-44ea-bd45-1f04912427c5,5edb269fd20f6b7884b4af69,0.020243293207462317,0.022399439352126186,0.011611557704994453,0.012749104054492555,0.16210972499643309,0.23984451923622957,0.5086974274051517,0.022344933610165898,1.5134149383377922,0.714400615332034,132.45624988753218,0.8561151079136691
a1a0b592-b2dc-4abe-bb4f-a29ecb6e88fa,5ef831c97dcd65573bbb0649,0.016431105905016553,0.010145645525848792,0.005719740087900673,0.010354146003529867,0.6584579265727776,0.0964469175869394,0.19600646756714504,0.006438051162257218,1.1703309676554885,0.7807302335249007,127.01292462990106,0.02137546468401487
a1a0b592-b2dc-4abe-bb4f-a29ecb6e88fa,5f0c61f219803a07239a4269,0.10300258020704514,0.024319692975493065,0.05819117874887321,0.04068200565336919,0.3796251855420743,0.20530066240672556,0.09913640429348276,0.08974229054331492,2.0041174823732133,0.7819785931356923,229.64996861681283,0.7988826815642458
a1a433b8-85da-405a-b082-5bf13c78b751,5a79f14a8fe2dc00010593eb,0.03905543700839787,0.05360414887643135,0.038121085746207956,0.016979700495057565,0.42360328265455166,0.2531022274080119,0.017643793055360558,0.15789032498825936,2.2435135222976443,0.7826971763309475,205.9906327305493,0.8922345483359746
a1a433b8-85da-405a-b082-5bf13c78b751,5c707aa503f85b0001af8c7b,0.15029848966508413,0.022697101282093488,0.058678761824276005,0.059423970913273554,0.4345112870119053,0.1300710036987231,0.08919471753962725,0.05512466892301845,2.2406108175451265,0.7751852596266612,198.99352581270747,0.47368421052631576
a1ab2d0e-1546-414b-945e-a59bad758e77,5dd5db1ded7ea4574c7bc996,0.11949648191277704,0.02041983911340922,0.05392191233965612,0.02338946318549233,0.4197245129623597,0.2623024822563492,0.08685375061698504,0.013891556773952813,2.6144920829458336,0.7439207854069795,151.91926266616366,0.4867337602927722
a1ab2d0e-1546-414b-945e-a59bad758e77,5eac6e70e481222bfb2a8872,0.11274199905330799,0.02263912373083012,0.0206397200897748,0.0415752683530851,0.4393896436104729,0.16486026178048632,0.028563320441393696,0.16959066262394537,3.0578506779492383,0.6199065843251361,158.24421407752067,0.6628308400460299
a1d896c8-6307-47b9-8920-0df5711298cb,5efbdfe2d66b1418c2ba858a,0.007448986830445191,0.019019830622783306,0.009002745268419394,0.008876057971336209,0.6892649996079139,0.10355271462947202,0.02238942015163521,0.14044524408524095,2.687454147027246,0.7912444655130179,214.05692186602104,0.9556692242114238
a1d896c8-6307-47b9-8920-0df5711298cb,5f14cf327627fb00097f9a8a,0.04443254954641216,0.01558352637475166,0.010512519183094114,0.052149556864956835,0.47736060217571635,0.2376404300020633,0.1179430664366074,0.04437774873124461,1.488876702538231,0.7472497252907533,173.8045673776696,0.034482758620689655
a227353e-886c-4ccf-8195-0dffe3d28406,5f469dcf5fcb5d0355771013,0.0856563959642281,0.006822130931561025,0.024847993267818162,0.0862453555254477,0.16414157412735897,0.3735692235334649,0.08984102318214642,0.16887630372090756,1.2831070264932958,0.7984320340006757,158.67834303224564,0.07464788732394366
a227353e-886c-4ccf-8195-0dffe3d28406,5f55b2de5c3cb118507479f5,0.09742051311532025,0.009088804721064759,0.009853957302705735,0.032483736858621826,0.07830437539560968,0.660038667619543,0.06724990010484247,0.045560045082328936,1.206606512555596,0.7743784897199897,168.51892577412696,0.0
a229f290-64dd-44d1-9794-6f5269b93a71,5dcb55b60133ef83a90f85ac,0.1621280319908941,0.028429957165195564,0.0240711298848539,0.039213230441647116,0.18204858732530682,0.44682758020037394,0.04119539273710467,0.07608609033336411,1.7837567970389536,0.8455351882607818,217.16932773059932,0.3640661938534279
a229f290-64dd-44d1-9794-6f5269b93a71,5e4ce1b969ff371388c86078,0.04556660684064588,0.032222923228740125,0.01211612733318925,0.01882060601359495,0.21888628642519736,0.49880414858343675,0.09573014049035165,0.07785316203385637,1.3965106587908582,0.6366341025165655,120.69187644592742,0.36177474402730375
a22efd38-bbbc-420e-b501-1e0212b50a38,5c75419284e176001254c7a5,0.1136302059097322,0.02291980920225836,0.07200602348762386,0.11760700062068177,0.13668827432246358,0.17282884803372425,0.06250046710027589,0.3018193718447045,1.2295276791904366,0.790559291482304,157.43692833726058,0.43010752688172044
a22efd38-bbbc-420e-b501-1e0212b50a38,5f037eb9de02ff2a0082dda3,0.047992544792498,0.04096169110752083,0.007527520689907013,0.01003753987068347,0.5103429953347298,0.25849772957742095,0.07978936798632633,0.04485061082232743,1.9663770131467209,0.7075782669099147,111.71794962498657,0.7318181818181818
a29635a0-d33c-4ddd-ba70-154170b85057,5eb3ade7c66e621a76d48c66,0.007352037769383631,0.035268840789276806,0.0058076693046904115,0.03633833163384006,0.6390982773200444,0.09257951754822086,0.12583833793428734,0.05771698767800376,4.978951163686176,0.6704136645632106,185.66421815095592,0.29821717990275526
a29635a0-d33c-4ddd-ba70-154170b85057,5eb626e38224d351c2580802,0.027712078393752667,0.07216221350064951,0.03179298042614879,0.013229706800752635,0.6369138434200589,0.08469395004771642,0.08557725205349148,0.047917974760090264,1.7280116412620818,0.7947845974544041,184.6595077829992,0.7570485902819436
a2b86d8d-f9a2-434c-84ce-a72bbc19dfea,5f035993cc8d3253768d9804,0.0534257157093649,0.021024649756424894,0.07500522898294885,0.051924605122889586,0.49281064669188535,0.08303489551222626,0.11574315530131583,0.10703110404027874,1.5248631920469178,0.7616063490235897,167.58979840026885,0.8262108262108262
a2b86d8d-f9a2-434c-84ce-a72bbc19dfea,5f39d80f9bbaf517512eb86d,0.0438609033849152,0.032287104407816375,0.029123643824766517,0.027161292496717816,0.41052989206004664,0.24391427251010298,0.13524825142571703,0.07787464046154642,2.8208020544605716,0.8158830677148492,255.4186717572741,0.5585864848109113
a2c3d859-d4ec-467e-931c-a8db11edfa65,5c5da579bfe5280001448433,0.048470423007033754,0.012426993680296716,0.0809047439922871,0.23459845507256663,0.16176234503004505,0.11016164033241987,0.1777157232309069,0.17395967702443133,1.6892537747491199,0.821972035921909,200.7490908273242,0.1559301625526791
a2c3d859-d4ec-467e-931c-a8db11edfa65,5e718a10031ef50be0aa2092,0.0167331598277693,0.030781051924468623,0.03200441741445659,0.022872628914492196,0.32131032895631195,0.22615633332867616,0.21885282221652527,0.1312892567505298,2.769514185992459,0.785635285015682,229.91461601218217,0.38756613756613756
a2ffbdd2-5e16-46af-b630-c91f90f4defc,5e9c8aace6eae81abf309d53,0.01152602182623031,0.006333310633594389,0.005551034023246238,0.144903543663953,0.1304738761471259,0.19823985217823437,0.09118904735101112,0.41178331409232527,1.9454424433575903,0.8233410020705919,202.0847830642166,0.044905008635578586
a2ffbdd2-5e16-46af-b630-c91f90f4defc,5ec4413c7bd12a11f5d49e04,0.08309617370759137,0.04916958334531618,0.09479564521031726,0.06005139322906645,0.24598114804176224,0.17105999689993373,0.18281521996212427,0.11303083946914425,3.329796235663144,0.8202056032225917,208.24794463180365,0.25749674054758803
a30fcd70-b96b-444a-baa1-2a340bb74cb0,5aaf4b0ce1546900019b01de,0.020142820929326507,0.060470308600183105,0.15016476549599173,0.045865564581359465,0.4884883301232252,0.07771144633330666,0.09692864822589545,0.06022811519342204,2.176592294607164,0.8272133088283153,230.90308668540627,0.4945904173106646
a30fcd70-b96b-444a-baa1-2a340bb74cb0,5e9ce0a46976671ceda6082a,0.03991344596196687,0.04789880558109318,0.06067324941001769,0.004222912467349835,0.39232544421037663,0.29833641766538327,0.1464184121065866,0.010211312247972035,1.511905796148847,0.7448819600126511,142.436348367956,0.2263959390862944
a3293cfe-7a64-4015-b2f9-f678fc7b5c27,5d1ba5653788ac0019ced548,0.04778836933938282,0.017669871227527414,0.013173470765288976,0.0624769276624196,0.29151702023347326,0.29884569957822354,0.11327143486710002,0.15525720761711603,1.871731537811419,0.8530390701388709,231.55512063081298,0.11129568106312292
a3293cfe-7a64-4015-b2f9-f678fc7b5c27,5f5a3a4c829f790a5c6d1ff2,0.016956268623591744,0.08618280538190429,0.021562764060002265,0.014176327149917347,0.5456318980576501,0.14271115002169532,0.08988644794975266,0.08289233877561336,2.3631115233615247,0.831287783439696,230.90055807793712,0.8797927461139896
a346eeb6-7d87-4704-b1cd-b43808e83e0d,5e7e70c583c34c53f6c643db,0.03814910953897075,0.022460296950410047,0.03189099921806542,0.06199740051490234,0.15196959686364586,0.24917375489371818,0.17789558174740547,0.26646325943726473,2.0339854574718657,0.7544224677859646,202.11988449679305,0.7336065573770492
a346eeb6-7d87-4704-b1cd-b43808e83e0d,5f31c7c8152f590f64c8e902,0.02306604461359916,0.035347496699342305,0.014809729950916416,0.01571835879020026,0.437037538643028,0.3380871881401671,0.04967935362429731,0.086254289792401,1.9444797856756904,0.7081224554749443,135.57630656821732,0.5091575091575091
a373174c-cade-4c7f-a3d6-7309f225f37d,5eaa6339b2e5311e8e020396,0.0746374015483719,0.023082945390045156,0.05065731180390094,0.07971043209998135,0.33117598981049123,0.2520309760414033,0.14936894183844093,0.039336001061964415,2.813559099011649,0.8241199952830425,240.71251584295507,0.4167517875383044
a373174c-cade-4c7f-a3d6-7309f225f37d,5f7a71273223ce16be6ec4a3,0.053409259854681326,0.004766871064402513,0.005185342413488726,0.10774578717122651,0.12630050133981172,0.45719103863451566,0.06885945077000698,0.1765417489330654,2.31988781410405,0.7573990650606367,161.5542803634415,0.0658682634730539
a3f93ea4-04c0-4377-abdc-09650b2cb4ca,5a791168f49c9a0001f31061,0.14301045481663857,0.0093254414479657,0.02041522741845324,0.11294436113723805,0.40264309611933635,0.1604895628320252,0.060713255118233354,0.09045860221234436,1.4122752728096317,0.7826147929395081,178.6258097938322,0.16976917349218168
a3f93ea4-04c0-4377-abdc-09650b2cb4ca,5f5fcf3aa5691f099d7ed990,0.04654806266484176,0.009421056177463584,0.0031283552788335884,0.03412896256541171,0.23010137635386158,0.575081519126547,0.07218223926870578,0.02940842841252399,2.7190329951787615,0.7602168667495856,166.64881677747695,0.0
a3fa2c2c-621c-4112-9520-44c2ced24271,561d98e03d7fe8000b0f5e09,0.059246231419216075,0.008878247740901773,0.025706150585331683,0.037495363620742586,0.22659119922811183,0.38641303459078086,0.21647679437457246,0.03919297817952317,1.8791912255808083,0.82939186268634,191.69235243643317,0.0008130081300813008
a3fa2c2c-621c-4112-9520-44c2ced24271,5d437b12e2051e0001a248ca,0.0983910524848952,0.0060240238308198425,0.008634388963426163,0.024657118967719382,0.2070793969613528,0.5171282416833582,0.12007549948949835,0.018010272295542272,1.7884912847933434,0.8040738482952055,215.61376312384922,0.15602836879432624
a4033bd1-9fab-4e9e-bdb8-a356d1916d03,5f2cc8cebc4bd01d61151550,0.111777917953233,0.014875254536305553,0.01502524408444761,0.07606513172352038,0.15033371673867188,0.4559049106989445,0.05464504629115313,0.12137277868872826,3.939744275401341,0.7584046953751055,212.06917442323157,0.5014367816091954
a4033bd1-9fab-4e9e-bdb8-a356d1916d03,5f3441525cafc1321ef51ac0,0.03969119829197736,0.02253112566055519,0.021144194235090938,0.026770865736115004,0.28679670900932946,0.3804575265641642,0.07537179157199098,0.14723658853064894,2.040986811213176,0.7941805982170046,199.44793139033513,0.9236259814418273
a4449501-f081-4b73-bc04-de51a7c61171,5ea74bccac99141164dfceeb,0.02893154122904231,0.028966622209818677,0.029999285386119914,0.027539328004853873,0.640226371668771,0.07093119704468576,0.07369901538204127,0.09970663955290011,2.436008492631846,0.7730945386011832,192.1368321083219,0.013888888888888888
a4449501-f081-4b73-bc04-de51a7c61171,5eeae0b5d11ddb2126b1e2bf,0.2216949555648568,0.024982292156131895,0.14468280840000974,0.06618818625145365,0.19745323248687238,0.22564659328632297,0.06310035295504185,0.056251577659931024,1.513474001719858,0.8128051614479701,214.39198057792976,0.59375
a46d2ea8-33de-43f2-9d04-47a041c5e983,5ad4a9f30f5d3900016a4d8b,0.03042607306376764,0.03174841979096881,0.010187318936312082,0.032609407193865285,0.16143602232317442,0.3840370847542772,0.09791645886842124,0.2516392141698359,2.649390540433357,0.8256040055312505,231.30321705266243,0.02198581560283688
a46d2ea8-33de-43f2-9d04-47a041c5e983,5f14d5cdb5d4c20e78dc1672,0.020088174036315232,0.059003524347066204,0.023201942054655183,0.008781145214959903,0.6308766305711061,0.20980643423438733,0.028880283277687487,0.019361865299314565,3.0531215062835124,0.7862406421872827,237.68846987135132,0.5712074303405573
a486867c-c6b4-47c1-a43a-8ceba0eb03f6,5e4b0189cdf5a6011838a6a2,0.1532436134582546,0.05319820023412598,0.04185141996343151,0.009546731675925799,0.369073753158272,0.13720970360691573,0.21867869083679767,0.01719788584529682,3.575103779534502,0.7032146982900563,175.37968323178117,0.6535388127853882
a486867c-c6b4-47c1-a43a-8ceba0eb03f6,5f4a4da1575d605c43bef871,0.30940702124072883,0.03912972551421539,0.09925717857964284,0.09179260377776131,0.1101816186184576,0.08589140203026573,0.22628492620509397,0.03805552322658719,2.0501583278803004,0.8376840575849099,192.78222650207007,0.17037861915367483
a4b3c1c3-99e4-4542-a55b-c1d65e8d778f,5d37d2861566530016a061de,0.16390803245656355,0.018225674964041382,0.07922138671144108,0.015379949025768872,0.36193091686157713,0.20928479953561033,0.14226322796340105,0.009786011983076059,1.242783194119931,0.7548566398958438,145.51449342488684,0.028272894898586354
a4b3c1c3-99e4-4542-a55b-c1d65e8d778f,5f053720c017078437e04818,0.037888879095634924,0.009573147031089435,0.01942684930819906,0.07310824040314012,0.23152327563859101,0.1500906142492739,0.4379171844267518,0.040471810162736495,1.8381974032964075,0.7457252721092109,149.1195100000521,0.0007880220646178094
a4efa776-d3f1-4a0a-9135-3b6600164311,5cb60f1eefd4130001bbfdb7,0.07426254986669359,0.017316608098534903,0.029045885344903467,0.022584362351957783,0.3620890431404076,0.17987801537358614,0.2658411193766223,0.04898241612760367,1.981879805841534,0.7134422141158056,127.56004285495341,0.4323453608247423
a4efa776-d3f1-4a0a-9135-3b6600164311,5f4d2156f727e10c3c2c4a35,0.03342966724734018,0.025364887208748913,0.011196135202458045,0.016946396657075945,0.38439370361104935,0.17070049711694327,0.01981366927647725,0.3381550446486994,2.295310963557381,0.7718988703403754,182.18804129218685,0.6631853785900783
a4fa5355-74ba-4622-a58b-57335efc8a9e,56802e5fc5767f00121cc6a0,0.09036719935942279,0.004804876024645853,0.017135413157081298,0.09259002474055558,0.12653317692060687,0.4186006540312295,0.15411426032842981,0.09585440146471343,2.256339089748111,0.7834343002042496,162.04362213389567,0.0
a4fa5355-74ba-4622-a58b-57335efc8a9e,5ecf4b18f7b0443609e07646,0.022253271271921525,0.01144330862541288,0.008468560819568153,0.02420969121653942,0.5650668120124049,0.1498954104135696,0.028097019624619468,0.19056592713861206,2.7863707107632845,0.7047382824420481,173.60099220061107,0.7062937062937062
a52ee968-49e1-47c8-b02a-dc5fa78ffe16,5eb4a3fb75168630c3e6fdb1,0.0988621400966549,0.01737102745422813,0.04106280768802985,0.09557664386047467,0.4073019734800604,0.1896680127997058,0.11207301681681772,0.03808437736475519,3.4065066213513813,0.7818300939083156,182.7238079457448,0.06530958439355386
a52ee968-49e1-47c8-b02a-dc5fa78ffe16,5ed94132a8b177107d611847,0.0044638670320138315,0.03532819299128523,0.003298000452050785,0.0029216833150010084,0.7391921063336697,0.08089073005993003,0.004134919223634276,0.12977050153055458,1.9469834056016484,0.8648942374673579,274.9250129577897,0.9031657355679702
a56b2f30-45f4-4ab7-8e3d-21499dcc1c00,5f29dfe7512c2817f7957e1a,0.007530362221895602,0.07790912843258697,0.010794931704863599,0.003707598601512497,0.6404660125565074,0.06650559204339393,0.02339795166188472,0.16968842150402547,2.1140816121284027,0.7601468813316775,201.27207906474194,0.988599348534202
a56b2f30-45f4-4ab7-8e3d-21499dcc1c00,5f39c08c4b0c7456a60d4932,0.13588399211447938,0.0032539526727953746,0.016311754598032427,0.22761590230985568,0.14127529912633519,0.23045875555788853,0.09378810718364804,0.15141223480336505,1.9907250858555496,0.7728551160661492,209.7008080418668,0.012596899224806201
a578f247-68aa-4e9a-a1e9-6c66bbaba13b,5e79340b6d9a624e3f39586d,0.04926167471404724,0.019310411147154993,0.02492486118026463,0.13033668419176764,0.2126097731893399,0.21817839423319393,0.1532003468195201,0.19217785461482445,3.7816452075335243,0.6428257247047571,157.74278048674307,0.25711159737417943
a578f247-68aa-4e9a-a1e9-6c66bbaba13b,5eccfd5e040498000acbab5c,0.013700565445640146,0.04558288644659072,0.05711639108157744,0.03775667736034662,0.5206505949035928,0.09449470073099075,0.1478455111218973,0.0828526729679376,1.8600318220690726,0.8409195923348901,207.73409529014995,0.3842364532019704
a57b07c4-313d-4e67-a281-e7b1f751c191,5d633f7d4b3d9000011fc60a,0.02514258711493298,0.009986686737601306,0.009794889074412146,0.05048669943501975,0.6839141209793346,0.10505620492709943,0.07903340795961816,0.03658540071027861,1.7783544591776863,0.7433409485280451,148.4007396817056,0.24175824175824176
a57b07c4-313d-4e67-a281-e7b1f751c191,5ed74a20ac241e1c4dfeb045,0.028245175884794017,0.03151258623824553,0.002849979338535054,0.01325342152910001,0.46110220226561566,0.33591744750685015,0.10158429823972495,0.025534889373038803,3.9421982029070883,0.7639357196542625,158.62699260915954,0.0
a58bf2c6-e253-4051-b83c-58300e99a030,55f5946a32af74001017047b,0.10087477421755599,0.015839119058358952,0.051903047406105,0.12840664463796567,0.12951901006152156,0.2486004255841461,0.14256080177367095,0.18229617732975958,1.761189425411793,0.7558620243527768,181.61826806503714,0.0
a58bf2c6-e253-4051-b83c-58300e99a030,5d7fd2a5987f70001602d95b,0.08347263933463346,0.008483851713328416,0.03275755223574701,0.11836032225678923,0.3878347641521565,0.11462624839542258,0.03839290092834658,0.21607172260496463,1.533968991282983,0.8648897268488823,255.1650150330744,0.39952718676122934
a5dd405d-7144-4963-9744-b97469ee060b,5a59452c76d1c60001ab20aa,0.09006752821648441,0.029450250163552225,0.08980991173962581,0.02325983037188321,0.23643233407954475,0.29368749865048427,0.1583678475341204,0.07892479909747861,2.516326888352436,0.7909912542432681,198.22906548401923,0.9485570890840652
a5dd405d-7144-4963-9744-b97469ee060b,5e6d6545993427329a35b800,0.023548498418621087,0.027355766169944555,0.03039635879299685,0.07290164044623147,0.44734685719873174,0.10207919895924862,0.21529175978513485,0.08107992047079993,2.5192786313586253,0.8746199774071578,251.3820128191793,0.3178542834267414
a63a1c8c-6511-4817-8217-449bdbbbd0ca,5d37d2861566530016a061de,0.2126000235470682,0.04993887352426044,0.11912750570906287,0.0136816498221121,0.27686107912708174,0.17782131976093657,0.14065942746829524,0.009310121916812505,1.207129706949764,0.7511907533298465,142.89211188442448,0.05386178861788618
a63a1c8c-6511-4817-8217-449bdbbbd0ca,5f4c043843154b0efb8a1a25,0.04296833957391187,0.05190144658366486,0.034395379210788626,0.023791040306582537,0.3606776885370122,0.27346136219917644,0.051214433542781095,0.1615903107434667,1.6967246719917892,0.8213640414938563,207.51401917732306,0.8134263295553618
a66d648b-650a-42e9-b8f2-26ef0ab4a98e,5a7b2b52000dab00018c402b,0.011996150061848013,0.04206895889575415,0.014080053088739244,0.016031888716920725,0.35712784497164296,0.3631013716628634,0.1224967322700742,0.07309700138147293,1.847905609122232,0.8382898215283215,213.2393696735875,0.6596491228070176
a66d648b-650a-42e9-b8f2-26ef0ab4a98e,5a91877e777df200015fa0f5,0.028482418581217233,0.01746117431884844,0.059530706060108116,0.11726861709776935,0.2392705247308432,0.09931665600615136,0.0488386353915483,0.38983126783288274,2.545569030549103,0.7887311021666683,162.83576882489243,0.3057692307692308
a6f97713-f548-4833-9f9d-62f25dc91a44,5e097142864020244036e40d,0.1848822513704198,0.024873452306851812,0.1223996882682665,0.07074984160080965,0.09386849175696507,0.3223140367654828,0.08629168433490426,0.09462055411165986,0.989504057225478,0.697592735551089,140.96411077234615,0.1420704845814978
a6f97713-f548-4833-9f9d-62f25dc91a44,5ea3310bf9c4f828f0c909c5,0.03690680835579096,0.018892315422436353,0.043472130093562274,0.0633952146190076,0.3577832948889075,0.26576559513407827,0.12509228773751493,0.08869235493121176,2.11230778986617,0.800050315266876,185.35207294454742,0.14212152420185376
a7602f19-a879-4ec7-8653-dfb750095c6e,5e820a4e26ed71918013d860,0.18227573905218003,0.010575984237088366,0.08425774498211705,0.0763861367331519,0.20477752172816754,0.17364074531300114,0.24649945568921658,0.02158667121209939,2.227635143111639,0.7615006590501181,181.44005409578105,0.7436734693877551
a7602f19-a879-4ec7-8653-dfb750095c6e,5edff301000fa631c7b5bd3b,0.028494267059535984,0.026537331368668864,0.09966171751158313,0.021194427652139938,0.2984391776553807,0.2544646874784857,0.0779799041064361,0.19322848593182865,1.5378408263054208,0.8393240719278943,249.3592958122062,0.9694656488549618
a7b14ca1-0b36-42b9-ad4a-50f0eb094035,5aea9a59852ddf0001ced15e,0.08624233943449687,0.052129967568198536,0.01782966917609103,0.03586399343442069,0.1766591008542349,0.34959495509417426,0.12720093478302028,0.15447903986655606,2.8425605847297994,0.6803174283288868,142.14319038590273,0.22771474878444084
a7b14ca1-0b36-42b9-ad4a-50f0eb094035,5dd28beafce6062a4f5221b3,0.11762174179063963,0.016082714658541025,0.03306298608442941,0.08058371176286865,0.09338687109180034,0.3824178899529302,0.07726802527427606,0.19957605976393167,2.613869396288385,0.7945714703546998,238.42655506827728,0.2869628550619082
a7d8ca23-0b34-40a1-a25c-111db6eb0b3e,5e60344611009137b29e78ac,0.02897881872105129,0.036744867694487954,0.02977454328310228,0.03593319015700187,0.2871153148622088,0.2672248271328002,0.05657417839725374,0.2576542599041779,1.5522959190106858,0.8091860111692775,208.30039877676813,0.28074245939675174
a7d8ca23-0b34-40a1-a25c-111db6eb0b3e,5ea5ce85c8a6d443aea2bb5d,0.02057693652045558,0.006955812028008938,0.005859058378917066,0.03532342783537457,0.5511206035798167,0.1804388993623481,0.028314103654878978,0.1714111445257547,2.7371699560239104,0.5363179774096033,149.13282526625858,0.023255813953488372
a7dde6c7-11ef-4544-a25e-61c8339b2cff,5dbc46b70338051eb7999760,0.09635940981956248,0.010023111771548868,0.01232946175545097,0.1504260953859068,0.17240580963316984,0.30305158297443047,0.12132273943909776,0.13408178774589913,2.25983686225394,0.7983615457116914,198.56656844387425,0.09937888198757763
a7dde6c7-11ef-4544-a25e-61c8339b2cff,5dc0ac2c441a2105cbb3bb0f,0.2964510348396543,0.012504646517885062,0.12054893037976663,0.06835661566727172,0.06109475719446887,0.22175026221495447,0.10598692379408899,0.1133068291360293,1.7629111268883424,0.7575883460405539,160.54464075699843,0.7692307692307693
a7ee7b46-5d52-409d-ad2d-65a3627a337e,5dead51bb48fa7200b3d0dd8,0.14858036802583288,0.021123080971398502,0.10615241119145088,0.08277099469766126,0.1708789196989574,0.19541969215330446,0.12506968496221313,0.15000484823334462,2.2049809897032553,0.8036331297072024,202.3741711421791,0.3100671140939597
a7ee7b46-5d52-409d-ad2d-65a3627a337e,5f2dd9a6f7105d130903473b,0.06269468297258102,0.060426997273887124,0.03211872764190588,0.010886989273598104,0.25547951786901624,0.4479095125545856,0.07670814232576945,0.053775430438355316,2.1241918944849205,0.842074788040112,217.10560130346877,0.37655172413793103
a7f88eac-652d-4b0e-b86b-4e0666542e3e,5ec00f62cf12be40ea6fe344,0.05878420698162201,0.0372204696804556,0.01564315926211883,0.037188214728059374,0.2633884773678715,0.232118020238408,0.13263683347365862,0.22302061936710904,2.5594953752957075,0.8309339807434493,201.5411755187896,0.6981389014979573
a7f88eac-652d-4b0e-b86b-4e0666542e3e,5f4da0c092c4bb080b6c0ebb,0.2494180183094385,0.02886355886070208,0.09017994271316815,0.008751949250616455,0.20037170633530305,0.37564145074370786,0.03907673125752619,0.007696643403252287,1.9615539852451216,0.7923327163642138,190.8235048513556,0.0014064697609001407
a8005509-cb36-465a-9643-7003e4402b3f,5eac240458076b2299539277,0.17895040176172067,0.024616622140040338,0.06106984498668725,0.057947546038407335,0.22521974371132086,0.2494526847534639,0.15927221675662823,0.04347094101230519,2.109039204333041,0.7692180127188105,143.36473603190933,0.03493013972055888
a8005509-cb36-465a-9643-7003e4402b3f,5ec735fc4131bd17f438838c,0.06859306651842724,0.00867660041372967,0.00945263537042902,0.08192078812858625,0.1921120073709962,0.22993650957352874,0.04105515718858368,0.3682532349069326,2.8522581829981095,0.8227662753831052,222.24985700361657,0.13743455497382198
a806bdc5-250b-41e7-a8c7-9440c270f3fe,5ecd65f6bdda300bbf1582d8,0.11752306131361513,0.014349212714670134,0.045050973936364286,0.0862405673487512,0.3130489019630167,0.18879527175232075,0.04056048422853955,0.19443152745656475,2.123817183804174,0.7484561493020955,192.5141469547611,0.6459627329192547
a806bdc5-250b-41e7-a8c7-9440c270f3fe,5f17821d53d8590009cfc951,0.0348851878550175,0.029933277006922616,0.008157648341898761,0.08930238271177596,0.32069120462552814,0.3117966611744204,0.11200951597019794,0.09322412192260013,2.865396459165228,0.7410867000863242,174.62338681422295,0.43455497382198954
a817f8f3-e988-4799-a15b-e75caa1257da,578b7f0e900cc80001d2e55f,0.026611688945859746,0.009917865963363057,0.01638932436652115,0.02780682299442249,0.430089895230145,0.21047827379093392,0.055051753766298214,0.22365437585562858,2.3791646733681056,0.7783600525950195,214.78253494100358,0.6193798449612403
a817f8f3-e988-4799-a15b-e75caa1257da,5f8e2a9201810e1f2b9f63a2,0.04834097940783762,0.024507122055100118,0.04415600665221537,0.031152993999075902,0.36648474662447983,0.2887194714915963,0.07585813225113336,0.12078054686501408,2.022083678417347,0.8158434582751377,216.630661268897,0.4105392156862745
a82da8a5-ed1c-4ddb-9f1b-6e8557203bc8,5d82721a7d2c7400173d26cb,0.11801282307167725,0.025866165569252465,0.013925334332640432,0.030896862829153483,0.39622946626563443,0.2552368689753489,0.07532805382787666,0.08450442524430841,7.466582560504723,0.660940128657092,180.73168084179434,0.7477313974591652
a82da8a5-ed1c-4ddb-9f1b-6e8557203bc8,5f2dd9a6f7105d130903473b,0.10039016140552083,0.022485705222744887,0.013331654809500507,0.026476950012057087,0.08756889348607207,0.4699180625864778,0.09721373395850733,0.18261483823615676,3.4168344383213007,0.8267329163329176,203.26817280704293,0.008426966292134831
a83e63c0-6a89-4f9d-aedb-1612fa097fb0,5d49a0b751695e0001a188a8,0.04120895731494571,0.010871042871509872,0.032452969715446506,0.175307510708417,0.15265157594980486,0.17983831836710565,0.2926907027246953,0.11497892213951252,2.2021521821456247,0.8145962637627352,229.637740798315,0.09332260659694289
a83e63c0-6a89-4f9d-aedb-1612fa097fb0,5df15bc3361a8506b94f79ed,0.06113698955265347,0.055561300106354815,0.05072325620416519,0.01634788343993158,0.22577879555179575,0.35989100482663056,0.1366512538079819,0.0939095168237659,1.0444323541861997,0.6860480594825482,117.73699175151904,0.38814691151919867
a8509e7c-59b8-4a05-a5b0-b23c3bc40f2d,5e921aa6a9e4ef549f6aa4f1,0.12783292520431241,0.009277238291830784,0.02684883721089084,0.094734917779971,0.19808915968419905,0.34168862224933916,0.06763952083762259,0.13388877874858782,2.5180950798818347,0.7704025377146921,212.68276332506332,0.28885135135135137
a8509e7c-59b8-4a05-a5b0-b23c3bc40f2d,5f2226b52841bb6c1e759c13,0.08280577688419133,0.015417226675089017,0.08379428481589045,0.03752991180897319,0.23212603439759125,0.40324725114041726,0.08890309864421936,0.056176414793020976,1.9408823420159873,0.7773037795345943,190.93420674816002,0.8097072419106317
a87704d1-e02c-4ae8-9697-53d41f46ef41,5eaf15bc1d4ec560bc37efab,0.08427110361420956,0.012725796182584783,0.018568596238245583,0.02653733795225471,0.4900069472807043,0.3079742403042313,0.03957877216324173,0.020337205584352685,2.664389541559306,0.7525493524550816,158.79261051055616,0.453437771975631
a87704d1-e02c-4ae8-9697-53d41f46ef41,5ee143ff2ec63852160688cc,0.06389016878979532,0.017967913407699997,0.014346116779390529,0.027475068426788353,0.11636006234232502,0.5653298255736104,0.10456960517863483,0.0900612387742228,1.9453880308545353,0.8312413286252999,216.1889023537645,0.9165687426556992
a880ae37-ce58-4579-9460-90a84536181d,5ef0d0a8074e4c413a113a68,0.11478119071232311,0.009002957164327344,0.006559064886014462,0.0018973819037638657,0.004751923942643182,0.5040203021196131,0.3518858841863495,0.007101295331892788,1.4867015451212404,0.7648708077138223,207.6461402890363,0.930327868852459
a880ae37-ce58-4579-9460-90a84536181d,5f1e9b5ffe1f70029559f24c,0.1793007908731166,0.02312165253611284,0.03637561500675934,0.05226948021932208,0.3945392237600394,0.17999534603603462,0.09172628238549241,0.04267160778389764,1.6685355709606697,0.7049162216824922,131.08850117354797,0.1449468085106383
a8855c03-359f-42d9-af04-e459f9547107,5dde8fba82f458000c8c7c75,0.07200749375914721,0.013268464237544068,0.011921305707186539,0.06773030034354095,0.45826546641704624,0.17218018850109268,0.1547092065705771,0.04991757461908806,1.4535514327726238,0.7721441910888827,138.20486370667777,0.12338062924120913
a8855c03-359f-42d9-af04-e459f9547107,5deb9fe9b2caa1299d1da319,0.2977086750751072,0.015432928289750692,0.08339974838941716,0.09219839726164011,0.17463791817232413,0.12186472029215253,0.1915603030996908,0.023197310898719174,2.525109111914186,0.7629387406409791,161.21021652693068,0.02931937172774869
a8c50e7b-354f-451a-8d94-c9f0001f53c3,5df40839a1f3612e51ff72bb,0.04715416404365804,0.03137558602514304,0.04794104745992124,0.02664811505853698,0.5430325378290574,0.17007185172460823,0.05089198868298345,0.08288470992466407,1.491067420085786,0.8652187560817415,238.7537635867129,0.9198355601233299
a8c50e7b-354f-451a-8d94-c9f0001f53c3,5e372f7ee63d3c000b152fc2,0.11228937745435527,0.013664368914387317,0.037062113276130175,0.06019021936363984,0.2078673937091673,0.2742959171918051,0.05168112531165858,0.24294948584682557,3.1010366651148966,0.7614679251323393,210.59679656427738,0.5708390646492435
a8fb742b-2c7e-4e8e-9242-c4d8e1433650,5be05da9b5be300001e54be5,0.025178198894567128,0.06802926367002393,0.020069127899887795,0.006238859920034229,0.47865154128916804,0.2349590156869083,0.0459994983347267,0.1208744937038211,2.123948464755421,0.8171991996714699,234.7445480256257,0.7804370447450573
a8fb742b-2c7e-4e8e-9242-c4d8e1433650,5ec00f62cf12be40ea6fe344,0.07147225198304422,0.03633106642409452,0.02174237431770849,0.027300540715357712,0.35037117715727617,0.1875235556980725,0.12066183134573583,0.18459720222417939,2.055717397294054,0.8456497585110002,205.88971087282007,0.9022595901208618
a90526ed-4c07-411f-893d-b4974747080f,5ee91d6e634e8e1290804250,0.03265618982035231,0.056365252205835756,0.015076142171503017,0.01918710222242144,0.5387139548415755,0.10667259186772385,0.14826160183752612,0.08306716553721293,2.1682009400921354,0.7680665691224478,222.73392803159555,0.03183023872679045
a90526ed-4c07-411f-893d-b4974747080f,5f568b81712ed00cb3759181,0.0617006743914353,0.017781854705488574,0.1938486942073887,0.010731577692144698,0.5222128228619709,0.042232242227132205,0.14360165195667693,0.007890481713839926,3.4633049808045695,0.7917586238983384,242.75666043318242,0.8932432432432432
a90c2314-ab8b-4ce9-8af5-ad40ed4f5613,5eb35e715308a1157ae3b853,0.1380800495902744,0.031910328992462184,0.023177656421361718,0.006307675951253294,0.23683712105180302,0.5083985672085741,0.03361840295418984,0.021670197907352824,1.3725164204617493,0.6317799021922805,107.38320517786808,0.00903225806451613
a90c2314-ab8b-4ce9-8af5-ad40ed4f5613,5f289ddbb09b371e42173fe3,0.19943923979833553,0.036901921364912695,0.10951098481118161,0.009989108247439782,0.10869594251876534,0.22066682510416277,0.30244475530570325,0.01235122257259779,1.9078557045355857,0.7037998043066491,129.5104237925214,0.6054502369668247
a9168ce1-cb2c-421f-9f9e-e805beeb76bd,5dd671942b033b5ec8bc97b4,0.05240748918597634,0.03434755558202973,0.031018937991768206,0.00935534673498022,0.6996015349686802,0.11711974143925992,0.029986964652359227,0.026162429996611856,2.340293282146005,0.7237088169879088,157.41017902273038,0.5962732919254659
a9168ce1-cb2c-421f-9f9e-e805beeb76bd,5e2926d80beb030ede110e67,0.10295655383137203,0.01950632066566066,0.10388419958033157,0.042310553001494014,0.19018067551233014,0.1695204787037876,0.3046081461887278,0.06703307166013484,3.118438244700058,0.7910175688269406,223.0438147274724,0.1408955223880597
a9198b20-a1c3-4d5d-b854-8c1b11ecfed8,5c95970cd676900016e1a940,0.05859475095579374,0.05647324395673112,0.02857743273676082,0.02189709641495503,0.2206416620366718,0.2503827626456531,0.21802102129483042,0.1454120296060907,2.301675449432209,0.7941135239512602,233.05910285315906,0.9770114942528736
a9198b20-a1c3-4d5d-b854-8c1b11ecfed8,5ee59169fbedfb2dede8cea8,0.052167195831102735,0.04338495090155303,0.022044570706860053,0.027135779466457944,0.3550572767436761,0.24776100196789494,0.06653958694128682,0.1859096368948347,2.2824247339960837,0.8252211756419067,229.56767321246647,0.8046683046683046
a95e659b-623e-47e7-89e5-9f4088fc7a8e,57656f6c2bfddf000125cce5,0.008951460551339017,0.01139183197451754,0.010062260767811741,0.10227412218997883,0.46260217579046503,0.13762235950155993,0.09163185448804595,0.17546393355612067,1.2261825014175936,0.7304022221065314,109.69996553911054,0.7836107554417413
a95e659b-623e-47e7-89e5-9f4088fc7a8e,5aeffc6e0ccc2e000185aa28,0.012711284493119472,0.002583058797235088,0.006034398273404259,0.28171426799357396,0.07901127192421818,0.10671489514722021,0.4565248705283445,0.054705952686983826,1.2415162980678176,0.7630174145227662,165.51288472999076,0.2643811737361999
a97dac88-0376-41e8-9bfc-dba6c4c0250f,5dd3e6b66ca7e73c42b4eec8,0.029661269641884185,0.04719160014549576,0.03795576975711581,0.0047574268059198295,0.5765516140800097,0.20464584054634444,0.08169071853336785,0.017545760837003196,3.010684887022757,0.7231848809734518,155.8118180445902,0.07482185273159145
a97dac88-0376-41e8-9bfc-dba6c4c0250f,5e9115dde9961610d06e08b8,0.05966248176695558,0.014084340372455526,0.015171606457331165,0.01981245924060705,0.18241094742890585,0.5499417738931456,0.10962022623150577,0.049296164046971874,2.441758393025669,0.6386822958593839,137.1767680802878,0.17938553022794845
a9b5ef7f-314b-4d26-89d3-2b281f3e9819,5e40cd8807d04430f28eef0c,0.07234633280615368,0.02866352095120272,0.12314656521524857,0.02622814221702541,0.4871738220447674,0.1774592654677676,0.06324144524700495,0.02174090604678774,2.6101148122611297,0.797000363406862,203.27133131258228,0.07048458149779736
a9b5ef7f-314b-4d26-89d3-2b281f3e9819,5f72d964dd42802225ed83c6,0.056396471796328944,0.047072471015955644,0.02277528285849368,0.008652471701277416,0.4519216475737566,0.2952132199172774,0.08494159905145354,0.03302683513068821,1.9048012180879854,0.776067342720424,205.88264283878684,0.35597592433361996
a9ca3b45-894c-4d00-9428-e76a0cac8211,5e799a4602f92955a07c7546,0.022873680328248186,0.030721883633521827,0.19705703306000183,0.06649056347413526,0.2706910472372505,0.12171109764582745,0.18992531695370585,0.10052937785819104,2.6530649960675996,0.747301699335029,178.41707851692442,0.6479328165374677
a9ca3b45-894c-4d00-9428-e76a0cac8211,5edc3f9696a72790ae256a27,0.18948068367196036,0.015118806273149214,0.019305410023935817,0.09849818048503117,0.11373629784708125,0.14844787329448528,0.07942579883890996,0.33598694919875094,1.8896326135020476,0.8064335373198108,198.79911778973798,0.14437791084497673
aa0147bf-1fd7-4690-a994-8d5a31592cf5,5e4d9878130d9e1fb88e68d4,0.02581649972532488,0.010264358630537197,0.01895457251123384,0.10089358797969378,0.20004090515913445,0.3266500360614458,0.1255227947235007,0.19185724550496747,2.4180588883532126,0.7666700935586098,180.03006162168452,0.01904761904761905
aa0147bf-1fd7-4690-a994-8d5a31592cf5,5eeaae03e1959f18cd331cd0,0.0649901942681981,0.03789401904797276,0.08501257073154792,0.035947911665653656,0.25097237460586586,0.30843324928655286,0.11769046396604858,0.09905921591773144,2.008300460823848,0.8090595701642109,194.08874201262373,0.25882352941176473
aa86f543-cae9-4594-a8be-cd0c059b1f31,5dd32a633683dc33b2b29909,0.06366920469888691,0.05316974516286994,0.06909184010090831,0.023837069844721618,0.4466411831355636,0.17900240034252057,0.13862944484380782,0.025959111543278072,2.2907111711058668,0.7399674360814171,149.552450501431,0.011757789535567314
aa86f543-cae9-4594-a8be-cd0c059b1f31,5dd671942b033b5ec8bc97b4,0.08610765485379218,0.036514722130569,0.029922880539985652,0.010702544459013183,0.677645518098706,0.09743825680033655,0.03470180852760254,0.026966615086543994,2.0738815328087417,0.6992278447101324,151.5514356377613,0.8793774319066148
aaa30e9f-886f-403f-a16e-6eff8b86f565,5d1534993fa4550019cf8aec,0.03298327023782668,0.05569714845729199,0.05929825240647424,0.010401032419622574,0.31273838424656564,0.2756355402518892,0.1698800629789759,0.08336630935045329,2.071774606433959,0.6910926662054011,125.51289340693678,0.03768115942028986
aaa30e9f-886f-403f-a16e-6eff8b86f565,5dd5bbf239bca15813cff296,0.026502057310080533,0.019501111647339052,0.008704681131703031,0.024035689777239962,0.5242538719316647,0.27951325945519145,0.05115824577490115,0.06633108327159633,2.120214376926874,0.8512807568087228,238.20759976106558,0.444
aab1dd34-fa65-40e8-9a72-ef7785e4ca16,5e21d253c7fe654b45073bcf,0.09452081425361085,0.01293531141740718,0.009148861178210104,0.07850358907429708,0.25779690307622666,0.21038663774512614,0.26830365405621964,0.06840422773685277,1.7974018056036891,0.8552265571694355,211.51633897851264,0.1356560415122313
aab1dd34-fa65-40e8-9a72-ef7785e4ca16,5f8239eda08cb4367e704ba2,0.02570013757157269,0.0035776570754064395,0.0014451215175350068,0.011558168592644604,0.09628860633086939,0.7869083460696211,0.054379740831205434,0.020142221736155593,2.750911546913623,0.7578922918386302,179.909062240708,0.0
aac586ad-6f72-49c6-86e6-f978e928d1e5,57656f6c2bfddf000125cce5,0.010353435393094435,0.011958366095847092,0.012733331812268992,0.09569986244983095,0.1035020211332526,0.22282172960377258,0.15264805273127033,0.3902832011346394,1.478021839594112,0.7398036697719249,112.481117258382,0.9422382671480144
aac586ad-6f72-49c6-86e6-f978e928d1e5,587418895c17910001ea4e75,0.026539680675576403,0.034529398539435555,0.013010117179003602,0.0711906048514775,0.202695512850761,0.2291706668572286,0.2572981375465329,0.16556588144426856,1.543818024664474,0.7571561358566821,193.16643258998397,0.0
ab3deb59-51cf-43e3-92f9-c53103d2bebe,5cea6a19be3e050016bf85f2,0.11398189976942995,0.060234178450783916,0.04403531808307036,0.020727503726502613,0.34531487995385274,0.18701653083288852,0.16479670540933167,0.0638929831252953,1.8958170180183158,0.7569196652171839,144.97091278950805,0.8620919387075283
ab3deb59-51cf-43e3-92f9-c53103d2bebe,5ef00318f05e8b4fc02145ae,0.07116796089717212,0.033674862418070536,0.04639839812625364,0.06224294592126439,0.20543387372057895,0.4013136061066476,0.08887949162021085,0.09088886033693859,2.248647071347101,0.8685471676647596,254.27700467878552,0.07142857142857142
ab4cc6e0-e097-421d-856e-7b37b519f872,5e6d6545993427329a35b800,0.016102147767588042,0.008306339076694714,0.024206297865238844,0.056075593005827755,0.12850259391783458,0.03808341637424184,0.7146764787298013,0.014047132744053224,2.1095197472328797,0.8456516644475763,244.6570095927468,0.8112359550561797
ab4cc6e0-e097-421d-856e-7b37b519f872,5ef6d07be683903cd5ae171d,0.13091849562252056,0.009395560719217124,0.05532104206530659,0.04447810872259158,0.10484759503722034,0.35595940206191073,0.12343918895787073,0.17564060631611636,0.9646435984613154,0.7390169438516563,132.31258084296016,0.8351107465135357
ab538e7e-e26c-48a2-a400-e51e7b044690,5b8e11444cd6dd0001bf07d9,0.10064032037888629,0.007087016440762619,0.010485990131140726,0.06326726837538425,0.2795695932978733,0.39690803905284966,0.12108127326337967,0.020960499905042954,2.271650020596723,0.8171586697148809,211.302810198019,0.0
ab538e7e-e26c-48a2-a400-e51e7b044690,5d1554e28ecfae0017a026eb,0.2059159718761904,0.013073750300989086,0.13155886825136007,0.0590114509191218,0.06208503029813884,0.2548475868938959,0.16899103844177202,0.10451630297299971,1.753406356439519,0.7351237212012554,131.26655767630666,0.043501611170784105
ab5e3167-3a6d-458f-84f2-2cdeebdaa393,5ed94019c318241053930266,0.010696649474840532,0.007044164553878008,0.0014333410095466797,0.08340128010277326,0.4822877932081779,0.22202692134569807,0.07781406729671594,0.11529578284971732,3.119982533465239,0.7310442302891038,140.2033419838571,0.17828773168578993
ab5e3167-3a6d-458f-84f2-2cdeebdaa393,5edf25ddf4b5591d19edc462,0.020131517766184517,0.013203602816029504,0.007278176794060409,0.06943312258715661,0.33234045872492524,0.1572525105210321,0.029948499193726365,0.3704121116848728,2.1117300252895976,0.8028004487370717,189.97742290568348,0.39320029563932
ab642b9e-2060-4c49-86c3-92cfc0c865f0,5d964976b8040b001761467c,0.07379665997096997,0.028585664789310142,0.04576837257596915,0.08766907257788811,0.24136590541875722,0.14928377992503716,0.2815468454701805,0.09198369925667291,2.33621004740935,0.8035921090373503,212.81500884173857,0.538102261553589
ab642b9e-2060-4c49-86c3-92cfc0c865f0,5f51268b7abc4a30c4d8240d,0.05071626447624987,0.02467008048067731,0.052947141583681995,0.04568000464392562,0.15192027238871172,0.4264810822253071,0.14582154128834515,0.10176361253832168,2.219398689007416,0.8355128525127227,239.7646793053182,0.242520398912058
ab64a202-a952-4ceb-94b0-42fcc78e752a,5a3dfbbcdaea400001ac1adc,0.10881266794893006,0.017741778954070864,0.04201773678255471,0.04819873551095425,0.2534110751870982,0.24692913972137376,0.13799312478974352,0.1448957414998838,1.2768925995008416,0.8170840703766594,233.5734795127763,0.3702989392478303
ab64a202-a952-4ceb-94b0-42fcc78e752a,5ea89ce6f0ff073086c282f5,0.047188802240456386,0.012394424547688375,0.02064201746545134,0.06302567497816512,0.43606107393531834,0.21262385405145995,0.07713649165080275,0.13092766201766667,1.8351931941720596,0.8708175811776316,250.28533425754415,0.2829875518672199
ab7937e0-2abe-4410-ba3b-4830992b8922,5aeb922a75deca0001624d23,0.052475628320901246,0.07021816516185768,0.01818140105689157,0.010335705651882599,0.5854223246560449,0.19669394850466526,0.0289518522583613,0.03772097490803398,1.7552030277980188,0.8505628464967442,219.97066781354383,0.6959847036328872
ab7937e0-2abe-4410-ba3b-4830992b8922,5ebd52d8cb09d4000c9f64af,0.054341580130891215,0.02670225002833196,0.073586482660109,0.06163971142746069,0.17715997471867956,0.306907689477991,0.10114296132726319,0.19851935116291183,3.14527842204472,0.6855653772192932,158.67045606292282,0.34491634491634493
ab8eb2bc-577f-4842-809e-0001c217cfe6,5ec4a0fffe991f37f61b356e,0.08486461644985398,0.06193639205615159,0.015829890410382408,0.032470754661919315,0.45680662642244463,0.22692872526767072,0.04561540243742277,0.0755475932259498,2.333450267504914,0.7441371808292823,158.7683266960853,0.8126984126984127
ab8eb2bc-577f-4842-809e-0001c217cfe6,5f5a3a4c829f790a5c6d1ff2,0.010590740743665216,0.05014885120041195,0.011352992848708885,0.013809092627502694,0.6439243922775825,0.11718480952711467,0.06933868561036832,0.08365043484697393,2.4204596257603583,0.8237423159868956,216.2322129894101,0.8790369935408103
abb4c7de-38ff-4ca0-aff2-7411f055a758,5c8a9fcefc99500016552933,0.03970501239996932,0.030852528755293908,0.009352615860613003,0.017592547414112966,0.2577346751767249,0.3650113285088301,0.2387037110458593,0.04104758135759752,2.761078479104442,0.8483894544203002,227.7045739671726,0.13770250368188514
abb4c7de-38ff-4ca0-aff2-7411f055a758,5d49a0b751695e0001a188a8,,,,,,,,,1.8832890114500382,0.8206819274473424,228.97742067864093,
abc1a4d5-6ca6-4785-a3fc-38bcfe551b58,5edef14e402f7d1ac3b97c74,0.06253233227353876,0.061267904531064406,0.1333383205558359,0.011947749421170625,0.2696648137217533,0.20577652039768723,0.1554316148900643,0.10004074419956549,1.8171362377725027,0.8022140136378487,203.62152883577633,0.4258511252163878
abc1a4d5-6ca6-4785-a3fc-38bcfe551b58,5f4d435c030fef9d0136b496,0.32859221295331037,0.03351381662863908,0.11473464682216651,0.08592403806721492,0.09506432217080892,0.20118361821584316,0.09447843728143565,0.04650890840123476,2.0844122135817442,0.6936223060271558,142.20916402443393,0.02073365231259968
abda9276-8802-47a7-b2bf-64f8b417d543,5c91d45264d5c100171ea8ab,0.05976271916200131,0.0163722515695194,0.05167894594017523,0.052002602246261694,0.4260161175557023,0.191508698670769,0.09328252727697425,0.1093761371360619,2.7716266111378642,0.7628114428578984,161.40896916326318,0.30779054916985954
abda9276-8802-47a7-b2bf-64f8b417d543,5f0b33e16edeb5429793f878,0.09986862956202651,0.015721699086556806,0.06746057602909986,0.030972030100844813,0.18911350539599964,0.4107573281168497,0.0944133501185193,0.09169288243112478,3.544556351147587,0.7789299862855903,249.30429994584048,0.06829896907216494
ac019252-e608-4383-a8bf-fb8be5877cfe,5d06b3a3ae1dc1000167e533,0.02947764390799369,0.021065714975920566,0.011095256858680468,0.04231727377965659,0.3296809789640849,0.27534914866832305,0.21550793958909537,0.07550604333784905,2.763974037677581,0.6526582253668262,140.12841775020493,0.005658852061438965
ac019252-e608-4383-a8bf-fb8be5877cfe,5d42eb0db3dfc40018ab2c36,0.08884395351982444,0.004380600163604899,0.018611709751253577,0.06907771724938735,0.03705662462724703,0.17683989466757882,0.5633462248488104,0.04184327364750688,1.4407039666101364,0.7134584109440653,129.32357891318236,0.005582137161084529
ac0e935d-4323-4b8a-8e95-9679c48b01ea,5dd31d3216d10c341d2d2c7e,0.11575343564911567,0.01657784244944466,0.04823597211338205,0.04955123462094726,0.28797244045361287,0.3041375113231927,0.06670799206765902,0.11106357044903346,2.151552058623585,0.8326458174683642,234.17270335081236,0.9688412852969815
ac0e935d-4323-4b8a-8e95-9679c48b01ea,5f16520a9e2ee97d266d4241,0.020806547395659996,0.012471492260466609,0.011641923689193364,0.02220534336470475,0.6371752727990352,0.1978988830598487,0.05812675959431077,0.039673777906440846,2.249907770887959,0.7336363239457384,170.48240317987157,0.033203125
ac263639-1f62-449e-b777-27155af5aea7,5dcfe5ec41fb3f0de0080f1a,0.08213764904288888,0.020670300384883277,0.08541471860842414,0.06171048949186052,0.2650002781696197,0.1365226704899041,0.2942811261946698,0.05426276818618516,3.0318618026906234,0.7436609561201903,205.81346798284085,0.6520226185297956
ac263639-1f62-449e-b777-27155af5aea7,5ea8aea9e641063184658126,0.04876923718444777,0.029544407724175964,0.03044725704877667,0.03595413922794635,0.2852273993707681,0.4158037713498591,0.04604834865027143,0.10820543996378265,2.269750571910891,0.8158215524774258,222.5493564360968,0.5281231497927767
ac3a86cc-3a35-4567-acee-752d9545ffa3,5e6d6545993427329a35b800,0.017502869193237864,0.013801693245761368,0.01499360732550772,0.08573434627571383,0.4060767835876361,0.08777811245735818,0.27794888602008067,0.09616370153282128,2.3301991844269243,0.8447441509493059,244.71437660834914,0.649025069637883
ac3a86cc-3a35-4567-acee-752d9545ffa3,5f5e8c58f7e0497501c4e356,0.019828303133281617,0.016885249211130562,0.02154325564123181,0.09270263767989682,0.19404262665984637,0.25250027087519167,0.14081450997928213,0.2616831465842895,1.8549650507350308,0.8205579164837897,214.60004602376333,0.2982021078735276
ac70f2fe-8432-4ccf-b995-6373cc32b9be,5c6c90bcf4dc2c0001e8d6d1,0.1336821028398265,0.016128124640684468,0.019351209095834154,0.03548299691644893,0.10295203095434122,0.524488449486549,0.09347519105348315,0.07443989532050789,2.355268214966439,0.7300232974948989,199.38033025669654,0.6208601087493821
ac70f2fe-8432-4ccf-b995-6373cc32b9be,5e8b50db95c6e00171fc6151,0.2541312700251918,0.011115430734960869,0.153990828698494,0.023507940057724518,0.14384795974740258,0.2935295312612503,0.10120901633387085,0.01866802533694666,2.0541865654557396,0.7726012924165551,166.259063638565,0.09265614275909403
ac78bc80-4f3a-481a-91e6-213bc427c0b3,5f56e1d1b72358165158550d,0.0677922354495202,0.013952509369008124,0.014114620129114871,0.07286063725061764,0.03183950961180429,0.4004351576575299,0.302608157845931,0.09639717328856234,4.141827785735999,0.8229708412007251,235.9312961002341,0.3372093023255814
ac78bc80-4f3a-481a-91e6-213bc427c0b3,5f6e71f3b273c13b726f3622,0.04414166580914578,0.005078863689248932,0.034985940332839915,0.09971332210114187,0.05391654238932358,0.2732307577810187,0.09598596233056456,0.39294694531585406,1.544579062732905,0.8171886583111997,212.94891077725705,0.2469368520263902
ac88fef5-eecc-4a97-aa42-623c9ee62272,5a0f7d84ff266c0001d209cc,0.028786293224050647,0.012517788723882836,0.01492473401915197,0.061681216720300795,0.36060509493720844,0.2972744078581388,0.05077451829052668,0.17343594620923578,1.6908369016873497,0.7403764640943927,183.10068676401613,0.3127376425855513
ac88fef5-eecc-4a97-aa42-623c9ee62272,5efbbac9041ae7163c083d36,0.061379214766895875,0.04681431923727972,0.056142699232847794,0.06529364455569489,0.32193884765018554,0.15850396822523696,0.2609451855315583,0.02898212116243698,3.1193278388784247,0.6779619504279732,160.10089266172452,0.007391763463569166
acd5c3b5-c080-4ab4-98ca-4099c2711591,5e13ad514c81b2a01ae4aa9f,0.08276690275891535,0.019408977450938707,0.018948357577204603,0.03960464622879491,0.373136569085808,0.25231606589096994,0.12483696710752337,0.08898151330530352,1.7897607809379072,0.7782666983511978,262.07981104171404,0.12790697674418605
acd5c3b5-c080-4ab4-98ca-4099c2711591,5e88f058524dca58ab60da0b,0.48147299852754366,0.020666249294776548,0.018323400450984302,0.05204904931521398,0.08068950782175918,0.22155975507289788,0.07691000675393303,0.04832903288394081,1.645867301478329,0.84436665150773,208.88882172121416,0.04686468646864687
acea2afd-f35b-4aba-a9bf-984e8dbef6c6,5d10d808156091001a74639e,0.11474507400010392,0.008924623087352335,0.02354133803302246,0.2564707574909868,0.15816093255716865,0.1739560028810144,0.07891738957255792,0.18528388253082004,2.1853884481187005,0.6978698459695295,143.90959681334016,0.002803738317757009
acea2afd-f35b-4aba-a9bf-984e8dbef6c6,5eee262c7da4d228a43a4027,0.07649612738676956,0.004857971195070509,0.04902149494626511,0.06812292068738428,0.4451392886712999,0.1675822279593419,0.053000406700275074,0.13577956003728245,1.9901237403484078,0.7318843335856118,134.7270512116056,0.3235294117647059
acebfbb3-0fab-493a-abd4-396e7cb6ce99,5a198755f2e3460001edc5c9,0.1359976137117762,0.040478930533360824,0.029008896802666165,0.03912802853068332,0.14237289902149822,0.3072996057931118,0.24743223294954655,0.05828179310078386,2.1878061886415483,0.8015838875752083,198.68570079530366,0.9798711755233495
acebfbb3-0fab-493a-abd4-396e7cb6ce99,5e8c4ef7d1aaec03d6486c80,0.04912831784575118,0.030363572726278133,0.01480132589532229,0.038100246946695164,0.19412690791935655,0.26618807806439504,0.15997606377382811,0.24731548673779274,2.0931538690032867,0.8388481483958934,200.6118318464334,0.3425
aced00ba-3582-4d63-9f08-f9c444986729,5e71556788152e079f80b73b,0.0784480754135945,0.04537774443601256,0.05490615575724555,0.023740088906580595,0.5375691667887932,0.10048639564108838,0.11191394953831153,0.04755842372813545,2.800909100706265,0.7853153814318288,242.95916052877178,0.9961089494163424
aced00ba-3582-4d63-9f08-f9c444986729,5edc3f9696a72790ae256a27,0.1714282472721418,0.014240184027292428,0.021147617134496605,0.1616689181715603,0.15346099432987417,0.11547975834054572,0.11734918630190418,0.24522509365661116,2.1392305666455234,0.8421822955279844,228.851732464607,0.2948717948717949
ad57691a-0b33-4fcd-80cd-f614bd3b6ef4,5c7c1b0dda78bc0001257fa2,0.278866852557507,0.025813535274897378,0.02397421553048715,0.030975754748669176,0.14390842240150803,0.34305937195711284,0.12377816731851445,0.029623681022289773,1.6754261347752593,0.8305373819835498,205.4523793441545,0.4429530201342282
ad57691a-0b33-4fcd-80cd-f614bd3b6ef4,5d5162f1b50a1000169da137,0.03816667945278704,0.044580434877056395,0.009844894524829048,0.011148674209315004,0.5303074601342063,0.17454427054906127,0.03968448002928752,0.15172310649760853,2.0058442255408737,0.8273858507525114,214.1274665449777,0.9475890985324947
ada6c3c4-8c97-4b37-b1e1-a28706a194d5,5eece89d63352e0c327ddb0b,0.1304647888240214,0.025908062162474238,0.21219349435742904,0.055391370932721555,0.10788748437549114,0.20226349436925622,0.1389033345009849,0.126987970654381,2.03845218037697,0.8465961655235517,222.11618807512158,0.08280254777070063
ada6c3c4-8c97-4b37-b1e1-a28706a194d5,5f51265c4873f23082851a5c,0.06414107988272592,0.025714723217501914,0.06496844491001048,0.02542019130006306,0.5941214554989902,0.11927354442983554,0.025316918556220844,0.08104364191197848,1.711732261315889,0.820965705069401,237.911966947763,0.9744384198295895
adba8838-0c7e-4013-9734-46dfd60dd668,5bcc60b95c2b810001dc68e2,0.03624872471183307,0.004287004603901561,0.007564678359965848,0.06812012174446393,0.0567988907947803,0.40308306123261134,0.37030547725210305,0.05359204184925936,3.5509615813517996,0.7540014915872252,214.07050116610543,0.0648
adba8838-0c7e-4013-9734-46dfd60dd668,5c3a1ef5e57f0500018506c0,0.10506609388230079,0.0076009887873308285,0.040102428800640876,0.043336250734231814,0.1013312652272945,0.4793413842967582,0.18776790563740764,0.035453683620899984,4.396858553709078,0.7551914523272083,182.70058243820662,0.16056338028169015
ae393cc1-fa62-4505-8c2f-3d4b404eebd3,5bc4ff222c08740001316ed2,0.015844404742724003,0.01333875694074125,0.03887069735922121,0.09633439494804762,0.28871593904273984,0.1814419651549453,0.2784325800528384,0.08702125994027367,1.7954759870772934,0.8580344550909713,240.56580069187612,0.3200775945683802
ae393cc1-fa62-4505-8c2f-3d4b404eebd3,5fa1da0b8810903802fc6390,0.021599559970337197,0.006918824388306369,0.01673361895021984,0.0916851471928755,0.3479344109119351,0.16033600987448496,0.15651260336017445,0.19827982620136528,1.559867605271753,0.7896287807002921,226.17532984977686,0.6846846846846847
ae5bb5aa-c979-4469-b4ca-09ceb8b4145f,558b7b06fdf99b21155f2c1b,0.0666555297239693,0.05763007870597049,0.03346555314368291,0.01807138014131009,0.41084504686401685,0.23668092973156635,0.1010624663780826,0.07558901516166089,1.5016988399698608,0.6308065637109055,136.2714154940387,0.9875311720698254
ae5bb5aa-c979-4469-b4ca-09ceb8b4145f,5f4d53f96aa639a0d605052e,0.08787831026535113,0.015014370301484498,0.020742543924894268,0.06664725562377814,0.13570123263169065,0.44890000618811127,0.1253918175285317,0.09972446405053295,2.935494645016876,0.7816522207914599,217.3934484425245,0.23955773955773957
aecdb078-674d-4aaf-82b9-217b2fcf546c,5d2c54fadc093b001983dc57,0.07654348989468229,0.034739869066222014,0.11905170060220178,0.05827132809117866,0.19313924162268403,0.194692778436181,0.30316740482064464,0.020394187434215002,2.1128073662483255,0.760286820889124,202.518969115942,0.6051020408163266
aecdb078-674d-4aaf-82b9-217b2fcf546c,5f2dc72a2839110f8f256ec9,0.14432057528393316,0.01666480890969781,0.09148537374978676,0.08040484976354488,0.27054505658613504,0.2130502917802979,0.05928781142718495,0.12424123276818357,2.3368405015708036,0.7181692534154636,174.56594855838568,0.524341580207502
aef61369-9cd8-4cf2-8f59-6e8dac594ae9,5f502bf5e0375819a32f2e16,0.05258419938782699,0.01345073075241948,0.14155624900102792,0.021822984021662634,0.4550650346675283,0.17844804879026321,0.0828105893269896,0.05426216375554088,2.547749952217792,0.8186432861193147,251.34862828158347,0.8348694316436251
aef61369-9cd8-4cf2-8f59-6e8dac594ae9,5f514f870e7da937375cdde0,0.0294735640783527,0.012993216568446354,0.01196956190755084,0.08457333776205078,0.5859484818165307,0.11667985068847907,0.07210702565301998,0.08625496211804992,3.4094271826956097,0.8027628752189083,222.92918777597245,0.012206572769953052
af0de835-73b3-4791-b7ec-3698a5cccd84,5dbf9446a3f5cb419e9d28c8,0.31974849960050905,0.01723883799996127,0.032813064246189114,0.05569323582540993,0.1417871192460872,0.2448440707282442,0.11276994611935952,0.0751052272879042,2.560016223157556,0.7522192232633603,192.6304749987011,0.24179829890643986
af0de835-73b3-4791-b7ec-3698a5cccd84,5e711d9e908b46031e32138c,0.109332957018555,0.012616278457023768,0.021448611214675502,0.05417577254462323,0.13454042115337214,0.40549172570594955,0.21426557890492007,0.04812865514051929,3.4357172290313907,0.8077797262354787,220.8895658897674,0.058394160583941604
af161134-b61c-4625-a31d-f05538d21909,5c7c1b0dda78bc0001257fa2,0.18140583063633456,0.03847789413803047,0.05421348573647877,0.025461276937935953,0.2118602879627276,0.320730290664724,0.11647669646090493,0.05137423789216975,1.9754499412936108,0.8212508892950914,221.29953440087968,0.33375474083438683
af161134-b61c-4625-a31d-f05538d21909,5e24251b3e33586a5802206f,0.02714561974376005,0.009809704431492183,0.02977922945477195,0.15226420743656482,0.30506995079834287,0.17212852505380635,0.2327961537225486,0.07100660871639357,2.4037606826104305,0.7131752763350995,132.43564687466758,0.790007806401249
af227a69-6613-4e74-bdc4-b2fd2313eccc,5c228e5c867f660001ad66be,0.04627414434733572,0.030866944416304443,0.012925152101741482,0.01473215819984306,0.3189880984446195,0.4570905071075877,0.05664878956425342,0.062474205146917046,1.832649387797715,0.8011591248896439,208.26651322729603,0.8591362126245847
af227a69-6613-4e74-bdc4-b2fd2313eccc,5f3e9f121e84430ec9310a7b,0.09861599490124422,0.0061477621726284005,0.010341813758162911,0.09173489156698086,0.21306713258352114,0.393322662634566,0.06568897429023,0.12108076788146123,2.3294930312039437,0.8071633217924581,202.57565008820865,0.15062020082693445
af5e7939-08d9-43c6-8573-42831e05bbb4,5cd8d86210887400182db201,0.09085635953886237,0.011726677965850484,0.06390681446250321,0.04278202884883616,0.2673906420766175,0.3851774754128312,0.1092823252035047,0.0288776761408774,1.7788086457650476,0.7397645764288313,194.38714915171545,0.2719449225473322
af5e7939-08d9-43c6-8573-42831e05bbb4,5f4d53f96aa639a0d605052e,0.08990148886702619,0.015097829040681179,0.02151901119647139,0.07339982403815136,0.07788026969678294,0.46304283973928073,0.14413664127508677,0.11502209683982602,3.1393073302518726,0.7682443329866245,220.55191338665844,0.12898936170212766
af66868c-3afa-49db-b53c-9706f6fd28e2,5a91877e777df200015fa0f5,0.13593930441450622,0.028607280641529245,0.1263231159657885,0.057216784071589914,0.12132381100368506,0.3605034231502172,0.06441031868619886,0.10567596508460107,1.9756548440615873,0.7758647473278338,209.8535580653463,0.5881435257410297
af66868c-3afa-49db-b53c-9706f6fd28e2,5e8c4ef7d1aaec03d6486c80,0.04648268177378209,0.010627805799114303,0.00871381926439177,0.07160802058657323,0.14162426554100238,0.4301061151629845,0.14700295494820442,0.14383433687526764,1.7730728685999217,0.7526518481104132,176.35587101622437,0.12102874432677761
afa4d802-a9ed-4b0b-a607-b5f16d899275,5ec5d393295d6e655f9842e4,0.033671478880972536,0.023457716553185577,0.05793018634043848,0.06656677265355233,0.3712158265965504,0.21854069972964066,0.17108954301821622,0.05752777721721872,2.863385994366918,0.779501208401955,219.55410763980402,0.4213197969543147
afa4d802-a9ed-4b0b-a607-b5f16d899275,5f053720c017078437e04818,0.04276784206738562,0.005460062885391867,0.007206640268374092,0.10427079063480535,0.2803675471126168,0.2896491382605906,0.23298248139536198,0.037295496240461974,1.9605910848645403,0.7438304895672858,151.84349888807512,0.006720430107526882
afe0de25-4357-42c9-aa85-9736da39c1e0,5eaa287bfb0fca19f4306de9,0.036024081163142735,0.026289825494013826,0.009637029758659016,0.08125342343190879,0.5047402180178987,0.17346551975128877,0.05057282949242467,0.11801707202983833,2.6257118983076304,0.7093461892863604,215.41298184744667,0.24624889673433362
afe0de25-4357-42c9-aa85-9736da39c1e0,5f978c9948915015fb3bd00a,0.12260774950588062,0.02603232246046465,0.1397470885768232,0.043470669096790725,0.3335816158596554,0.2013202989989449,0.10681447758631807,0.026425777763090397,2.340549014938923,0.806086759051287,214.02551517664796,0.2552026286966046
b0043464-7bb4-49c3-96f9-fe49067858c3,57f6aefc42bfc700016ab1e0,0.02775424346327775,0.0007211930060293001,0.0117543169762939,0.06360425427556035,0.5123183578252792,0.20742488652467725,0.029792258515953948,0.14663044363260264,3.5130370781152096,0.7880786671834111,242.53291230937276,0.0
b0043464-7bb4-49c3-96f9-fe49067858c3,5f1e2d97255c767dbdd67c86,0.05608544397331593,0.022885186067312175,0.027838125226586685,0.12674823440823324,0.4029954946688292,0.0843095135611418,0.1282917000220087,0.15084630277218225,1.7398107268450298,0.7814420776424671,155.5299106122062,0.37018181818181817
b0271140-fb5c-4100-855b-1f4e7c03f28c,5c5b8a16d211570001291b11,0.028672034591197507,0.029966851603609342,0.057827197728631353,0.01105380109492014,0.726147726540963,0.07195132562701585,0.04643049181280658,0.02795057122440236,1.8742985844269193,0.8002980707340512,236.20005204529602,0.8040160642570281
b0271140-fb5c-4100-855b-1f4e7c03f28c,5f502bf5e0375819a32f2e16,0.04940464357250259,0.015480447692675346,0.12801629799028633,0.03483352522458506,0.3735105507936911,0.20645712390827586,0.06311570044044616,0.12918171064640982,1.88423401077787,0.841573044854011,244.29544995571752,0.7292418772563177
b0378388-96fa-4564-ab36-305485636ecb,558acd52fdf99b65685f03d9,0.02634539086857945,0.022248795192424092,0.04040444052415619,0.02811264724391677,0.7078477882643757,0.062095200326002,0.025440963640624214,0.0875047744257649,2.1810499390301095,0.8497609581758786,238.64755733929394,0.9962462462462462
b0378388-96fa-4564-ab36-305485636ecb,5987c9f26ab9880001b5b04d,0.00986749782490066,0.03101716464960528,0.008100440776586608,0.007056201366099581,0.7727813365299705,0.07543221723541693,0.040040393857494416,0.0557047472561796,2.3027523931634866,0.8075848182954445,214.86834644527144,0.9706933523945676
b08ece6b-6cfa-4de6-97fb-e0591335a9f1,5c5da579bfe5280001448433,0.0668374578516831,0.0037293486607048363,0.009112540106071234,0.2842726053585996,0.09076886240470829,0.23980783724975593,0.17225242297315452,0.1332189257735688,1.8078552621132487,0.8149175280776603,197.5932980924898,0.04084967320261438
b08ece6b-6cfa-4de6-97fb-e0591335a9f1,5e6d6545993427329a35b800,0.024650395935580886,0.01696358045268267,0.014898989002425174,0.05359606824617534,0.2719233023371408,0.16191835040235114,0.39007118889218184,0.06597812430699591,3.3031604973950657,0.830700099737153,277.73685049742346,0.3985102420856611
b0ad0856-1474-4535-ab8e-5c27b5601cc4,5f557591aa1c4e950ba02f01,0.05838103522319377,0.03345880781374849,0.07991904922152676,0.04047014370057648,0.2474486873648964,0.36613477733282207,0.09934816948318613,0.0748393307369301,2.103112548908226,0.8070848164378549,225.35519110687227,0.3211963589076723
b0ad0856-1474-4535-ab8e-5c27b5601cc4,5f74c1ba1150ed0d689c831e,0.057484596683183564,0.005011679292905697,0.007673138202173481,0.00884201910436736,0.4709336326335671,0.4065988146167503,0.022779613632759634,0.020676501291884673,2.9035010214594927,0.8356973460811724,275.7372518500048,0.006944444444444444
b0e3268b-24b6-44e0-8ae2-584250d63247,5de7e24d97378d000b4eefb5,0.024776400906671187,0.02951696453871784,0.002900560306806685,0.01277173126305466,0.4613711107401394,0.2940058924140436,0.02707060142738475,0.1475867388127845,3.073600682232769,0.6873185641315814,146.09077798704658,0.9043336058871627
b0e3268b-24b6-44e0-8ae2-584250d63247,5f5ea24540d99b76cb6af503,0.022929620652143455,0.06719972122753949,0.07205058638140849,0.01511284591941362,0.408875562188606,0.20278035717542356,0.0800842710410447,0.130967035156018,1.7052366443996818,0.7941553276710854,203.15503046973464,0.9400244798041616
b0f808b7-02c8-4f3c-802e-0345d5f204d9,5c4a40123714ae0001863e8a,0.0315437640023482,0.01109193070836353,0.020374547945881293,0.0670998307454802,0.2620518446797903,0.10710405684403396,0.3950831871499979,0.10565083768584792,1.4447278930799847,0.66018176996688,146.10592726134277,0.0
b0f808b7-02c8-4f3c-802e-0345d5f204d9,5ead6f256fef94028e07d655,0.05993871077034282,0.05093459636416761,0.07915243887062015,0.009294516377782974,0.09607288159241215,0.4911780500114379,0.123495277055264,0.08993352929335198,1.853406373140456,0.7258104204428333,137.46559719928868,0.8974719101123596
b11a682b-5a1e-4d87-81d5-107b699fe12b,5bf5f40635087500014257fe,0.02687711904284122,0.04307477181537403,0.016411015281927937,0.012820782690529425,0.43062962978281394,0.26051118322940153,0.05122847259321772,0.15844702591995444,1.5119963522700384,0.8306764409771404,206.3150624870017,0.5642737896494157
b11a682b-5a1e-4d87-81d5-107b699fe12b,5ea523b2a7782138712c7e1b,0.03712697402008706,0.019281232571550896,0.025979475414123775,0.026622934894065777,0.5971344103044186,0.19634823711941077,0.028350655425734016,0.06915607993433437,2.4618791346266136,0.8038969450019519,212.07251117794308,0.6700680272108843
b203b772-6ac9-459d-875e-558a84b4b4f0,5be76781f6d13b0001cf5257,0.10407200334452105,0.010689577885938654,0.019340122820488012,0.0824525472734279,0.12953388290605022,0.37927552040365337,0.17699378161276128,0.09764256293845015,2.1300984943471097,0.7020435341356656,132.25377581558888,0.0022988505747126436
b203b772-6ac9-459d-875e-558a84b4b4f0,5fa178d8e80131145a90af3b,0.0851629923153869,0.06091287505963145,0.12834708115612978,0.008861881729531599,0.4247038396216445,0.22347411955156002,0.029904439428296816,0.038632769993333024,1.1533531672678141,0.7625237489528365,144.20706649105216,0.7924929178470255
b2228c2e-38dc-4687-aeba-00c762c678e3,5bf54aa4d382df0001b9e43b,0.13136688186953305,0.038956400020991246,0.017429675702370837,0.038087696378248076,0.42524178700878446,0.2048909288944438,0.11653529315481985,0.027491337428766926,1.915313194142559,0.8270322029657252,218.06022649551272,0.03699897225077081
b2228c2e-38dc-4687-aeba-00c762c678e3,5c4de8f726093e000134ee6e,0.17505847881813105,0.012028157866745713,0.06395175921677113,0.11799122069089651,0.2449523947592579,0.18428450015352102,0.09324022502085559,0.10849326327259026,1.1870614855021095,0.7543179968390115,156.9451220658671,0.26986624704956724
b2338ffa-61e1-4283-ab0d-36c946042b17,5c8f924dbd496e0012a84583,0.035476440250936346,0.060454136299825864,0.08479558216531456,0.0071997936012424615,0.5264579604561725,0.14967785683718968,0.12718213740240475,0.008756093177027387,2.301181928950883,0.8312709444490688,225.75750844815724,0.6212847555129435
b2338ffa-61e1-4283-ab0d-36c946042b17,5eeaae03e1959f18cd331cd0,0.0250962167462904,0.014638013165718713,0.02946872862454802,0.07782106703584499,0.3703876234300142,0.2194470163181183,0.14369223316056368,0.11944910236666505,1.699958692947785,0.7471870305181078,211.05349986078923,0.4323671497584541
b2afb6c2-6049-4861-88a5-f0aeba68b5c8,5a73899f9cdd1800017786f0,0.05244630236522175,0.04816573604871808,0.015822116260803935,0.02185203084635453,0.36511230253021265,0.3311112495825143,0.02432571507249413,0.14116454667266404,2.1050764469558523,0.6667243605070355,144.79845322633992,0.6644204851752021
b2afb6c2-6049-4861-88a5-f0aeba68b5c8,5e121b2b82a955890a9b3484,0.17820280211460227,0.02210024386421746,0.21120555511581396,0.04922746230521718,0.16687583194288524,0.09070817466381786,0.22860259954661677,0.053077329991069025,2.8938301549579193,0.7886459929177912,206.90967010873783,0.16848174247277387
b30b6519-25fb-4651-a820-a2c825bb28ac,58f0fca0d40252000192f201,0.11576994611137519,0.02574167954079604,0.05080362798596423,0.022303477114535116,0.36355873586563775,0.29410293308284013,0.07137691123203356,0.05634268847300586,3.376989548752399,0.7312537326255893,145.4130390059354,0.21690140845070421
b30b6519-25fb-4651-a820-a2c825bb28ac,5f55b2de5c3cb118507479f5,0.13349635177277633,0.006199329017799426,0.008582355671046546,0.04789538336474526,0.06437705860787873,0.6014351646009176,0.07639413447492918,0.0616202213808386,1.247148953474874,0.7494255554028105,160.17510904322918,0.0
b35f8dee-50c3-44c3-9ec7-9ce610e26e34,5f50544b526bec1ce4a44f70,0.037628512886362854,0.006154658508290273,0.010843428971089503,0.033822259190823684,0.4414589860895669,0.21791007765504086,0.17186283021804313,0.08031924649585712,2.152652004220677,0.7319088305785315,138.66411672909024,0.461038961038961
b35f8dee-50c3-44c3-9ec7-9ce610e26e34,5f5e8c58f7e0497501c4e356,0.03870179541652991,0.025424752620130067,0.02505352232090984,0.04932331311132431,0.19852320575673923,0.402315155643378,0.13903750077319432,0.12162075513822802,3.7648963825059347,0.7605145474659867,214.2453054543013,0.43152599217439913
b381599d-5420-4148-acb9-403141f5fb87,57237767844581001202947a,0.016049733030376025,0.025501645052314465,0.002422233731106811,0.024307972876303065,0.5292412311390594,0.21457945990992122,0.11517930167085783,0.07271842270259293,2.9615766209222985,0.7762327496742468,173.22099551761275,0.5386503067484663
b381599d-5420-4148-acb9-403141f5fb87,5ee2916b70aa643be19c0036,0.2906142801384003,0.00853445130435423,0.09678323525630707,0.1253336583653199,0.07883984842341595,0.1824892474717786,0.12727804609602344,0.09012723262217215,1.9706416671707834,0.8281747227194944,250.50269201205623,0.6681443951868271
b3ac73fa-02b8-43e2-950d-6617fcb67b11,5f18ff404f90fe1473c2e3b6,0.2127344229790335,0.01225257641413688,0.060165872823421396,0.060501428449185865,0.08245785782961018,0.3647551893559705,0.09615438569877413,0.11097826624157855,2.6307191017186096,0.811533182373134,207.168591228071,0.006056527590847914
b3ac73fa-02b8-43e2-950d-6617fcb67b11,5f5128258dff8f30b0c3c1eb,0.012143492492164237,0.0657571544278182,0.0028408106604172266,0.006257093971834259,0.6481714336653757,0.16669149980837628,0.076373912473596,0.021764602741096005,2.5778048463974614,0.796661302845863,240.30415202214598,0.7086383601756955
b3c15eb0-fa00-43a0-b8c2-33ac84f9b586,5eb9af967fbf4b0d17bbe946,0.018940088470525286,0.02236163591312339,0.007254327298644363,0.063190721326278,0.28622241592185454,0.13566609769656068,0.0503643853843309,0.4160003286697951,2.7030675703425437,0.8385621928396934,280.13818422785585,0.0031746031746031746
b3c15eb0-fa00-43a0-b8c2-33ac84f9b586,5f42c2f45333624dea17b538,0.03590052990652524,0.014007522913197021,0.041545442997161286,0.02120583829752167,0.6645662614245279,0.1609728434613978,0.03271874886847904,0.029082812661051276,2.6725134998848854,0.8136435949263627,214.55481644175777,0.0594467333725721
b3d12e44-b38e-4c6f-b63f-2016f0f04b94,5bf5f40635087500014257fe,,,,,,,,,1.4517001137872179,0.8211400754415594,192.9156345303165,
b3d12e44-b38e-4c6f-b63f-2016f0f04b94,5dea76e109c1071948aed0ff,0.038216602365733696,0.026823350048633243,0.005526323907864237,0.029560761332884388,0.08420971745040451,0.5602839349691819,0.11740579223094157,0.13797351716828343,3.381823064619477,0.7184868334453256,149.15172425916637,0.14798886921325574
b3f30e0c-7251-449a-8af3-61c81e2c2d3f,5c871711c558df00015663c9,0.012203978405335124,0.04131121988538693,0.010313078358534861,0.015063366472676368,0.4863019950413995,0.15263034580407175,0.22363518012688008,0.058540835645702984,1.8291915426537253,0.8272489742956718,229.2861749086757,0.5834333733493398
b3f30e0c-7251-449a-8af3-61c81e2c2d3f,5dabdb6cee054900172563a9,0.026531089426597272,0.013310038952172795,0.00736308887594166,0.021834816208179994,0.6735691109029279,0.1419382141055262,0.083797117747625,0.031656523545300824,2.289470609526944,0.7256096864661248,163.09211794608996,0.408483896307934
b44134c7-4017-47fa-b401-e2f8cf114f5e,5e3360a4499e7932901951cb,0.05849061909051945,0.00574197300846766,0.005558820594685332,0.08884650360749631,0.18080188170772035,0.44848791283756095,0.13923431401446595,0.07283797535736423,1.909155359972221,0.7764780105710656,163.00046529897583,0.005912786400591279
b44134c7-4017-47fa-b401-e2f8cf114f5e,5f3ac1732efa0a74f975b1a8,0.012717672764400646,0.05098983600465859,0.001181222863745162,0.0018146120421836844,0.33430042128692816,0.5159839722171607,0.07427696766157943,0.008735297351655862,2.246640452456585,0.8193201911411174,239.64472209382345,0.7055214723926381
b4685e40-110a-4369-b95a-4f457cf49f28,5d5dc2d37bfc8400013b653c,0.02045858535894676,0.03568445727978936,0.035219804735402406,0.03713547788267729,0.25925024084799175,0.33566595983984526,0.15694148596194263,0.11964398887697857,1.4052773359194402,0.8654203368792652,234.16012402669517,0.5927327781983346
b4685e40-110a-4369-b95a-4f457cf49f28,5e659dd9f2dd1f3226c38f71,0.15324110579755468,0.030229323402851054,0.2371703784321182,0.055102198477986745,0.2464226090128291,0.115156200451436,0.12134803609532371,0.04133014724571831,2.830105192211283,0.7850585902230081,175.2993909643796,0.012644310060472787
b47b662d-5741-4913-bba3-eabbe88cbff5,5db3a4ad4e72fe000cfb3dc9,0.06734585526159693,0.005922363296881596,0.004694385099757445,0.11550505511916012,0.21816393898603598,0.3921967641926598,0.05372402351353063,0.14244761446292115,2.5613879598669707,0.766891860455701,191.20691557975584,0.1981981981981982
b47b662d-5741-4913-bba3-eabbe88cbff5,5e1882adfd7db4158998b5f0,0.18363624913102888,0.04571173229309191,0.09420037714019543,0.01373871103624164,0.09696219704507238,0.2939307247328093,0.2472835528680222,0.024536455176155946,1.7557912709419998,0.7528347683000713,144.74546942543253,0.0
b47d4592-80d7-4e98-bbf1-d872e64899cc,5f482c4fe3554b1966defc03,0.02023954640993234,0.03563490910976679,0.019714855725608618,0.017604881917089806,0.6069578581937178,0.17588308209064255,0.04799750242677918,0.07596736402472232,1.9400981570467195,0.7993491845069913,195.4631128544298,0.8695652173913043
b47d4592-80d7-4e98-bbf1-d872e64899cc,5fa6006c1355231e6094a472,0.016292823136989917,0.06135591115907435,0.014259674448961129,0.008130120412718921,0.4141964888086275,0.2628284321306441,0.15868343595447376,0.06425311412339546,2.0470682719035067,0.7538105916527654,212.9125948273168,0.7755532139093783
b48ccc1d-4816-499d-b0c0-d28827671147,5f17821d53d8590009cfc951,0.031427231216576,0.02851209728189155,0.009042077442518906,0.14610693188602913,0.3443959385047005,0.14982437022701756,0.12603525304710397,0.1646560999516017,2.0000000028935494,0.726966629991747,142.25856232451693,0.21337579617834396
b48ccc1d-4816-499d-b0c0-d28827671147,5f1b1f6a908b2609a62ab7ad,0.15965149382449875,0.055040993578841756,0.03474816518181233,0.010349635194179705,0.09710893560724124,0.36216821108236463,0.26426872507784527,0.016663840113295685,2.0624343720959515,0.6606441815266288,115.33983533724027,0.028391167192429023
b4e8fd0e-e2f6-44fe-919a-f4626908e4c4,5ee53940e704230cfe9c301f,0.05105355157546513,0.034126989726284,0.01680355285915338,0.02926096591165461,0.3013636199394654,0.3065856455854516,0.08446617734941111,0.17633949755773873,1.908670862991063,0.8200781063024745,208.98901986957256,0.7139141742522757
b4e8fd0e-e2f6-44fe-919a-f4626908e4c4,5f47e116dbc4a2230a521331,0.002396921014627063,0.034120928002190465,0.008683223422108036,0.005413297247548868,0.6551038909553273,0.19537047466328336,0.06566088146657577,0.03325038419058716,2.5501254806961393,0.8282617436111104,201.8048537143906,0.927338782924614
b5134acd-875e-4826-9ab8-42d9b49c8530,5cb41daa19eba30012701245,0.21496664690599676,0.007144757352094232,0.01723793559029056,0.09005930793183818,0.2105181365270112,0.3157595606982623,0.05891897819577952,0.08539467790992292,2.7672052209943017,0.8437614476653514,183.52759210302628,0.0662431941923775
b5134acd-875e-4826-9ab8-42d9b49c8530,5d74001d391b6600175f433b,0.08625060532842023,0.02394839787712113,0.03920037004295685,0.03610400313703213,0.3687001041644373,0.27772173376829723,0.044212820400739525,0.12386196507130111,2.9706951251437603,0.7784619481282004,217.03563082696598,0.86558627264061
b524d604-a7b4-4b11-80e5-0a0fe43c5c13,5acba4a15cd10500016280ca,0.054341379946348564,0.010310707606644367,0.05959066227652785,0.03246439431643135,0.1817575658973397,0.2765999632116774,0.2632899764942534,0.1216453494331509,3.0122131879189347,0.7012053489321599,157.8080956098491,0.0029644268774703555
b524d604-a7b4-4b11-80e5-0a0fe43c5c13,5dd3f9593269923d6ccc5de8,0.07038418051046749,0.00896040425410477,0.027950834616145538,0.06914960489223178,0.20203610805191508,0.38542658144860653,0.07257351486687551,0.16351877147433408,1.8220984614195304,0.7918743499244252,148.21515812531484,0.09546092653252222
b544cbd3-4236-4a66-92fd-2e2256d8343f,5ece6a57886a6c22341b1ead,0.015830255546730777,0.01765658333524345,0.004920407102687828,0.03095607925362313,0.23426467581128843,0.3898953570785137,0.2233318802296121,0.083144761816115,2.7923149198534616,0.7885969089482833,241.36853158159727,0.5545774647887324
b544cbd3-4236-4a66-92fd-2e2256d8343f,5f67f123a9151c4484c6e1f4,0.011373182803125716,0.009349423770773463,0.0051344614436908825,0.17327535187916965,0.18549707301105703,0.1902098686746389,0.21293624770370254,0.21222439172924465,3.3698844860196813,0.8196135387238687,234.3348742753267,0.059558117195004805
b5503a34-8f3c-413d-b7a2-481b4942783d,5ee6511c69b98d0129d62f27,0.1305312312141373,0.015658446169301152,0.04295499870935906,0.09628953433397215,0.09810501210726542,0.43562801763765924,0.10935310658143171,0.07147965328954761,2.268428123214969,0.7059408916100446,149.08312542176142,0.3600525624178712
b5503a34-8f3c-413d-b7a2-481b4942783d,5f07ec0ec025b5421c3e3379,0.01672110455848523,0.15910777122025072,0.006156105341495039,0.0029324126732731006,0.48118509881910204,0.26784337912827993,0.02625169938369133,0.03980242904459988,1.8264230668584414,0.8592648562949101,221.32616042171838,0.7961335676625659
b56b61b8-f647-4937-be0b-e5f0ff776d5f,5df58b28ecb3ea3ed1ceea37,0.027074229616790017,0.049873349602084394,0.01887622741112606,0.03655489139198018,0.4388626894638628,0.23333150842704295,0.03213860506183298,0.16328849905500234,1.4040126220798888,0.810368697716328,204.7736622338868,0.9212328767123288
b56b61b8-f647-4937-be0b-e5f0ff776d5f,5e4b0189cdf5a6011838a6a2,0.0753083137031897,0.04513750320194095,0.016880352554453425,0.02909306229534806,0.2173027046950744,0.2559891907330969,0.3458545512768952,0.0144343209626636,4.263975199654313,0.7316791290928073,201.91934388642358,0.05418250950570342
b58b009b-be61-436b-819d-af4d7fb6a658,5be76781f6d13b0001cf5257,0.10461581878854678,0.00925803915636216,0.016883033076306255,0.08147474685392968,0.1318931055647767,0.41251342538448804,0.1303166577401085,0.11304517346129055,1.5981070189119935,0.7033205427408225,121.65995740464366,0.0
b58b009b-be61-436b-819d-af4d7fb6a658,5f2226b52841bb6c1e759c13,0.03905642488668177,0.017440004419591922,0.038190914084167374,0.04488663151398972,0.38102175342435146,0.29998556994088454,0.1535076946258173,0.02591100672690453,2.179861649434864,0.7748909812623227,185.6117398170307,0.6242236024844721
b5bc489b-71d3-4817-803d-fea240b73431,5e567cd58e4500024e8d096c,0.03512114331945184,0.01723209697702719,0.006098062971584083,0.13866703734839703,0.40416253304900995,0.07875045849887835,0.04812129098865683,0.27184737676618753,1.493599035799702,0.8169832422112205,201.78230268415498,0.26560951437066405
b5bc489b-71d3-4817-803d-fea240b73431,5ea9c6541eb4f0121a911e1a,0.06458106952939897,0.029731714751888846,0.10760798836930908,0.03613330620581677,0.2808417220346891,0.25571255733772724,0.11532871057247943,0.11006293059553725,1.4806334913849193,0.7597213624847857,158.83971409145738,0.8333333333333334
b5bfe073-6066-4260-96dd-ffb169af7687,5ea9d17ebd3d1011e05655e2,0.09487217767200087,0.023149909930153974,0.02123806483494804,0.02923420663128323,0.111864854289636,0.33991901733814506,0.34694249241285896,0.03277927654417417,1.2497149475302634,0.8048861525838993,157.95115450094715,0.6452173913043479
b5bfe073-6066-4260-96dd-ffb169af7687,5f6fe97d8641835be70202bd,0.010658928517553326,0.02822856286938699,0.00215383653207026,0.0077122830218634,0.43842227061730177,0.3966726349030389,0.08684665876526064,0.0293048251711743,1.4474955331123047,0.8310942956274652,214.23707387196322,0.2315369261477046
b5ef5033-b593-4e0a-a63e-66f9c2fccea9,5be76781f6d13b0001cf5257,0.06234490363294218,0.010202393028744865,0.012918974266528315,0.08985420028538053,0.1405707771661008,0.4041285802289413,0.10879822361964565,0.17118194978898893,1.6713869387395457,0.730077684756822,129.39787101969517,0.0
b5ef5033-b593-4e0a-a63e-66f9c2fccea9,5fa46f7a614df30ea736fd1e,0.0953572460251452,0.042750760288677386,0.12493961661965766,0.03511794451925672,0.25350377981189176,0.2403235343006343,0.09061801034686034,0.11738910883907643,1.8393329533108271,0.8321078606390152,229.05371854363207,0.6962750716332379
b5f59553-1ef9-478e-a270-0e31dd71d6d0,5f517ddee960a93daa69b8bb,0.03542571309065513,0.023107728980911346,0.011727382345199884,0.02352341431344403,0.41641693179758,0.2129637689188883,0.21686335816991156,0.05997170162922974,2.2435283976732823,0.7018746494191158,171.50129326284537,0.2834149755073478
b5f59553-1ef9-478e-a270-0e31dd71d6d0,5f6fe97d8641835be70202bd,0.006195501456449708,0.01982816935996762,0.005234188268818346,0.01156314649319314,0.7049518488205926,0.13718215514452126,0.07279908500771816,0.042245905177861566,1.5661033294732436,0.8411801349026627,234.34053662676297,0.6754966887417219
b61b8cf0-c5d8-410c-a030-7b36699b86b8,5f4e8f0ac0126208c0db2f91,0.026736027526805418,0.026372574540073742,0.03727558973825336,0.009721505095785189,0.6756071076550764,0.14894094494801666,0.04667274569572342,0.02867350491222559,2.871652188088768,0.6659928963851746,148.15069870508617,0.48419429452582885
b61b8cf0-c5d8-410c-a030-7b36699b86b8,5f52b70c47022a5b8ae771b5,0.02383499716925507,0.019903982193408293,0.02847720689711972,0.02910060478170908,0.5618233209693715,0.142072672192407,0.03308166063067066,0.16170555545828083,2.844545850657009,0.7619537058169706,209.66843888801318,0.8934850051706308
b6317fee-af93-40da-ab3e-3f6a12554327,5e3f6b251d15101c5251d8b7,0.09074826641151831,0.007008251258826883,0.0155370095470619,0.06516167277679774,0.34844116356130683,0.19156726512638847,0.043428680802666306,0.23810769024933684,1.3582428028319735,0.8023989059298267,160.16018807635763,0.0
b6317fee-af93-40da-ab3e-3f6a12554327,5e71556788152e079f80b73b,0.06334026697253603,0.08827253458358257,0.06711592023675257,0.00745802759746205,0.4716250120886166,0.17819680191363446,0.08931695021086537,0.03467448530806305,2.73090284135325,0.8136545762966801,236.1932959325868,0.9533169533169533
b63fe811-315a-45bf-90dd-3dbfcf509e95,5b97f8988ae8150001c7a887,0.4231517284984658,0.026048168587826662,0.13766248492914004,0.027808811806114806,0.02507435262059923,0.1890269743977431,0.12648778847197106,0.04473969053623198,4.0022482554439085,0.705397193974638,161.2557479849113,0.27044952100221076
b63fe811-315a-45bf-90dd-3dbfcf509e95,5f1cc717981bb7584655fe62,0.0147444811624685,0.02795097881203114,0.007947161811415863,0.008674220509914322,0.44590127850433153,0.33965831950695385,0.13289741860362722,0.022226141624838033,3.5354818123269642,0.7245419144893395,160.59973699878827,0.1574585635359116
b66a9e7f-9acb-407b-b6dc-029fc3b31ff2,5d8d821215875e001482ece7,0.17521972179769799,0.03048943402875265,0.13697695200628923,0.020959857841734757,0.17055386826365332,0.3604538588320789,0.07485442883272406,0.03049187860280563,1.496645356539151,0.7733824324817702,201.33816746193278,0.08904109589041095
b66a9e7f-9acb-407b-b6dc-029fc3b31ff2,5f56e1d1b72358165158550d,0.04247478683281925,0.011666763510211195,0.011692609527042255,0.10294856045656306,0.07008905238437864,0.39645723209815775,0.2233800841195912,0.14129091147905073,3.9512601481824965,0.828936115261603,198.95012571300236,0.2318313953488372
b6988911-c05d-49a9-8805-3d50bc7f0d36,5e7072e5fb136c63e94f3fa4,0.06232782858890451,0.018905840322405987,0.07205720100505489,0.09656768293006487,0.2997729082810118,0.12068958259240561,0.2136181558588977,0.11606080072072227,2.6710166237804946,0.7250737193494171,151.78942649152154,0.5960125918153201
b6988911-c05d-49a9-8805-3d50bc7f0d36,5e88f058524dca58ab60da0b,0.482878321831807,0.021091607163626937,0.035671313146015474,0.07776547594131444,0.08583142602408096,0.14204458768753167,0.05952729055871772,0.09518997740875129,1.5017321647201158,0.8288018485120608,198.20343314718852,0.10888610763454318
b6ce776f-8831-4229-9a8f-074a63b73ab3,5be879272b86b00001b9d0e2,0.05840820914241569,0.015757869474583422,0.03703790177042216,0.05973697571296614,0.20542530922198884,0.2599371367614241,0.15489057454394728,0.20880602291947387,1.4757842581237257,0.8278954638162651,207.43820684650177,0.5847860538827259
b6ce776f-8831-4229-9a8f-074a63b73ab3,5e3a238e9d5f1e24d3805045,0.08123247737456507,0.08418401892289532,0.03360329335076012,0.005574391991683279,0.3891083980609998,0.32337349884014815,0.07009339690528442,0.012830525484200805,1.9451398252430931,0.7639879629978372,162.15953261707162,0.28410513141426785
b6e249a2-9410-4a2a-8977-5ba0a3119b94,5c95970cd676900016e1a940,0.1738771457593992,0.01349664529399937,0.015463514039618424,0.1037876887569012,0.22497377624438317,0.08988188552275672,0.13464991362232193,0.24386943110221102,1.8188758511716343,0.7701038852479986,194.34981340913782,0.7060881735479356
b6e249a2-9410-4a2a-8977-5ba0a3119b94,5e5ca080bb37ff47b09dd4cc,0.00886418097228605,0.02570074409487688,0.009314470468796035,0.0064022939256452435,0.7768380722903931,0.06961416307215097,0.09170840737754496,0.01155766793633264,3.3313817703434894,0.8054688703489199,223.5730453519642,0.3811434302908726
b71f4b5a-db48-4d3e-8487-9d4a80b5a866,5bd0d9bf25db7b0001786a5b,0.03368052917416557,0.005106319261885864,0.010059546004971094,0.11299244940114417,0.17991375751032038,0.22174224413516594,0.10227179581236114,0.33423335857693903,1.7092129556526514,0.6909303286440911,126.38687103494104,0.014321819713563605
b71f4b5a-db48-4d3e-8487-9d4a80b5a866,5e7cb742d29f7530898fb99d,0.2921667753086007,0.03551299086178832,0.03801137108976211,0.030635789767745537,0.33692413874128735,0.16992126090583984,0.0636796087343367,0.03314806299159832,2.0509766397253406,0.7769410799328795,168.14467452456512,0.051054384017758046
b7309f85-f361-4eca-85cd-70cc93cc4531,5bb6413cb4dca50001df0096,0.10491733398977031,0.018571731953960776,0.03558141112600038,0.07099048498242017,0.13190934301148102,0.41307406323888607,0.055076941512474345,0.16987869012210802,1.9358276592459849,0.7574731230574,212.20357663131657,0.4906716417910448
b7309f85-f361-4eca-85cd-70cc93cc4531,5f6bd7c0fddb9f153e52cdb1,0.034535997732231365,0.05847238805416055,0.03831832892199957,0.1034659101783016,0.16889470809441195,0.30502756109860846,0.11570254495129557,0.17558256083894652,2.8642349308341593,0.7201450468069371,139.188797391634,0.01201923076923077
b7363a15-2b70-404c-8456-ff1475f5db73,5aeb922a75deca0001624d23,0.026630383038640307,0.04884682555601439,0.010279763281020083,0.004226049060415559,0.7916340570590767,0.0944766827936589,0.014973325513692144,0.008932914128351283,2.024055120283222,0.8499568262892805,247.51752550211947,0.3221476510067114
b7363a15-2b70-404c-8456-ff1475f5db73,5e2d9faa72e2fa39058e5b4a,0.0356611245232366,0.008884462874768994,0.009555401607809048,0.03240495106359777,0.40024864743816946,0.3844828202027844,0.08560772170328866,0.04315487013371936,2.27322107636235,0.7774732799117842,183.20123193094253,0.007033997655334115
b761342c-97d0-47bf-85cf-e8d9945b1be5,5ee59169fbedfb2dede8cea8,0.025489321005710087,0.025802947934412932,0.014508918665957183,0.030625730992593917,0.5543461465068162,0.1702531981481845,0.048649198636704166,0.1303245381925658,2.3772632157151214,0.8297149644720098,224.59633751280919,0.8596491228070176
b761342c-97d0-47bf-85cf-e8d9945b1be5,5f12a44dadcb8421418b6a80,0.02120226286307781,0.017415524818329538,0.014106904937222414,0.041831236732238784,0.4441916181041054,0.2549503929073535,0.06409946092878138,0.14220259736242272,2.858436005109671,0.7658259468701685,213.26631934905214,0.8923766816143498
b77ac5fb-f133-4e68-81ae-05680e19aedc,5a8d5e4e000dab00018ce464,0.12844483527543624,0.0070729867617316195,0.0255888072918793,0.029078667317869053,0.05077736482186362,0.4348123315047232,0.20830763904052027,0.11591736848923158,1.9605423840329248,0.8132843888457058,247.16376700803227,0.16712580348943984
b77ac5fb-f133-4e68-81ae-05680e19aedc,5e79352ea4d7d30d65532c51,0.010348984804614554,0.03562603021234574,0.014497580852197791,0.05394707622643587,0.47225660204741693,0.2077676346681613,0.10751229362124984,0.09804379792211913,1.7965403083715283,0.8493069236558319,246.55621565456008,0.10344827586206896
b7d3d4b3-4e98-4234-995a-26172d4f8342,5987c9f26ab9880001b5b04d,0.012071623392398985,0.03354544568635004,0.009839033030438713,0.01927838672731372,0.5602708234562372,0.1528968372712225,0.08633842416470122,0.1257594265748129,2.700566272059946,0.7859109775478074,205.7788929777022,0.660458452722063
b7d3d4b3-4e98-4234-995a-26172d4f8342,5eb0c3f05aeb111911ad74de,0.03177233276277979,0.01699730658002013,0.011953363094796934,0.09471800205779567,0.4075355003372657,0.2431395172009717,0.057887926494343905,0.13599605122669997,2.8102609674544246,0.7823929499624938,206.37845566931165,0.29985119047619047
b7fae6d8-8246-45ef-a497-c6555e8c10bf,5b8320b0b0d72600018dc739,0.07661799947470832,0.008641738614983123,0.0402243389035319,0.11025869456592052,0.18161865412821554,0.31020453346200483,0.11133431385214634,0.16109972719620094,1.4185828458265453,0.7548398539427227,151.5131935174184,0.2480058013052937
b7fae6d8-8246-45ef-a497-c6555e8c10bf,5e50bf5e2cfcc30ff7f5d870,0.024504768934870903,0.028123980397001938,0.02628800824637052,0.023806722980910036,0.42353951936560075,0.29605743056764444,0.047987724729126525,0.1296918461975663,3.149796207472984,0.797408387677325,227.14442975396074,0.8654545454545455
b820b441-4843-4b49-a46d-8bcdf659aeba,5e56a66121583601d3c3526a,0.022011529450001743,0.07010717908412674,0.09173181527283376,0.010339924352236487,0.4111470172749804,0.20440822322192514,0.09767014762086597,0.09258416427822312,2.3732590385519914,0.7671162005266058,208.40178624575802,0.6412884333821376
b820b441-4843-4b49-a46d-8bcdf659aeba,5eb35afb20c7f015a0697687,0.0437921012057235,0.05218798625728746,0.013808882981609727,0.010194283819462203,0.47494752446721517,0.27757019059183174,0.03815051869108154,0.08934851260969041,2.638920988910207,0.6958534449617628,149.58308994094983,0.2904851921865154
b826acaf-a024-4cbf-a22e-72c657b8ffe8,5b23d0784fb0d40001e95407,0.0425411456134984,0.022421368225022106,0.02525330384144688,0.04936073750005105,0.4273899868821172,0.27233180791891354,0.04115637155824823,0.11954527802640824,2.4298428889032873,0.8071425714849384,262.5045217278452,0.16295264623955433
b826acaf-a024-4cbf-a22e-72c657b8ffe8,5f0cce2c0a181350357ef913,0.06770567397624962,0.0377300166003324,0.04308218360342759,0.01491881167821232,0.5320077410390075,0.1722388804219904,0.11950122718219329,0.012815465498864084,2.3197725422380664,0.7497638862866076,141.68460036053406,0.05401350337584396
b877a5bf-3384-4ea0-bf82-cef399a1b00d,5c5f7a56054ae60001d066f2,0.1465446345580087,0.006655465243056592,0.021077252666211885,0.03158335257245812,0.040850667316783246,0.4610316139359125,0.24661441175156942,0.04564260078433014,1.2502702659398581,0.7323654629687804,151.4023738586287,0.1277860326894502
b877a5bf-3384-4ea0-bf82-cef399a1b00d,5d42407c2de85600173b5f1e,0.04076471611852499,0.032992424087505884,0.0391644854694314,0.025322529024211504,0.2588864088153129,0.3991656852656909,0.10971219343010842,0.0939915586412471,1.901969991955024,0.8230009278709847,209.32063039307184,0.031292517006802724
b8848e0e-05f2-497d-bf98-5669a71f601c,558b7b06fdf99b21155f2c1b,0.05183163001775728,0.054695509797256965,0.03139487046149048,0.015847600412767317,0.4557448697888589,0.19620867704037762,0.06236752852189978,0.1319093135192526,1.5035322531003084,0.6457448839153273,139.97036105330625,0.993338267949667
b8848e0e-05f2-497d-bf98-5669a71f601c,5e06748cdeea2b0515e037b9,0.02047629958919484,0.023936164583793933,0.005036885064523678,0.020636868324088998,0.6138102365595006,0.21233300653021747,0.049115694820066,0.054654844240735426,2.36171264053269,0.7233640040403112,178.84365431373328,0.05583756345177665
b88c01b7-4d38-42c5-b650-ee796b3ef869,5dd33bd8f01cbe3350807cf6,0.10513091809659234,0.01035858309530622,0.04261068838682959,0.10254284181740668,0.38935386183021986,0.23885417081400814,0.07759695415715064,0.03355198308440066,1.9348421554852766,0.7466748413271689,167.40940425873092,0.7023643949930459
b88c01b7-4d38-42c5-b650-ee796b3ef869,5ee584e4acfd341ac542b0c9,0.0370174048553345,0.02029133945572131,0.050484316580613996,0.013919921235349521,0.4904255758197111,0.27373141359892483,0.07898158599062109,0.03514843705558232,3.0213401110572673,0.8260203461851561,236.12052135307192,0.25
b8ca03fb-ba34-49dc-b33f-30b6e9189685,5b18647968a5ed00017343ec,0.011530221086467816,0.014392074220900351,0.006489211906726227,0.05906411722175747,0.31013049691075983,0.14112224758250846,0.15173079544591228,0.3055408352810188,2.382987912495695,0.7834208112571514,219.01215738428365,0.6276595744680851
b8ca03fb-ba34-49dc-b33f-30b6e9189685,5e83a8bafb06b00ed70c32e3,0.03638303216992964,0.0114512761846473,0.0523246030875572,0.03340852497087883,0.1608632558750726,0.2983626329852452,0.3273396028534259,0.0798670731917097,1.76930194512401,0.7502619323212583,145.51398416083305,0.48717948717948717
b8efcf59-ef2d-4aab-8e05-d56092e0c26e,5c989ea4c7f75b0001677fa8,0.06975932742781689,0.016899900990757447,0.013447658649891916,0.08062811226886038,0.28900032546549087,0.248474360943801,0.10207465580474451,0.17971564114814625,2.5918237406758293,0.7839572757284003,163.30154695700378,0.27586206896551724
b8efcf59-ef2d-4aab-8e05-d56092e0c26e,5f26378609aca228dcfd19fa,0.03630902221659793,0.02518748959764487,0.08414180737685578,0.05193833507328677,0.2916544712297439,0.27079568987392405,0.18489089264399933,0.055082292792179396,2.2374860498503493,0.7663007940109915,117.2776647377425,0.8444444444444444
b8f9aeaf-a914-45bb-9d7c-7ef83b82f8d3,5a68c01031b87a0001c752c3,0.0321580721573391,0.01128023784066573,0.024192528285862804,0.029591425090486376,0.544060892850712,0.15527907067713034,0.13124528689046586,0.07219248710422774,2.5027404542975518,0.7790482513550997,201.37469246911954,0.6780952380952381
b8f9aeaf-a914-45bb-9d7c-7ef83b82f8d3,5e87b6503b574043226609c0,0.019741261009813275,0.027241152409914104,0.0275168238482234,0.017085979343183143,0.5797838791832807,0.1633927210831215,0.08839727348598647,0.07684090986602841,1.975467794345595,0.8152649107731609,220.05792862896593,0.5544692737430168
b91c719a-4d41-4e24-837e-5c6abfacc77a,5c8be0dd542fbd0016924f5f,0.0410399864561941,0.025843942887933746,0.045030896136161,0.033131871407037085,0.47475315094408843,0.17828136165970274,0.1266038015363737,0.07531498852786118,2.702098198710999,0.7170594523069684,148.95449016949806,0.046798029556650245
b91c719a-4d41-4e24-837e-5c6abfacc77a,5e9ce726b7e350211b9ac963,0.04209760960859632,0.02281393605871244,0.011974766577547296,0.021038022101194504,0.5552298393982245,0.1850572535020256,0.05548009410059206,0.10630847997950281,4.471139610595915,0.792666240601036,231.7737069088363,0.7913238593866866
b9291f3e-8395-4803-a723-105db19cae02,5e567cd58e4500024e8d096c,0.0850958856067576,0.014487762821602523,0.007727391207423459,0.21494057182213885,0.3343071162843835,0.07270284547912437,0.09116332257250338,0.17957510475289443,1.593685836001011,0.8030529612565693,201.84039549884713,0.07921511627906977
b9291f3e-8395-4803-a723-105db19cae02,5f67c86c73bbcf40f72deeaa,0.019902546603665316,0.03657113944812344,0.010527609465712868,0.019449426334027783,0.7314531975542783,0.06919942701639892,0.035289520169794926,0.07760713330734774,4.084326811352167,0.7570815904449795,199.69455361918043,0.9709153122326775
b92a443a-5a53-476c-98e0-0f2605c0af2f,59877315f8b162000167a2c6,0.029148340235693095,0.029612281096917197,0.007015321869695838,0.009116113240757864,0.4573293960113774,0.38221653748108053,0.03532953487547233,0.05023247557237217,2.5752866833499004,0.7454137703208242,158.6160455824895,0.5848214285714286
b92a443a-5a53-476c-98e0-0f2605c0af2f,5beaf789650d4f00015b9e63,0.22224569215146334,0.0037495459519289198,0.02766252872279313,0.1667236278282338,0.05758009059396764,0.2641848836037061,0.14208417382421867,0.11576945802621916,2.500514085476539,0.8328473027151705,234.0793813307689,0.032062391681109186
b9cb85c5-1a07-4907-b6c7-0147ad88ab13,5dd28beafce6062a4f5221b3,0.07476700757362585,0.03767904578401743,0.02998311969202932,0.0487218970825401,0.1445088753835236,0.42688223013820153,0.06958552683577901,0.16787229831745715,2.343262822263944,0.8172534076750742,235.47974026757944,0.2287390029325513
b9cb85c5-1a07-4907-b6c7-0147ad88ab13,5ec00f62cf12be40ea6fe344,0.041613964482511145,0.028628942501077385,0.02751505046342422,0.06348291580617785,0.15689732422627284,0.3009811485563154,0.1623775305129491,0.21850312403483074,2.8822532764745383,0.7902901437318662,234.49095608286947,0.6515978176149649
b9e0eaaa-1013-4a5f-97b7-f1aaa7a04442,5d92a47e503fb200182d6aa5,0.11202088075393016,0.06455412410103571,0.0502426953747786,0.0474660909145968,0.14842561659371978,0.1598610408469117,0.37257790734632057,0.04485164421154365,2.5255257529633774,0.7826961160294518,220.8161689034452,0.11567982456140351
b9e0eaaa-1013-4a5f-97b7-f1aaa7a04442,5e454881703c9401c7c3fe4f,0.04194762675230092,0.024646507237051675,0.03004874482144813,0.018158907631020762,0.4015372440389065,0.27503799082174685,0.038071957493819135,0.17055102243474116,2.2841103558482017,0.8166952337206633,214.50490967988156,0.9830729166666666
b9e4aaa7-ef3c-4179-9eb3-951ba0d5dcb3,5f5be35f7e4af23a5145586f,0.035891090686541706,0.020261251061222642,0.05458123786054364,0.06001884232241351,0.3347772676839412,0.15890346982085224,0.1399576868912055,0.1956091537534258,2.2639226551803278,0.8172610784790023,247.7384240982172,0.5955955955955956
b9e4aaa7-ef3c-4179-9eb3-951ba0d5dcb3,5f6e71f3b273c13b726f3622,0.028178232227944203,0.008420293184019892,0.01310058180211206,0.029276372518850086,0.18094981560719417,0.3130540628961297,0.05910161355097613,0.36791902823946937,1.7337714064586722,0.7993308920255608,207.62672750750033,0.9090909090909091
b9f36d06-264d-4556-a0f6-3aec69305070,59d5c894c732930001d88b5e,0.04527248521880395,0.03562644572179974,0.02329116992372408,0.05188249472409798,0.2961206692777444,0.22260118374775512,0.08344124317308116,0.24176430871478166,2.172445710688637,0.7452514159695326,155.16751862407534,0.7958823529411765
b9f36d06-264d-4556-a0f6-3aec69305070,5d1554e28ecfae0017a026eb,0.08900214073468463,0.01831338695739056,0.026972805628995206,0.048171226961148145,0.19594326264859283,0.4547796278689515,0.05844760834971746,0.10836994072076428,1.5705708848899538,0.664743224660656,116.51120820156136,0.7660818713450293
ba07f594-bea4-4126-a6c0-9ccbbad10fa0,5cf274cb201b8000190c85cd,0.08115140463854764,0.028893291164438898,0.02310069419816084,0.030451759401849156,0.2945085001574473,0.40401879824713793,0.08926442438348507,0.04861112961388106,1.9381584875432751,0.8217792691902834,204.86475621020844,0.06315789473684211
ba07f594-bea4-4126-a6c0-9ccbbad10fa0,5d1ccc7c7e747d0016183e65,0.12810106453178838,0.01463642248558603,0.010956661444362146,0.010115664214241567,0.48869235360810176,0.3095981191416116,0.024098946494840894,0.013800766723194484,3.884857092045889,0.7572261196776101,169.60722707418267,0.555668016194332
ba51006e-0b13-4071-b19c-3f4ece8f670d,5e21d253c7fe654b45073bcf,0.053836602659650214,0.004815047370800176,0.007135367463769652,0.07876701530458453,0.5884643397609599,0.02190470006208242,0.2132102381066005,0.03186668642702145,1.648794626299125,0.8536282359733305,219.4353756133369,0.68
ba51006e-0b13-4071-b19c-3f4ece8f670d,5f55b2de5c3cb118507479f5,0.03276751381326331,0.011948910921814663,0.0067455025590436235,0.04736592786660246,0.12431172125369565,0.5421594998131002,0.08067166398463083,0.1540292583498975,1.3125665144118916,0.7517333427298379,156.5616546664285,0.0
ba7e0071-87f1-4512-b848-c7a669219d1c,5eb05058661fe60d7601edde,0.04680552278765976,0.02187271255321157,0.010469367421363583,0.011599139238176643,0.15088656777518403,0.575196312490586,0.16614471568288847,0.01702566204322364,3.4474200648830915,0.7347111960738978,162.6666835857758,0.002103049421661409
ba7e0071-87f1-4512-b848-c7a669219d1c,5f08bea1c1c4e111f286d7d1,0.011790144103654221,0.014722860985953731,0.004491435489849524,0.004062520267392784,0.8498646926022293,0.068679974432093,0.04285974963872672,0.0035286228934706667,1.8978221439483092,0.7662256366987714,136.67233208338118,0.14484679665738162
ba9f29de-54ff-47ac-bbff-c8a40bad1689,5d2e4fd16adc630018df841c,0.09193812901399337,0.03405968717005207,0.03846916357646655,0.029629963411764444,0.31675118100384664,0.3411070359808155,0.06984790640664132,0.07819693299813625,2.297819785230313,0.7367313944356304,230.87045430483812,0.842869342442357
ba9f29de-54ff-47ac-bbff-c8a40bad1689,5d537ba1809af30019713699,0.031262870030871824,0.011932735819001129,0.030266459879862935,0.037069500495415054,0.3774332374032988,0.25154638600654106,0.09187978851901812,0.16860902144471085,1.973887172367863,0.8491890979468946,270.17122453321224,0.052
bad7c384-b02d-412a-9252-ea7eb95f42e3,5a7b2b52000dab00018c402b,0.014366218585827794,0.02596895021793447,0.02344703222574079,0.03204019423541152,0.3748885828180166,0.21760893177739352,0.13743164698664895,0.17424844337354622,1.6327978906233027,0.8489255541398859,230.33637663687847,0.8007699711260827
bad7c384-b02d-412a-9252-ea7eb95f42e3,5f26523b9e04df29fc462ea6,0.02071019890805279,0.015168839265693243,0.013225430876018799,0.05378862767372251,0.5451267764354955,0.18730318375790067,0.04316898606675143,0.12150795688177195,2.6780600482959502,0.8257936486835895,242.53589308664988,0.8502793296089386
baf65544-754a-4969-8a8d-41fcc64e83c2,5c89bf9c54effd0016d7285b,0.07053204164934317,0.0014668149062844397,0.0015136563880063718,0.057473935085505995,0.016525884040285318,0.5747756669306012,0.15623570256294902,0.12147629821735077,3.3152183446335433,0.6773715216801902,138.43453406526248,0.012437810945273632
baf65544-754a-4969-8a8d-41fcc64e83c2,5e25cd6e4bf0bc000cba6291,0.16955715235630545,0.036271679199795924,0.04356970713851166,0.032160132190493636,0.3132792569546949,0.2792701453257116,0.08163851629797884,0.04425340957359539,3.1631887850738973,0.8196619659803028,219.58265748455386,0.5615972812234494
bafe687c-ab2e-4dc0-bb47-80014760aab7,5d5dc2d37bfc8400013b653c,0.03794164358380431,0.02842776233680808,0.05731819376668496,0.10450281341484285,0.24871410247125497,0.1588563627371609,0.19191328828484175,0.1723258344307916,2.02683573788516,0.8625861492085383,244.12258775072212,0.9132149901380671
bafe687c-ab2e-4dc0-bb47-80014760aab7,5f51265c4873f23082851a5c,0.05000210759935578,0.01715100274092252,0.02754014630304705,0.0423411056904008,0.6416119667301716,0.12324126577226326,0.045962858681929224,0.052149546660761846,1.55440045079572,0.815681417542772,226.57468204037903,0.07897793263646923
bb271ad2-d89d-4c4c-a8c5-d30ff0e1295a,5eaecf0c3616515ad1eb1a5d,0.3799548488682105,0.015750303877490497,0.07019099294576832,0.04544842761904161,0.05620704673029999,0.23369575676197527,0.1689223691296104,0.02983025027922306,2.782975184089223,0.7192605873766245,148.35886881805018,0.03543307086614173
bb271ad2-d89d-4c4c-a8c5-d30ff0e1295a,5f1b2282a3103e2caff2fd7b,0.05563983916226495,0.03674197223240964,0.03894846040267401,0.02104883563500127,0.26459720422847766,0.38744597068527675,0.09919842090613765,0.09637929703284843,1.657176691672222,0.6517649070100253,117.57930110698577,0.4825268817204301
bb46db0a-ddc3-4507-94ec-486cbdf9dafb,5e2f92e3484f9b5583eddcdb,0.008731273995646521,0.020468047880665762,0.022488254286405024,0.06895289198011258,0.37545536984744066,0.2064528121719553,0.1797789511699061,0.11767239855178792,2.21271595103319,0.7360119249287925,187.18248186209485,0.3828740157480315
bb46db0a-ddc3-4507-94ec-486cbdf9dafb,5e4ce1b969ff371388c86078,0.11533482892721476,0.018227089389733695,0.009043333935991995,0.02952023310534335,0.23217902090521148,0.448944286971425,0.10473331351260733,0.04201789705606719,2.855843469856593,0.7614465417651646,154.9444405982479,0.10196078431372549
bb648497-6a9f-4b55-a594-f6f5938f3d94,5e7315864f3331260bc56c05,0.14733741265820455,0.021118715277784493,0.08823342725202396,0.0545949446726393,0.12758380406529518,0.3897887011555867,0.09034168654897859,0.08100130850406226,3.139876581903065,0.8266173868457011,250.19320372731607,0.012875536480686695
bb648497-6a9f-4b55-a594-f6f5938f3d94,5e8c4ef7d1aaec03d6486c80,0.024962578537934505,0.016070630441071487,0.011733225867167633,0.04439084317888313,0.1836936002824973,0.20107147339527473,0.07185879124086031,0.4462188569724775,2.195749054972622,0.8395275160771918,192.0717955401681,0.40941385435168737
bb7bd0c5-2af0-444f-bec0-ef5683a94669,58f0fca0d40252000192f201,0.06081939839328143,0.019852117930222648,0.042297503662227016,0.06087908158328065,0.3152610453720953,0.31051195421193445,0.11565885003606631,0.0747200486813942,2.793017048359802,0.7221525570674371,138.08611200296284,0.0
bb7bd0c5-2af0-444f-bec0-ef5683a94669,5ea4a34e4085724768be21a7,0.01612220019653883,0.026138612902046457,0.02564574420505578,0.015473068882187198,0.2672217671949958,0.21774837578390036,0.4059811735001869,0.025669056844127708,3.755681772216493,0.7730789546261697,220.56342072026297,0.15606446140797287
bbb922cf-5337-46d5-87f6-e93933d54dc7,5df3b781ff28a82967d0e41e,0.04544677956837466,0.01037989911199699,0.011135865193526032,0.06908954803304115,0.13005205561377303,0.34334289600644263,0.12918421553852252,0.26136874086802103,2.510177445001937,0.8437853693256705,224.03842508607164,0.2294863242161441
bbb922cf-5337-46d5-87f6-e93933d54dc7,5ee8f92c564e6212704b2315,0.029232335718561483,0.04443036276468238,0.025129798514202203,0.025097763065414627,0.20135548512699883,0.42432613346321957,0.15855693830151804,0.09187118275557726,2.382222609323376,0.7163892946012974,163.68285014666284,0.7252155172413793
bbc4cee1-25fb-4685-ae2a-b1e7e689f5fe,5f12a44dadcb8421418b6a80,0.04325933273472304,0.034987381279464054,0.019901907311443368,0.029960769218622882,0.21713015850124615,0.4281132842252645,0.11820805597641694,0.10843911062160731,2.4366321236609334,0.7548468238132201,198.3834738668353,0.2987249544626594
bbc4cee1-25fb-4685-ae2a-b1e7e689f5fe,5f289ddbb09b371e42173fe3,0.12408125017011142,0.03011985879727811,0.03456177940469571,0.02444145914917893,0.039828569792877126,0.4330352135484389,0.2887168578964307,0.02521500973963589,2.1342238784126217,0.7589434667668837,167.09039790744268,0.3238366571699905
bc13c3ce-399c-4db4-bbd8-a6f21da2ad6e,558b7b06fdf99b21155f2c1b,0.046734996597058744,0.06189281534832392,0.014831937758677527,0.0147111764866941,0.39505505674277186,0.2945768945985866,0.06939050819631339,0.10280661364388848,1.8995744622662774,0.681297843315653,154.97279605272615,0.959825327510917
bc13c3ce-399c-4db4-bbd8-a6f21da2ad6e,5ec2feeb47c4471339d3b2ce,0.060161040647946834,0.014790615758313114,0.04279042748352491,0.05214854067290747,0.14650454353304504,0.23776558046524274,0.1231834613484633,0.32265578985963966,1.5946032941670392,0.7948842342417801,188.48053536650238,0.15828677839851024
bc407384-6ae0-4cbf-8bdd-5967aa01c1a8,5ebcb23a12a15210197d1d00,0.09394946830605294,0.03896843686893169,0.09674001731582382,0.027316095909522005,0.37771443321896686,0.22921393954986413,0.07377913332243903,0.06231847617638188,1.2533602750337929,0.7431951222105698,178.3655614846957,0.8788182273410116
bc407384-6ae0-4cbf-8bdd-5967aa01c1a8,5eeacbef6580b820c71e449c,0.008505074794801252,0.010739621984088534,0.0052746129416043714,0.012456386601352879,0.7999403956365936,0.05160649101113396,0.012338096605424082,0.09913932349810274,2.430373642827413,0.7960089920333724,234.03789233044049,0.10285714285714286
bc4262ab-08ce-4085-9609-10cf3aee883c,5df9d7c2451be5738da84e4d,0.07847935348277323,0.0816569720119586,0.06642751176240368,0.009770829958374536,0.33503532250695256,0.24474185572302054,0.0333347646052965,0.15055339049107014,1.660540497636603,0.7816722079249679,148.04944854945504,0.2698996655518395
bc4262ab-08ce-4085-9609-10cf3aee883c,5e51dfe3618c57215938d7b7,0.03592509333510151,0.03365457212567352,0.013849809856153174,0.020812091151158275,0.4195899131266992,0.28094580594863355,0.16489817325494285,0.030324541438621486,1.665100595524411,0.7809837933634785,149.09169576322455,0.24085365853658536
bc427c9e-28a4-47fd-bfca-a5f09dd13840,5dab7683c514d8001730ae4e,0.015361439586480077,0.03841223852653281,0.003742583662005023,0.0093823354017153,0.6282635302550619,0.16228860594443814,0.07912055783260234,0.06342870968197079,2.443514617249505,0.8500110732155645,246.12587321240434,0.8597339782345829
bc427c9e-28a4-47fd-bfca-a5f09dd13840,5f4e7f5ac0126206d331b7b2,0.005578564493242139,0.06936985807571083,0.0018347788823349462,0.006858470321306602,0.7648654746873771,0.0736762501102136,0.02144223463152045,0.05637436818347485,1.7849052755900312,0.8122302086027401,230.92555041331806,0.4066666666666667
bc7b1681-1973-4033-8908-07c45c4de7a1,5cb929bfebd17d0017e7f848,0.1444362137668509,0.005346094156383976,0.02021492628874919,0.12065883985405092,0.09437646581356923,0.24614039044029298,0.32240472904453765,0.04642234055448882,2.45692564615079,0.6556255412542158,133.1300255255556,0.10399334442595674
bc7b1681-1973-4033-8908-07c45c4de7a1,5e322c53287816210062d0ac,0.02069965907691246,0.012899823081319376,0.008988676857825244,0.05146818913194083,0.17975835231661463,0.1752064534529904,0.5152135483110588,0.03576529791773112,1.5667154528257623,0.7133831147185414,123.85103724198572,0.5440792905581638
bc7e2c9b-4435-412b-a9e8-78fe86437610,59e18a4fe75b450001a69007,0.07481273610544859,0.0036235467191146698,0.03879596144657184,0.31634018592626006,0.14716170553588365,0.12487121054483315,0.17244418849964516,0.12195046566320714,1.7963033344528871,0.8484759242004112,214.09109875860636,0.4373770491803279
bc7e2c9b-4435-412b-a9e8-78fe86437610,5cbf7734aae1180017942e45,0.19178405614406488,0.0105200019106337,0.04436371086455299,0.09434961798460495,0.031042948423660458,0.3515606825144861,0.18978130235305535,0.08659767911163387,1.4859624931449669,0.8719552022465503,253.74026006532299,0.13530655391120508
bc88484f-b39a-4935-8f0d-b96b7113d6cd,5dfa7f42fe10857dd1a8bfb1,0.0173425969194945,0.03273769616234456,0.00815683849875608,0.09013554620086454,0.23043914517441838,0.3063216887754436,0.06341989362430421,0.25144659465934316,1.2981788523354094,0.6697838201060651,122.11746647713704,0.14618834080717488
bc88484f-b39a-4935-8f0d-b96b7113d6cd,5e9c8aace6eae81abf309d53,0.016430440471611678,0.0175409202221462,0.0138078296343776,0.08804842177779384,0.16655162100810675,0.2253355140093013,0.1467464822719655,0.32553877059412745,3.905205662457857,0.7966178171541097,216.95868390036725,0.7483345669874167
bc9b8e44-6ea0-4b80-a7b7-ae728e6f230f,5dd340e3e25acf34bf91032e,0.12195180551045764,0.013736242643451113,0.02489802151288558,0.08777664235350108,0.15449372106011067,0.38547002494440186,0.10307862691650628,0.10859491509274118,1.2917389784789952,0.7743553945328395,177.81006171320135,0.006265664160401002
bc9b8e44-6ea0-4b80-a7b7-ae728e6f230f,5dd3488e181abc35d131ef34,0.10721783036811865,0.038818391068255055,0.3892505816696869,0.014170970833402635,0.13035217812006042,0.20012564517764586,0.07869333930205524,0.04137106391160219,1.3906979124992955,0.7158860506932389,156.10046855633576,0.9490774907749078
bcb7c44b-e360-4e14-a40c-91da05b6289e,5da20df461471f0014bb184e,0.03237610232154269,0.017162660478316372,0.04411000338121211,0.010225222206382702,0.5157329139074897,0.2607079283007215,0.08999486817599972,0.02969030143579026,1.3363283648110185,0.7603867514725039,135.80577735759007,0.9746121297602257
bcb7c44b-e360-4e14-a40c-91da05b6289e,5dc0ac2c441a2105cbb3bb0f,0.2135081049198645,0.015597054191154732,0.09258730571734503,0.048370823373649084,0.13088667690134165,0.2849508508267663,0.1481784814263442,0.0659207023374208,1.8345140851504236,0.7669388853036496,158.52608753434643,0.48717948717948717
bcc8e84d-65f7-4b6c-ad9a-dfb33de44872,55cb7fdafdf99b3c26ae4d4a,0.00562251797706314,0.013020682960519283,0.005673391968033337,0.010425446357061274,0.8654557402624243,0.046093593513876825,0.022086597699762258,0.0316220284185197,2.766964830516736,0.8258377645283511,238.6277695398771,0.9963898916967509
bcc8e84d-65f7-4b6c-ad9a-dfb33de44872,5e71556788152e079f80b73b,0.08014155017369856,0.02941722314568847,0.06697625798032247,0.030501559808273945,0.526379525938456,0.09471375921501904,0.13278770787900113,0.03908241529100107,2.205490666573676,0.8286100382306197,235.08309255663616,0.9082926829268293
bce0bc62-239e-4fdd-b2b8-252a4a6df717,5d98077e74f4a002ea9a8c40,0.05271509996617127,0.06700360391139973,0.018596136183698736,0.027616325555582383,0.29636478311177655,0.23907912522516148,0.032555850912750345,0.2660690750788807,1.4438102489036737,0.7681189991752434,193.44935029398732,0.6176154672395274
bce0bc62-239e-4fdd-b2b8-252a4a6df717,5eebff91bd2957196e75d9c7,0.030405776248435955,0.020073405536654248,0.01922278155037687,0.007237213123415106,0.2842954684883554,0.3334509423122779,0.253983067410265,0.051331345350451404,2.046859026863948,0.701818955487777,145.48517816728213,0.9682151589242054
bcff5a59-2fa4-4566-a962-d69d78823a06,5d8d821215875e001482ece7,0.18060910912370207,0.029349594390343382,0.1488934150426274,0.020420232516225392,0.15616333098136673,0.3503522798416602,0.09023856698804641,0.023973470714169068,1.8120159328145538,0.7627042447472429,193.6803359666015,0.07806191117092867
bcff5a59-2fa4-4566-a962-d69d78823a06,5efb5f77ef19f50a68564191,0.15067450909395283,0.009925128881070262,0.02227401501375783,0.10735011253616192,0.17822761862420786,0.3858236563851095,0.10240357598529282,0.0433213837964382,3.327823307641813,0.7024279184073453,153.19506883567362,0.09536082474226804
bd0aaafb-f27f-408e-b8af-b41c879338cb,5e7e70c583c34c53f6c643db,0.06123094354910793,0.01449735908030339,0.0354422726073888,0.07363197126882633,0.15490896583235206,0.3045237615644878,0.12989321854032787,0.22587150801176123,2.6520562509012287,0.7499401907632957,220.14641160357985,0.6415279138099902
bd0aaafb-f27f-408e-b8af-b41c879338cb,5eea4a214c865810724760f1,0.027169271450688252,0.017649194968013166,0.003036167027150526,0.010765604336387331,0.33534221125150454,0.4718423387694208,0.09504760595687238,0.03914760700470815,2.4145901179786278,0.7691586572436185,185.03157931080924,0.018776077885952713
bd255963-943c-4f04-a18a-cbc402817dd8,5c91c693765dad0016f8495c,0.0382674055819465,0.006374057706378739,0.0010044056587483437,0.014546900320928436,0.03450562581850709,0.3428484908673062,0.5568072303391872,0.005645883473383433,2.0970512993059294,0.7071977432730786,149.88654574427628,0.0
bd255963-943c-4f04-a18a-cbc402817dd8,5cf6231511ba980001e3aa3d,0.08924776203365063,0.026017870009124682,0.0262613904690691,0.08361807128336819,0.21905684026064667,0.22252160362112883,0.056016955829850515,0.27725950600834975,1.7849701179772683,0.7653568200815356,194.32815459420536,0.37949836423118866
bd4ad98c-7188-477a-bdaf-123eaa08b6f6,5dd4070a57a7e13efe25534a,0.08522385010589706,0.03156187821674415,0.0198602484204147,0.013668724966649058,0.5254234212869348,0.14341068046630473,0.16720385723502068,0.013647339880057953,2.8932496311564995,0.6733761477944677,192.63818071005696,0.7181044957472661
bd4ad98c-7188-477a-bdaf-123eaa08b6f6,5ef54b31234db61ac1c7fdb0,0.03812345853762778,0.04249744451279767,0.013576046792977877,0.023114512305266028,0.45276329665238846,0.11050894505032977,0.29987987546993206,0.019536419561215473,1.6316870609124798,0.7092597209947676,158.98686616280446,0.9334995843724023
bd4ae90f-30f8-4d5f-86fb-2957934230be,57af9cdda169b50001a434e3,0.04393827900289315,0.01112860681798987,0.03640212810103842,0.036109419245866435,0.46939680742538814,0.09549652367448101,0.2670710052674483,0.040457230813610676,2.105807032187802,0.860031484611038,235.6958447626516,0.6254728877679697
bd4ae90f-30f8-4d5f-86fb-2957934230be,5a791168f49c9a0001f31061,0.12975918435388137,0.004727995768189373,0.012290006384460421,0.10375752978854705,0.3478342173828019,0.22856874519752127,0.13909211990733938,0.03397021212925509,1.5881658107589545,0.8537823694188864,219.89294398069313,0.0
bd64f802-6d27-4377-9e91-821a58f50fe9,5e4589f0dc89f106ff742885,0.04222972480824025,0.011603417684735716,0.005160404415504196,0.008493983036568956,0.07253319272039419,0.5870603632649459,0.23859237704936287,0.03432653653449056,2.2970181587592555,0.7396191914915453,145.8704267741648,0.4266187050359712
bd64f802-6d27-4377-9e91-821a58f50fe9,5f07ec0ec025b5421c3e3379,0.022539526435761265,0.11945577476020523,0.012910877376449591,0.0037466050570839496,0.555449289225361,0.20151714998843342,0.022297887244349206,0.06208289130443408,1.723476006810158,0.8654896293344942,237.58575588749378,0.7961783439490446
bdb13e03-5ebc-4bf7-9676-c5f12146454d,5df9d7c2451be5738da84e4d,0.10027154200780941,0.037852655845131866,0.06355949594846953,0.04238800111182597,0.47471882021481077,0.16440256472028236,0.043118701137391344,0.07368822025056566,2.269935526252005,0.7919828190154772,158.66395213693616,0.8109710896960711
bdb13e03-5ebc-4bf7-9676-c5f12146454d,5eec1b5d66afb73e27bb8c96,0.029832672685102698,0.0570267710716957,0.015350096183394423,0.02020001825531938,0.3594922443665881,0.18150342263388855,0.2653459468510699,0.07124882774699005,2.181427567228496,0.8484874007376495,282.26741467650027,0.08409090909090909
be788bd7-a0b2-4075-8c0d-d18a7fe841cb,5a791168f49c9a0001f31061,0.12156599601601269,0.00782341724230845,0.03078247504316699,0.030708915294795698,0.5453183083673452,0.1654397627325625,0.04224670845269562,0.056114417421011184,1.708189223236458,0.8109473907373567,199.22377099200074,0.2762881177707676
be788bd7-a0b2-4075-8c0d-d18a7fe841cb,5d446af8687d6c0019c0ca03,0.015258587899014171,0.03718472651281858,0.005344224905655162,0.07887147879983485,0.24529376365556996,0.17561004734292757,0.08958689046895621,0.3528502802572852,2.4194350021383384,0.8820228276371693,257.8391152586967,0.14587973273942093
be833fa5-7aee-4eb7-a004-ce74a2918492,571cea664ca277001153c045,0.15866060321415343,0.01773578554122249,0.1695761344277439,0.08510395140678348,0.11127487161261393,0.2739115062431723,0.06413406732035255,0.11960307974039354,1.187497924941845,0.7539109713927858,137.04199483782622,0.27079646017699116
be833fa5-7aee-4eb7-a004-ce74a2918492,5f612984e5033f09587f0faf,0.032211636041361,0.06371007107148996,0.06790510562658235,0.006555486155868654,0.4060846832729701,0.22295738744659885,0.16007054757687245,0.04050508315599102,1.509570833519473,0.855336637775775,242.5676751027236,0.613314447592068
bed8e4f0-fcc5-480d-914e-41059d6af882,5de5e8e5a1a3fb572da9cce5,0.019344851354334634,0.01939653323728039,0.004461495051852226,0.029060457020208923,0.5953859413022936,0.1250525840405211,0.010190300544449927,0.19710783818237776,1.3653936512824805,0.7870907247402883,205.07532523971736,0.5798816568047337
bed8e4f0-fcc5-480d-914e-41059d6af882,5e857e9acec05016fd59b045,0.00785661486811194,0.032830515532816844,0.0080314620003973,0.02418708502326009,0.5163972073256866,0.17205271521651191,0.11422666946381164,0.12441773032936847,2.55889566254942,0.8242182222416047,239.957050483069,0.26455026455026454
bef99f27-2394-4d47-a9af-035136a815df,5e7edbf14a5c605bfacfce70,0.031278937365666185,0.022714178464657654,0.03472488570857016,0.03876809855494046,0.2904524363842505,0.22613659921096552,0.12812945116314967,0.22779541406291234,2.340547662862393,0.7605788447263594,165.55251826817639,0.3711340206185567
bef99f27-2394-4d47-a9af-035136a815df,5e96a26dc5a849123463f9e9,0.012235822387060972,0.03746746268956229,0.004880505809050487,0.00861466055862181,0.661894938672178,0.17864305476683667,0.04955796011651495,0.046705595193314735,2.1775319236562676,0.8381575748108293,235.89987476090153,0.9279620853080569
bf3653db-8cae-4ee8-a478-5f3b36390f76,5dd31d3216d10c341d2d2c7e,0.15613303455274297,0.007431397529061833,0.025940897924307628,0.19543790269231262,0.21852845393239217,0.1807273638736412,0.06400877583188846,0.15179217260055683,2.1083051713259713,0.8434806302891605,248.86696745340984,0.7163355408388521
bf3653db-8cae-4ee8-a478-5f3b36390f76,5ee59169fbedfb2dede8cea8,0.046793577201562575,0.04419298377219375,0.018439079426793615,0.018275180663750338,0.4395041917586596,0.2543923485315613,0.03290266531126597,0.14549997341599613,2.169226637811348,0.8586313445622454,245.1923738614017,0.9731601731601731
bf57c9e7-7be9-4961-a7fb-59777c0dc751,5c6babadec1fb80001c18bed,0.10860604765785513,0.026454591971318313,0.08933868335284774,0.03378677404043308,0.3358269819338238,0.19817321001502378,0.03399300333216499,0.17382070736027655,2.7067976686465363,0.6919911000465008,160.18553458960542,0.4451718494271686
bf57c9e7-7be9-4961-a7fb-59777c0dc751,5f51263e54863a31bd83b07d,0.08165118477011134,0.03542607502580646,0.04663436373958935,0.028728354747409132,0.29624527559531344,0.2529080198186985,0.1840411294106462,0.0743655977981116,1.4488579274151316,0.8049535964036216,224.16284622658085,0.2878625134264232
bf7ad7be-febc-4b11-b25e-4c27e8b8a89d,5c7c73b6f48c6d0001f6f49c,0.24948948253210912,0.01582218794279564,0.0670235993957008,0.08689060240142289,0.11174631619108959,0.3016586598369329,0.04484475354696062,0.12252439290436466,5.960695491702922,0.7446036581627533,205.43761550423736,0.023255813953488372
bf7ad7be-febc-4b11-b25e-4c27e8b8a89d,5eee306006ab9629fb76858c,0.048894746776229445,0.02867894647905614,0.2826196060767477,0.03151735754863868,0.14624283018309409,0.21448135514449815,0.1715082472681497,0.07605691072430537,1.821651305549557,0.7982397457463776,186.03332860215588,0.4777327935222672
bfa73b4c-5b45-4c17-9fe4-8b4f397654e6,5bd63dfb860b840001dc249e,0.06378668995729121,0.028511238525586704,0.06989381717232925,0.04460081080967877,0.36133762506754535,0.2611704005483896,0.09091562896801642,0.07978378908098722,1.6848293419817646,0.7522135921038515,183.6357129384131,0.7376760563380281
bfa73b4c-5b45-4c17-9fe4-8b4f397654e6,5ea8be59a6081b141edb65b7,0.07789882824090497,0.011528512153646574,0.017908849155451503,0.05411281062542199,0.44409670276290425,0.3078906117679721,0.04457858380090976,0.04198510209368876,3.4022764156912886,0.7706547172453249,169.91616083871384,0.068
bfabcd61-d574-49c6-b180-6686fd1bc7c9,5f31961c57eb9507db148757,0.014262459586749016,0.029421214774491163,0.004471917463515998,0.02419806118717446,0.5632179710894483,0.1630452243382626,0.01950827529330424,0.18187487677913133,1.798083782053196,0.8263766098127934,237.50184931713312,0.6963824289405685
bfabcd61-d574-49c6-b180-6686fd1bc7c9,5f484cef1d9c4630fdf85265,0.006644948508587045,0.014594802860593656,0.020060560304390386,0.052930508897107716,0.547447554220035,0.08535040270118635,0.1773851047119931,0.09558611704458404,1.672908167140648,0.8586702556791522,185.2697246573659,0.670863309352518
bfc2f31b-ede5-4bba-9e67-4552a6f8bb32,5e0e31c179f2fa58ed5bc904,0.027345860423510705,0.007110759228769881,0.003913495395421209,0.031819876028461695,0.2330652100599379,0.5045027674263469,0.13801413740464327,0.05422789434617677,3.6486819163205078,0.7588586006038616,203.6672956427398,0.6389891696750902
bfc2f31b-ede5-4bba-9e67-4552a6f8bb32,5e83a35304f8a80a13ac590e,0.0375520544747511,0.08778458284214137,0.0170885174127761,0.0186634775018319,0.32844502019385496,0.340817882368962,0.08792706842844679,0.08172139173063134,1.4672493921397856,0.8509666739435244,224.0858690601909,0.0
bfc889bf-d5e4-498b-9322-5bd5fb6602eb,5f0298ad4a1b58435567e7d4,0.03677048058701703,0.09840959601353588,0.017006437026893747,0.00903508952056648,0.4380069315695531,0.3093333069057632,0.07360795131095932,0.017830207670650883,1.8961181188674088,0.835165968417441,196.03652981264824,0.12029384756657484
bfc889bf-d5e4-498b-9322-5bd5fb6602eb,5f12a44dadcb8421418b6a80,0.0383911622757713,0.01656445823593489,0.021163895812597824,0.07032192242603971,0.26246294767385,0.301240198408446,0.08210746194710403,0.20774795363668472,3.753563918072598,0.7771430738244944,229.08015898820582,0.6488038277511962
bff43e52-219f-43ad-8329-9ba68c30260f,5df88caf783225616ad3defe,0.07274584123810512,0.024086000026757,0.026562009144216314,0.03379841742484925,0.2768242912226332,0.33941353629056237,0.18307511416778774,0.043494790470824746,1.800172282151212,0.6866330222413015,134.82552634731857,0.09361997226074896
bff43e52-219f-43ad-8329-9ba68c30260f,5e958157d5fa4490493e6c0d,0.07279786778698023,0.023452341573144717,0.07616776959974116,0.050900753542842174,0.5547501750155631,0.1158468570730752,0.0828286892345717,0.02325554425601388,1.5273465739831664,0.8194480191262038,218.54785611476038,0.7561683599419449
c0486044-cb98-4c6f-b9d6-ab33e2bf99a6,56db4c217dcddf000bd5853c,0.19646159726348747,0.023752747219344218,0.038665696163620936,0.043484419340279246,0.2438810329203414,0.13435639773617797,0.1748422097774395,0.1445558991023749,1.9153667341699427,0.8703321782757639,248.91272077625305,0.599647266313933
c0486044-cb98-4c6f-b9d6-ab33e2bf99a6,5f0e50c3a8d93519188a7525,0.01251616717909541,0.04277972549518402,0.007187020840069077,0.01764779814555434,0.5045312655032705,0.22984231812042358,0.07747973836122798,0.10801596567668649,0.9955577318384402,0.8014204140329637,178.95242975777506,0.5408090844570618
c06890a1-e018-4a0f-a4d6-93970fba12a8,5a68bd3463394a000155c9e7,0.011097640812585432,0.02080508296389323,0.005351028224457393,0.08948759863867842,0.4582774092075122,0.07406435677796236,0.11206382875159326,0.22885305545443782,2.2202319724499917,0.8361085139731999,257.9617229498225,0.8732484076433121
c06890a1-e018-4a0f-a4d6-93970fba12a8,5d1e943542ea95001a078e22,0.0082681574858725,0.0290652263909578,0.0092615896835923,0.0625826925039291,0.1400415048003196,0.2551441520452499,0.3455775380134582,0.1500591412186622,1.8348371774743788,0.7917431111012297,260.00061497838493,0.0
c0775391-b8c3-4884-aaec-ff8b1b5d1de4,5f78dc19c0ca6c1197e189ab,0.15351029610108607,0.06038098867345359,0.011360407884700106,0.005746950801593053,0.2015733598724677,0.4412539911342175,0.11836646423375427,0.0078075398325746954,2.9161675115638728,0.7179432167726151,166.3318532305493,0.3673469387755102
c0775391-b8c3-4884-aaec-ff8b1b5d1de4,5fa19ff29675d12de2935107,0.01579935066786633,0.0490521934272901,0.044383634770521437,0.01620195520947768,0.6390831792592034,0.10281884283563149,0.05056999492145604,0.08209084866343855,2.5767834914598815,0.8413805255617941,219.7690691830282,0.6292834890965732
c09f7ecd-c7ed-48e6-a24a-688ce364a390,5f2712b3488e134d570bc387,0.033226726774155724,0.012272857987146016,0.06865860183691296,0.22470410498349147,0.31601848381019515,0.07438672242892776,0.10837575190546435,0.16235675071538655,2.5824912160469125,0.8477738333363248,239.6976830352672,0.5758313057583131
c09f7ecd-c7ed-48e6-a24a-688ce364a390,5f5452df72345118f58d187b,0.22482924140677177,0.01410579293898879,0.10444968065860999,0.043272603483269285,0.05373403154344154,0.34788790769927497,0.07895816006846094,0.13276258284572873,1.4929520119328992,0.7337484898171519,161.18414950740666,0.17046580773042616
c0a2b42a-a81e-459a-bc11-59cb621e4929,5a693e48c0d8360001082fda,0.07455130417490305,0.03952983477994658,0.012164745043260681,0.004506999895117359,0.4186096331676062,0.38538205797941866,0.051377653872399315,0.013877770805151127,2.0324870609532515,0.7127591988430813,126.56212428213293,0.24511400651465798
c0a2b42a-a81e-459a-bc11-59cb621e4929,5ea74bccac99141164dfceeb,0.013586535223756252,0.1337796553400165,0.017729441300927108,0.0023227368170908444,0.6070571476009224,0.12227923328374417,0.08841077108840002,0.01483447875964379,2.391738247811249,0.796245912616278,186.68151197867758,0.31568228105906315
c0baec1b-3132-4177-941b-c18aec0be57e,5e2de5a5ca99353d0b03b72d,0.012716432402296588,0.039737050463949576,0.009486546343560697,0.013188694085275201,0.49679266210477274,0.22857477902907392,0.0721509347688559,0.12735290155714737,2.915781580499715,0.777168793416993,228.27909351444293,0.7775735294117647
c0baec1b-3132-4177-941b-c18aec0be57e,5eed8bec94fa2f1be77c189a,0.011100380010643483,0.020685083917385726,0.024400912133181313,0.051507970717424086,0.32387705129890315,0.19864615072538797,0.09723273738556763,0.2725497139582126,1.7232955371392038,0.8443937580231666,228.99801793580548,0.9230769230769231
c0c54a77-1d33-41a4-8e13-92a4840e82b8,5c12f106c4b80e000192c472,0.08775448556188147,0.009461551276502,0.042116877114913326,0.23572356582407455,0.2174411324951564,0.07955925113694227,0.18005863618336274,0.14788450058930003,1.977894796424853,0.8367881121523628,208.70349641624028,0.25162907268170426
c0c54a77-1d33-41a4-8e13-92a4840e82b8,5ee70f2038ee524987f6e9cd,0.0948377614596362,0.04790125798890053,0.08073174444653756,0.008772652518287705,0.2904692260680012,0.37171244797284947,0.06836633409685004,0.03720857550060433,3.330147698430477,0.7542895752522083,181.6919112656893,0.946833102172908
c0e74ae1-aa1a-41b3-91a7-b44f289d1af5,5e4a1730c94447480594cea4,0.02146942980360051,0.0255816603547435,0.016378104566391626,0.06386177195366517,0.11588793829378331,0.17190359811238465,0.4197373093914451,0.1651801872224263,1.8776444068760003,0.8221200792399569,196.51927260172192,0.023936170212765957
c0e74ae1-aa1a-41b3-91a7-b44f289d1af5,5f1221640ad01c141571dc50,0.024172368158243508,0.014423030775245973,0.01751017235003227,0.0522189257332293,0.4106495237155969,0.27832886436887755,0.09855797743761038,0.10413913785403464,2.8031725154472475,0.8274285501767845,208.05548716186254,0.3710788064269319
c102ec15-67f6-4b92-8c4e-e7081a42b1f6,5a9493ce873cda0001dc6dfb,0.04862353340537264,0.08770138511758634,0.03452466323964036,0.020311072293195055,0.5061200620994988,0.11494602241049022,0.14907258779594093,0.038700673310614025,2.2795540134287515,0.7958730340068089,216.0441307218669,0.004333694474539545
c102ec15-67f6-4b92-8c4e-e7081a42b1f6,5e71210f2471fc03f2a62102,0.12552425156985808,0.004689676754142721,0.0070274357169649755,0.07238023843046867,0.3343129471931427,0.30266870421177994,0.048904273120673934,0.10449247345021129,1.882014854306956,0.7844036176959553,227.20709110355756,0.697268588770865
c135c056-e51a-40f5-ab96-cc9f217f6389,5a73899f9cdd1800017786f0,0.13609071977357368,0.023471264409924995,0.02943495598554313,0.05925296833303322,0.3503609565061857,0.24861024863282735,0.030035849536680696,0.12274303801195777,1.7307617751732964,0.7076590784937539,142.20899812529547,0.7449664429530202
c135c056-e51a-40f5-ab96-cc9f217f6389,5f4d2156f727e10c3c2c4a35,0.027173722180405948,0.05479619750924058,0.01700237634048701,0.006762547125277363,0.47167532640262705,0.18483919071482144,0.026547606711297366,0.2112030329435103,2.3763469064880125,0.7846949850850842,177.57238845746122,0.9610670511896179
c14be8be-789b-48d4-840a-34e63a1fdfc1,5ede1b9de880a5035a41da35,0.07985609422925613,0.008983981312606441,0.01244304046812199,0.02253123592795676,0.017642047739176485,0.4430141555838835,0.41199828628389074,0.003531157744184442,2.954258116996077,0.7886007937126553,177.00319825329848,0.0
c14be8be-789b-48d4-840a-34e63a1fdfc1,5f3ac1732efa0a74f975b1a8,0.05518282225093518,0.04505062799957892,0.005296543485467768,0.0027940713862210894,0.2661356140787887,0.5222614013695306,0.09682205036248638,0.006456869972091786,3.0925908551266565,0.7899116192662934,228.0022073392782,0.559190031152648
c19346dd-447f-4b73-85cd-95d7dbf016c7,5d497f8d3c428d0017121681,0.02010463101240048,0.012584486861568048,0.009760888089904373,0.041389280452215106,0.3816381566230484,0.18534396904945646,0.18076569262453498,0.1684128952613095,2.1693838218439914,0.7881271363384673,221.3859640608471,0.6752278376139188
c19346dd-447f-4b73-85cd-95d7dbf016c7,5e531b2205acdb33c0f5f24c,,,,,,,,,1.5614967839598461,0.782200847434692,160.62071841785857,
c1ab4807-f720-49ec-8c98-cf477661dee5,558a327cfdf99b2d75651681,0.1976451064142531,0.01651863870280006,0.23901143796884278,0.036935352394202606,0.1119894728024012,0.26539280002712345,0.05854465963850331,0.07396253178597842,0.8563174240515066,0.7694215708075096,122.29359320593436,0.13622291021671826
c1ab4807-f720-49ec-8c98-cf477661dee5,5de1ef4ecb1b08240f97671a,0.0302778333202038,0.033387971511592916,0.015999948015191553,0.02009127245458493,0.24267345824825404,0.4398559864711317,0.1216888737749781,0.09602465682241378,2.322521965420446,0.6778875394509429,141.80160756046396,0.3778580024067389
c1d3345d-ac5b-40ee-963b-47438f570cc1,5e4a1730c94447480594cea4,0.04658533891817445,0.024514876933677935,0.016032641691776053,0.010510913670935984,0.4235511653106628,0.3699696788816278,0.05534075053146401,0.05349463356381459,2.0098436890056437,0.8503381107727706,179.05007160131044,0.37968643490115883
c1d3345d-ac5b-40ee-963b-47438f570cc1,5ed9df4296035b58dce21946,0.016526083296263216,0.031817861280968654,0.017669200332209836,0.011092931009506465,0.29102602991888327,0.39744949138070707,0.08320830875413572,0.15121009404856875,1.2093779415094543,0.8232645079965283,237.259464394305,0.9486552567237164
c1f946c8-cc9d-4cb2-8535-de058d3a6788,5efdcf388c837e24c1bbb083,,,,,,,,,2.256713598768048,0.7562552098345318,150.87644380373706,
c1f946c8-cc9d-4cb2-8535-de058d3a6788,5efe907ba8384039f55a9625,0.036493676855979595,0.02312556854307229,0.03265393475893143,0.010827294645625153,0.38507336224728195,0.27230845869235026,0.03509005668314857,0.204427647441619,2.049775792361045,0.74853432687849,175.99482633343396,0.763585694379935
c22e9da1-5eb3-4f52-bb11-c5c44032d697,5c1bf2d025bab90001f233fd,0.013386072579133839,0.006013037843389028,0.0036553928769195066,0.16548221998774956,0.3225954682134984,0.25916625615808775,0.15933498534953075,0.0703665679422628,2.1649591825026473,0.7175295147532644,130.08643098093896,0.7063129002744739
c22e9da1-5eb3-4f52-bb11-c5c44032d697,5f48843bab878a22705b30b0,0.016951487971577084,0.011793469321343843,0.011242651355567691,0.038679918094883754,0.1771474418941136,0.38656738219788817,0.24074699479547412,0.11687065604129848,1.6208121692648731,0.834703458272564,208.0241057829037,0.25692963752665243
c238e8d5-93a4-4b9b-9ecd-966ce1d77710,5cfc3d486e9951001a0cb8cd,0.05865837185298107,0.06102178817991942,0.026362648796745606,0.004156486025528848,0.10170565321426957,0.409306890396704,0.2730432904993659,0.06574487080119518,2.0095135629123155,0.799495149202276,159.75559414540538,0.626
c238e8d5-93a4-4b9b-9ecd-966ce1d77710,5e097142864020244036e40d,0.31760133850720496,0.02407094792304404,0.16699760332695604,0.04476980766805457,0.0380829731231682,0.2490634827055379,0.06809599683627604,0.0913178498154866,1.285239972708762,0.6736297083860887,131.9812278997547,0.128131021194605
c23b499d-8fde-417a-95fb-958413323675,5d497f8d3c428d0017121681,0.09812035824482636,0.0037640605455574504,0.0036767058431065097,0.01643118572321583,0.034107117862884076,0.6728077970941861,0.13479186751125818,0.03630090438322869,2.0980938490182885,0.8162996138995413,228.7647786935083,0.2
c23b499d-8fde-417a-95fb-958413323675,5f5ce7f940a2614f6cb6e747,0.040914411441964706,0.042977902652865,0.016989617829620527,0.06837937819563805,0.33006343743534083,0.2719626049482886,0.0894879906255513,0.13922465675471352,1.7933898855804389,0.803029668089988,228.0229520556192,0.670061099796334
c2932f7f-be84-43e9-8798-21986cfeba4c,5f2850a9d9a5f01279e1bd16,0.13945926632732147,0.0059439558826852,0.0136906913830898,0.05765026248991485,0.31575653143227095,0.3547665849328041,0.0530629935674369,0.059669667680282076,2.3079751682314966,0.8144682959984793,211.1888787410159,0.2857142857142857
c2932f7f-be84-43e9-8798-21986cfeba4c,5f51268b7abc4a30c4d8240d,0.032015123158008314,0.027936899849924857,0.04929711208986903,0.049997289123131554,0.23322381068985212,0.2935060125956715,0.0584162664061417,0.2556074871737309,2.217239421983496,0.8289957972318788,247.66153273400215,0.5284916201117319
c2a9174b-bd97-4fb9-98b4-3508d5f4b70c,5cb929bfebd17d0017e7f848,0.03616782752459841,0.025130036761462606,0.10019604867908408,0.01919287915936817,0.08287056340677201,0.1467797992771219,0.5173857218258396,0.07227712479762437,3.322567733279699,0.6672988417866454,150.99102247050487,0.7973950795947902
c2a9174b-bd97-4fb9-98b4-3508d5f4b70c,5ecb2895bc80406a12e913a7,0.07061874664855751,0.03361528563227786,0.04588973447359272,0.02304278317067302,0.29491339979978587,0.3000860352542446,0.1631027750670378,0.06873123878152951,1.8193117829686292,0.7330058634552064,133.13466744210393,0.8096468561584841
c2bbe917-15c3-4d3b-98a4-866fcf48c303,5e6a418620befe00096983d2,,,,,,,,,1.734160256001756,0.8380141454983054,240.3797000927066,
c2bbe917-15c3-4d3b-98a4-866fcf48c303,5e6fe3e20e34ca0aa955b116,0.06328553987953693,0.0230350851500525,0.015359022758931331,0.028838458080013115,0.22043693740247033,0.3989273130271325,0.17389753363932872,0.07622010976619008,2.9200901919728612,0.81467262317337,257.85984781816757,0.2596685082872928
c2dccef4-139c-4bc8-98fb-24a521da2923,5cbe04b4f429ff00159de30e,0.07431364744663156,0.017191638258569848,0.01988992342084133,0.04994536588360299,0.5152952932307798,0.16737332049919362,0.04234511397958077,0.11364569450624652,1.8169049112910378,0.8164742733614987,209.57882746871027,0.7681940700808625
c2dccef4-139c-4bc8-98fb-24a521da2923,5d5f07cdca10e90016bc0103,0.03171176253437627,0.06558424532058336,0.021329431014951047,0.01746494716196369,0.3935568175217593,0.266420892175509,0.09697978096086429,0.10695212255276929,1.3921652965540119,0.736021560394954,139.40257415189308,0.873269435569755
c2e52da0-6e7d-4dea-8b1f-f0b137b89c5b,5f51265c4873f23082851a5c,0.06430768461953763,0.025335253373906224,0.08053859865929279,0.019650715364043204,0.5693592744464133,0.11500362832463519,0.021024663821403264,0.1047801817166463,1.5238004206006508,0.8206684521758251,232.29031127463995,0.9783393501805054
c2e52da0-6e7d-4dea-8b1f-f0b137b89c5b,5f5be35f7e4af23a5145586f,0.019750154050900325,0.007578690481009514,0.009677702663917858,0.06009951529906583,0.36928318861666826,0.1560069601435717,0.11571750079738832,0.26188628821682,1.8323239405508855,0.8158800881077775,238.36676076552217,0.41767068273092367
c2ed5c73-0d63-4f92-86a0-0644cac96c10,5be8de2ed3560900015c743a,0.11591918896344185,0.01726470247797828,0.1997957500988393,0.030956225027030337,0.22707209315929697,0.10389290625732596,0.2154325346140742,0.08966659964659425,2.210615451152966,0.8638265295393039,272.14906780465446,0.9284682080924855
c2ed5c73-0d63-4f92-86a0-0644cac96c10,5f195ead0ccbf2018572a26f,0.044752406004893316,0.019966765970901787,0.051948986119426735,0.016551551754764176,0.6677292156074979,0.08344578853057069,0.0971699022478633,0.018435384946661183,2.2052319559671516,0.7399198032421925,137.27558278873016,0.04948805460750853
c33685cc-d141-4e97-9c34-f5d56fe2c480,5eb02a40b17a8c0868685d32,0.012520404728389082,0.06088049131534301,0.012834690470490923,0.011168177136619495,0.34670884956809495,0.19361264043291893,0.04153886207169327,0.3207358835696606,1.8831375185320773,0.8635338419602361,249.70225709200366,0.29777070063694266
c33685cc-d141-4e97-9c34-f5d56fe2c480,5ebabe2f4d32da02ed3a6915,0.02320797561104198,0.022644244708053547,0.006551664088431057,0.02462618298029837,0.3486067113221773,0.2694213266329535,0.13605257278664262,0.16888932179696037,2.0643531088401343,0.8268368362241443,226.57433305141598,0.21475875118259224
c33d3ce7-c68d-4c13-9e1f-710e7a6c7a53,5deb1865986140241391d84a,0.03426973897703694,0.025383390181297504,0.009682735900850177,0.025999745744311922,0.3037935668466621,0.38214939724491276,0.10681928296410277,0.11190214143632772,1.6917790250023956,0.7902841498843812,211.42656210645396,0.17612809315866085
c33d3ce7-c68d-4c13-9e1f-710e7a6c7a53,5ef6d07be683903cd5ae171d,0.15599124622743707,0.005599058021660285,0.01835957623817942,0.049018389513679025,0.04958722214872513,0.45872952872056105,0.12547390791818613,0.137241071537346,1.4089354252174418,0.7270889123100658,143.26600713573796,0.34731420161883736
c37ef4a4-90e3-496e-af0a-9af87cc05931,5d3515c39ce6590017010766,0.019859770929143802,0.006622524856703443,0.004071371780783763,0.040114467810011524,0.3192166780878596,0.3260908836608266,0.06873623744475907,0.21528806561696245,1.4737054926671513,0.8719061120541118,242.33808558169358,0.6088180112570356
c37ef4a4-90e3-496e-af0a-9af87cc05931,5ec5e401a6c1eb663c46efcc,0.1485336823447171,0.050053832210929496,0.10381020105745634,0.01066586706145735,0.39271302371864564,0.23894969403917887,0.034384730776579456,0.02088896897478599,2.699239019064586,0.7277915580473535,158.65962572087852,0.9135416666666667
c4149c78-b635-4d4f-9183-53b7e702c95f,5aa5c96ff6dfdd0001eafd08,0.024548743422617366,0.08776014243295893,0.0068022726283372935,0.0063581484682349145,0.2510028931942776,0.4655586048498881,0.038364313576794,0.11960488179928422,1.857040455941658,0.7977446743727404,208.87996919568735,0.7598944591029023
c4149c78-b635-4d4f-9183-53b7e702c95f,5c78e5930d75f00015f6002a,0.10512270813549397,0.018929140176896488,0.023112641820383927,0.03427244232866406,0.16715526359456964,0.3598286364762132,0.20819127915915997,0.08338788820970809,2.593425075868063,0.7589177850170697,198.78490678119365,0.08897876643073811
c42c493a-51d3-43d1-9942-0ad8c30412f4,5cc020d5159f790017bee28b,0.2695074766656257,0.01991715811003979,0.10957957067189646,0.021215599956857074,0.31641698367448223,0.17058215462134885,0.07804082102160911,0.014740237471262548,1.6148400602273698,0.76793437540244,173.1501383833535,0.09698681732580038
c42c493a-51d3-43d1-9942-0ad8c30412f4,5ea714d0ba872d0cc55cdd79,0.006081861446919819,0.03106703159868714,0.003491065042333971,0.00390356419826164,0.6886942586300764,0.10040206780258121,0.1498654844755857,0.01649466749319834,2.9789373272838304,0.6925077022092349,225.5687780882958,0.8481141692150866
c43cb85c-44ba-4d9f-b8d2-741a011deb53,5d4a01a20b5bf80019ad0070,0.06633727785738265,0.020560440165665758,0.023884351025739506,0.0332166582444893,0.5994340867707723,0.14578618511456745,0.021799802470026643,0.08898119663598847,1.568146457104478,0.7189784744263653,140.34718811825482,0.33212996389891697
c43cb85c-44ba-4d9f-b8d2-741a011deb53,5ea7013f3fe3360abb654e38,0.025555641249793083,0.010089802812719038,0.006117250986524565,0.09468921221314822,0.29633431712443936,0.28580328510885084,0.08062896777546293,0.2007815222021687,2.0433606442581462,0.8238346878514266,237.14836661435575,0.7695538057742782
c441f223-ba1a-4fe2-897d-fc3c2e704a82,5e24ce20e3c71973d8ac396d,0.04438067502148816,0.06251798048725045,0.08972133943256756,0.030130997915480753,0.2602476879861562,0.25658448951546753,0.08880567425691718,0.16761115548606606,1.389609130689936,0.8629208411432218,235.01935902123952,0.2322818517001229
c441f223-ba1a-4fe2-897d-fc3c2e704a82,5e8ccdf9b3423e07b04b4853,0.10991532793310486,0.053542176987897275,0.0657300812879291,0.016252452324973753,0.4041099333553052,0.2683452574399516,0.051908796182819385,0.03019598039809549,3.1073349191373105,0.7790940894394394,233.90697021352156,0.7282608695652174
c44832b9-973f-4b9c-8262-e9ea2661016a,5d792a20c0a7b8001879154a,0.037537433130892174,0.010387072904296557,0.028898228705180818,0.05466473890710215,0.47744209781836383,0.12068785943945275,0.05751470232116295,0.21286786864699503,1.6585500657173387,0.7161375725623166,122.04327693576695,0.9078947368421053
c44832b9-973f-4b9c-8262-e9ea2661016a,5efbe4f0c9f37c1a3b70afaf,0.00806035552477229,0.04452663981098845,0.014999683369931837,0.020519393097136546,0.538805605640753,0.11553923280049458,0.19553315752388273,0.062015931576162135,2.3516444275084014,0.7307402071348906,141.03852583206117,0.1485535574667709
c4caca36-1ace-44de-844a-0933eface36a,59ad6f1e09709e00013c2ba5,0.0370225706202025,0.0275412689789559,0.007874604372519231,0.018587906076829534,0.2140496992668523,0.42829128343653133,0.13339149227077624,0.13324117447825223,2.203268141063175,0.8064270476318576,219.39725207165202,0.45701357466063347
c4caca36-1ace-44de-844a-0933eface36a,5f416c04539a9d31180b1648,0.14492996715064133,0.0570880675568746,0.027795747807005465,0.009089765111184981,0.40984398615639167,0.1756734431150978,0.1468844277320065,0.028694595949648776,1.7271299819459451,0.7915119016123088,186.3205807956733,0.7174457429048414
c4d50c68-5b6d-4180-a693-25cab706ada4,5f4fd45ac62ac40f6bdf8ee1,,,,,,,,,2.0504698955843135,0.7405265768796854,136.1981664674099,0.0
c4d50c68-5b6d-4180-a693-25cab706ada4,5f6817d32dac2317c0453f2a,0.018052773543325906,0.03546679115501529,0.07720124805445747,0.06297092874765818,0.22335121703563893,0.14223839286827467,0.29912332298795596,0.14159532514020248,1.729885988439394,0.8062001701204384,211.46166361949628,0.7200956937799043
c4dbb239-5e7d-45da-88fb-3c6c733dab2e,56e130548b1c33000a388671,0.04385536115597894,0.026059409047770404,0.026878383368987933,0.02094903512501403,0.08650795299026255,0.21276596952338245,0.532723703378088,0.05026018393943132,4.520685372125369,0.7843996685209966,187.68222501054845,0.8283093053735255
c4dbb239-5e7d-45da-88fb-3c6c733dab2e,5f352e9b8ad4af48c58d8143,0.04681049086894226,0.018789994169270748,0.013326683923962596,0.06639946256450924,0.2741676861311229,0.3060067190038502,0.22793097391682915,0.046567989431713884,1.6817713497435611,0.6496126320448685,121.47439455536292,0.546031746031746
c500c9ad-c23b-42b5-b17e-8796eedc4e34,5e11882114ae638303c715d9,0.06313634279100493,0.0433280117026443,0.16265308470778803,0.009118263816338503,0.2845130694227157,0.2978889239600622,0.05752804084253783,0.081834262683167,1.5579001201973732,0.8116121935128993,184.15938260664146,0.8101777059773829
c500c9ad-c23b-42b5-b17e-8796eedc4e34,5f14cf327627fb00097f9a8a,0.03746782030303551,0.010622159327929493,0.007521878052986388,0.06750504003582378,0.2644168961471773,0.37278192289786155,0.1856788016851125,0.05400548227629677,1.6143843050590514,0.7631988311421041,173.15437108206498,0.04291845493562232
c52cd295-df74-4e99-b31f-34ae824a1418,5ea74bccac99141164dfceeb,0.016952081381956485,0.10529717424280939,0.026685044758666305,0.0026700472869841804,0.7084456131857804,0.08288718284432496,0.04167926066508334,0.015383594782784898,2.1389008526418536,0.7949782237582966,199.13864698129893,0.02574750830564784
c52cd295-df74-4e99-b31f-34ae824a1418,5f053720c017078437e04818,0.02147690386444815,0.012268542094416704,0.014464073941259823,0.008712668553001734,0.7328907660233257,0.12636532239009104,0.058481712239923614,0.02534000683156502,2.7453801254252825,0.7553380544589801,151.57842676957497,0.001949317738791423
c578b93e-5320-4ea4-bfdf-90eb631bff74,5ee53940e704230cfe9c301f,0.048206874706243394,0.03894579459001213,0.01678423437638387,0.01905011949053955,0.4172934756680785,0.19056245252429735,0.106273011803677,0.16288403700060713,1.6729908485125196,0.7831778636442036,224.07252203548876,0.7148760330578512
c578b93e-5320-4ea4-bfdf-90eb631bff74,5f16520a9e2ee97d266d4241,0.09730631102280517,0.03230364459724829,0.024439302981283485,0.025013232794197968,0.3773309576757413,0.3211941005955092,0.053376706493653205,0.06903574405006277,2.5653317904802506,0.7405363844859119,181.06287708857198,0.3342579750346741
c5972417-388c-4b2a-9218-543268c3ee9a,56df9a836b4093000bd896c7,0.06183212901516464,0.08501155097468588,0.01962353781547932,0.004659547863957798,0.7307523232111228,0.07150725693220435,0.013339263831232896,0.013274389862814684,2.5749186070657792,0.7321064293218156,172.85370312572184,0.9948293691830403
c5972417-388c-4b2a-9218-543268c3ee9a,5e7e70c583c34c53f6c643db,0.040958282956337404,0.01116664487970279,0.015567713013292545,0.06837573240867661,0.1366456090146884,0.33431284856780763,0.11904539724697223,0.2739277728092451,1.8373279846912312,0.7675256118755106,213.25653720852756,0.6387665198237885
c5a02c02-9913-49c3-9230-3beacc0a345f,597b858909bdcf000153ff58,0.10718903622548179,0.010064424911010856,0.03189826752791828,0.09671413020867449,0.3788680008573563,0.2534396728579319,0.10243550134743044,0.019390965641086232,1.3562334921239834,0.7604076093482102,149.31999626773285,0.6326129666011788
c5a02c02-9913-49c3-9230-3beacc0a345f,5f33f1bcea047124b738476d,0.22692855058529207,0.01971684036449048,0.11956791984802527,0.031470629367981215,0.18856949866952016,0.3223783378191447,0.056503192074941394,0.03486503267144134,2.094850812796895,0.6835742345229388,125.2621650388837,0.7685589519650655
c5e66cf8-159b-43d6-8cfd-0c2baed92c69,5f499b471c384e50e424e5a9,0.022861617663315136,0.0061565486393567615,0.006227059499448272,0.18740795324108944,0.13888392718531942,0.24009524797277232,0.1331976796268707,0.2651699668653416,2.9616239333761265,0.6819748699769722,146.07452421709456,0.14473684210526316
c5e66cf8-159b-43d6-8cfd-0c2baed92c69,5f56e1d1b72358165158550d,0.06905520234946837,0.024945256081032742,0.0249994172457985,0.03362981035549242,0.040875286852147905,0.382931674726487,0.35937487860799716,0.06418847368972028,4.215434941256052,0.8088337179598241,198.90375047091945,0.7253649635036497
c66aadaf-0c35-4150-a66e-1b41bc359748,5a49d6a06d85f80001c25bc4,0.05120577311306069,0.019251458172553283,0.03302908199566117,0.01898081522022798,0.6270328225255172,0.15614665067146657,0.053318327425940525,0.041035070697354875,1.6996851652488205,0.8152211279956707,188.80815919418555,0.5998492840994725
c66aadaf-0c35-4150-a66e-1b41bc359748,5ef517ab79cf2c15b7452eda,0.03639896643356465,0.028420069703243508,0.01802422049290153,0.04776369583830836,0.23101310719357465,0.41077913923327275,0.06473941450965963,0.16286138703538172,1.6674440946675746,0.6670831036515522,141.36528258804688,0.1432791728212703
c67c4974-2d84-4c96-871a-cc8be0ef6ccc,596fea64a5c32a0001584755,0.007908531133857206,0.03000879662717987,0.002104214767089513,0.008285403179303822,0.6425727678287901,0.16663750667135263,0.018391617881824744,0.12409116125370492,2.3375341377980394,0.861007171282188,245.47330251086,0.8042744656917885
c67c4974-2d84-4c96-871a-cc8be0ef6ccc,5d949970ca12280014908f72,0.13287273317652212,0.022782418598770532,0.09521612989020908,0.09628552866296274,0.09267477475126937,0.19392040551224832,0.23587707073532177,0.13037093760038115,1.7938773544956734,0.8660680633097827,227.68435674265683,0.6002604166666666
c6bc0a7d-26ac-426f-bd31-279a8c1d2e89,5aeffc6e0ccc2e000185aa28,0.013311762086286079,0.004831419122517207,0.0030124264536352027,0.16357182374872573,0.1634930874966036,0.16130616088352873,0.4426560215130466,0.04781729982174078,2.521390814899906,0.7196157129976103,190.81959189457126,0.13434247871333965
c6bc0a7d-26ac-426f-bd31-279a8c1d2e89,5c75471e5eb59f000131c7a4,0.07174116168865775,0.06664635562525542,0.03854904331024136,0.0277850313038101,0.21452847896926236,0.4313673939572924,0.07669180991335804,0.07269072614515093,2.025107138337067,0.8036375716077218,207.56747874375577,0.5484764542936288
c6f68636-2c7c-4cd9-8de1-5a2cf7afd948,5f1b2282a3103e2caff2fd7b,0.04280989172993986,0.031113680335334667,0.02759416408054373,0.015163374069938285,0.3853469227935387,0.3694399923964291,0.09078345442500892,0.03774852038289512,1.7482080247670952,0.654466511202642,126.62986371579316,0.32784313725490194
c6f68636-2c7c-4cd9-8de1-5a2cf7afd948,5f1ba4b61d8b7c3adf75d9e0,0.007039452431885553,0.014979461777172399,0.00403849222752281,0.009309033009705134,0.7415947663947916,0.06149336660326854,0.0963165422598256,0.06522888501630185,1.9817218815444682,0.7283549481576144,190.72657423138278,0.7872340425531915
c707b1d3-624e-40bd-b69c-e080b26eab98,5c6f2e7632cb70000169b490,0.11442680491333537,0.012568453347390526,0.03536444214170328,0.06896889749143759,0.38600929609315454,0.2525764865466949,0.056208399195230824,0.07387722007009867,2.7495944438687028,0.8312970040502491,243.8175392346108,0.8276165347405453
c707b1d3-624e-40bd-b69c-e080b26eab98,5ef4f98e50dc6b12b6476d5d,0.021527427618675116,0.028703350416094876,0.012283943335964952,0.06569788400251397,0.42341893718399526,0.13089168554569025,0.20218938297378367,0.11528738975323233,2.635230102008556,0.8151086762462381,224.55453329266965,0.3870967741935484
c7199ab4-940a-4163-aae3-1e9d6e96bcf1,5d79375d794d900017671c07,0.10000888445755209,0.016553120317158002,0.07353331172351982,0.030946749288390543,0.4109122259961333,0.20687791277075343,0.1275678393071148,0.03359995715633126,2.1598825803835213,0.7778560393344797,217.9929383219106,0.8814123917388408
c7199ab4-940a-4163-aae3-1e9d6e96bcf1,5f4e8f0ac0126208c0db2f91,0.08858382244869019,0.06583857464722458,0.17613577532890218,0.027719524157392074,0.4011457077299427,0.08896824580022804,0.02933271961443945,0.12227563073909506,2.1450402191517566,0.6967034732739626,149.98526321272985,0.1540983606557377
c71bf2d3-29f0-4fa3-8436-89eea02c7c1d,5a7b2b52000dab00018c402b,0.013768572697024565,0.014271280790920183,0.003791240853419664,0.030663035800528024,0.3870961185332634,0.31296523945118015,0.10068538092443112,0.13675912940243973,1.3200828193580574,0.8535840296225412,215.9570275079983,0.12962962962962962
c71bf2d3-29f0-4fa3-8436-89eea02c7c1d,5e862e27f569ad0c21028e09,0.04671625727998014,0.019781185626199255,0.017654495203529283,0.021964962211604978,0.19877082751328076,0.5211940333517977,0.09976165283910603,0.0741565862806653,2.974591534024488,0.6848206011498524,148.01454784333995,0.14893617021276595
c72a1b6d-06e3-4c12-b84b-20abdad9574b,5eab89102e910016bb0b5414,0.08251535147802253,0.04616923524527585,0.12028923279957392,0.014595365120805802,0.38430458825728103,0.26969543500822674,0.03807705154630784,0.04435374021241476,2.4552885186931093,0.8514118055767766,261.3497708147523,0.991304347826087
c72a1b6d-06e3-4c12-b84b-20abdad9574b,5eb1e9b96c1f4713ed5d0a1e,0.05428287440911745,0.01434306375566438,0.03584997006693589,0.09334251758068855,0.3948273969010332,0.14950452826178193,0.1241590414233342,0.1336906078916423,2.275333711192588,0.805854915947011,205.920936870395,0.8121368624919303
c7724594-f71e-4881-b524-da59460aeb7c,5c12f106c4b80e000192c472,0.09952742885971053,0.005863537414897695,0.032900047745731235,0.20160036907231357,0.17621530031170665,0.1800999928764321,0.06033824554969447,0.24345507817100018,2.4265382171945493,0.8263122991327616,192.70958939455352,0.3814031180400891
c7724594-f71e-4881-b524-da59460aeb7c,5de855017d44177cafe19840,0.19893900088250996,0.13864218300572026,0.049539781599156334,0.00607461296915202,0.27046173065405105,0.18874470267939178,0.1361888786622441,0.011409111141249415,1.9197508727105876,0.7035697868560905,130.91460164631454,0.9447731755424064
c78603b4-fda0-4bab-896f-8ea9c14c8d4a,5ef3e76be991b816cd499e69,0.003796129305925165,0.010812368675847062,0.007575677551319732,0.01540408785449317,0.7694845620180863,0.09973821360352166,0.04445644859147668,0.048732512319075716,2.7798832649251457,0.6969813115832558,171.47223593579685,0.497196261682243
c78603b4-fda0-4bab-896f-8ea9c14c8d4a,5f4bc3259e842579bf1a8b0a,0.031944586100252935,0.031900981492434644,0.01650540164794946,0.012541983733785322,0.25312385885421557,0.4006585916868506,0.12042416939913317,0.13290042739551294,2.7094089765405576,0.8283556137454661,243.85915219266704,0.3875432525951557
c7b2bf7c-ed3b-4adf-82b4-c9232cdffca9,5b18647968a5ed00017343ec,0.006693704061980879,0.012995469673204132,0.007511719232550483,0.06514835658792485,0.5139894690741453,0.07260958136358647,0.14337498520319772,0.17767671537853244,2.3128839306332316,0.7790202488360563,215.06674512275228,0.8023529411764706
c7b2bf7c-ed3b-4adf-82b4-c9232cdffca9,5d18251e19c4900016c01035,0.01975653700531294,0.02198576791163821,0.01666036953559012,0.09231093665746698,0.4571225989952686,0.10634952888311223,0.0676072406963197,0.2182070196827447,2.786940087105563,0.8037850416433135,225.54966957926877,0.5186274509803922
c7ff1e39-a9c8-47b8-b0fd-f3d176a439c4,5e6cade3d92ffb26677dbd84,0.019191331307679454,0.062290261477095196,0.04630139838399388,0.010619843457961685,0.6519450780668176,0.09713152052019008,0.05833464379186823,0.054185923371753084,2.875494048208544,0.823799822787998,239.8905016797755,0.7953321364452424
c7ff1e39-a9c8-47b8-b0fd-f3d176a439c4,5f56b56b0fa1b412025708cf,0.22655189962444147,0.019372749180784313,0.06934567965488334,0.045494594120161116,0.3251565790932768,0.17824392657226318,0.04813363928549315,0.0877009333891301,1.4921545719981244,0.8196522282459074,206.733637676019,0.8716956802063185
c82d9523-5682-4b2a-bae0-0a53addeba20,5e1545d9b1fb05b6369d13e8,0.02114251793255563,0.01626169928875615,0.02454278666334152,0.0661499743188971,0.18171615097187985,0.1848888696698791,0.11348264605788219,0.3918153549543242,1.6568174712490917,0.826809420006643,195.37884665630028,0.6935380678182982
c82d9523-5682-4b2a-bae0-0a53addeba20,5e685de0490eba10cf5348af,0.011132439089823124,0.04734402905733605,0.010970441709250838,0.034688323412239645,0.397586943213224,0.21831194181996852,0.09091878101116238,0.18904710031174646,3.190967696326507,0.8268744399393396,233.29865948015822,0.024324324324324326
c856dd05-9593-4c6e-9ee3-2676d15618d2,5c670a430d80fd00014264f9,0.07673372509519678,0.03280815706806777,0.10280134823193383,0.0417920081974178,0.1574515753263913,0.25160406871347024,0.13767733205247942,0.19913178565234105,1.457278048091817,0.769587132358984,155.6369441792011,0.3587570621468927
c856dd05-9593-4c6e-9ee3-2676d15618d2,5dacf0bb8f8b6800114d9013,0.05668239968521485,0.01889485495787829,0.02197854203791797,0.04259948052581319,0.2579304783064473,0.33397785541626573,0.21252513751451665,0.05541125408532073,2.4376885157908688,0.7356555703456458,204.8838244898647,0.07323232323232323
c8576907-a339-4caf-ab95-4a3e8385eb23,5e322c53287816210062d0ac,0.037593408611926275,0.013051249085720851,0.004632267901551777,0.01586071507657792,0.09134850307483867,0.20389536737816932,0.6218392215592558,0.01177926662857934,1.8696641718380342,0.7336606429548986,132.48989723884907,0.06768558951965066
c8576907-a339-4caf-ab95-4a3e8385eb23,5f6b75742bd7e60776191cb4,0.03900311896221551,0.005406408144506189,0.006877044959605889,0.11439254780593165,0.035069389114905265,0.40121830142218223,0.08990073568397862,0.30813245439449144,1.3700539207278655,0.7953506393444395,159.8415362077026,0.032005689900426744
c882539b-6f2b-4597-b796-7f1ddb34b595,5c6f2e7632cb70000169b490,0.09347406381526485,0.010842414211223401,0.038092159763225844,0.04670162209312214,0.5212220808174738,0.17699964834027251,0.0511252181113841,0.061542793146357355,2.8692117327447537,0.8472413982498129,238.17569744914533,0.5114329268292683
c882539b-6f2b-4597-b796-7f1ddb34b595,5f5be35f7e4af23a5145586f,0.0312864234001052,0.013200213949563812,0.0370762958126547,0.06225421167745997,0.37747261287617934,0.15250352040338774,0.15250491231443428,0.17370181017393843,2.1114792141383356,0.8229495972793899,227.9045823960856,0.6004228329809725
c8835201-cedb-4a71-9f24-818950cbfdd6,5eb86384ed81047c65376aea,0.01580352896444616,0.019736566210763314,0.015187453383570719,0.011718491872325062,0.7255319726012329,0.09867106623271318,0.0661354278401875,0.04721549336545879,2.2522523431333674,0.8094009216349402,229.91886348311257,0.8342592592592593
c8835201-cedb-4a71-9f24-818950cbfdd6,5f0e16a89f0d68127670c288,0.052240587173451467,0.027132432016272707,0.07155284981102761,0.020041147637373146,0.3716916277395866,0.287523741702187,0.08096994528809898,0.08884766762778164,2.08662800032229,0.7604282310252057,194.89681545223957,0.3089983022071307
c8c406e5-0603-4dd7-8985-a29fc485cfdf,5d81746b784c7600198580ee,0.1906319652066987,0.00918842680738693,0.04543904440708906,0.12341362947473998,0.3187550034124097,0.14147066628199087,0.06715621207506695,0.10394505265932134,3.1959457388566626,0.7385442772008948,188.53786746706268,0.1944209636517329
c8c406e5-0603-4dd7-8985-a29fc485cfdf,5eed1bae9e63ac127ac15a77,0.08233798125941784,0.009283214578255495,0.13027262440973544,0.3129025992817133,0.10126335712356141,0.055204079526858595,0.25388716843456677,0.05484897461260659,2.5211113753543333,0.7855059510264835,165.14511532123538,0.08591549295774648
c915492a-293e-4f30-bf49-49bb5faa1bb9,5ea0c966166d230d3969ef08,0.08392625210857801,0.009353189577903522,0.011747688590849245,0.0756287095931547,0.1537197895938905,0.38278664251928296,0.162108234770516,0.12072949267216679,3.0722688018238027,0.765859706185942,178.92094156163964,0.32784041630529054
c915492a-293e-4f30-bf49-49bb5faa1bb9,5eed9581cb94ad1c85a27259,0.004373689885619095,0.08852444504648936,0.005168005487778541,0.002222446102846036,0.6724033084102403,0.1572512318246562,0.04210923764194606,0.027947634259600253,2.745410406200358,0.76988529682112,205.90002123339258,0.7739018087855297
c920bce5-5c27-425d-a92e-5d294333f231,5c5dba4ed86a7f000191e5d5,0.11121739471803142,0.001693707277567184,0.032432341908445426,0.2883118755653789,0.030539296517737187,0.23780299725829046,0.1838259279296952,0.11417645826545979,1.3080581557372029,0.6683921488760043,126.15631492244833,0.0
c920bce5-5c27-425d-a92e-5d294333f231,5d37d2861566530016a061de,0.2542269974625733,0.013791611588629847,0.050502672123833,0.034062942383845454,0.32041023947419384,0.12517719737684463,0.19357656400820183,0.008251775841352449,1.0434963469917409,0.742141328859088,145.43312869553506,0.00558659217877095
c9400bba-e0de-42ee-acf5-ec0c3b341b24,5e2f4df549436751a44c8d8e,0.15763944540660746,0.0647705732746536,0.08922705897432276,0.023655722566563654,0.21953525398278878,0.3399393625434208,0.044093222084869696,0.061139361555339077,3.349539427954636,0.7033177323762305,158.29713596541058,0.4524421593830334
c9400bba-e0de-42ee-acf5-ec0c3b341b24,5f5053004eaeb51d946fe1ff,0.06736779569929052,0.0281653306845101,0.10721463385690443,0.0403993731843526,0.34296152552414905,0.20791173678216746,0.13784920204370577,0.06813040179520928,2.134368919812214,0.8144013640731915,202.4488083718446,0.9572736520854527
c97f8a32-6249-409c-b042-aaed261c3f64,5e454881703c9401c7c3fe4f,0.016822370539093735,0.03024353760898364,0.009781465131482769,0.007200045661712446,0.4608582497009075,0.368976005958437,0.08259864232205759,0.023519682098949245,2.441765199071905,0.7806172212806881,204.4741895042197,0.9825396825396825
c97f8a32-6249-409c-b042-aaed261c3f64,5f481f85c6a7d02c489665f2,0.04820197346164325,0.022006828488590265,0.03807147044361924,0.06442692889553611,0.34711901787960414,0.2672049905021056,0.08486385577441202,0.1281049349153703,2.9825209199601983,0.6410970784480233,132.56791702762936,0.3171677982541222
c9a89b42-2958-4a30-8324-6d704826116d,5de1ef4ecb1b08240f97671a,0.017444339232584895,0.01717701618689994,0.006175496656237544,0.02644234679673112,0.2068155164372079,0.42021013567697074,0.16571466452431538,0.14002048541401377,2.971782445692582,0.7440608623441609,159.24583104880762,0.41078208048595294
c9a89b42-2958-4a30-8324-6d704826116d,5f935494c542c2119a47e3c4,0.019406194329021832,0.11270782655880122,0.021192733751118138,0.003977766876123443,0.562504205878772,0.18845015602843737,0.03801304218160988,0.05374807455049487,2.0791393404239122,0.6961559120552681,138.90258540396187,0.656686626746507
c9fb99a6-6aef-41f5-81b4-bcc368ec55fc,59d5c894c732930001d88b5e,0.036841282190042665,0.02352094841476979,0.013600634962480762,0.06151945511992012,0.25955304486430625,0.23580123366475036,0.09654198675082595,0.27262141518759053,1.9801267016719262,0.7416165354840942,153.46431044787582,0.16330645161290322
c9fb99a6-6aef-41f5-81b4-bcc368ec55fc,5e8fe10948e8062e52605345,0.024447468854243832,0.04754175877561939,0.04543861414945399,0.017468031259930565,0.1492865228595034,0.276626036061553,0.3334177671957385,0.10577380212601692,1.86433744010211,0.7723417653781521,218.73405833606395,0.1256637168141593
ca0bc57e-26f3-4800-b6f6-ae923dc8f39e,5d6807f9778de5001a120d9a,0.06669866387100383,0.012164810784305128,0.03944489233613009,0.1260632565415288,0.11440463936539665,0.32995531242407367,0.13545491092460848,0.17581351411923482,1.8909980289562323,0.735720043709046,138.68120182919188,0.495260663507109
ca0bc57e-26f3-4800-b6f6-ae923dc8f39e,5e322c53287816210062d0ac,0.020383064470110443,0.011123263402292268,0.0104506186565641,0.04014558205486395,0.07756467173344431,0.1990529153708882,0.615717920432549,0.025561963688112893,2.0292511539245233,0.7054060149578673,127.93475916838236,0.6929698708751794
ca0e9f0d-3631-407d-96d1-7324ebeb6716,5ec5a705a9b68d5f1f482ce5,0.0434727985411882,0.0008893824793630601,0.0024921003496273996,0.15132494997233148,0.00264800202567126,0.458975088596344,0.11433365345001216,0.22586398348212242,2.4722928339928414,0.7564960247564031,175.68950857972317,0.0
ca0e9f0d-3631-407d-96d1-7324ebeb6716,5efbe4f0c9f37c1a3b70afaf,0.008640142455518276,0.046035924532594384,0.01352232475630021,0.015262604757327975,0.44821381338346056,0.14564110605482444,0.27923738385232505,0.04344670265525795,2.016864045427447,0.7312756130788496,138.80895294442877,0.2862632084534102
ca2928f3-9605-4a2c-93ad-b269bce86c58,5ed2fa0793788128b41df2cd,0.2523115643372647,0.0055526648666541735,0.02813717318421516,0.09127707487427787,0.06307996318528945,0.37214720407301166,0.05479934060774514,0.13269501472588102,1.2772429049980383,0.843545710377035,194.0189222586335,0.02707275803722504
ca2928f3-9605-4a2c-93ad-b269bce86c58,5f16520a9e2ee97d266d4241,0.11133771694698187,0.032496536416870815,0.05777743318954084,0.042670420670817284,0.3565513549461424,0.2526517358442111,0.048770908910950705,0.09774389221233397,2.0920882579702593,0.7491673507950606,172.76794337678413,0.5069444444444444
ca320919-ceef-481b-9777-bc2fa5319ccc,5ce30fb4c6aade001903ed6d,0.0954977230974145,0.0350691648433164,0.10069338295128123,0.04316478613681472,0.39669519347559884,0.21650740024440118,0.05851078558564861,0.053861562623229234,1.801650544433807,0.6939092524108504,149.59411177830262,0.6686746987951807
ca320919-ceef-481b-9777-bc2fa5319ccc,5d3758292faa0d0016797c0f,0.0451179117190876,0.00686736861109922,0.012350976444093158,0.025397261339969886,0.18209700999276926,0.5756971880193369,0.1259283561808699,0.02654392750111209,1.5397125769002855,0.6275035493135896,126.3778247034339,0.1418157720344599
ca4f73f8-1202-4d0c-b238-795b63f22f6c,5bd4143d669ee1000144ac35,0.11859369573832843,0.10351521862583621,0.10597160904984328,0.007091998432119166,0.33459176080980624,0.23809316875258427,0.039503957814185406,0.05263859077999098,1.596016524056234,0.7331500233237546,198.5257726133511,0.9445749178017849
ca4f73f8-1202-4d0c-b238-795b63f22f6c,5f7a0bc4853bd46503a27113,0.03902562708000494,0.014458794807618363,0.01058495659629284,0.056099283251296206,0.5973843359293856,0.13499655214007428,0.03842330602534713,0.10902714409268735,3.37389247689149,0.8309238164753068,252.5895288997183,0.18659881255301103
ca6ec03c-bce5-409a-b1f8-b315e144f413,5e1bb75a8e55e13e8e848319,0.009360039507711328,0.004724986928400663,0.002974861739840569,0.0757899616479357,0.08718531987604301,0.1070056180370861,0.029426957855359454,0.6835322538960534,1.142182466737071,0.8630324314829915,224.00286375414242,0.6313945339873861
ca6ec03c-bce5-409a-b1f8-b315e144f413,5ecb2895bc80406a12e913a7,0.11901440558005562,0.023671742946484095,0.06013787273127685,0.018912959858526035,0.17489546671090564,0.3124896902920867,0.24599962425422742,0.044878236878311384,2.8105995515463347,0.7478883093538218,166.02606919290577,0.3840947546531303
cabb80fc-56dd-4d9e-a422-a59ef6f40690,5dbc46b70338051eb7999760,0.13910795467827186,0.00991496419143367,0.01290528529079884,0.178681981779377,0.13873543461671703,0.2996731376711798,0.09888524169806705,0.12209599932810415,2.0335861906992125,0.7455334677327007,185.42263138523333,0.03460207612456748
cabb80fc-56dd-4d9e-a422-a59ef6f40690,5e9732d6bafec41daaf8fc30,0.09366098265292926,0.0024129625094710164,0.010734515935875799,0.34971564418709256,0.027417328840750356,0.26032666774305224,0.1627581944234203,0.0929737035563543,2.2117057876072606,0.6866080625630797,138.87761541407176,0.2220496894409938
caffe117-7ca9-473c-981a-9347375ad922,597b858909bdcf000153ff58,0.10064988997428609,0.010356724863610958,0.025357251830898868,0.13111453362026296,0.3671449837692333,0.2612931915413068,0.04934028130288527,0.05474314326353315,1.100165980761664,0.7795638914700859,151.50441585199897,0.50625
caffe117-7ca9-473c-981a-9347375ad922,5d81746b784c7600198580ee,0.022822821020777227,0.02312624897705921,0.03133914217476906,0.027768697410017553,0.5897325283766057,0.14164002661367783,0.13153849007947133,0.032032044332531644,3.010436556050717,0.671985360749143,169.24933528571148,0.12131715771230503
cb056010-c50e-4e80-b639-bb178a2b9330,5eeaae03e1959f18cd331cd0,0.06328740363137893,0.014727571982191023,0.023246749389603572,0.050876833232335425,0.27394987254161407,0.36647009862729046,0.09229127494260192,0.1151501952994876,1.9606414812817654,0.7447975415033271,196.89249365506143,0.158040027605245
cb056010-c50e-4e80-b639-bb178a2b9330,5f2850a9d9a5f01279e1bd16,0.1978684312876633,0.02480618983856617,0.07175104474789579,0.032514539447344115,0.41034280780962407,0.1573585036595149,0.04793528246385499,0.05742319934071751,2.4249018727323195,0.8002743387883899,219.7509097890025,0.5607476635514018
cb1661ce-8e17-4e3e-bb1d-a0c14450218b,5e88f058524dca58ab60da0b,0.19922808667035513,0.0236818160995173,0.029747532227486745,0.037963539779736134,0.2239476048380622,0.3527435762643181,0.03699520689686652,0.09569263800214875,1.8220659629880362,0.8499059769745694,207.65888522690815,0.2017126546146527
cb1661ce-8e17-4e3e-bb1d-a0c14450218b,5f29dfe7512c2817f7957e1a,0.007753427273797326,0.05152027795289255,0.004316087549513844,0.025613384663236084,0.6315810208745459,0.07638022983195228,0.07768780407112308,0.12514776895475413,1.7520284644408548,0.7763493247209844,190.3364492733334,0.36435124508519
cb18ac98-a58c-4599-8bc8-461dab667322,57272517e386b9000e3e2b72,0.21140825932726115,0.02233977671297819,0.09260336939568956,0.037481590719907296,0.12444846697448649,0.217529169331452,0.21686920893911313,0.07732015792815163,2.71807428298362,0.817992338672938,181.34888065665683,0.41839220462850185
cb18ac98-a58c-4599-8bc8-461dab667322,5cb60f1eefd4130001bbfdb7,0.027748978745698948,0.057974760178315675,0.010627844981701112,0.0041021461674187925,0.27241653949041506,0.3936628013017177,0.21553025476763454,0.017936673925558737,2.0957346942253197,0.6896913173423149,134.70414055765772,0.5665236051502146
cb5e4872-22af-49fb-a331-0cfe03ce8090,5c3a34eebe1ddc0001aa35d6,0.09968815498432133,0.014716474579151656,0.07136817094014626,0.07622797797440975,0.33961789843768986,0.2875410037607034,0.060601505802294814,0.05023881369376261,1.6790503379384634,0.8179648552792301,186.5805529416119,0.6200551977920883
cb5e4872-22af-49fb-a331-0cfe03ce8090,5f51265c4873f23082851a5c,0.07002388312626545,0.0394916036777825,0.05777266182512904,0.014828816408947731,0.5123736612793596,0.22429622599345866,0.026579510728402252,0.05463363780749884,2.2880455102082653,0.8050743222074117,246.43107564165896,0.9443850267379679
cb606019-e295-40eb-819e-a1707f3f215d,5e52af8dd120e7000bc35826,0.05573151419667671,0.00392029805156529,0.0057692254831279354,0.0531861556845618,0.0739102981369468,0.630809851214993,0.10752832220244025,0.06914433479696205,1.636594624568329,0.7536725714634626,147.09416636581594,0.018659881255301103
cb606019-e295-40eb-819e-a1707f3f215d,5f69256939716410ede6f2be,0.10424880718804728,0.007075287449455756,0.015209375742863055,0.03191799384521393,0.06967535054551918,0.5364168152608617,0.18347261593935874,0.05198375285519615,4.006380497421756,0.7462524502261565,183.80273575839564,0.2304093567251462
cb9ee0da-abb1-4985-9d85-6d19cf7cd287,5eb05058661fe60d7601edde,0.033249332809418955,0.019628137017074894,0.018811601240188474,0.019977534701831706,0.10975232499109827,0.42758580175156563,0.3142764254690652,0.05671884244802913,4.9477739510794185,0.7573850141969631,189.0494120382236,0.32975206611570246
cb9ee0da-abb1-4985-9d85-6d19cf7cd287,5eeaae03e1959f18cd331cd0,0.03843339640273272,0.01678064104805975,0.09455866565888621,0.07640799022591192,0.25958435897382337,0.26125693118743193,0.17582143545123247,0.07715658112642562,1.9429074737783498,0.7444414354808631,186.44239197142429,0.594
cba111be-11e6-40a8-b79b-6d6e66b93a7a,5cb501c0c79edc0017faecd3,0.042176769683554514,0.020706747233192636,0.022465675877433075,0.022251958256866225,0.3917427812013999,0.30958947854281055,0.15342604979544106,0.0376405398242465,2.7933631305740847,0.7015040242837038,173.06863996581598,0.0
cba111be-11e6-40a8-b79b-6d6e66b93a7a,5dc59ba2dbf82041d1ebc7de,0.028877551643252605,0.021859752117481233,0.040528998984833565,0.07438662736937365,0.46067468746768314,0.1627154162032852,0.09696537142722472,0.11399159455011665,2.716246044997903,0.7776773784148807,202.79855174840367,0.0
cc395184-f776-4bff-9299-e289bfc513f5,5eb06b5c438b1810fe2e58a2,0.023217960966937966,0.0305151309836625,0.013367365973468368,0.03181196878049711,0.29968973518694075,0.3985345627648135,0.05168810366639169,0.15117517051554766,2.8026743083153343,0.7694219995559197,197.62730603935825,0.9706840390879479
cc395184-f776-4bff-9299-e289bfc513f5,5eeaae03e1959f18cd331cd0,0.04136064944501293,0.020801750678366718,0.049132557262977564,0.028875375201219872,0.28101593841485717,0.24667542794370212,0.2628766366710374,0.06926166450028134,2.3456202754082724,0.719316062053076,196.79894290479777,0.7380653266331658
cc7a5173-9c79-4773-83dc-0d9177bcc524,5db6f5c8c5ffeb000ac7cfb2,0.11181635038706025,0.01935626057719948,0.06399434851730862,0.11439861156180822,0.4806826196531216,0.052001674965168596,0.12460556041918296,0.033144573731430926,1.973648110265057,0.8252205322539242,210.96922503364956,0.2567922874671341
cc7a5173-9c79-4773-83dc-0d9177bcc524,5efe907ba8384039f55a9625,0.03999544804578317,0.027997888477672803,0.07004872988432607,0.015819441356264365,0.5573413077284641,0.13949566317270043,0.01896988433628801,0.13033163692589636,1.5762323256756767,0.7585612410942344,173.8546185972668,0.9429109159347553
cc7ea669-d658-4508-8d31-87c646bc580e,5f23ff398626c51fdd6c3fb5,0.04723463654618803,0.00699250530638952,0.013293193057721015,0.1359893023078408,0.2119656599677239,0.3398371301258945,0.154624234336986,0.09006333811665207,1.990187681688802,0.8330421256231999,229.24538777196864,0.00245398773006135
cc7ea669-d658-4508-8d31-87c646bc580e,5f9046884e1e100ba07765be,0.019933435956703657,0.09609777633565789,0.023970135391697487,0.013460040650161549,0.40593554009457744,0.26754936101009313,0.11803598457171482,0.05501772523347485,2.070525961035429,0.8469966551009747,253.29741686805824,0.7866666666666666
ccbcbf80-c661-4996-9dd0-3109b1774f40,5c817d90fae0130015ce9bda,0.05970466550393912,0.008060571115599822,0.049199695551279406,0.1034789274769927,0.06313925740011442,0.23732941409304878,0.3333232693193577,0.14576419815728683,3.8887517291304365,0.7692830830339686,233.2323856009697,0.3202614379084967
ccbcbf80-c661-4996-9dd0-3109b1774f40,5dd61a909ca8a35c14d8d610,0.2752036974744123,0.010285282479422106,0.035509971611402534,0.028835362649496796,0.25442651349240647,0.2998668679869362,0.054474685586765194,0.04139761841909776,1.8164345883456743,0.855916958976817,235.83389793200584,0.24207089552238806
ccc5cfd9-8fa4-48f4-a45f-ef6d1f545620,5dbc46b70338051eb7999760,0.06974827842787143,0.0682511334304744,0.029283360549657404,0.03467301021085326,0.3564499149042967,0.266597107987508,0.06464414534415763,0.1103530479550987,1.8020378445537477,0.8343120669405902,222.2116396117478,0.8788249694002448
ccc5cfd9-8fa4-48f4-a45f-ef6d1f545620,5eda9c1285d97f13ff9ec230,0.2980616131170604,0.022741046949591923,0.035570581737044554,0.043956894854177614,0.13655575250314386,0.2908410261130617,0.045309675509238125,0.1269634101717874,2.154011338970377,0.7328409584513594,163.44454572536824,0.07225913621262459
ccd75111-31bc-4381-936c-b5a88009fc63,5cc020d5159f790017bee28b,0.12589141988073474,0.010105280491026523,0.03874063842164915,0.044460762923103456,0.45343082593201695,0.23224836469833218,0.07156862713194767,0.02355407882444497,1.442997351053828,0.8015782185671734,180.1497920375949,0.7043189368770764
ccd75111-31bc-4381-936c-b5a88009fc63,5f989fa02b5a611b2df1a305,0.029490117759729727,0.012333852195682423,0.011660265877041645,0.13951008429459816,0.23297562452364154,0.13638063371778697,0.0854958272577998,0.3521535928759326,2.2419081203009594,0.8119107423022305,236.95169606232605,0.04805491990846682
cd047d60-0b00-4b46-8f15-892fa5471510,5dd406d9c23e0d3e6dacc034,0.16266976192935118,0.021667185586619352,0.19995556508436413,0.03899181523812712,0.36334116124973,0.12134929372498938,0.02757678066943817,0.06444843638150853,1.718876422953453,0.7897746916328704,188.37445706836667,0.6218825422365245
cd047d60-0b00-4b46-8f15-892fa5471510,5e9dfd0b5484b719c94cff0b,0.08114619307275503,0.10195699967981085,0.01120344966065124,0.014691238789820855,0.26432135094845566,0.42088832379840824,0.03044285790837376,0.07534958604550474,2.4377525399932014,0.7135002471304763,143.51116100310048,0.9186906019007391
cd3ddd3b-2053-40e5-ae52-86db7b10153a,5c4e58785994ca0001132982,0.0959433651026957,0.005523563753406922,0.027159777796341676,0.025674646521444,0.4552156876953363,0.18727849955092152,0.046414682343063944,0.15678977458971083,2.0702902117222726,0.7097842287534968,139.80945408284487,0.046511627906976744
cd3ddd3b-2053-40e5-ae52-86db7b10153a,5f6e71f3b273c13b726f3622,0.05131431264112076,0.007268141302928593,0.02787165661946778,0.03996191656173125,0.20182961045244396,0.2699756654312368,0.07511382743335057,0.3266648702425994,3.3284208687036183,0.7508316406424154,237.98558355743592,0.060714285714285714
cd5102b0-a433-44c5-a8e1-0183c98ba1d4,5850d667b64b9e00017cb722,0.07040595547184017,0.034945043987981365,0.03727835353440841,0.062358328088867716,0.3373846499639807,0.20256570316505051,0.11222962816003257,0.14283233839934825,1.4570609617539623,0.7735627428520765,153.78411793094511,0.6291012838801712
cd5102b0-a433-44c5-a8e1-0183c98ba1d4,5f3e9f121e84430ec9310a7b,0.09722468094979596,0.006388874091029194,0.013720950317747407,0.047002446002335316,0.29529267853931335,0.3878289125744789,0.07876319824976026,0.073778259574822,1.4010818749486922,0.8137427833401822,216.44425621253706,0.21438263229308005
cd5a187a-c5b7-4228-8dbe-b58010f5007d,5e2de5a5ca99353d0b03b72d,0.010176278528485625,0.0327827714842914,0.009734678472704584,0.021452887366608664,0.42869739563665227,0.22944882370615233,0.08822791912623941,0.17947924573369364,2.868438613735802,0.7704323647297682,233.43558575680586,0.8342245989304813
cd5a187a-c5b7-4228-8dbe-b58010f5007d,5f6e7ce18d7ea83c39acc2d5,0.08734065556471592,0.020508643260350883,0.08238086421352318,0.016986690966840787,0.6486372798976894,0.07983981760618097,0.04194151329302016,0.02236453455070809,2.748248361383936,0.645731795933378,156.434009219507,0.8802931596091205
cd679e62-34dd-4b67-8042-2dec66c89551,561d98e03d7fe8000b0f5e09,0.2091833381154466,0.004455678835572776,0.01924594487442027,0.05656091177240725,0.267370368235384,0.3039729484940534,0.060323436969447794,0.07888737242224915,1.935411499482631,0.807208412546902,189.18643168180395,0.056925996204933584
cd679e62-34dd-4b67-8042-2dec66c89551,5d49b7be18ecc30017428cd2,0.07971729231187219,0.026189719465260785,0.03124505436310787,0.027341888821049463,0.10354651897840514,0.3161289803614003,0.36128001352441097,0.05455053306281596,1.4174806650596699,0.6953037594212638,176.87981798618432,0.0671892497200448
cdf464bc-8e3d-45a5-995c-647c564b6acc,5b5e7e643bac1d0001f9bf28,0.09747562329781308,0.01900920852979761,0.04696923655556286,0.02684598861852177,0.2329979980804744,0.4065597000555571,0.048469601705202,0.1216726421062174,1.6849303110279876,0.7743603448069281,161.84481254844678,0.3333333333333333
cdf464bc-8e3d-45a5-995c-647c564b6acc,5ee91d6e634e8e1290804250,0.11416820804523817,0.019542843007985925,0.04671118537333781,0.06497502524050135,0.32357664189443713,0.09255467113409256,0.24773158998448505,0.09073983744491228,2.195787746083126,0.7959773400292415,230.42032152193391,0.0
ce044258-3886-4f26-a670-d32aeeec6df9,5eab81a183d00517ecc69645,0.055159466969804095,0.01672737460565397,0.006407356809771765,0.0282625195979358,0.08118699961777706,0.6311475464247034,0.12046531966398517,0.060643415492862784,2.0607270689400505,0.7663681556025244,181.1951792455693,0.050505050505050504
ce044258-3886-4f26-a670-d32aeeec6df9,5eb4d812d25d2534cacd8c68,0.0182007060565377,0.069153289575563,0.01469445081863004,0.009177297138498488,0.30270939268216657,0.41173940361788103,0.10518541597635186,0.06914004559793847,2.5611372970787802,0.7652845375339478,219.1877925200692,0.36507936507936506
ce2763c2-40e5-4951-90e9-fd5adfbebcea,5e454881703c9401c7c3fe4f,0.02632116700852056,0.016243789084736362,0.0027911964009587737,0.009952839148059719,0.40406530287803527,0.4858701671206974,0.03970070994248742,0.015054829119928042,3.0895111416209384,0.7855294973281477,221.76472818756807,0.13468869123252858
ce2763c2-40e5-4951-90e9-fd5adfbebcea,5e7a0db8588326011907fb6a,0.08004646033790248,0.015391719804583981,0.12863847274622908,0.07050500111865356,0.2783406778957128,0.14346750221031168,0.139485408927093,0.14412475455473234,2.100767261755746,0.6982827696406289,126.40479329856443,0.07373271889400922
ce2e8759-15dc-4b8a-86bb-cf47fe62d37b,5dd4767b32288646716dc98a,0.13769627684336028,0.02769835390729745,0.11847331258081714,0.017989423294986564,0.32099841483099756,0.21615342811418498,0.053881683351635234,0.10710910716175469,2.0807168261341613,0.808679115322143,206.1345768193798,0.8295454545454546
ce2e8759-15dc-4b8a-86bb-cf47fe62d37b,5dee44454d7bea4e3f4b44a6,0.003829874812170926,0.016101192199715262,0.002145599713824806,0.020032523019064,0.8369032821317843,0.03978271296900716,0.041207441622550044,0.03999737446852614,2.6925084280449774,0.8306153525926853,245.1148753127908,0.437847866419295
ce3f05bf-184f-4ca0-beb7-87635cc93f55,56802e5fc5767f00121cc6a0,0.05349622547003107,0.004414297867820332,0.007233733979719297,0.07399950019355676,0.04978884615338431,0.3917089769373678,0.36288865686088373,0.05646976056404074,1.9699327151869561,0.7722556705270671,162.0925932599988,0.0
ce3f05bf-184f-4ca0-beb7-87635cc93f55,5efe907ba8384039f55a9625,0.03797454221374081,0.020256402686733614,0.028660747249942064,0.00935022759045906,0.3777275268514883,0.2727774275739279,0.027176784736280334,0.22607634116903164,1.5425647303062235,0.7486320968419643,166.95447409947525,0.9402872260015117
ce6c73db-32fd-4cd9-8015-bf09cc3c47a6,5a73899f9cdd1800017786f0,0.054035697335559275,0.0315450448862073,0.0203358715797215,0.02663205826552386,0.4403683633550954,0.21926362366809796,0.015364450183740707,0.19245489176956565,1.8359120114772993,0.7053819123632505,141.98930090509933,0.8275862068965517
ce6c73db-32fd-4cd9-8015-bf09cc3c47a6,5dd0103cb2204f108c201552,0.07609947955648712,0.02833579833310682,0.03942738467036531,0.031249436813350212,0.6194438442557094,0.14175911714082318,0.033771636919624065,0.029913301464647643,1.592097469843252,0.8917291813439413,260.95433466699035,0.13254901960784313
ce7d0f15-a34c-4df8-9f19-9e6201a30d7b,5ed74a20ac241e1c4dfeb045,0.009813890763788646,0.018789020631251235,0.001982349781378554,0.012313715985864712,0.5758017138587341,0.2547433816283341,0.07695515896339643,0.04960076832202987,3.5874388230484944,0.7251847618122823,154.63168171494573,0.0
ce7d0f15-a34c-4df8-9f19-9e6201a30d7b,5f84093b9b3e190008131671,0.050865078032839885,0.037322866823702984,0.15144370635902096,0.009022283851044912,0.28303773750056627,0.24918313911312365,0.16579112887575162,0.05333405909933938,3.2728146120580814,0.7841881155336357,215.5652476887566,0.5533731853116994
ce933a04-7733-400d-87c4-05c3f220a3ba,5ef6d363d195c23ce977b6c4,0.09738107188129819,0.02221785636580378,0.05923258820885998,0.05162901583208618,0.29088615731477724,0.3165465422724196,0.05104362477357394,0.11106314289340613,1.9800410557402854,0.8244197115826501,223.4430604220408,0.5458015267175572
ce933a04-7733-400d-87c4-05c3f220a3ba,5f14cf327627fb00097f9a8a,0.08812697897317735,0.014222800326285081,0.012776657451317378,0.09986442466662043,0.350270159191289,0.19114832692311998,0.20046855142703107,0.04312210120913721,1.4781806593086337,0.7826704477582701,175.83035496590983,0.007730147575544624
ceaafa07-24d8-4398-9b1a-b825938f23e0,5d314d9a667c4e0019ccc45d,0.05832842225297712,0.010432144179667964,0.016800103318776263,0.03923314645554886,0.38827133795271496,0.36826608435748176,0.09347758923470945,0.025191163033538265,2.9412507471418845,0.6625978103122073,140.22488058402794,0.3103448275862069
ceaafa07-24d8-4398-9b1a-b825938f23e0,5e9a13607f6aab090d1b4d29,0.06333293549900523,0.088950592074033,0.011318510612223606,0.027873649341741424,0.3416162120886797,0.3111524221267276,0.0388286904744553,0.11692698780291867,1.9850711170690607,0.7034495353845538,126.79965362244339,0.06502636203866433
cef39ed0-434d-469e-a8de-c45bded68685,57d0badf28d5250001bdd9d2,0.06259317014737421,0.049044454730887414,0.056786096537547466,0.02981031719193407,0.24841160270457935,0.42067161463227454,0.038827210542822094,0.09385553310663228,3.1919458511611674,0.8257438422543634,238.84850729199553,0.23601973684210525
cef39ed0-434d-469e-a8de-c45bded68685,5efc9e6602650605d21ca962,0.004592530265518639,0.020458793192652126,0.006724005485148572,0.02993418811318389,0.6011975532039499,0.1631749552340796,0.05175969947749854,0.12215827441386659,1.5436469442332414,0.8006051005171684,195.26503208531454,0.535609756097561
cf0ecdfd-49e3-4dfc-bc7b-c055173945c3,5bfd81fb2feab400014d9060,0.05265148647560879,0.027595834852197496,0.1187746778330949,0.08031090767988802,0.13989808642481577,0.23792982658956555,0.26856685389296314,0.07427232432740287,2.04032013759218,0.6914836028495187,143.98602927273114,0.2289156626506024
cf0ecdfd-49e3-4dfc-bc7b-c055173945c3,5e9d549e36f025000a0ddc25,0.17843412106945167,0.028126397243464094,0.2842252284972488,0.015662193046236048,0.20420600174349843,0.21354641064424815,0.046319746419577444,0.02947990121578311,2.037846961690335,0.854550380000675,239.94683562450012,0.8426204819277109
cf23ba20-e65a-40cd-89a5-fb2fe3ae4e0d,5e87a7fae6b803426eebf112,0.030704709366259245,0.02383223717933179,0.04181214290850307,0.07491066514970342,0.2011473818530822,0.26450968290149834,0.05470232806347371,0.30838085285911426,1.2909513651518107,0.8107871478609395,202.32864355661357,0.9300758213984835
cf23ba20-e65a-40cd-89a5-fb2fe3ae4e0d,5eccbe0aa713d84c5bccd35c,0.10278368175508197,0.02464649083028176,0.033075050069893364,0.03540380439523239,0.42348892624791296,0.26961905973294126,0.08538400110815636,0.025598985883402595,1.8830690261878287,0.8170890906632089,220.28648850555678,0.6759776536312849
cf9e134e-5240-4c95-b7da-7f9e0ad94a82,5ee1278f5e33964dcb11d20f,0.02517428645534073,0.008055242629305483,0.0062986409846719806,0.029181624082718537,0.5672958653003198,0.23793233801244223,0.08069771445194156,0.0453642922376586,1.4486647577538685,0.7002340645665925,137.8638427937413,0.391304347826087
cf9e134e-5240-4c95-b7da-7f9e0ad94a82,5ee9c0d2de277c3621bfb1c5,0.03200774500377245,0.026464495112227652,0.016029204342823018,0.01627129631955808,0.49242580165031286,0.20983118967563302,0.07271868061530092,0.13425158755142003,1.8458758486892712,0.8074646794057951,222.6412429955419,0.6759868421052632
cfc29ca4-463c-491e-9a43-8642be52729a,5ed74a20ac241e1c4dfeb045,0.019893890479272255,0.02487428897801731,0.0024374276396088913,0.008387859963975373,0.45104075108469144,0.38219293565607926,0.0836304992195134,0.027542347978695477,4.477320050101463,0.7257955855462745,172.08304477508514,0.0
cfc29ca4-463c-491e-9a43-8642be52729a,5fa6006c1355231e6094a472,0.038563230613197726,0.061959284874966436,0.03502503379603231,0.008843442394006711,0.24710651323114835,0.28941952833971146,0.2686549105631302,0.05042805593466926,2.7441454243176526,0.7706445847224526,215.40892621647842,0.5294705294705294
cfc7fa0f-d83b-4a6e-afc1-a7a5d5ac88bc,5a49d6a06d85f80001c25bc4,0.06304779622900825,0.01846899540342526,0.04142307765181136,0.02003745325350251,0.5029302509110359,0.2392750258366554,0.06298460314352818,0.0518327972561802,2.0332727221006803,0.7990244493350209,200.84545582208563,0.5109855618330195
cfc7fa0f-d83b-4a6e-afc1-a7a5d5ac88bc,5edacd8bca520571d4c0402f,0.014439823537907263,0.015612565921852083,0.0037797785353998166,0.032247489653158816,0.4906325421080351,0.2859058704043773,0.12917223969524338,0.02820969063540433,1.5889063489977393,0.7821984143477355,152.92490760497805,0.0
cfe728db-9f7c-4932-91f2-a0d2b22ea7a7,5cc46571f317fe00154e075e,0.04180580294333169,0.031246688375999945,0.0799315031164944,0.04616537080198142,0.21961283402346363,0.2059470933078296,0.17773842610676963,0.1975522816405717,3.093301297423569,0.7495055916835395,142.248710792165,0.5
cfe728db-9f7c-4932-91f2-a0d2b22ea7a7,5f0e08d6cee7a90b940fb9ab,0.030252473924110013,0.02298772557539376,0.026994649090524885,0.030089757399076357,0.40660435849577037,0.32637422189306836,0.05677208574034188,0.09992472756915736,1.84829635532417,0.7063496182004262,129.19402988829836,0.3378136200716846
d00fdeac-2b1d-4c56-9b0b-bf8ef660e5dc,5ed9df4296035b58dce21946,0.016597203883567512,0.03283374324341897,0.025821494587127534,0.015174560444727198,0.4952209938672436,0.29453254470339846,0.025564095668101024,0.09425536523084534,1.2003432487483836,0.8730018374192112,240.6235338558567,0.32459016393442625
d00fdeac-2b1d-4c56-9b0b-bf8ef660e5dc,5f1be24b23199840b6f741e0,0.1636195969848045,0.013245373698932028,0.17436053430863055,0.145013827808008,0.27740950509464973,0.09914018941374289,0.04181627492681724,0.08539469698856227,2.1271274862994205,0.6885423352937946,131.31516574605718,0.5690737833594977
d0148841-40f5-4441-93fa-f21548ad37bd,5e711d9e908b46031e32138c,0.07469645314380191,0.005704444183994277,0.009091316196715795,0.04933994387927362,0.17056143064986767,0.45134036712744546,0.13858298154102702,0.10068306280782373,1.9966000213116748,0.7921878234326175,228.93536928588298,0.1342828077314344
d0148841-40f5-4441-93fa-f21548ad37bd,5eef7517c8692d20c3279493,0.15036291147346903,0.0649438208649986,0.06950722587994924,0.006970799184042015,0.25230367595895453,0.36014409618360144,0.06837707031475818,0.027390401341074948,2.290050343351004,0.6979260192155344,141.7819231108679,0.017379679144385027
d0236056-985d-41a1-ab24-1d294fc713bc,59ad6f1e09709e00013c2ba5,0.023638922487705494,0.03550132034770396,0.011204077541332192,0.016366561362519377,0.41928176110599885,0.2768427470449329,0.04432965600200213,0.17283495345201272,2.436541627009487,0.8000285258514364,221.20673730768777,0.8708938120702827
d0236056-985d-41a1-ab24-1d294fc713bc,5f1d266c6f7d7f62a219fade,0.06411647123199604,0.008486256855110964,0.021180558400561194,0.17499806353929104,0.20241681223309976,0.2647650369266616,0.16483211462099767,0.09920468667068269,2.46370182752037,0.7698462003963178,161.3669388822258,0.23448275862068965
d0396365-aea1-43a7-9795-b099461a2515,5d81611eb54787000140f73a,,,,,,,,,3.219209360034966,0.7653627972479408,210.31066725514358,
d0396365-aea1-43a7-9795-b099461a2515,5ed9df4296035b58dce21946,0.02037196797886233,0.03616720088502422,0.022231548058091796,0.016334342683327667,0.2685533217780499,0.40368897360420736,0.08841143098561535,0.1442412138370049,1.206092695506503,0.8638656867107927,239.7869938679833,0.9975845410628019
d04dc5b1-4a91-440b-906c-06568280d498,5e372f7ee63d3c000b152fc2,0.10975865667757186,0.022062696679206604,0.03717936299996371,0.028810075067843808,0.2457135880652715,0.41957200071630835,0.05496084478374812,0.08194277489334673,2.744756867632319,0.7522846096883722,196.0501590455388,0.7149187592319055
d04dc5b1-4a91-440b-906c-06568280d498,5e810f7ab7838b803809d3c5,0.12333600896269178,0.04302081716485944,0.1617871178770754,0.021607427700379097,0.27149189192746187,0.088272921395667,0.2746324003626581,0.015851413972247427,2.8099798323309866,0.7086083491153148,155.87271918670095,0.8551783412118608
d074c4c0-0c24-4ac0-af5f-4ccdb2ab8f5f,5d84e353a954540015f51437,0.0348950642149789,0.007896083058089982,0.013574750739475052,0.07273697012022852,0.14685399448104103,0.13787323173081717,0.4005566991946696,0.18561320721374405,2.350874656084751,0.8214032397251395,212.1281922331732,0.036375239310784936
d074c4c0-0c24-4ac0-af5f-4ccdb2ab8f5f,5eacd70006f95f33990e3df9,0.22896559010491743,0.005214531581071138,0.03695043615344393,0.07259460032664013,0.2735836542784345,0.27478907945971687,0.04043082811004726,0.0674712746838864,1.5964689678140829,0.7699125628922597,190.1219148267251,0.38461538461538464
d0f46901-26bf-4171-b37d-09a3606b8bc0,5dc0cc1f317aa4076275ddf9,0.06919994936036085,0.027808350204576077,0.027861836030393747,0.02836348106870412,0.29650774676474706,0.3266345373364082,0.02691853454514091,0.1967055651151325,3.1862988990908163,0.8024864554038327,249.84716456161266,0.10273466371027347
d0f46901-26bf-4171-b37d-09a3606b8bc0,5e8727fb90c37002d97ca052,0.05933440074994448,0.02907748260381117,0.12412994708221933,0.0482189428021788,0.2987466791721032,0.14783229779398033,0.23889959884514667,0.05376065088573685,1.5379795779823933,0.8276992547294003,222.41601909243298,0.9232394366197183
d1075180-cd5a-45d0-91cb-cc4a122184dc,5caaceabc3c36a001557dd8c,0.007205651170022526,0.022814607904635905,0.011059298907033424,0.0026574116462537807,0.9026042956577764,0.022106806513718533,0.015288206605675371,0.01626372325339213,2.1065303365886323,0.7013977280325036,206.0140456189635,0.9745098039215686
d1075180-cd5a-45d0-91cb-cc4a122184dc,5e857e9acec05016fd59b045,0.01426851759472422,0.04355967883173472,0.015790783894759804,0.015237191486943115,0.4117657839760164,0.2470246514306877,0.18147835690278324,0.07087503616487989,2.605626342107802,0.8045213095018354,207.91035415795602,0.4835545297172533
d107bc22-398f-41d1-aaee-7cd84897759c,5dce9859c41dc20fc2407bf0,0.0464047042184061,0.0025168492404295654,0.009792887571972508,0.0961750359839892,0.17886856390577047,0.4353418825259095,0.15856913095273262,0.07233094578345443,2.389732037965817,0.7025993380853324,150.8629272225022,0.029643073200241985
d107bc22-398f-41d1-aaee-7cd84897759c,5effc7a64495250cbb0d8de8,0.02936605275850324,0.019379305327759364,0.021033172754781032,0.041001228481426,0.0713649214128197,0.4143798290887507,0.051180798330876645,0.3522946925786078,3.1997464822781407,0.707324646347546,144.9434167793217,0.6823529411764706
d17b1fe2-009e-4c93-81c0-2db63c3f0287,5deb1865986140241391d84a,0.018619217671560953,0.033315153413668426,0.024732857274568785,0.02849719495681559,0.31693439372515053,0.21601460881574425,0.2899395369117772,0.07194703632836619,2.3399998084785087,0.7885179782495815,218.50950608400674,0.37712519319938176
d17b1fe2-009e-4c93-81c0-2db63c3f0287,5efbbac9041ae7163c083d36,0.051447441781913496,0.02255875405298959,0.014215487351760307,0.07788347804689896,0.3086790372856983,0.22414291330469635,0.21722615911972645,0.0838467288547167,3.0041194244100393,0.7159636954093109,172.85889083153901,0.3905429071803853
d1bba1e2-f927-42e9-8b80-d7b88187794e,5bddd72b18f1b9000174109e,0.08611519382256098,0.06302499362718839,0.10537570579055287,0.01701459874318771,0.4870423325907442,0.14307545704842842,0.030469399236072423,0.06788231869550913,2.0519641205169363,0.7489957240528805,199.15466063711523,0.6097560975609756
d1bba1e2-f927-42e9-8b80-d7b88187794e,5d10eaf23afd390019075267,0.16805850103178227,0.03654833846225756,0.12976579501019853,0.02520227013031957,0.3369997580315218,0.21646086944354556,0.05057154632334777,0.03639292106206521,1.8409628509938922,0.788029852381625,210.83193840105324,0.6513105639396346
d1c4c34e-d50e-4ce2-b7bf-e29e5de4dfb6,5c401a3da2bdc5000121ba5b,0.059340755183605924,0.005304037710528168,0.036829891606438986,0.07734064209858126,0.04790872512821204,0.43593984703951616,0.2017543190920804,0.13558178266609477,2.950797328842726,0.7467360890833468,179.3533970409571,0.06774193548387097
d1c4c34e-d50e-4ce2-b7bf-e29e5de4dfb6,5df867af814bba5f7fafeb6b,0.08982481553533585,0.024425111919400905,0.03582714658588526,0.016821999627252514,0.20288093549851555,0.48954299638596976,0.07906403876983012,0.06161295569838983,2.116012167747374,0.7872749546837445,191.8995646379266,0.49856459330143543
d1e1f457-6ffc-492a-ad29-593f437846af,5c159f7745de2c000133c3f2,0.015270494010619274,0.005318223140458553,0.006462236203804975,0.1404327184904247,0.519861881695682,0.057397808371669634,0.1780381535940833,0.07721848464940646,2.582226276432942,0.7063545879007962,147.62595490197094,0.5079787234042553
d1e1f457-6ffc-492a-ad29-593f437846af,5f3ac1732efa0a74f975b1a8,0.017624195966615772,0.05597852067066795,0.003305756514902945,0.004394174763579726,0.45067067999742183,0.3669202036691078,0.08745600880904002,0.013650460256021315,2.877466291951608,0.8132798997492148,244.5453706502967,0.5538990825688074
d20a0292-b249-4292-810b-09d04770e3b2,5ae74788d5ec5e000175ea08,0.19606312985015015,0.01180613484378924,0.0838077850406989,0.036991075129941736,0.4590505542635159,0.07562394179596414,0.10847327991010246,0.02818409734843033,1.602025888088145,0.7846817731410349,213.14885008126436,0.15053763440860216
d20a0292-b249-4292-810b-09d04770e3b2,5cb929bfebd17d0017e7f848,0.03957535521688204,0.010761326968400507,0.04321591668927906,0.07382982644809341,0.06030266354751749,0.13950385446535674,0.4788150725677573,0.15399598505032958,2.2678292056995772,0.7113232242857729,130.89075232873324,0.4469240048250905
d22f728d-d56e-48a0-b2bd-cf72172cdc8f,5ca6bbf13b5fcf00100996e9,0.024775390330259554,0.01812215660264321,0.015716317012589538,0.017995094926061283,0.22752651891481823,0.33048897145172257,0.30039855314869857,0.06497699860259565,1.6336091536254223,0.7379289252947056,125.29496818007863,0.37098103874690846
d22f728d-d56e-48a0-b2bd-cf72172cdc8f,5d42486206811e001ada5b4b,0.10472463921697608,0.00407637860399835,0.004352781997464804,0.10716259038879046,0.0965498549970824,0.546271897806071,0.05928072824779649,0.07758112988761832,3.0134470081578852,0.8144492225381426,202.00511516196138,0.006493506493506494
d265c221-3bb2-4538-a39e-8f394c859020,5cba3e70f429ff00149dd978,0.05159959970259357,0.045489421879619026,0.03588599086283982,0.011319806938615761,0.41994697105123424,0.34613538266169586,0.03379008631500511,0.055832740617154014,2.970334386165832,0.7656009545233872,169.35640144930392,0.6615158204562178
d265c221-3bb2-4538-a39e-8f394c859020,5e68083669f4cf0c05439f94,0.023109208102001795,0.029008283244617204,0.10874951029815295,0.02566923196252742,0.2101653605336134,0.10491838745776165,0.4083536283715754,0.09002639072774374,1.8352283748878957,0.8154202750920408,197.88461364530158,0.23891625615763548
d27e3e27-bb5b-4893-965f-ff44d6904da1,5c54bf7d77f9e700015ef638,0.05539977241920685,0.013134227339871928,0.04649269671961898,0.09542244761583912,0.23821186451515527,0.1583721950080794,0.12626879663287044,0.266697998970783,1.8786221887850783,0.7772965823295583,178.48413062189266,0.891433806688044
d27e3e27-bb5b-4893-965f-ff44d6904da1,5fa727ceb78937465e777bc7,0.052586251567699006,0.04529969892807143,0.008487029259799451,0.018112354434717308,0.18564451199391693,0.5406521586317731,0.05734178579397386,0.09187620868953456,5.068657058155088,0.7534496068030567,254.0976928657408,0.04843304843304843
d2b1e4eb-2355-4ec2-b633-d15426fb6a4a,5d6807f9778de5001a120d9a,0.1265489090729978,0.0055787116853947835,0.02973841799404039,0.21990187677425857,0.11197949322524121,0.17164870594913367,0.05673352556525457,0.2778703585059967,2.071413287186308,0.744262482197374,149.56825955502774,0.8700696055684455
d2b1e4eb-2355-4ec2-b633-d15426fb6a4a,5df58b28ecb3ea3ed1ceea37,0.06206006191485061,0.032493374497411666,0.011134891198174067,0.025214186545684938,0.26400946755080146,0.39404958063996626,0.06872516410787062,0.1423132730372512,1.6353260728514505,0.81288146152415,201.22529326739254,0.6450471698113207
d2e4b399-133b-426f-a551-af6c6364a3ca,5af9b78246f0040001e34b19,0.020492759367739595,0.01626488347249281,0.011560930644392457,0.09269854287804999,0.40407204321036666,0.10536661720025395,0.1839899140685184,0.16555430982303249,2.1725187774075696,0.8355336787468616,232.4427286612519,0.150519978106185
d2e4b399-133b-426f-a551-af6c6364a3ca,5c5ce95a92e37d00012f2d94,0.025290174885109623,0.0236596747830238,0.013004920219827874,0.06354917692563802,0.16938570415368304,0.31486504819865024,0.0402665815878814,0.3499787126978239,2.777646490171175,0.806383602670451,223.27874080568688,0.0
d2f289b1-7243-40ad-a0a8-0696db65fc77,5e6cade3d92ffb26677dbd84,0.01189735772150446,0.038071669005785035,0.06368483700787529,0.0038015815499634793,0.7515830414272158,0.06485968750345826,0.04048585867855053,0.025615966469544327,2.01927278077274,0.8113053771009272,216.1759688662367,0.9621072088724584
d2f289b1-7243-40ad-a0a8-0696db65fc77,5f0fa78daeef1d18edccd806,0.008096192109455896,0.019089669703625183,0.003758489691246751,0.034049913661230925,0.6230538182131176,0.0710063460317394,0.009836223011569755,0.23110934748946782,3.7481920948908494,0.7094044187373392,171.8413234853091,0.7445454545454545
d31fdecc-4b55-40c1-80f1-60546dc8057b,5c7c1b0dda78bc0001257fa2,0.1040741287034916,0.06345137492629756,0.029013861360687152,0.019140654054025714,0.32271839671567587,0.30841071664159264,0.10065197692026678,0.052538891968737525,2.048426837044004,0.7847600334763148,226.75668978822898,0.5395395395395396
d31fdecc-4b55-40c1-80f1-60546dc8057b,5f9f6e40ea7f965ca33bf97f,0.11807443829687611,0.015253783176451152,0.03355787241207022,0.04307413967040845,0.41862519225452016,0.2526788174331664,0.05278787829791428,0.06594787440122257,2.462801474789113,0.8215345875154595,228.18716440367794,0.5395189003436426
d36359b7-0195-4467-a60e-8a2cb219e077,5c0023fb2213be0001c2cdde,0.04785635111118878,0.020853331925638402,0.021403605192675045,0.014711150112072236,0.31919963848702154,0.38131333813714363,0.05898450216197421,0.13567808212095472,1.9036187965604259,0.8563536536299348,219.90280688162102,0.93247344461305
d36359b7-0195-4467-a60e-8a2cb219e077,5df15bc3361a8506b94f79ed,0.1341479876112745,0.057789192518211706,0.05199882079406567,0.0069250596633482694,0.21428329887009448,0.3477878333560407,0.15126463675441063,0.03580317003072775,1.9454983097937528,0.755826641576681,133.12789366487516,0.748471615720524
d37f95f5-973e-4f04-b270-9a5663af6f3b,5c8be0dd542fbd0016924f5f,0.05405528291621688,0.04334823406705297,0.06836068716701751,0.02259249082973838,0.34289371608823926,0.2691091801729088,0.0691423747982161,0.13049803456517306,1.8773034566084688,0.7609817129978491,160.21947214930742,0.053591790193842644
d37f95f5-973e-4f04-b270-9a5663af6f3b,5f14c40b8a043d54837e0601,0.0277458651158621,0.023468229206142326,0.043607686052811415,0.04387730401021741,0.44988865317890836,0.16974499132612067,0.12240477811871575,0.11926249440479106,1.394206967209674,0.8146938777379514,207.19489721239788,0.4702222222222222
d3b4cd4a-45a9-46f7-95b2-dbd513ffa651,5d625b4550d0dd0017805839,0.03493104791393632,0.006706781714636525,0.013190288095553471,0.018258561778893612,0.5603456028451753,0.3082482674973615,0.03895970239047696,0.019359751687253523,2.4949671391180246,0.7890698837261357,245.93330754276812,0.06542056074766354
d3b4cd4a-45a9-46f7-95b2-dbd513ffa651,5ed885609d0c93397b6b50fd,0.07869683617906013,0.01476055935184768,0.009479614890268622,0.02219933441027298,0.4158908009427485,0.35548675762964127,0.047107916042116615,0.05637817973487776,1.7622559294998592,0.8589039091886456,240.832157819116,0.13271028037383178
d3dd8fbc-3d4f-4e66-8364-47c50043be1c,5d3758292faa0d0016797c0f,0.022060016221038276,0.01621258525656906,0.008726019146197236,0.041072088463694034,0.22277682332751264,0.4564465574857731,0.15017727675614678,0.08252863332806425,1.1530772758698202,0.665851555374499,128.08851092156507,0.06329113924050633
d3dd8fbc-3d4f-4e66-8364-47c50043be1c,5f07c86524cc101f35f443e6,0.01386022266421004,0.027654628385302447,0.0067051163217071,0.015490666649857585,0.45444950835487696,0.27671720805762834,0.06770500566351435,0.13741764414492116,2.13545626903563,0.8320561787638454,247.4230795790011,0.21138211382113822
d43ee42d-1801-4e67-895b-5ed25e3a271a,5edd1133213f7a077ee2709b,0.14760104648802697,0.03344275409191835,0.04805035596363408,0.07697446487048029,0.11722296505775921,0.19818665819230455,0.3134914014846511,0.06503035491516623,2.1847158020016226,0.7255449097085,190.5583909967482,0.2753246753246753
d43ee42d-1801-4e67-895b-5ed25e3a271a,5f56e1d1b72358165158550d,0.03530014137355095,0.01366065316934522,0.010172146125549083,0.059890238246855534,0.039379435261455396,0.44837144737290463,0.27530548155007667,0.11792045705753919,3.837275640637436,0.7942921430660353,196.02608368207189,0.17032484635645304
d4524fa6-76bf-49fd-af90-16da6d81b37c,5f12264477e2150008d329fc,0.06163531822851,0.035377679859412196,0.032462235080027727,0.017171424755873726,0.1401374787486458,0.5126418839588477,0.13718170001660632,0.0633922789800882,1.948456606270873,0.7545079152833586,188.51488079847738,0.7755610972568578
d4524fa6-76bf-49fd-af90-16da6d81b37c,5f563397d628840162b467dc,0.4270259453635528,0.014879085943043713,0.08613237045785521,0.06056845310507738,0.06039632874749535,0.22875623117012844,0.04525244843917813,0.07698913732385505,2.1058174385060138,0.7503772667164701,142.81432468851284,0.12971985383678442
d46d0af9-6f15-4281-8df4-549aef724892,5a8d5e4e000dab00018ce464,0.1068370972031812,0.014124463635371823,0.03181281736301406,0.026557154338525412,0.1443657252894712,0.3672091466365524,0.26740241831024253,0.041691177759195036,2.0117562663157904,0.840747854936149,250.23745465571025,0.020036429872495445
d46d0af9-6f15-4281-8df4-549aef724892,5c159f7745de2c000133c3f2,0.005794741515643348,0.00796372288946069,0.00989792097420079,0.08484954239390906,0.52453963985466,0.02763375693136209,0.3081882126787922,0.03113246268919862,2.2614955216243806,0.7159640988322475,149.39879115911762,0.5
d4ccee91-3bde-4413-a4c4-2b1788dfe23e,5d17227bab610c00170fd98d,0.11164885736590406,0.018554286512268262,0.027598408215860806,0.016494176834310405,0.45981425750153415,0.29647604041138015,0.02647763939482197,0.04293633400420106,1.9695615305207868,0.6774705143187084,134.03200509642704,0.43543543543543545
d4ccee91-3bde-4413-a4c4-2b1788dfe23e,5e975ea254955d0bfe9f7929,0.2856291750265749,0.006760675951710392,0.10660223907198965,0.1338597793628355,0.09564467697210109,0.17747980349647585,0.16300179090980518,0.031021859516860043,2.5331892034199757,0.8022618250352187,213.27578963462346,0.02810590631364562
d50eceff-02d7-4c79-88bd-133b9972b0f6,5e80d8569d1bdf03449b0c2e,0.019849782181028806,0.028023807067471772,0.01026006436275851,0.02635243798675135,0.5228384447316248,0.1865380629202289,0.12164117321489691,0.08449622611540884,2.6754108069959837,0.8015510542329971,205.63297921184764,0.6789473684210526
d50eceff-02d7-4c79-88bd-133b9972b0f6,5ea492e3b1b3620a6fee3b90,0.031874178341152415,0.06071862472870777,0.02689568748073265,0.021044432170282217,0.5259086741464254,0.20097005941424562,0.09342587843321991,0.03916246437879494,2.725854321653552,0.8125448081402521,215.46489469152164,0.9269442262372348
d5335b5e-df15-4928-ae10-515a1ea96aae,5f3b2b15f5d396257a4cd215,0.05465363273242187,0.036530281197643094,0.05322897599247455,0.02385997017675982,0.3896833106395806,0.27998084917924515,0.06380290275989951,0.09826007662691702,1.7275264666015824,0.8613380855335283,231.52735561485818,0.9007698887938409
d5335b5e-df15-4928-ae10-515a1ea96aae,5f3fecd2bc9bac0b4ca93d30,0.010757677387465869,0.026436719551956263,0.022400239271126516,0.013466961359171553,0.5788691282369657,0.15676723692303265,0.11169166289604,0.07961037601658602,2.702858941598695,0.8426151947638268,255.79929945833632,0.5803964757709251
d565e7d1-2faa-49e9-bee6-a1b44d9e4712,5ec82c3f67c66a10c498ecf6,0.0526523403158821,0.03861364514904012,0.026318282980018988,0.005654372776858595,0.2793417424105301,0.40599978822341376,0.1313381920234808,0.06008163481527036,2.483809156140239,0.7818950630796038,211.51834501896144,0.3298059964726631
d565e7d1-2faa-49e9-bee6-a1b44d9e4712,5eefcccaf9461b13feb83c5e,0.017690337943408917,0.0011212464110142515,0.0014476012192432422,0.33439486467977286,0.07066929268098508,0.19126617736779175,0.028843794648604672,0.35456668473289976,0.7186439128653787,0.6504964201048709,117.58706319205406,0.0
d5c3f6cb-66d5-4aa1-af27-5df5d6e2c8fa,5afa5252672ea800010d97e6,0.03225333583762604,0.011878832714671174,0.028284833676427985,0.11574468088913664,0.07876923248327564,0.35429097942258536,0.2312617008662952,0.14751640325334855,1.989159006242648,0.8351070162107063,242.93921583291666,0.001869158878504673
d5c3f6cb-66d5-4aa1-af27-5df5d6e2c8fa,5f0df6c9b64b5107b88cbd4b,0.10015154905445492,0.019052750156584874,0.034935048018547105,0.04455041825667989,0.4427688862822948,0.21078844359155677,0.05528569510708561,0.09246720884555046,2.442452097597524,0.806147852218865,227.34990261372036,0.7828571428571428
d5d67a5a-4b95-479f-a4a8-cb86ae7aea54,5db6f5c8c5ffeb000ac7cfb2,0.0941037086599643,0.02121720600941903,0.07496378279267533,0.07941427637411841,0.5401081451500144,0.06071763120949511,0.09228146149805036,0.03719378792338726,2.2445854899138893,0.8071803210661241,216.1875570157095,0.33279483037156704
d5d67a5a-4b95-479f-a4a8-cb86ae7aea54,5f1d266c6f7d7f62a219fade,0.10295839208834948,0.01225640494563399,0.03495909406727129,0.20670898933466686,0.26739352766907654,0.13422903896869612,0.13946775446979737,0.10202679851038879,2.7842983403231747,0.7350958555664678,160.26549277843742,0.4120603015075377
d5e05d2b-ef25-4013-a24d-ab22a1e6b323,5d10d808156091001a74639e,0.0785850373874013,0.010248640424640531,0.021410379405603093,0.11480481962073139,0.254377936453514,0.1720213067800004,0.07521697808196964,0.27333489951978496,1.9230691271008369,0.6902264178654123,130.98475674939888,0.0
d5e05d2b-ef25-4013-a24d-ab22a1e6b323,5dcfe5ec41fb3f0de0080f1a,0.07424658069181221,0.028745605154515557,0.1258770861500544,0.0368576653216356,0.3610912830676421,0.07272906031178328,0.26783919920710564,0.03261352090778621,3.0422956351795536,0.7473061463021959,198.46626527796593,0.7670682730923695
d6470dcf-1876-4c83-ad99-a9594128366d,5f15da27044c9b700c9b7432,0.0862623652139592,0.007271663700664346,0.015758792498363275,0.05825096651609794,0.4764095052300016,0.2668636665706856,0.03438445195909252,0.05479858829260322,1.8055283671867333,0.7657835790873818,144.231267000772,0.8480243161094225
d6470dcf-1876-4c83-ad99-a9594128366d,5f47e116dbc4a2230a521331,0.0043672429240535935,0.04354116945110639,0.003887461592120702,0.0034583063734619115,0.4905582045800773,0.35684055499441975,0.07857429669081092,0.018772765108695008,2.767459068475923,0.8173270875096552,200.9366715161594,0.6747114375655824
d653d9fa-abbe-45f9-a6d3-e7200510cac8,5c91c693765dad0016f8495c,0.1201094530504497,0.035738554659545195,0.0066722395185838295,0.02906684324601345,0.25522767579453864,0.3200306415437201,0.21151515288564168,0.021639439405634713,1.5775847180494043,0.7060649817771181,130.93553170435186,0.03756476683937824
d653d9fa-abbe-45f9-a6d3-e7200510cac8,5eb10e1b6e2f921d6d6567dd,0.09649280314690739,0.005821060667858908,0.009355708795299664,0.04100757329368213,0.06464615757885392,0.58023172506651,0.11890685611826896,0.0835381079562671,1.3562310566930076,0.7072912544581301,124.60518313570752,0.0
d67ba150-0fbb-4b88-8c7e-5beb4aa1564b,5d625b4550d0dd0017805839,0.03757221543552006,0.008567961754600546,0.020416194396921113,0.06466665398490506,0.3533546010109951,0.32259745125353234,0.12712001933212128,0.06570490300961176,3.242822696728544,0.8401648165927349,261.5992498050068,0.4939516129032258
d67ba150-0fbb-4b88-8c7e-5beb4aa1564b,5ef54b31234db61ac1c7fdb0,0.021289740018307014,0.019223156555746596,0.00671907621470506,0.02808662602305798,0.640846219853529,0.15698469284166458,0.07807025226988429,0.048780236634291214,1.9973161377459547,0.7731492510518888,177.9199558136937,0.8663461538461539
d70e5a84-c195-4832-8862-07f85cda138a,5cf480e61e7dd30001eee4c1,0.1653101947329266,0.01696435076108848,0.04404853931507083,0.07577288247288481,0.41673313678629426,0.14529116809466391,0.061482771512513766,0.07439695793668785,2.805415417068447,0.784699749308689,225.41909177634338,0.30670926517571884
d70e5a84-c195-4832-8862-07f85cda138a,5e4589f0dc89f106ff742885,0.03225257972208342,0.0176424551501587,0.007347800143339325,0.007625493230883419,0.09427135845327773,0.6059233918655086,0.2088658427793624,0.026071077612164168,2.7938060877100495,0.7883653635089649,145.38191172838202,0.1336206896551724
d713d070-fe2c-4327-8952-e78f45d251a8,5edc3f9696a72790ae256a27,0.2421893475376568,0.020285118330614003,0.02507405469223777,0.09374907119243825,0.12810739191106982,0.10499245780760483,0.136734278545246,0.24886828000215255,1.9490378809529962,0.8188859658944887,208.1525178861128,0.4811320754716981
d713d070-fe2c-4327-8952-e78f45d251a8,5f17821d53d8590009cfc951,0.026372089136013056,0.018346679612933625,0.00729136709492342,0.08896514859496236,0.3426593503755906,0.2991052318988195,0.08675286270598483,0.13050727089159317,3.007614522023128,0.7635906341067732,161.64422859843148,0.1679160419790105
d725ab7b-df57-48fe-af34-b5fec56c7535,5bdc94f819b9ba000157da85,0.034458744941806174,0.0046164677870940115,0.006861353576570398,0.18404466328363114,0.10231035936696375,0.2744361669923765,0.27455664981279204,0.11871559428392507,1.2253176985249246,0.7428883589850267,144.36888060099758,0.3522072936660269
d725ab7b-df57-48fe-af34-b5fec56c7535,5d54d3560c5b0400174b3c81,0.041217972547559344,0.04421881011965163,0.04477605015254757,0.038702475259116485,0.364105849607195,0.24428065473556618,0.11403397693967939,0.10866421000783201,1.9963120188092633,0.7283395831042867,210.21655549116153,0.5046728971962616
d74b69d3-263d-48c8-8ca2-712a6622cba4,5c284e0970d93a0001211e16,0.11326572497792528,0.01220354899136316,0.021036856397094846,0.033231051371694416,0.15846974129862035,0.2947143270410325,0.13498552567489291,0.2320932224889212,1.0547636038469894,0.6855533534557275,147.4763420506308,0.0009615384615384616
d74b69d3-263d-48c8-8ca2-712a6622cba4,5f26523b9e04df29fc462ea6,0.031331730497662615,0.014266467146172341,0.01522470670110559,0.09352273166332076,0.4490841516152061,0.18805009093938865,0.05309927698053593,0.1554208449854354,2.5695575455878137,0.8202652279088923,231.81369439597154,0.785451197053407
d7550f6d-b4cb-4174-bf34-2bad900a2573,5e438573651bae2106fb0f21,0.010248098072238213,0.061601346291505696,0.013670080133096896,0.022514081408231808,0.49427338234495377,0.20321008055758225,0.05023155309841982,0.14425137890265655,1.8825317936405888,0.8212326327769355,229.75755286572553,0.4897260273972603
d7550f6d-b4cb-4174-bf34-2bad900a2573,5e87fee4c740a748f50a63bb,0.10553043369355328,0.004184823172930107,0.015513389419830804,0.1957461064446013,0.13962038180929698,0.3135894080220676,0.07069825468729789,0.15511720154039665,1.986033029132384,0.837969467681923,243.9080269730949,0.01730103806228374
d75d6a91-d2af-46a5-9662-3fd1c25098f2,53979923fdf99b1ccc3f11f6,0.016424613840628686,0.02747116695657461,0.0017353512424428427,0.026307299459934232,0.5439116366958375,0.27847193530930936,0.020996312559201334,0.08468168342044792,1.106130683309347,0.7681336308112783,143.90134234937113,0.9922405431619786
d75d6a91-d2af-46a5-9662-3fd1c25098f2,5be8de2ed3560900015c743a,0.1191928184023273,0.015096041229571984,0.1496059547095275,0.05108094395427165,0.22283898989032297,0.18885605785748558,0.10373851275644738,0.14959068192899974,2.0815856640829926,0.8460840868565935,258.73126627372716,0.6403301886792453
d777011c-80d2-4345-8977-e472d8ef479a,5ed944592219cb116588a9c7,0.08772019117645137,0.005328935345635877,0.022472452521519814,0.052783601207793865,0.229209036379519,0.3838629979389895,0.19043728680941716,0.028185498823614874,3.146746209929683,0.7741756998156429,217.720758824314,0.2808219178082192
d777011c-80d2-4345-8977-e472d8ef479a,5ef6d363d195c23ce977b6c4,0.14150890494430698,0.01407195701223025,0.04517093627339436,0.11234793985381174,0.23666568455276044,0.2855583394539455,0.0659186173641546,0.09875761840233982,2.4255755946639086,0.8125044710573651,221.79464685321082,0.2749326145552561
d7a96d59-d94f-4e56-b7c4-6e056c561f58,5ea92954ef7ece00096faf5a,0.03163198596210524,0.05803060155773,0.11269676810988734,0.004639994227563173,0.40790850754309727,0.3230221376150045,0.04205161495658822,0.02001838997080462,2.200566070155583,0.7759365057883408,198.3712705641571,0.4592511013215859
d7a96d59-d94f-4e56-b7c4-6e056c561f58,5efe33b14177723069d82cfd,0.04764548527636804,0.015718010258350155,0.04180513710945313,0.055620984127635206,0.3085463800898438,0.1826866509465115,0.06551485692576388,0.282462495852068,2.0577795925215354,0.8065853447008058,212.11354642109225,0.6692667706708268
d7b17f1c-b02a-4971-ac95-8dcb2b675e02,5c0023fb2213be0001c2cdde,0.04083318883240677,0.02624628780565747,0.03487871103923686,0.016295618268069682,0.4609398115565668,0.29629351284595806,0.056946645620100995,0.06756622398549929,1.9929215861364717,0.8579122456488432,243.13607806498842,0.8911854103343465
d7b17f1c-b02a-4971-ac95-8dcb2b675e02,5efbd589ceb6b9190882911d,0.07085928603579483,0.020351669416273508,0.012557071072486188,0.05699177302862501,0.2924777769776834,0.31292661042537234,0.04214459785010106,0.1916912144402789,4.356197217699876,0.7690711155870494,257.7041972175191,0.002036659877800407
d7b9428a-0267-4ab1-88a5-23e116f8e912,57d6dd8d6598aa000199188b,0.0798418499679361,0.011394250767062644,0.02156658976464128,0.05861911480083953,0.3411592816941218,0.377747688789939,0.04495705158702596,0.06471417293808937,2.0502350654427848,0.8178132886517383,209.39639850191955,0.1987179487179487
d7b9428a-0267-4ab1-88a5-23e116f8e912,5c0c35ff217d600001121ae5,0.02414665787004288,0.024832106034653828,0.02334952650144269,0.040117288240042036,0.3335534249421678,0.28257606274062,0.08098827518201976,0.19043665839733429,1.931722314881023,0.8189026850200145,207.18173546375323,0.4092852779474649
d7f76bb3-29d2-4d4e-a766-350f420b9c7d,5ead6f256fef94028e07d655,0.10175541418449431,0.014620273307320589,0.021210330095003987,0.03576431530573651,0.0630050801929345,0.5754336042667179,0.09700724186289299,0.09120374109839088,1.4817018978948644,0.709416193286072,131.72509223821694,0.2751540041067762
d7f76bb3-29d2-4d4e-a766-350f420b9c7d,5f15fbdf2c61ce144ceeb357,0.03507173974452789,0.036381523102355526,0.25612780604980007,0.037383900133267256,0.32245624415704777,0.13746918031183322,0.11460036038169787,0.06050924540622059,1.6132162939015013,0.8353065004997695,225.63417826109807,0.6509341199606686
d833250c-4b61-40fd-8e8e-039ec127a017,5d2e4fd16adc630018df841c,0.057070752262370544,0.026626896476506692,0.017267839922195403,0.030647215512940442,0.45448753252706037,0.29955146109040326,0.04022095475828783,0.07412734788401609,2.2378044269294315,0.7370886206053877,210.8162788887144,0.1855421686746988
d833250c-4b61-40fd-8e8e-039ec127a017,5f6cefecb8137d13565d8c33,0.01642111037214884,0.06996954463313734,0.015466687221953851,0.02008482295077312,0.5339175143124049,0.1648320285266813,0.030270101588548957,0.14903819068348728,2.7198609805021685,0.7697914125554295,190.62285548072958,0.7184191954834157
d838bf8f-c9c3-4524-b126-68d4da70eb1b,5efc9e6602650605d21ca962,0.0065810737902137996,0.01679238214637757,0.005708759335283061,0.07299271735026304,0.31568400666356466,0.2443050243720688,0.11836448808042015,0.21957154834000148,1.7868857751974734,0.7977826769831021,195.56810585719745,0.32821143208358944
d838bf8f-c9c3-4524-b126-68d4da70eb1b,5f0e08d6cee7a90b940fb9ab,0.06640318264048005,0.03253863285794544,0.038218646149147384,0.017964440066435952,0.25414331324670675,0.4102048817463813,0.13673061727193653,0.04379628496340629,2.2483364056776662,0.6901536778535774,128.77439736844258,0.4161915621436716
d8420a38-8b46-44f7-8182-a2a65d16342f,5dd3e6b66ca7e73c42b4eec8,0.019166439830242892,0.029484628278412445,0.057280546053183036,0.008727611985994954,0.5612222280629038,0.1444139493894538,0.1401325844922466,0.03957201077165082,2.4374181708953877,0.7268812640171096,139.98350080740732,0.42962962962962964
d8420a38-8b46-44f7-8182-a2a65d16342f,5e31978166f7ac184c52c457,0.02304432985703425,0.02522961373814946,0.008825926170573555,0.01818000264207192,0.6466357097610931,0.11874108506057793,0.04889313251206119,0.1104502000553701,3.0736725813613077,0.714002780062936,176.51651623991225,0.7109788359788359
d86d16d8-026a-400f-9fc5-b98c56f848a6,5b8597308f1e2600019bbf90,0.03265482853338758,0.04239012107824783,0.08525902225570015,0.03276018638808614,0.3838772042459651,0.07525413057809958,0.05446966907781531,0.29333483847528763,1.8313160121426881,0.7405819993341222,160.92178112862476,0.4246575342465753
d86d16d8-026a-400f-9fc5-b98c56f848a6,5f49553539747213d0e5f1ae,0.026465429836041467,0.0463012824508557,0.03831784239913746,0.030615616344162953,0.3253346946883644,0.2508822595047955,0.18044130038463901,0.10164157475600909,2.750760109865412,0.7311206253035973,212.40975228299524,0.685823754789272
d889eef5-9ab7-4e27-be0a-aa3fb222c8a4,5eea18fc3e537f0c21f2e9df,0.023681901175417096,0.037342881119843165,0.00928132815342992,0.02819794395846994,0.27311659839613833,0.3613674229459978,0.2129694711774257,0.05404245372912748,1.8002421523323748,0.8212466785668594,224.4247325810092,0.19801980198019803
d889eef5-9ab7-4e27-be0a-aa3fb222c8a4,5f416c04539a9d31180b1648,0.12933986235798123,0.07356900176199567,0.03236232711190954,0.00582104606067793,0.4146592466968484,0.1588102693520881,0.13794332244798174,0.04749492459434527,1.9236124015479283,0.7850053304061748,159.4210129955866,0.8062860808210391
d88b22af-06ef-4146-b379-805c98344d66,558a327cfdf99b2d75651681,0.19229533398384432,0.017353462247564594,0.087463451476624,0.03099512201533683,0.24588393269498868,0.28828383941552305,0.10790447310295494,0.02982038467777488,1.508294719237691,0.7618002373369523,121.93303336962056,0.03278688524590164
d88b22af-06ef-4146-b379-805c98344d66,5f1b2282a3103e2caff2fd7b,0.043443766950756565,0.033735562256358716,0.029177564817850984,0.010312697671777959,0.2858439415950686,0.44704005216444453,0.12554795817411998,0.024898456796287313,2.184220650158341,0.6924302617122116,122.94794897998487,0.15583075335397317
d8c75271-827d-414b-b574-bf5dd113dea7,5c4de8f726093e000134ee6e,0.15115196744466014,0.023514321709995047,0.11411910414409411,0.07290419592315935,0.24531978828089715,0.19195833975000864,0.1330408852019658,0.06799139665293118,0.9961260156204021,0.7366971134644267,144.81333608333412,0.33662477558348297
d8c75271-827d-414b-b574-bf5dd113dea7,5d0eb8f40c09d600174dca28,0.14963373741239402,0.007078255955188713,0.031371944119118776,0.048670884200131756,0.3836959567457184,0.29829489172229334,0.05501240354964721,0.026241924736776983,2.4631357374617604,0.7937336269244262,224.55383481652257,0.05333333333333334
d90ac905-0712-4970-8c44-ad3dc31a6556,5e7072e5fb136c63e94f3fa4,0.07816447592787033,0.016928753970002108,0.11305825862069878,0.10102306084748412,0.26622712294031775,0.14153849768471002,0.136234683821175,0.14682514757332618,2.025430530073795,0.7407603030307658,140.7532448463965,0.5287915652879156
d90ac905-0712-4970-8c44-ad3dc31a6556,5f51268b7abc4a30c4d8240d,0.044813159096675596,0.03724179988614991,0.08230936496186324,0.05684097963353304,0.24000563457658494,0.2975272826251221,0.0814830795381609,0.15977869977722334,1.8842086660979223,0.8428600400680882,234.6800638993063,0.6678921568627451
d9266679-7d71-43d0-ab1a-3293b589569e,5eb4a3fb75168630c3e6fdb1,0.08184469929870908,0.004912691576857054,0.012510317917437015,0.12228993851397678,0.17890905218449832,0.4154682075703812,0.15765844707397111,0.026406644053531617,3.618956191724911,0.7654884056733676,184.09743167519153,0.0014925373134328358
d9266679-7d71-43d0-ab1a-3293b589569e,5f3864a4596925371d23631e,0.10846437038887433,0.01578326739795106,0.016008809935623973,0.05432240226119582,0.42421400578163665,0.28183997952188644,0.06477193446178264,0.034595231607627244,1.9570564725410367,0.8127282611637386,234.0932852015737,0.07906295754026355
d92f6f54-ebb5-42ec-826e-a0916c2a8812,5869dec37fbbcd00013974e2,0.012226756147720568,0.007768516776933367,0.003878002193687275,0.1694840533428133,0.10067997959257072,0.23995791527254112,0.12947853698151846,0.33652623814723637,2.2026623421859055,0.8389218840491466,219.84632104399944,0.08997805413313825
d92f6f54-ebb5-42ec-826e-a0916c2a8812,5f4a7225cf944c08a81adca2,0.011238491032445437,0.040468808941779136,0.0052742471844771065,0.04967328338789991,0.22454648424675328,0.31367579590712635,0.11197266068442677,0.24315022880199844,1.886571738195885,0.8087663254376017,214.02993635403863,0.562296858071506
d95bc9f7-9831-4039-9b7b-59f9d4b4ddcb,5c91d45264d5c100171ea8ab,0.047809357318613,0.019664046010925976,0.042984838759818136,0.033305032437389595,0.5674218229167834,0.11668116611221077,0.05736411894707438,0.1147696182273615,2.9953500065980494,0.7204963268053071,157.24071333539263,0.33251231527093594
d95bc9f7-9831-4039-9b7b-59f9d4b4ddcb,5f112c3557b476490891ec16,0.08423887177747508,0.02263588019387938,0.020770344152914746,0.00920514725996433,0.3796933168520806,0.40711403097596793,0.03459627364526587,0.04174613489124137,2.89394266821534,0.804774444018203,228.1615214262659,0.485456369107322
d95fdfd5-0e62-4f15-ae81-761f42b60a30,5a7e017f527fd000014685d2,0.01909719913715913,0.013558317843493662,0.002410954239720224,0.09304607186486737,0.07024995102013226,0.3843722673608945,0.13193089888361645,0.2853343406120436,2.295908837001483,0.7235942187852294,127.87324990818007,0.0
d95fdfd5-0e62-4f15-ae81-761f42b60a30,5e606b1eaf84e83c728748d7,0.07489112323861682,0.021268053799262682,0.01687700233671674,0.05136163823161117,0.22088778265442702,0.4294361562722584,0.12325491126566837,0.06202333260014623,1.8725606070663654,0.7589041135300588,166.3364661790346,0.024054982817869417
d99220fb-d8dd-4b15-b5e0-657792a8e5d7,5c3a1ef5e57f0500018506c0,0.08662074320922475,0.011815703360206034,0.05816175426612514,0.05581273179530517,0.14031265148344768,0.4093273994799539,0.13804712012496667,0.09990189632642357,2.8832132666725196,0.7450645401014229,182.05733115528335,0.3104956268221574
d99220fb-d8dd-4b15-b5e0-657792a8e5d7,5d3515c39ce6590017010766,0.033323838801117035,0.02613892877593471,0.0161128421927612,0.028077497684145514,0.3985756657031768,0.24509474528747457,0.16983875228457032,0.08283772911300283,1.8276109099375366,0.8565430249489326,247.55964014063238,0.10404624277456648
d9e1f5a5-e4eb-43df-910b-d9ae2befb039,5bf3761862e1bc0001f15cb2,0.01598994190736895,0.05987754397903566,0.01890481246762519,0.006014475399534661,0.7835539621942811,0.045842910978971696,0.048299582084027806,0.021516771196649534,2.4157589213041666,0.7382739353438164,146.98792230585772,0.8206442166910688
d9e1f5a5-e4eb-43df-910b-d9ae2befb039,5f3864a4596925371d23631e,0.04390340354489836,0.02785526543440404,0.022377006379446587,0.0069225256637495906,0.7037288038663956,0.1421768180003001,0.01545326668537361,0.03758291054088657,2.041495901181036,0.8006788854112938,207.18113299477974,0.40082644628099173
d9e8d519-9917-4fa8-b79d-ead1153765ae,5c4de8f726093e000134ee6e,0.08835532667808946,0.016157962648363302,0.17238713756816582,0.13677799625958886,0.2386515919084263,0.13472827837010018,0.1407575249860184,0.07218418195709488,1.272989356477936,0.7322119452794235,146.73654013723706,0.15286080273270708
d9e8d519-9917-4fa8-b79d-ead1153765ae,5f6e71f3b273c13b726f3622,0.03355237230645359,0.009052006037694566,0.03315246280012467,0.04699243908876833,0.3118445082991629,0.2603476645136971,0.08060250547423801,0.22445604147873355,2.0258148102411697,0.806062633082009,218.0174709075883,0.1431159420289855
d9f18045-50ab-4584-9094-49bbedff4b72,5be05da9b5be300001e54be5,0.07652590702524639,0.042039188510522546,0.0415382064024861,0.01080669800601894,0.32074920461305734,0.3273309412365378,0.09678761629981207,0.08422223774210696,1.820514428076538,0.8047795899705754,205.46171783394075,0.43106180665610144
d9f18045-50ab-4584-9094-49bbedff4b72,5de980f63d36b20b9068cfed,0.22578010896958292,0.01933258172799902,0.1528152262460982,0.01055004698624333,0.17362115333556846,0.19844598944392391,0.21492938298063266,0.004525511073328402,2.638877727814593,0.8412602705615658,250.21037028895677,0.046146293568973984
da272ccd-9b89-4ae4-81d4-38ed452f36d1,5d8aafe09d72b20019dc66d3,0.052946315163451205,0.012659972906597356,0.0060883175830383175,0.030042005664278507,0.16971289339289264,0.37854370512705127,0.3201331516026367,0.029873638723639212,2.020137719011691,0.7489755266583517,145.73756860896987,0.004070556309362279
da272ccd-9b89-4ae4-81d4-38ed452f36d1,5f2f6bd965964e35e20c7445,0.05465639019984707,0.02100659921809748,0.027824379128516638,0.025591612396363633,0.1654908650330962,0.24007532792094655,0.4451823567838194,0.020172469004151494,2.0614830057711058,0.8560248821759462,225.69010558693424,0.31053811659192826
db7337ea-fda0-4fa5-bb7c-bb12297a6f9a,5ebb26803576b50eb12d87d9,0.021385526955535535,0.02369351143290236,0.030343920962496777,0.02771764283442556,0.4251782378544346,0.23157048844943257,0.1031953665655955,0.1369153055434231,1.7852206208192067,0.8300164311495003,215.36623861532732,0.275797373358349
db7337ea-fda0-4fa5-bb7c-bb12297a6f9a,5f1cc717981bb7584655fe62,0.0177443889540504,0.062144454829417425,0.057375112116609346,0.005644167835206071,0.4549940059786819,0.3076345315612384,0.04846190440813364,0.04600143450043886,3.2602376599956044,0.7968360166122022,186.03417977724783,0.7029411764705882
db73acf1-9a4d-405e-8b7d-fa44529f1e81,5e6a418620befe00096983d2,0.1613787565159577,0.025171144641632875,0.033233028631724934,0.03408245613381417,0.18136778374239257,0.2995382790426786,0.2274025215371974,0.0378260306305719,1.644172746153121,0.8500484754021914,237.78181452196947,0.7084520417853751
db73acf1-9a4d-405e-8b7d-fa44529f1e81,5ef3e76be991b816cd499e69,0.013893264270724848,0.01743774583141895,0.02521740243236927,0.052155253511528415,0.4128587639011604,0.23730916781166528,0.11773169411917711,0.12339670997730211,2.488824678441367,0.6743666294301438,154.6413191258395,0.11886586695747
db73d8c2-7d24-47cf-99c0-d1e88479a730,5cbea0b506e27c001e4c03a8,0.11643022397423486,0.010411642976286136,0.013927585474766182,0.07954894434112833,0.39979558421118855,0.20839288199179562,0.06889480413074656,0.10259834244620333,2.5152705153902,0.8189318806692075,242.3060811173803,0.52
db73d8c2-7d24-47cf-99c0-d1e88479a730,5d6807f9778de5001a120d9a,0.02505375296509302,0.006052043469697856,0.004969350911620404,0.15805889098020695,0.09464427009230589,0.3968681242296005,0.11468923343824074,0.19966433375176193,1.4081230193484604,0.7433993008369777,132.30162640110996,0.3288159771754636
db76e82f-51ec-444c-a0c8-e283d5afd416,5c5db893b40f3800011084b4,0.02316608761065523,0.03677969176667685,0.03040591935511786,0.022517646145554085,0.42540961666359883,0.18394906911806788,0.1664897462981541,0.11128222276326025,3.8001028649510302,0.7195314260152957,165.68617734771686,0.9695121951219512
db76e82f-51ec-444c-a0c8-e283d5afd416,5e7f9714e74e0c66d2a04098,0.1485361813859445,0.028090742765768523,0.06601998723446484,0.007867537355927589,0.5630440202180137,0.13359888591052144,0.03450877388788184,0.018333871304030223,2.1428137777864973,0.8179338025238839,197.52502098238148,0.46306306306306305
dbab57c7-0154-4191-be76-5d7f60a0618e,5ef6bb87b83f3b000a3f04ae,0.04204242718214562,0.05114265626803859,0.011946757921450724,0.012207555501658087,0.5623012171463793,0.10517992968244803,0.1962777348049963,0.018901721678386652,1.5916930193451637,0.672174362698901,130.90692395017118,0.07292954264524104
dbab57c7-0154-4191-be76-5d7f60a0618e,5f7e700fa9c86614bbb5343a,0.01950174568716126,0.027297458851633104,0.06698374086937303,0.0628736548233667,0.5344139960693768,0.10211379241158369,0.06456233197686234,0.12225327867750706,1.326287122618445,0.8018279387882759,232.5984337672721,0.6966145833333334
dbb31557-4fe6-4ecf-be92-1d3ebd22e86d,5ee9d0dfab4d21000ae469c7,0.0252245069480831,0.010988842656780604,0.013102418102694191,0.10014107363554982,0.347876677750069,0.09941442733607767,0.2074687663398805,0.19578328753968527,1.1761806555739136,0.7643429303931036,140.495437269828,0.4678194044188281
dbb31557-4fe6-4ecf-be92-1d3ebd22e86d,5f72d964dd42802225ed83c6,0.05593740243546821,0.026350877863552707,0.02992073221423677,0.02170278371432149,0.23063943031940096,0.4324234056015212,0.15536247551514978,0.047662891651410765,1.7568569161842726,0.7699464396776083,196.1823755813508,0.1636197440585009
dbbf2d8f-eaba-478c-bf32-330620a4b4ee,5a70d87e9cdd180001776440,0.036081595391538795,0.013056606401149732,0.010952108174139056,0.0801456293503035,0.16705351746585964,0.3329613918020139,0.2756346013445978,0.08411454986720296,2.3975654363676604,0.7355125223859671,161.4051132314711,0.22005323868677906
dbbf2d8f-eaba-478c-bf32-330620a4b4ee,5dd406d9c23e0d3e6dacc034,0.09702567996317898,0.0385978588321528,0.10419441530955148,0.02403929673147166,0.4089262509167146,0.21835209155707958,0.07642293279100286,0.032441475023978324,1.9922746121247277,0.8004303478603942,187.8882399662579,0.2610659439927733
dbe27cbe-5693-4994-b281-d481a5a4e1f0,5f4bc3259e842579bf1a8b0a,0.026106684286111605,0.038674580445373634,0.009080847834148037,0.009647363486896276,0.20919963247704956,0.4132722671849525,0.11988889242292962,0.17412973081836886,2.8722080680093454,0.8242064637077549,240.7102470329543,0.0625
dbe27cbe-5693-4994-b281-d481a5a4e1f0,5f5ce7f940a2614f6cb6e747,0.0884922831322997,0.05036320893143229,0.019226835131978464,0.06817254489943628,0.26718988206017186,0.28185140114551294,0.09776835769798063,0.12693548719403064,1.8005161521201418,0.774331588108354,217.40278134790836,0.8479638009049774
dc112a21-bae1-490a-ae29-0c0066b2ec5a,57f6aefc42bfc700016ab1e0,0.09865967360262921,0.04073798159414604,0.024273232310184068,0.022629240813625478,0.23435930626461865,0.39162285033366956,0.13909899958130315,0.048618714368040744,2.8729184777950025,0.7927497162842562,246.4203039779595,0.23943661971830985
dc112a21-bae1-490a-ae29-0c0066b2ec5a,5f5a3a4c829f790a5c6d1ff2,0.01605404577418889,0.05963868691626551,0.008042876662391774,0.01231905752237656,0.545829728980123,0.20363423499742928,0.10725453815159906,0.04722683125634822,2.6404950211482627,0.8406248005674307,247.69342715039585,0.5736981465136805
dc3d0ae4-8d20-4d1d-8e0c-82c85a79b26e,5e8408d21d9287000cae48bc,0.079513320922758,0.02176281475445697,0.021920386140758714,0.12806507115879165,0.13377573828195566,0.2524044817690272,0.10020125338345064,0.26235693268629745,2.10670944872976,0.7798451522541333,190.36086793185623,0.3912
dc3d0ae4-8d20-4d1d-8e0c-82c85a79b26e,5f4d53f96aa639a0d605052e,0.03551622227427004,0.015461662552289448,0.013431917728752522,0.030495881942397256,0.1421304175322268,0.5567468085281937,0.14408429215243537,0.06213279705017176,3.5560890122292115,0.757952541577743,206.62307465477764,0.9578313253012049
dc4d280b-baf7-4173-aa45-e80b18fc495c,5b6cb3049ee1a50001c5ef0f,0.032177338492987824,0.014894543495497346,0.012784294426218298,0.07015475337751183,0.20997103140989676,0.3629579985073774,0.14351670187969615,0.1535433387848495,4.01388546766204,0.7496058490702788,198.0557310664787,0.24543946932006633
dc4d280b-baf7-4173-aa45-e80b18fc495c,5be31317d6e8c40001d00d23,0.0550600978551614,0.02394515822091422,0.0228107313681775,0.025132366005180838,0.23037590118337697,0.3772657272250573,0.061365697146261444,0.20404432085033575,1.6044114342822844,0.8007655611746307,165.14441496941788,0.9708404802744426
dc614ef9-81f0-44c0-88a4-b40398bd507a,5e8ad30c67bb9677e3970773,0.01795965678493111,0.0608994675862798,0.02646428917055915,0.04280488207206005,0.3324836114027881,0.2357417505365681,0.23239223403495834,0.05125410931314206,2.769391262036834,0.7388883046527144,167.92242685757174,0.016597510373443983
dc614ef9-81f0-44c0-88a4-b40398bd507a,5e97478f8b670f09dad1fd02,0.017210153232443647,0.020633306514290763,0.008677944721086002,0.06165504174962109,0.2407107107522955,0.26756178697275024,0.13337277905905193,0.25017827776820106,2.8897377056170415,0.8349797739369395,269.0917531683359,0.0797872340425532
dc7283c5-28bf-4aaa-950b-de4ba9e1d18a,5e79340b6d9a624e3f39586d,0.035289689874549036,0.0284077858243282,0.03350609303702279,0.08404791771108579,0.2961939003747395,0.20509453655019155,0.1717099886473787,0.14575008899870215,2.217876249259273,0.7373651987832422,136.23569607600396,0.17483296213808464
dc7283c5-28bf-4aaa-950b-de4ba9e1d18a,5ebaf9c3d131ca09d7a08a47,0.011550821519531861,0.038456205185106576,0.057822664865204675,0.01374897242663053,0.33222406807245203,0.33043719582526176,0.11718601448956548,0.09857405805014663,1.6821139617491663,0.8378044673820466,204.6508092465502,0.44672454617206
dc8a196d-d8e4-497d-99c9-b3db414b91b2,5c102b9461df5c0001cb468b,0.12110524415754294,0.017216965593281647,0.022236077885241026,0.03867777615400818,0.3611265516253243,0.19773678655727425,0.08404606983943523,0.1578545287049477,2.747156670746494,0.808438182926332,206.33526633271404,0.1371794871794872
dc8a196d-d8e4-497d-99c9-b3db414b91b2,5ef6743fa4d98d36b3d86694,0.22266362133378628,0.025584824053712606,0.07764458230931452,0.058883813204191164,0.40571427666134185,0.10901411240437917,0.07150248501540406,0.028992285006722837,2.8401370647850954,0.7448786899343375,158.88581288729057,0.12178387650085763
dc97a67e-9167-41c4-b7d2-79d6547b0e72,5c989ea4c7f75b0001677fa8,0.06768352246237724,0.029452496721987204,0.009509906347443914,0.04356414470885728,0.40088731427512836,0.22227815008635304,0.13763405803081538,0.08899040768292528,2.7087333761714123,0.749655548998987,165.76084216250067,0.4772475027746948
dc97a67e-9167-41c4-b7d2-79d6547b0e72,5de7b588ff15c2a06658dd1d,0.10534403692015633,0.013664515261867691,0.01689923314359931,0.08587545721376338,0.3483954074525683,0.24150145096006975,0.08170723657092759,0.10661266105447041,2.490132251283012,0.8429971790974191,234.51428804004064,0.054563997960224375
dcb30b14-8110-4106-81e2-d64b96e205e7,5c5f7a56054ae60001d066f2,0.19413349211655823,0.0036963692009213053,0.010303090566938395,0.03796535532882609,0.03689610803664495,0.5691226408032078,0.12056440134264419,0.027318542451319146,3.7176997778034138,0.7832264969655682,148.99099050174206,0.962378640776699
dcb30b14-8110-4106-81e2-d64b96e205e7,5e4d9878130d9e1fb88e68d4,0.0374993055468933,0.013557687014583247,0.027185533635036615,0.08624279024758899,0.09124432549783791,0.4385265190645676,0.19779020927451746,0.10795362955349459,2.867186534295878,0.7656772746644734,185.37045068254187,0.023062139654067906
dcb35eb4-2545-4f64-a3da-16dfcf2f979c,5ea2b420ed31711d6868e275,0.009140117050181118,0.04282617045926648,0.02075440637742154,0.01293395637891781,0.5804291603945758,0.16704699703891832,0.14100769459092813,0.025861500425830426,1.8226331790277992,0.7956302986719148,216.97259696542943,0.8671875
dcb35eb4-2545-4f64-a3da-16dfcf2f979c,5eb97fbd6e48da0780149530,0.02055464643924471,0.017375608829320623,0.019941655628831156,0.09937048676230249,0.2898848971142422,0.1495390495619557,0.12960210307213638,0.2737315516016992,2.699772288587685,0.737690952673487,172.50015077068667,0.16071428571428573
dcf1796f-bec3-4ed8-a124-155042e8e214,56df9a836b4093000bd896c7,0.08371102692805538,0.11058960306822532,0.0217889667818167,0.004580208654427656,0.6296615931689796,0.11126216049793816,0.011141949824313258,0.027264490670751856,2.341893314308423,0.77501599819119,184.00205398023854,0.9989247311827957
dcf1796f-bec3-4ed8-a124-155042e8e214,5f26523b9e04df29fc462ea6,0.03090478341019466,0.014846351893611097,0.015045590439222446,0.07666819334187092,0.38582295853929854,0.2745384736612965,0.06310227857743136,0.1390713710312948,3.223514423838626,0.8216966889255893,243.25097545939843,0.7767220902612827
dd9b5c4a-19cb-4af3-b0e8-f1ce12c5b8fe,5e97478f8b670f09dad1fd02,0.010627488769853706,0.0016483401713244987,0.002159496104158727,0.0238108044179517,0.04732246043434396,0.3384117487542757,0.09056837917523747,0.4854512826451705,1.9551577226266401,0.8295941273342327,226.5724663312848,0.031591737545565005
dd9b5c4a-19cb-4af3-b0e8-f1ce12c5b8fe,5f582002dff3f038d1eb83c4,0.018450344057262577,0.03128602459462448,0.00902025046717576,0.0239033461957262,0.5061919301929896,0.1559940200095487,0.044210407914239,0.21094367565937613,1.3164790169355376,0.7114045045992572,139.72825846604877,0.8423831070889894
ddbd8c9d-1dc5-45ae-b8e4-7a5d1e266748,5d1e5e30a043ee0019453932,0.16390279111652656,0.007749320535160321,0.03441614464240559,0.06632283906808853,0.056448711915158004,0.40912712038181426,0.0803374406178149,0.18169563233219166,2.0152189509234546,0.7435153018090882,153.73338666166427,0.3673133837553436
ddbd8c9d-1dc5-45ae-b8e4-7a5d1e266748,5f6c7fd05c4f380266f5b78a,0.03266896389132476,0.013575783070026593,0.012451117744835287,0.03609842552089482,0.2678643635973729,0.48418226432220746,0.05394393870605498,0.09921514309464476,1.7772544376127926,0.8249676557744089,219.3226080758069,0.1267980820458178
ddcc41a1-c429-4c98-b281-4b89f27bca88,558a327cfdf99b2d75651681,0.2469788281670428,0.01901917324733404,0.16192165394725164,0.05300404579332142,0.15686486987690323,0.24660912025871373,0.05752939580846825,0.05807291273430408,1.4555358549049597,0.7376956508331377,116.74254359055426,0.05732484076433121
ddcc41a1-c429-4c98-b281-4b89f27bca88,57d6dd8d6598aa000199188b,0.07796255748817232,0.008295030844147348,0.013029989900677335,0.2270485683970772,0.15165331706470622,0.23480782226034982,0.15047736985989155,0.13672534516727666,1.4798886133907003,0.8198660542324226,202.0391585864694,0.04160246533127889
ddfa817a-e6cd-49e4-8861-f079c3ab26ac,5f46d30b7190200a2cb1905c,0.015330780566589163,0.024969963385325967,0.014641124940375908,0.0662938238168544,0.38154477265164266,0.1536687315136305,0.03796649001524894,0.3055843129221651,2.5300414899154653,0.7760913911786572,211.65113340710107,0.8536585365853658
ddfa817a-e6cd-49e4-8861-f079c3ab26ac,5f4efbf90b8cc113d26921a4,0.008251750022066533,0.042909081936401215,0.011204598308764949,0.0771086015325647,0.3693629061738925,0.11494377468528727,0.2758453329794983,0.10037395400830802,2.513677529939082,0.7632631366352949,159.52603159504733,0.6373507057546145
de1cb6f3-2285-4cd6-bb5c-81923d0c7f6b,5ebea06f9d56a105c10f6315,0.02238505729125677,0.012665937976040398,0.002424557243332581,0.03145709718967656,0.5873957233641157,0.16664667507508474,0.02431200414779179,0.15271294699976842,1.1900860365248944,0.7570876790783806,143.9998656353594,0.11823204419889503
de1cb6f3-2285-4cd6-bb5c-81923d0c7f6b,5f4d92a4584ab6064be44ce5,0.014069587185479456,0.018848700789596506,0.013847206132949225,0.026674131697551517,0.6045459780858634,0.14949381786351548,0.026315622244025165,0.14620495651733387,2.189637749544817,0.8571986010335028,244.74972548022407,0.9003378378378378
de2c068a-4371-461b-8db2-c13a5e9acae7,5d3bfd65aca82300157c95c2,0.16383189795456618,0.017227428378952303,0.07178027514716512,0.12884558701581436,0.12458086198132558,0.19204895079411302,0.15205115712821074,0.1496338424216772,3.2526993853064603,0.7041028360651612,147.70257167875138,0.40687160940325495
de2c068a-4371-461b-8db2-c13a5e9acae7,5f84e179b04d981b82eec08f,0.07797510669209161,0.05414259327522217,0.18374996258929063,0.004014912692180964,0.17744339837059311,0.4187209646091813,0.05553632801046177,0.0284167345021405,2.8503794222477037,0.7564955745179265,200.93720081343892,0.9906687402799378
de3f6964-96f8-42ac-b840-b458f741a17c,5a7e017f527fd000014685d2,0.03975630906842862,0.012906070325009138,0.0046750792184325745,0.05593093519024834,0.09191765835143861,0.2842392444896006,0.14380893528666286,0.36676576735029887,2.5743838418452234,0.707146415661622,130.77703916040397,0.003681885125184094
de3f6964-96f8-42ac-b840-b458f741a17c,5ed9df4296035b58dce21946,0.033758408269952134,0.00883931568250365,0.014816823154712451,0.04691011963498419,0.46783958190633784,0.25775022951277304,0.06216144384327559,0.10792407860511949,1.3010905266387205,0.8642701427353281,241.4545034569898,0.5439252336448598
de49a5cd-4391-4bbb-a17b-b7ae4f3f1c54,5eb4c6510ef386339dde2a35,0.029593842773342642,0.05966157540860911,0.02692952235147245,0.012420203505770257,0.35113331834294204,0.21582804400849195,0.14984618917080786,0.15458730346237137,2.732176019946152,0.7431556918211301,203.47070159154418,0.7262723521320495
de49a5cd-4391-4bbb-a17b-b7ae4f3f1c54,5f08891e392f740a659bbc7d,0.07907737243173842,0.024834299717115895,0.0443551332952119,0.04112485194054404,0.23196800892079975,0.2514925568378203,0.2853232631769125,0.0418245125986387,7.917890948607826,0.6278440198651494,222.57528118163503,0.3850129198966408
de6a2b96-3e92-42b5-b797-508e5e1f59d0,5c159f7745de2c000133c3f2,0.010250754716628549,0.004457204298760641,0.009445253196462566,0.16236018583479467,0.24718946252945814,0.03655337961690361,0.4979267351577434,0.031817024625925984,2.2179833778227005,0.6992224803127971,135.31608776040824,0.1551094890510949
de6a2b96-3e92-42b5-b797-508e5e1f59d0,5e8ab4b84d3d6775b807e9ba,0.016737400387066587,0.04653310769633578,0.006735118875170645,0.03146768645317515,0.3236569211735553,0.20426383219946112,0.2976109154850334,0.0729950168026276,2.646426285642884,0.8256714349466237,212.82366857435264,0.5576109936575053
de94539b-74a2-4bf5-bb61-f08c723d460e,5c0017c8f4fb890001d68650,0.184079607816281,0.03507148172245512,0.07578682885445906,0.01060513221005198,0.14209967869847034,0.25765367349225776,0.2864350241898375,0.008268572205236429,1.5631269794396074,0.8036548075255945,174.48626577432432,0.34516523867809057
de94539b-74a2-4bf5-bb61-f08c723d460e,5e9c97d06897c703fb05e12c,0.1345960697297804,0.00750453468276395,0.0229532491527244,0.06784883582463382,0.3640280737868238,0.27172026532244054,0.0974804007405394,0.0338685716228502,1.7507957104463558,0.7931004903994904,220.06084871513835,0.06014540647719762
dea8799a-4d4c-432a-8694-0a92029d90b9,5eb1e9b96c1f4713ed5d0a1e,0.07919833565577743,0.03637055809550167,0.03132362526861224,0.06335175681953908,0.43035881362773687,0.14512378155363795,0.12887453820320227,0.08539859006418095,2.099788322638039,0.7927043210755249,209.0277572551807,0.5363984674329502
dea8799a-4d4c-432a-8694-0a92029d90b9,5f65597823696e0e9bd8f63a,0.024767129730912666,0.04063319514032799,0.012115686556816453,0.016815572280030396,0.3943477275366626,0.14343746977746308,0.14748282003243843,0.22040039945867235,1.8271395782238031,0.7744034537918414,212.76598551045356,0.7559681697612732
deb20645-0818-4d86-ae9b-267463c14a9b,5eaf77532b6845665ddefd09,0.07849504267340669,0.030177378921542403,0.025097440969091098,0.02064809670714727,0.36760816622484904,0.32081007505674736,0.06964895943080747,0.08751483848327003,2.3383407389451345,0.4113758366194743,132.246083374355,0.6298283261802575
deb20645-0818-4d86-ae9b-267463c14a9b,5eaf89868dc798686228174b,0.06361232606727855,0.01454150012450821,0.022981575364641387,0.04971605802749537,0.6563868799289879,0.08923164825354264,0.05121232296785426,0.05231768926356924,1.4936162383045037,0.7844494945310838,190.31966052107117,0.9375
debcfb81-d883-4fb5-8c4c-cc98468c96db,5e0795cbf9bc33000a747571,0.06545655056834215,0.0039982128655537,0.006292634876444899,0.09021942690014835,0.13998690620064735,0.30302109569311136,0.11083769239485261,0.280187463387847,1.4627964215103841,0.7757029382647966,170.16809069175935,0.75
debcfb81-d883-4fb5-8c4c-cc98468c96db,5f053720c017078437e04818,0.032830544977913635,0.006222034177763038,0.012260209096795042,0.18617841265325766,0.3379140408622979,0.12335579083625613,0.22871101022566784,0.07252795361190201,2.43583982828204,0.7473540219894494,173.33484175578488,0.005249343832020997
dec08b86-5c61-42f2-8523-69e9908305e4,5ceff90683416100197cde83,0.03930340832360598,0.040730570637585416,0.015403731625254873,0.007495365130193485,0.32016776402053765,0.48627071861021587,0.039321952675019416,0.05130649022352123,2.225853002527942,0.8940596574087321,263.45929056611016,0.6263959390862944
dec08b86-5c61-42f2-8523-69e9908305e4,5dea76e109c1071948aed0ff,0.017537386024276885,0.009073776611078168,0.004790983882249038,0.13241650714195388,0.10998655687035844,0.257557948180776,0.07169028557552694,0.3969465551231682,2.2122820719711793,0.7076262778817789,137.77035076769022,0.07301173402868318
dee6cc80-0663-4306-9d62-6d06e4c1ed92,5e8ca66ce6592d0350103956,0.030481253142122033,0.0008826470106311314,0.003120548904314492,0.18014293835668624,0.007566383304045795,0.3383436390431121,0.10376421415784666,0.33569837742346514,2.0396764807226404,0.653478862243325,127.51812609656155,0.6013437849944009
dee6cc80-0663-4306-9d62-6d06e4c1ed92,5f0293ca91b83b4294d6685c,0.02587459611131576,0.013634398572047167,0.007634521893495667,0.03198300592099781,0.3700247359680247,0.32725947292950297,0.03626786350373468,0.18732140571984107,1.85042387059136,0.7811686267629532,185.58677846382525,0.738898756660746
deea9e23-92e1-4d88-b230-dd94ba04b8f0,5d4c7aa8f05d320001760340,0.04132883642782109,0.04074915953787357,0.06789985605646671,0.050799932528321275,0.2862633164338674,0.2738948011149221,0.11384150889022694,0.12522258868356728,2.5467761053432802,0.8058609797954988,212.63993632915557,0.25534079348931843
deea9e23-92e1-4d88-b230-dd94ba04b8f0,5e0b780bd62abe3a4eba3cfc,0.11576064395013262,0.011455730024560146,0.016306981433795838,0.02359818015033856,0.4601275269798048,0.3048933428545211,0.05459944007343635,0.013258153471893092,2.8670746080406206,0.7855655073212761,218.58874836667866,0.2789473684210526
def3abdb-eb20-473a-8d39-592b99d4bda6,5ec2feeb47c4471339d3b2ce,0.10249510134990304,0.011179218037176222,0.0405638877995643,0.08650074995365342,0.10194268029669033,0.24692531221677427,0.12844935528126936,0.2819436951765724,1.9428713081136446,0.8214473102839204,216.1686306294924,0.10191570881226053
def3abdb-eb20-473a-8d39-592b99d4bda6,5efe33b14177723069d82cfd,0.04249483361839856,0.010116265270911223,0.034362127267701575,0.04729811084803256,0.1631707512542702,0.23314934568733697,0.08893361945421543,0.3804749469110632,2.0595015854584027,0.8158258124694482,225.83779520039622,0.2795580110497238
df32d26a-b6eb-4975-aaf5-8907e1036367,5dd05e209c84d814d77d726c,0.13976903466255458,0.022589086519111234,0.08462174490416051,0.10266769014540872,0.09425340831358152,0.1221359501548612,0.14671575578840404,0.287247329270901,2.321757898305703,0.7998059046332705,276.336132009868,0.00473186119873817
df32d26a-b6eb-4975-aaf5-8907e1036367,5e470b9563f714033f4b7a7f,0.08495565784116656,0.09412559325277059,0.10343487676796524,0.005858098518514221,0.44689697241582105,0.1537888391086363,0.09800386127186972,0.012936102142969185,2.037214381679362,0.7837220204608089,220.3956088060131,0.6987740805604203
df55d2f6-91f0-480e-89a3-36b2a64b626e,5c12f106c4b80e000192c472,0.09359594883699021,0.00560888374123993,0.036233393041244226,0.21834809072086184,0.09118476358431879,0.20260493606621927,0.11981250662187021,0.23261147790660966,1.8727031121742077,0.8103844477866445,210.8696232950568,0.35726118166758697
df55d2f6-91f0-480e-89a3-36b2a64b626e,5ece6a57886a6c22341b1ead,0.035974701096990636,0.02636805825097954,0.023182280130732345,0.01575243608358844,0.2979816908744021,0.2662019183574076,0.2498894353495092,0.08464948037829782,3.3021838407325705,0.8636060957537681,247.87404435958777,0.9868995633187773
dfe237de-d73e-479d-92a1-6c0e40c9b731,5cc344f6a187880001370d77,0.024966303436375615,0.058269141183391264,0.009462575773086864,0.04000839056471198,0.5269309195736515,0.18106113072168886,0.09946191956375186,0.05983962016153552,3.0983723963877288,0.7893055928260728,196.41810966212924,0.24040066777963273
dfe237de-d73e-479d-92a1-6c0e40c9b731,5eaa287bfb0fca19f4306de9,0.04152585586977756,0.01567622951513605,0.008148998769024479,0.1518522094304218,0.44180383218845193,0.16449966029249993,0.04515530379633752,0.13133791000020945,2.525364784369305,0.816952215358374,230.9974870725344,0.2927927927927928
e009102e-4f2e-41cc-b9b5-c39dd3f19c09,5dd5db1ded7ea4574c7bc996,0.08902643677610746,0.04597717197359975,0.15103374216643814,0.006867400492746043,0.4903807366528015,0.13613982906675545,0.07099488807510375,0.00957979625614094,2.0387125413380236,0.6965822009865218,136.78525764152803,0.7718491260349586
e009102e-4f2e-41cc-b9b5-c39dd3f19c09,5f95dba27ac0f247b0177e9d,0.02586945969750923,0.050837345675309904,0.02331699893140411,0.025088251579460232,0.43020637482052326,0.2588461586103967,0.08843302614862932,0.09740238500274334,2.406901729856937,0.8004234051661567,206.24210751847784,0.5947176684881603
e03065c4-63bc-4965-aa74-4151c84ff89e,5cb3ca4e66fddc001481db61,0.07855190682381874,0.028289798978383088,0.019466619814039233,0.027583113891838887,0.43802010512067824,0.24231212365591207,0.04397098908982982,0.1218053426694557,2.0242846789748956,0.8429065811902382,235.27052608474315,0.3119533527696793
e03065c4-63bc-4965-aa74-4151c84ff89e,5e948899616f297dd873cb1d,0.043858320754848815,0.029873806708196615,0.0114564774368473,0.07097441317426928,0.14474843015793895,0.3754872450860772,0.17940428232092342,0.14419702346595634,1.3203259430552747,0.666563640831516,127.42199344836082,0.06763787721123829
e05d18de-3789-4acf-bb5b-68453bc2bb5c,5df0524c1217a00b60a0328d,0.010579694990352244,0.036469760790836254,0.0053337962140540054,0.011485942646475452,0.604489913632449,0.24188633031886814,0.03680802910680594,0.05294653264238211,2.4093105295501895,0.7977847554334381,215.8777481010502,0.043559427504667084
e05d18de-3789-4acf-bb5b-68453bc2bb5c,5e7d54301b20a23de6e1fb74,0.01373322406330369,0.03604745089718891,0.032321741408815365,0.05244397568050245,0.4799554913639211,0.14264268619850295,0.12638194977945688,0.11647348281796571,2.365922075332736,0.8382334887450915,232.80671933427132,0.5365853658536586
e09163c8-f620-43d0-b93e-dd3da3d5127f,55c4ea6dfdf99b4adb996618,0.2596928130753346,0.029395964742583533,0.04311390107997215,0.07279261399073017,0.20542532693981297,0.18265298046192552,0.05049787442139384,0.15642852728118348,7.1205309089047315,0.7464285852835312,270.91614326872616,0.5408163265306123
e09163c8-f620-43d0-b93e-dd3da3d5127f,5ea081a83dec4804d565f7fb,0.016383404157486122,0.07642350002748878,0.017456299810402573,0.010201893887713805,0.41650644790146474,0.2868279351540733,0.022773997106311575,0.15342652192085743,2.073079828787358,0.7195933871717473,165.99636153956334,0.993006993006993
e09c3331-734e-4205-ab98-5f71cf3fce3e,5de1ef4ecb1b08240f97671a,0.025181606934935884,0.03413598180249151,0.0117999577240773,0.012950499978303264,0.3498894131841789,0.32519779151260675,0.20376384160320343,0.037080906159259366,3.1261993687915823,0.7417646401909727,155.49825752187328,0.5482954545454546
e09c3331-734e-4205-ab98-5f71cf3fce3e,5e67f0321e4f0a0a657c1d08,0.1239860435269598,0.05636990500106375,0.07448346963265096,0.01231832451974153,0.3656774384831026,0.28912926515526416,0.05298494894827603,0.025050604470577626,1.9676974826945146,0.7763252308026989,185.41078899282087,0.2732012513034411
e0aedb36-11c5-4fb7-a366-cc077f9cc7e4,5b23d0784fb0d40001e95407,0.019419252679550587,0.02181985101627566,0.022526988591507834,0.02633642869249895,0.41481342158259527,0.26883050750462467,0.018360291954667533,0.2078932588419019,2.291124672010872,0.8170706918825632,255.39166980250323,0.8256549232158988
e0aedb36-11c5-4fb7-a366-cc077f9cc7e4,5de80e0b521f95791f912e49,0.04020339042889956,0.01101679018614565,0.018135279220198995,0.032746694518440624,0.5366186929534724,0.18595734458493438,0.04385915204908352,0.13146265593164347,2.176750103172381,0.8168890850019442,226.2797650666011,0.925207756232687
e0de7827-7011-4f5a-be33-24e1827b4d2b,5f113ec4c304894ad573296c,0.04604678297670639,0.01197008723013444,0.01722544682109561,0.16834104907623562,0.19871419055763764,0.1680469917363476,0.11570780932055023,0.2739476427568664,2.136004823798329,0.8653986965464158,229.6568414050657,0.012519561815336464
e0de7827-7011-4f5a-be33-24e1827b4d2b,5f375d51fae4971ed086f809,0.0912438234271681,0.023876121287654654,0.0861387716849622,0.03357993318770326,0.3485052088346461,0.2697926305485208,0.05568106192055552,0.091182448956251,2.376164114698566,0.8093689605112622,220.38999726363875,0.7897727272727273
e0f6919b-8da9-48e2-85a9-3470a8da03a9,5d79375d794d900017671c07,0.036441001408558986,0.026133394463310353,0.18793743948850145,0.007783247216191836,0.5615249633615552,0.0839477562744722,0.06331954759806141,0.03291264995643348,2.295587112066683,0.7839699448308932,218.3515335448802,0.8811096433289299
e0f6919b-8da9-48e2-85a9-3470a8da03a9,5f4f880fe0a90c049c47adca,0.027010353721565836,0.0524357021570246,0.01969959189437838,0.004118593628382664,0.6627265243277832,0.11495063225195186,0.09284040298385515,0.026218198577334116,3.506238305730891,0.7569419538539008,194.26171373946158,0.4741248097412481
e0fef00d-2ae2-4c21-8205-8753fc580ec1,5d10eaf23afd390019075267,0.11335764761679067,0.030930307769968832,0.07809824081233449,0.029912197731311884,0.3372455346749144,0.26915240108333394,0.03449452629101652,0.1068091442616765,2.116795396218466,0.7974905152290748,208.3147829675223,0.723986856516977
e0fef00d-2ae2-4c21-8205-8753fc580ec1,5f5d699b1b86c05bcf242f45,0.02969234351841363,0.011634082917707119,0.008672935831659874,0.12611381878093428,0.15086340637546314,0.42779165165361216,0.11868505165462281,0.12654670909333265,1.41263560478732,0.7713734544584104,167.5893817737894,0.04813559322033898
e12fed95-8f11-4255-b8c7-f5c0346b8e59,5d961edc1b7e120012c4ca34,0.22814763068009525,0.014557459258913288,0.026385922680377455,0.14815855557290075,0.2320097654021691,0.19228166220602919,0.050825866625878534,0.10763313897409281,2.1846804628208605,0.7612817583122998,186.8902125484285,0.1184573002754821
e12fed95-8f11-4255-b8c7-f5c0346b8e59,5f113ec4c304894ad573296c,0.04230572918695035,0.010601323258102301,0.018753835357626415,0.16035280629649773,0.26359630040802134,0.12565507558082417,0.13915890319225235,0.2395760262279867,2.683100040138121,0.8708926560968999,242.94324709861976,0.0026058631921824105
e14e94f7-2550-4f38-b9ba-ebe4958e0512,5a59452c76d1c60001ab20aa,0.11260655784601827,0.03360473192221713,0.10672035724095387,0.03552873190332354,0.18000821146282464,0.33989775529568855,0.06559869817375241,0.1260349563434502,2.756403257032323,0.7767256345322066,187.13571560857133,0.49672727272727274
e14e94f7-2550-4f38-b9ba-ebe4958e0512,5f4c9e74da9c148b0d42ecbd,0.08557964964595927,0.03219690484207589,0.020161970540504375,0.005452396719152654,0.1469038723048348,0.5638121750881003,0.11002122039011801,0.0358718113941089,2.674095348180593,0.7234906907197035,133.66087121556544,0.23245984784446322
e16062ab-1123-4127-8711-48bed3469446,5d4c7ac3e8ec490018b0050d,0.07219282979889306,0.018174842088314505,0.050923561316747724,0.034879670813160187,0.20054855147695777,0.07309233755641513,0.4962814604255155,0.05390674628851768,2.723820294098662,0.8016629858555843,211.725990255485,0.37940630797773656
e16062ab-1123-4127-8711-48bed3469446,5f4828b6dbc4a22da4be4d72,0.12448929718979343,0.003208124128362295,0.003430349945333563,0.020507503476811594,0.009758271737507346,0.5088314292253696,0.30140348561946734,0.02837153920794598,1.7137433852178217,0.6674234114178004,134.1528807995576,0.0045871559633027525
e1c0b893-4287-48cb-9a81-29e2a5361f61,5ef0b9fefb4e033ed8364c10,0.0057329133855491595,0.10049625884605969,0.006855033917431455,0.0019488407068460087,0.7634788355299246,0.07461819694410075,0.014618364670062816,0.032251555279797416,2.8573753288317048,0.8056820002519218,235.43971432555662,0.021189894050529748
e1c0b893-4287-48cb-9a81-29e2a5361f61,5f053720c017078437e04818,0.06438925666868141,0.029190228856937755,0.043586377996537674,0.015594850963209459,0.4446472897185146,0.20665681082299409,0.12084120813574922,0.075093976649334,3.031109264889658,0.7484320562428878,162.8892810460039,0.2774146695715323
e1d3620e-4ab5-4f29-9d10-fb9ae7c19c7e,5e9791114b57800e79af5a2d,0.010829045635960594,0.0466240618840574,0.021629382558838235,0.02402290152647588,0.5103910918660528,0.13701080482091976,0.06183506594880915,0.18765764505757393,1.7504400785937124,0.8415102827085914,205.4893767408783,0.8335866261398176
e1d3620e-4ab5-4f29-9d10-fb9ae7c19c7e,5eab768005687314cb9fe515,0.02483566411813468,0.024167979113372196,0.01933025838301299,0.031656481886813935,0.42022604194525603,0.2499652104602401,0.14223996722758975,0.08757839762203179,4.306033836950856,0.7490756387220252,242.41825843753608,0.2777260018639329
e21cd225-688b-4296-adec-11abc5c25495,5bdc6d16d9bc4e0001134779,0.12948120909867028,0.06487971663540196,0.05525496709162181,0.013751128235221342,0.2422540676610101,0.19749592534667282,0.2796823411502128,0.01720064502042504,2.418054161696444,0.8083705999173734,218.93439508705464,0.2600216684723727
e21cd225-688b-4296-adec-11abc5c25495,5eef1e59872e07000ba6cb37,0.06358682160661795,0.08056821807135647,0.029459943011590616,0.004182937620876791,0.48156079317437334,0.25054433075394145,0.056554484391661504,0.03354247125244667,1.3128803076328235,0.6852344097985564,126.88317451040147,0.2702960840496657
e2238c08-0e10-4265-9f18-d3b387fa4056,5e2721b01160079464059b5c,0.04397494891893875,0.056652418867343665,0.06962569474596626,0.009955264932403613,0.37428795522917113,0.3478140403238058,0.04887908707914932,0.048810589811532,2.3505747924628864,0.798587674632643,230.67080794116382,0.9666395443449959
e2238c08-0e10-4265-9f18-d3b387fa4056,5ea1119c737ba611c77c0b77,0.013752425747873213,0.044056801087276054,0.015690565975041766,0.008222507133053674,0.7163342512949503,0.104997576080398,0.04669747488317364,0.05024839891042138,2.07456145540263,0.8361706295665218,220.5768942282109,0.9303525365434222
e22693b2-bae1-4ecd-a723-0250955cc945,5d545ca7f3419700170ad579,0.032493974708407404,0.028447136400272664,0.03435876203039676,0.042013069313555355,0.3221493616045685,0.27650673538887066,0.1598715077485814,0.10415945311774351,2.9388243359447683,0.7931111285667987,238.66816206359007,0.6325193567599762
e22693b2-bae1-4ecd-a723-0250955cc945,5e88cb47f23c8655935e7941,0.02712421153860954,0.07532756194844772,0.03817175525654972,0.01737411937330406,0.2940150670571999,0.2792262175683349,0.21377179467789317,0.05498927199987621,1.9101511627939198,0.7988378537051316,187.5268821770354,0.5171467764060357
e2625bba-6a92-41db-80d9-699b9d7329d1,5b97f8988ae8150001c7a887,0.4461948721256156,0.027947435826221445,0.04760273794064615,0.011480696173746916,0.028373206518569807,0.2352774369375099,0.18589344078357045,0.017230173607419002,2.396909755401095,0.6639690782571795,122.79120267209069,0.0332541567695962
e2625bba-6a92-41db-80d9-699b9d7329d1,5f71eef2e138fe08fba1d131,0.09870919297382943,0.00652267379313688,0.015270049128444069,0.084417730146866,0.06247170992686489,0.4827988498448216,0.16734758469010752,0.08246220249102662,2.0404155310740943,0.7669290282194042,163.13397276703455,0.09090909090909091
e27e9207-0ab9-4e6a-9aa7-d57ca52d683c,5aeb922a75deca0001624d23,0.07133884647835441,0.0466974866044771,0.01585372776839037,0.009328802530632821,0.6173282371951391,0.18577465335448917,0.03972628884493702,0.013951958412862297,1.8600578717826086,0.8107056077016531,239.85922247520878,0.48986486486486486
e27e9207-0ab9-4e6a-9aa7-d57ca52d683c,5d81746b784c7600198580ee,0.07808972383897136,0.012889591407529417,0.03472850203700372,0.049669812119016325,0.608742864050729,0.11850370588124892,0.06143179691790911,0.035944000819978214,2.301031438286963,0.6935002643979917,167.43826758703852,0.028225806451612902
e2a8df83-6b26-45f0-8d4a-174233968970,5e387b36caa8e1000da3f0f8,0.051278300085385156,0.00799039214022961,0.018543780387264074,0.05814575936135868,0.3193335443332413,0.3092651278274716,0.08239711017202392,0.15304598389894766,1.9717500169394688,0.7675050317669982,214.85322134914426,0.6374077112387203
e2a8df83-6b26-45f0-8d4a-174233968970,5f8e2a9201810e1f2b9f63a2,0.08415548436307566,0.015083226482998462,0.03470317332245749,0.0749918444622951,0.3475137769645981,0.24697335260552272,0.13361760240119192,0.0629615386798223,1.792230352021054,0.7983751241892157,214.63198369529613,0.0371900826446281
e2ef082b-02bd-4dd0-bd3d-6287665bcfc3,5e3f6b251d15101c5251d8b7,0.08415695080127084,0.011381229664145707,0.040003101258606864,0.06126421689448743,0.3001412727152642,0.22114156495068196,0.07024367258840676,0.2116679908275731,1.285305069753987,0.7972034002339916,144.96208084959719,0.05313092979127135
e2ef082b-02bd-4dd0-bd3d-6287665bcfc3,5f16fa8069dc2901cd1e0b05,0.12774294867167246,0.035208704478660174,0.026481699707417643,0.0392698143957247,0.2641283271118543,0.28166019599304776,0.125328455186872,0.10017985409185416,2.62143008703255,0.7640828671582472,159.69481202003962,0.34328358208955223
e3672109-1f5b-4b37-aef8-97b08fe6e632,5ceff90683416100197cde83,0.04404516586199621,0.04527121767548328,0.021476479273800118,0.004557704867815391,0.4620968102069076,0.36052235402275695,0.032045317374466906,0.02998495141524626,2.2855210348459423,0.8701633993541439,247.0631880855395,0.6083140877598152
e3672109-1f5b-4b37-aef8-97b08fe6e632,5d9d2e421af9ed0011c31894,0.044181605207099656,0.018335117190500697,0.009682244242569102,0.007681592028115131,0.590282365309358,0.24016761776693524,0.08372543469080179,0.00594402474457396,1.8838497295581997,0.8464547443527684,242.1876223284677,0.08003300330033003
e36bd984-7e40-4735-9722-2c00b61a5fee,5b66ce776f0d0400010d678d,0.012681217745059179,0.04205397892137478,0.009174526493374843,0.025184663909576067,0.6288259259955935,0.11331120123642485,0.09623188410819261,0.07253660188680108,2.468647087264174,0.769529788636408,188.31160960114414,0.587730870712401
e36bd984-7e40-4735-9722-2c00b61a5fee,5f0bd06834894f4fb33be017,0.05337181735748256,0.03702313175029731,0.01654243446195639,0.017181916495258624,0.5966911759544002,0.17979503059674132,0.05735957417010951,0.042034919321385575,2.716275463064069,0.8153691668202221,237.37298351868859,0.0650730411686587
e3717831-71e4-47c8-8069-e4efc1e0e8c4,5c6d460ec3aa150001145611,0.060114873904645816,0.030823123367739003,0.019612875345723098,0.029730876767810874,0.4206792424244782,0.24598546372750332,0.04338366252227795,0.1496698842522915,2.6096559208505,0.7353494356289613,189.79720264203667,0.5497630331753555
e3717831-71e4-47c8-8069-e4efc1e0e8c4,5e8727fb90c37002d97ca052,0.057514834936230774,0.024028891638890524,0.047975979507270956,0.08534974695743859,0.29724126996916844,0.16948807583372993,0.24799648348960043,0.07040471846560208,1.8883799817907478,0.8114537932618853,199.36097915306215,0.2335907335907336
e3a0559e-a441-433e-8d8d-a751b548e7e9,5f29dfe7512c2817f7957e1a,0.004222880494110043,0.12190025052615137,0.008750114378809232,0.00213358421895816,0.6844620515710768,0.0493867785055462,0.014207083653669898,0.11493725792004288,1.9180643942779867,0.7345216648935903,180.42790999329515,0.9801462904911181
e3a0559e-a441-433e-8d8d-a751b548e7e9,5f7794db1fcf8419cb697f2d,0.11057678603060937,0.027707636853492167,0.030102929733027372,0.010458716938466275,0.31656600054516476,0.32894905563514604,0.10993855938703702,0.06570031477922056,2.528873475287718,0.7617192287274318,154.18853103885476,0.5652173913043478
e3d51608-a157-4a40-bdc2-ebe228d34597,5aea9a59852ddf0001ced15e,0.18208523798443202,0.03391636889776479,0.017866626445425252,0.03519879243106107,0.21372042040610081,0.3738992303906208,0.10907524040309119,0.03423808258970511,1.5561184704038513,0.7489206693513534,128.44064801302463,0.04851752021563342
e3d51608-a157-4a40-bdc2-ebe228d34597,5eac240458076b2299539277,0.11138135785696174,0.020619201808324338,0.060267756890900255,0.1411285630804718,0.27098518594098703,0.2301853334953796,0.11356520552225027,0.05186739484385391,1.4652847839654441,0.7502635107610095,138.82148630064384,0.0
e3f0d38b-da8c-4727-b383-d48576385585,5df15bc3361a8506b94f79ed,0.02335047822653832,0.023802970806329597,0.0341302804134728,0.017631923289249424,0.3441855060879094,0.3761890555972763,0.05830206526533527,0.1224077196898048,1.7403975258974094,0.7523036667562567,130.4060095429961,0.37145390070921985
e3f0d38b-da8c-4727-b383-d48576385585,5eab81a183d00517ecc69645,0.017832689938682138,0.019524292751860746,0.004870949273264922,0.034550656914934925,0.2567229294950753,0.30941109890607654,0.05511548072886656,0.30197190250039707,1.6416529274116454,0.8213632400408025,205.53110388739785,0.29448818897637796
e42f6986-08cd-4ec2-9529-ddb47bdb674b,5615777c7ffc8a000a811c61,0.24653899664555928,0.004772482329247405,0.014645434742041375,0.051550723532863496,0.0817920756523627,0.2847056618722926,0.2965716467761631,0.019422979113373175,1.631462578469488,0.733529476921438,159.87686802672826,0.0028129395218002813
e42f6986-08cd-4ec2-9529-ddb47bdb674b,5f0e08d6cee7a90b940fb9ab,0.05811605238356775,0.03062783475724813,0.0818048069498806,0.017247728487906584,0.47423998500923037,0.1959717380006603,0.11147287673101448,0.030518977463797427,1.8982758885994784,0.7000632341674725,130.55656824986778,0.7126903553299493
e46f4f37-d5e6-49d2-a794-20460963932f,5c54bf7d77f9e700015ef638,0.04781420972837596,0.030904666157977257,0.047280310764565736,0.09052716973005509,0.40013991420250616,0.09913473860796085,0.10031075700331406,0.1838882340051872,2.029661646919008,0.7695531852140889,196.02916723526928,0.44513001322168355
e46f4f37-d5e6-49d2-a794-20460963932f,5ec2feeb47c4471339d3b2ce,0.16772965385206112,0.013627360181483318,0.016600861621942645,0.010130591492788858,0.0816401865707466,0.5597738218219604,0.11183943872594851,0.03865808517917582,1.880602246353635,0.8302785080331433,199.74578656840706,0.4597902097902098
e490619a-c43d-442b-b9ec-05cfa8627e23,5eebff91bd2957196e75d9c7,0.07463981659364503,0.005186464666224281,0.030855742459189844,0.021803949367167733,0.04282183478712148,0.6559167168881609,0.13706696501950535,0.03170850925367262,1.808913752963149,0.6596333201836768,121.59076542958584,0.643298969072165
e490619a-c43d-442b-b9ec-05cfa8627e23,5f1269b2bf131c1c3ad768b9,0.021026727847382725,0.0065400222070489435,0.0052549947339491435,0.005214737603797137,0.4423771635756235,0.4796469678805972,0.029994375926131963,0.009944999704131218,1.6808892637231947,0.8501594818588664,191.30268176582607,0.0
e5501c94-8b1d-4a14-b2ad-d21cb173b87d,5f6a9691737c9117d1ed1152,0.1982950223288707,0.02589821332822241,0.08444544921166801,0.0470131801717778,0.17401957120260086,0.16493142467110863,0.1885298372933916,0.11686730221122432,1.6322235955552207,0.712851459642407,146.05518659398442,0.4184641932700604
e5501c94-8b1d-4a14-b2ad-d21cb173b87d,5f7357ed17b7c1054311b85b,0.027066344258193528,0.007461622636193406,0.00925480358618377,0.06851013907887392,0.10068383830648486,0.4340708011015918,0.15527214006507342,0.1976803121631231,2.1726269631110053,0.6655325703048939,137.35639255913824,0.03896103896103896
e553ac35-19c2-49bd-9e0a-899f342ad824,5c114210280a8200019d7b1d,0.026065260599283383,0.014878818429989848,0.008357136682948225,0.03673076524967274,0.5647647102918837,0.1872457045783042,0.06363537931242327,0.09832222465555943,1.832194900248395,0.8278280981171804,202.76201545369776,0.059931506849315065
e553ac35-19c2-49bd-9e0a-899f342ad824,5eb35e715308a1157ae3b853,0.09362203681990873,0.016582259082711708,0.01403193443722284,0.012217799070022095,0.16916041748948177,0.6180616089123113,0.03693662604139507,0.039387317806132006,1.6449406179275674,0.6746644062331476,113.43657024831653,0.021299254526091587
e5550eb7-ae53-4705-9764-d7a450572fcb,5d510396f6725b001a4fc025,0.21625392939101049,0.03097955663440383,0.08324291782315339,0.03645756303753775,0.15572042042033873,0.28547742979972995,0.11352535295380949,0.07834283064237896,3.0713060347609797,0.8219812184135252,235.66022182567153,0.0948905109489051
e5550eb7-ae53-4705-9764-d7a450572fcb,5e1545d9b1fb05b6369d13e8,0.007983646303783192,0.008330555545837663,0.0077200020699239955,0.14755341359135019,0.1932197434020732,0.12413523282809996,0.050163673043275105,0.4608937328932844,1.6671618003225193,0.8233105166882684,197.92707459333795,0.292910447761194
e55c5691-3c46-4090-a4f2-1444f7ee698c,5a198755f2e3460001edc5c9,0.046677532676060465,0.019382655285685103,0.018319027254892206,0.044345872750791965,0.2986982102487749,0.3891389794924057,0.14941972442264398,0.03401799779199206,2.533969002153761,0.8297142773074834,211.93521428878836,0.0
e55c5691-3c46-4090-a4f2-1444f7ee698c,5ec2feeb47c4471339d3b2ce,0.14050131068328936,0.012877018869369124,0.029378719537203935,0.04614328075490387,0.13784662793296842,0.3487914833851843,0.1848989357116187,0.09956262415495301,1.6565694692942725,0.8250050312536739,205.91003684146224,0.015037593984962405
e5e34d88-8e4c-49ce-b463-ef1932d89597,5c5ce95a92e37d00012f2d94,0.028553669306083634,0.011724081585169062,0.036893840585543826,0.06363391339193213,0.5089065043618932,0.07949186835857898,0.18134824498412658,0.08944787718720754,2.248799406150693,0.8224272234355536,220.67698015072494,0.7380352644836272
e5e34d88-8e4c-49ce-b463-ef1932d89597,5f5ce7f940a2614f6cb6e747,0.05167016596559379,0.044103465709604654,0.023534772051869355,0.07181713486781999,0.3054901688699491,0.27193023703588654,0.08050185741354406,0.1509521984194578,1.7771410675584631,0.8055131411156652,232.02029616092253,0.6950294860994103
e5f02b46-8e88-425d-b1a9-9e21c4536fe1,597b858909bdcf000153ff58,0.11491427335944403,0.017620406128712598,0.042192976148833924,0.026562271334196728,0.3297352366870786,0.32603861292577646,0.11399019287467899,0.028946030731816445,1.024308948551584,0.7830480957337476,163.60769162409173,0.046191247974068074
e5f02b46-8e88-425d-b1a9-9e21c4536fe1,5d0eb8f40c09d600174dca28,0.2165730974981367,0.005622843256060097,0.019864808430308228,0.03925645736344446,0.307761523250277,0.3265222535492891,0.06281833089754699,0.02158067716288007,2.897761518882431,0.8050971259576787,245.4058256908003,0.0
e5f7a4a4-cd5b-4734-8922-98b5edc7deee,5f6be2474140c215c8ebbe52,0.06139875188465576,0.034019544143341615,0.0710757599816746,0.023907659455280606,0.44859383986465645,0.16361944444154808,0.06305650832563378,0.13432849175092026,2.2438236066105866,0.7845247488757492,207.0255305725131,0.8366606170598911
e5f7a4a4-cd5b-4734-8922-98b5edc7deee,5f9d9521d0edb72c4a201709,0.11615700771521494,0.043646375936262284,0.02134216111093682,0.04979966313445052,0.218682976678407,0.4024556349339891,0.0814062747553132,0.06650990573521381,2.796204504833353,0.8541691293334895,253.20655412659931,0.045936395759717315
e674360e-41f4-4a3e-9fc9-2f083144523c,58ac890076c5b70001662993,0.1958484179096815,0.01734747058002801,0.021136001461213014,0.04227138128298228,0.20529355794012755,0.3845405529195559,0.09115249388870995,0.04241012469017581,2.2149388140276103,0.7015887231996794,144.82609516924117,0.07154882154882154
e674360e-41f4-4a3e-9fc9-2f083144523c,5f8bbce9ee73572fb4ee63fd,0.2495705725385318,0.005233240491666679,0.03900010381270718,0.22573688488600355,0.11485045523204028,0.1360261570768938,0.10332424655184837,0.12625833901665146,2.4088762986310908,0.7757671462559715,208.84631984179813,0.14123006833712984
e690dd3f-9308-41df-aa46-7979ddd87caf,5df88caf783225616ad3defe,0.026113160909018062,0.014824619366606725,0.010150929906638625,0.014268525409648217,0.5341305014712215,0.28843454918673667,0.0580239362719597,0.05405377831511215,1.5531057351702442,0.7135655255553371,145.69895292656892,0.36655592469545956
e690dd3f-9308-41df-aa46-7979ddd87caf,5eaa26c17c3cbc1ae4881baa,0.03555772181396601,0.032431314478712954,0.008703843270305078,0.017111183796331943,0.5235206275654752,0.21935515969637226,0.08483395751239245,0.07848619131911576,2.108109647460629,0.8306918258533612,173.42043437175258,0.49818558838776567
e696f6a9-e127-4c9b-a47d-541aa078e5e0,5c3ab5ad1ede2b000115d6aa,0.04302754948760984,0.03563423931855118,0.0140113677560456,0.03599107356150239,0.4100408523847919,0.16171391091406795,0.14322650028495934,0.1563545065297947,3.318057633052841,0.7463468403334554,187.5282720870852,0.7817427385892116
e696f6a9-e127-4c9b-a47d-541aa078e5e0,5ea96c3da01cad04cfea50b6,0.016628064876518352,0.013412651547097136,0.010592993820576725,0.07349763287684832,0.4408740222418892,0.17230248271506632,0.08439801852153281,0.18829413369679385,3.183475491847993,0.8153594374399269,267.59835489644223,0.44232698094282846
e69a9b9c-e450-420b-9d38-f805b46b8e46,5de9689935b10502ef568050,0.1988833801023301,0.030357249078616963,0.18386626986228757,0.02359046374782453,0.20304341656205427,0.24558156092228983,0.08628331932403038,0.028394341112104614,3.822584723336746,0.7840710533853678,211.780571178027,0.3049645390070922
e69a9b9c-e450-420b-9d38-f805b46b8e46,5e84765c7206730182a6f738,0.034074948817637715,0.03205953715457209,0.009163516222689108,0.04590676704200622,0.5375212337242484,0.20178254724433392,0.05603747872525095,0.08345397101683291,1.992493344212377,0.8015955466603969,210.3529978954649,0.006530612244897959
e6ff4cfd-d3e1-464f-964c-e610fea7015a,5cb62e9293342300017a72a1,0.007567675941221745,0.02026615812998394,0.0190524109838767,0.08546829920015818,0.32990447732376516,0.12836557452470249,0.2863532176882009,0.12302218823745635,2.2313025283537393,0.6835502914013909,135.57690607229222,0.1651376146788991
e6ff4cfd-d3e1-464f-964c-e610fea7015a,5ebaf9c3d131ca09d7a08a47,,,,,,,,,1.5221734624837526,0.8646236761079451,229.52269571026028,
e712c6f8-892d-4880-afef-c3b7b840cc17,5acba4a15cd10500016280ca,0.07902370352745644,0.013960571511591476,0.04794493875164264,0.012091474749272843,0.07084140318920365,0.46844645447037564,0.24980826018648208,0.05788319543850803,2.455862070394122,0.7100845287108742,149.26808541859546,0.0
e712c6f8-892d-4880-afef-c3b7b840cc17,5d54d3560c5b0400174b3c81,0.05446697566811696,0.028157543437599068,0.026120142077048623,0.12092095509006116,0.325966007155336,0.17673997600036948,0.06386817625219646,0.20376022475437452,1.64337587550538,0.8199643831127147,213.03641851502516,0.01303538175046555
e7247d72-9b95-4d9b-bb40-f60595457fe5,5f499b471c384e50e424e5a9,0.07241297420406201,0.007457368610996198,0.011486706325340355,0.15470903008336923,0.0475537834495008,0.3277544617889364,0.255795621532328,0.12283005457039169,3.5566721574880926,0.6301714768221988,162.83797613213494,0.044787077826725405
e7247d72-9b95-4d9b-bb40-f60595457fe5,5f4d953dc185c2a72d7d56ab,0.0834364945785834,0.022079342978699613,0.03615917001752949,0.047149775577774354,0.2780754271897186,0.34034149206861675,0.14056385022391021,0.05219444724852076,2.483369729922988,0.7387057326179859,164.86832407392308,0.17061611374407584
e74cebc3-d1cb-4c6b-b7c1-0846526fbed3,5eec1b5d66afb73e27bb8c96,0.045189084638545096,0.04896476576575206,0.013262392776205788,0.01322221215277276,0.41782137292376814,0.29668317053449506,0.1078599665889752,0.056997035934592793,1.953804351314849,0.8606718126600145,264.2241224266522,0.1713961407491487
e74cebc3-d1cb-4c6b-b7c1-0846526fbed3,5f1f02dff0628308ca27f3ba,0.06366965069356297,0.024197575387899562,0.030817624727077445,0.05330882173243182,0.469927789513042,0.16383870687492447,0.04381662722950671,0.15042320458035627,2.3098857576947003,0.7549066926793493,215.30477400173015,0.8051282051282052
e7937025-762a-4415-b401-a6299e917420,5c4ebc2361922600011642e6,0.03302512441769693,0.04986503063927248,0.012211653677144885,0.023074805575327807,0.2250840907341968,0.4143718986392931,0.09249438093154105,0.1498730146937091,1.7083272004281118,0.8753613463293032,258.9595892918589,0.0030303030303030303
e7937025-762a-4415-b401-a6299e917420,5d929c1d243c0c001a369955,0.035371461783802106,0.01886541614131698,0.029109238291022646,0.0024223826523238896,0.792614012661556,0.10363598503671906,0.007458069452008026,0.01052343390112367,3.077472945116841,0.7719597307862892,189.99869055252287,0.9211590296495957
e798ac91-746d-441f-9098-d28aee6066f1,5dae16d241fbb6001160ce72,0.08367781790391579,0.016842092731127557,0.01559132287217263,0.04338277020911702,0.41352628472883723,0.22982318346303438,0.030507870915080733,0.16664865469397827,1.4765755910924097,0.7922814374167414,162.82447130507694,0.05767524401064774
e798ac91-746d-441f-9098-d28aee6066f1,5ea492e3b1b3620a6fee3b90,0.029727972588150384,0.1166926031438014,0.024853184717276183,0.009932254157070875,0.4847447191766026,0.2532266589573641,0.04911006290703941,0.03171254448553298,2.693687652664955,0.8053633479785849,211.59009108493032,0.9605695509309967
e7b266e9-d36e-4e2e-b6f5-3adde88c8f27,5d0ef1db991536001911cbf0,0.018749342659455777,0.04484320849498423,0.004540633442860608,0.009464923219133461,0.3371299998700795,0.40770115336206697,0.15151353878773777,0.02605720056398373,2.225344835506469,0.8419092701169932,225.98585351915486,0.2031425364758698
e7b266e9-d36e-4e2e-b6f5-3adde88c8f27,5d96203d74f4a000159a8c58,0.1179277597863295,0.02140274568507751,0.06392953888593102,0.07334483259240193,0.062388087521490825,0.13742394476615827,0.4557082760703265,0.06787481477044115,2.7566992505633428,0.6884786882065315,139.9730396899927,0.6147719044170891
e82562f4-0dca-4356-83f4-11753a790e79,5cb929bfebd17d0017e7f848,0.014882545616511113,0.01073924125650792,0.019243974758761415,0.06423662423617356,0.07352115974202608,0.08866771670492264,0.6206501961492508,0.10805854110695762,2.633253580606315,0.6745571546955439,135.660401532147,0.05193905817174515
e82562f4-0dca-4356-83f4-11753a790e79,5f00cc127086ce2029ae6541,0.12807720938385325,0.008053522751109312,0.14944831086760282,0.12694952723570224,0.16653859909223262,0.12785963430621441,0.24078468218855079,0.052288514629986745,2.1362043880966235,0.8390236121295089,233.42723880265098,0.35174418604651164
e876a6a8-2208-444a-8ffc-7b144d4d451d,5e387b36caa8e1000da3f0f8,0.07494606895965071,0.008731208385178272,0.09161809860734148,0.3822595971121695,0.14031449248855107,0.0568206153898974,0.03697484691586734,0.20833507117163907,2.196298801310404,0.8042613622882477,246.214931858688,0.0
e876a6a8-2208-444a-8ffc-7b144d4d451d,5e820a4e26ed71918013d860,0.16862506790821452,0.007809552008233025,0.038144622645943274,0.08614118474453722,0.14485352751579883,0.25272691317355667,0.27816918666844465,0.023529944924965324,1.912158298393631,0.7513730013223459,165.18866201327944,0.5140845070422535
e8856a77-dc6b-4ddf-81c3-7f50cad6fbd6,5f2850a9d9a5f01279e1bd16,0.16247060729103302,0.008700770109741166,0.0411640624572855,0.07852270842784731,0.37098386192936866,0.18871608246229035,0.045163985821546085,0.10427792122887738,2.4059298297313814,0.8385851942579694,228.68769352051063,0.6927966101694916
e8856a77-dc6b-4ddf-81c3-7f50cad6fbd6,5f30841ff614014e92784605,0.032894308720511516,0.018710020460214572,0.022860316653358366,0.104975488564665,0.3001304343804734,0.19001386482325766,0.24081165295651766,0.08960391352561996,2.518196698058281,0.8211909393831364,217.05755217263462,0.7257742257742258
e8a4c738-23c0-48bb-91d8-6eaa07d075e8,5f48fc7ff922922cbcb9c25d,0.13893658353593158,0.04202986704452671,0.031000511234830618,0.014271990262640212,0.4684747257198342,0.1988866210155847,0.04307857017907496,0.06332113101398212,2.6819847278709514,0.7859214751152078,204.1991217992944,0.7962347729789591
e8a4c738-23c0-48bb-91d8-6eaa07d075e8,5f674f8b8dbc2b0416c59902,0.09973520268510794,0.015780715296328053,0.03179131823380628,0.13787713961024678,0.16463572199959672,0.2606998306228445,0.1663385911274808,0.12314148077548585,2.1466399175620006,0.6825982411890045,162.90608832777286,0.03935599284436494
e937313f-66b6-4473-91f0-ce4752207458,5eeb88f7507eb331b39e0d1a,0.0411744361041052,0.03421361865251051,0.01287620577799596,0.06629606801930371,0.3251297665513412,0.2818315946818592,0.07815138179123417,0.1603269284471226,2.6603971256853898,0.7592858956864089,220.68169066376382,0.33430799220272905
e937313f-66b6-4473-91f0-ce4752207458,5f11fc790127d60008657bfe,0.02087864775918542,0.04949796644462422,0.02463628064544458,0.029843135220184627,0.3768328225149728,0.20169895910522428,0.06909617107758195,0.22751601718904832,2.359605450510105,0.8261902882729534,263.1130716892741,0.23737373737373738
e9464b3b-e043-4e28-9186-18b70d7a3699,5ea74bccac99141164dfceeb,0.019313253192525987,0.06440481113197838,0.02099049782958594,0.01106876208568449,0.5938452164257075,0.14803521163971795,0.06409134705515313,0.07825090081630531,2.4333878419131594,0.7112808879003732,200.62599604398807,0.700709219858156
e9464b3b-e043-4e28-9186-18b70d7a3699,5f5fcf3aa5691f099d7ed990,0.10315493997461536,0.046730609216588094,0.017231157240173735,0.02947170476008914,0.2883246550875715,0.2668734077821794,0.17332326150623886,0.0748902637984062,2.1489026812248797,0.7613980758267751,142.90618043706547,0.7161904761904762
e980a9fc-0575-48b3-8fd5-4dec655ff479,5f31841d1f74f304ef5567f7,0.26826541060861864,0.022826481093922327,0.050224769430163595,0.0571097419305636,0.24494620490911848,0.27875977792618967,0.04872052351692327,0.029147090726491427,2.6713758546825845,0.6394877769504442,128.6989426812317,0.002569043031470777
e980a9fc-0575-48b3-8fd5-4dec655ff479,5f612984e5033f09587f0faf,0.03030266017178795,0.024690799630252253,0.013718068047648484,0.01717590276710031,0.33682941619057905,0.36119800327955737,0.07513754706475154,0.14094760319744298,1.6269151119425316,0.8619668425639596,261.83183128129065,0.7212336892052195
e9edb4f0-3d9e-4539-a9b0-f77bfff6c55f,5ea911550ffb2437c4241ec3,0.025017974547943668,0.004276404470899142,0.00846087725117539,0.13760618884871914,0.2259888293337546,0.19733911432027945,0.042410276093177414,0.35890033560533535,2.765462519089615,0.7713563154647001,170.18949195754826,0.012453300124533
e9edb4f0-3d9e-4539-a9b0-f77bfff6c55f,5ee6eb360d297347867f3e6d,0.049336498795511226,0.042298692534113724,0.03189047183452289,0.02886155676927531,0.31010023613112353,0.23860925492341406,0.22748801476735878,0.07141527398952024,2.597829651342269,0.8250977710205116,196.8294611468875,0.0
e9f32e0a-d881-4ba4-ab6e-2c68b6851ef3,5a68c01031b87a0001c752c3,0.018228681605052845,0.014691942981163256,0.002259409275938067,0.040400177766508,0.48491292002270914,0.2349217341358815,0.1204720838540338,0.0841130492087262,1.988126810483589,0.7883140693324616,197.9637945332923,0.2487644151565074
e9f32e0a-d881-4ba4-ab6e-2c68b6851ef3,5e2ef776425d8601c43079f2,0.033264884403252745,0.03639442365555274,0.11381061087419514,0.01594278576209781,0.4511793461432246,0.22737462172016576,0.08023398166714571,0.041799346076634526,2.458204261045101,0.8421644268726123,243.14148628266418,0.00663716814159292
ea02d362-3f68-4be0-868a-19705af2cced,5d45bcac090549001a67b6f0,0.5154307399137528,0.03327036978790892,0.049596514349392,0.0031106687873395113,0.15544489522565663,0.18131969414203544,0.060486369399652615,0.0013407482414924566,2.8276886794632285,0.7615600697684378,153.0318742606486,0.22580645161290322
ea02d362-3f68-4be0-868a-19705af2cced,5ee7903e80706a01ea855d36,0.04291536268947052,0.012142849926389077,0.007848244478430187,0.027335732672884337,0.1747669662854433,0.6082569704481076,0.07795730942138397,0.04877656344037501,3.61901262605579,0.7319962036591102,149.08256785367922,0.07460890493381468
ea166258-9411-444c-8433-0868e36d8923,5cef4881fb09f7000157f151,0.032123269606998364,0.019706662494370284,0.009381752921373034,0.06860722178221465,0.2902718277705652,0.2725409537213655,0.11346665497424388,0.19390165628282255,3.183311555756935,0.709025745160419,197.61010683141922,0.6829044117647058
ea166258-9411-444c-8433-0868e36d8923,5f4a4da1575d605c43bef871,0.2651853559168557,0.02328166269111878,0.05626562139947551,0.23519784868479515,0.07820132767010333,0.11092707866272475,0.1313938653821494,0.09954723913762953,2.429062528262718,0.8419185281956958,185.58272457715984,0.26495726495726496
ea21dc03-4ddc-4568-891a-f51c3b1a42ee,5f440d9f63546316e56a10d0,0.009746253517472422,0.09609649728589895,0.004116153821327255,0.002878389245630223,0.49416137618163,0.16997024631982546,0.20054230361602482,0.022488780772606687,1.72078157164702,0.6536487137932068,121.05258126610404,0.1822429906542056
ea21dc03-4ddc-4568-891a-f51c3b1a42ee,5f4efbf90b8cc113d26921a4,0.010648489764510268,0.044778559375652414,0.014446783931636387,0.0657574159450395,0.30427144922208293,0.16171194207882145,0.26857232067816944,0.12981303886238196,2.680917181457011,0.7416047335092929,154.0544141403649,0.8888888888888888
ea29afa5-e18a-47a9-93bf-87bfbb94c1d5,5cc020d5159f790017bee28b,0.0870206497816217,0.02503538792704414,0.02726072567584531,0.023103291308560817,0.48808906559959114,0.2533676147640866,0.044998194041589674,0.051125069960540274,1.739690570840916,0.8083920322362074,182.2893154871728,0.49514563106796117
ea29afa5-e18a-47a9-93bf-87bfbb94c1d5,5e08389f67f170185698a2be,0.04411173986449445,0.02665507346820848,0.053990552888887024,0.032965953443326514,0.1560290961255709,0.17301777110494143,0.38315800978649406,0.13007180304365498,2.0797882076345013,0.8064760856807688,229.83267913485355,0.8386897404202719
ea2e7bd7-cd72-4270-b179-63258b4a07f6,5edff301000fa631c7b5bd3b,0.06627376766840894,0.039085428244723976,0.1363096458961844,0.013527945204789591,0.2839051635167076,0.24376749929036448,0.11287553567420673,0.1042550141880465,1.837164496030336,0.8201352683268484,255.07694433770337,0.9839939024390244
ea2e7bd7-cd72-4270-b179-63258b4a07f6,5f30841ff614014e92784605,0.03055442579356912,0.010067822523805049,0.028062800654219434,0.08724169907597501,0.3936983963334226,0.1278879392907923,0.23891905737800698,0.08356785997050035,1.778699263719045,0.8152589090281922,221.960325083405,0.5424492862509391
ea342a4f-891d-4717-8fb3-30bd1dadeca0,5b11682bd3ef5a000107dc58,0.1530782125174333,0.036188519777708504,0.07351715273450496,0.03360917760765906,0.27779003621352016,0.25502751692361353,0.04848287459404352,0.12230650910280344,2.309842456858975,0.8379464396742315,249.69836196069772,0.12473302007689022
ea342a4f-891d-4717-8fb3-30bd1dadeca0,5ea7013f3fe3360abb654e38,0.015954058292226285,0.02596365445638268,0.04062604451411812,0.04782137090333065,0.4678057942797204,0.17024253300501396,0.16824169970724456,0.06334484548667668,2.9441445294022257,0.8458935747831203,268.27105408482305,0.8133058277462609
ea4c6102-1123-41fc-b8ab-96f4295af3d0,5c102b9461df5c0001cb468b,0.1426753327772679,0.014727290067915372,0.023477021604723872,0.03451640466642938,0.38223949043208244,0.21485042369583182,0.0784832470509055,0.1090307891851561,3.1742754095912447,0.7978771317614793,214.60269660772704,0.07323232323232323
ea4c6102-1123-41fc-b8ab-96f4295af3d0,5ee6511c69b98d0129d62f27,0.059348033854717076,0.01709774044785075,0.01961829217406167,0.07538752063570789,0.28650891682498125,0.35454835531636697,0.09554283366773257,0.09194830693946061,2.819345057776418,0.7268977083150157,182.95569482605325,0.08026315789473684
ea612d62-2a6e-430f-837a-c65a7e235d2b,5b97f8988ae8150001c7a887,0.30451931517341835,0.03396745914328329,0.26820365849393585,0.010091575571030442,0.03611953356245337,0.15863310237333653,0.17171178760792022,0.016753567482390687,2.442113432169773,0.7604088558810337,117.79592154006484,0.38336713995943206
ea612d62-2a6e-430f-837a-c65a7e235d2b,5e91350e16b81046df5dcf52,0.0697069194333236,0.02930272880418728,0.04996211046528972,0.010983305921728201,0.2281246752959423,0.2223915212377335,0.38148303551451634,0.008045704949563665,3.469611529863453,0.7557915260053755,171.69595080371482,0.07231920199501247
ea7de670-b567-41f3-91fd-46447acc4f2b,5de7b588ff15c2a06658dd1d,0.03459372847467276,0.008164407017286324,0.007444947747199926,0.12171919570971365,0.15672951583335182,0.3406808528678539,0.08612537610546603,0.24454197638921368,2.1882758288484,0.8557765357633638,223.8697776294004,0.03588748787584869
ea7de670-b567-41f3-91fd-46447acc4f2b,5f6b9e2aab8b000def48cc53,0.03633831436475581,0.00796552549910998,0.0504521003949346,0.04970920044546163,0.2852790240848587,0.3151220301706829,0.11434443594003031,0.14078936895369343,1.6607133408899213,0.8233617619951962,224.01731823799955,0.466046511627907
ea87629b-fa15-4d2b-a137-188aa19c4588,5c12f106c4b80e000192c472,0.0563209438266797,0.008846442613926472,0.02659118333883562,0.10028057935382173,0.20734343771341593,0.24869964596604038,0.04828415276083361,0.303633615146155,1.7966751516088844,0.8345598813828348,210.85512220521997,0.5886575735821967
ea87629b-fa15-4d2b-a137-188aa19c4588,5ead6f256fef94028e07d655,0.11726651934813984,0.017182748043687687,0.017018048081008385,0.0731305892869786,0.1510889297857168,0.4753434448384581,0.07499022574984165,0.07397949422323723,1.0232393191404738,0.7080674016170999,130.0407931672951,0.06865284974093264
eab01364-4f7b-4e02-995a-cd0ad30a81f9,5f14d5cdb5d4c20e78dc1672,0.010222808854242526,0.09519150889125297,0.028895678986636003,0.0017078673166162153,0.6618925700867685,0.174025548248259,0.01582597238141388,0.01223804488915706,3.3230332141440653,0.801667945485098,232.85940730751534,0.9850746268656716
eab01364-4f7b-4e02-995a-cd0ad30a81f9,5f60d31390a8c1044e775b18,0.1923720336184349,0.017643056458778224,0.034842177571511666,0.06524489410176396,0.13782075104545516,0.40432485423714015,0.09523626803819539,0.05251596405022392,4.5008263734743315,0.6839244910846931,174.02695384059504,0.1820418204182042
ead2e5ec-472b-4902-85ab-564b0636572f,5f26378609aca228dcfd19fa,0.013922390821169908,0.043032415047667076,0.10238491161401501,0.021766699161121977,0.46746388717176846,0.1630020692890042,0.14991038462867876,0.03851724235374433,1.626162572968975,0.8370626846566182,240.0581165419062,0.6057401812688822
ead2e5ec-472b-4902-85ab-564b0636572f,5f6388bf9ae5ad07ba1a0173,0.040250990965250394,0.0360078015486854,0.008830383157203909,0.011589049555569752,0.2219996179065337,0.49529528669572176,0.11743119038893371,0.06859567919609211,1.8728239507751556,0.7903524059808097,208.2901918829204,0.4327390599675851
eaed7cd0-85d8-43d4-a2a7-97d7a062d418,5c5da579bfe5280001448433,0.052503637281332,0.009635892616622245,0.014874157669183277,0.10748447758786625,0.16317453014619815,0.25831127792923525,0.2972780307740374,0.09673799542246726,1.792568741937246,0.8334096332582132,206.0892360146944,0.05818181818181818
eaed7cd0-85d8-43d4-a2a7-97d7a062d418,5f4c3b115080c673d7923c91,0.013829063482207932,0.048229800144500116,0.012198856863726255,0.019906024493489858,0.29221054856674084,0.35429928338657984,0.10241114911239142,0.15691527485774778,1.9258377289120412,0.8238955166870127,233.54825928164792,0.5751111111111111
eb215077-bbb6-45ee-923f-345783358eee,5a73899f9cdd1800017786f0,0.05561772183140321,0.06098888951062736,0.011048351136717517,0.015990395864272894,0.5717224857934365,0.20829081029958588,0.012768179216176505,0.06357316554152548,1.0161753137728706,0.720825408205083,133.83276188282258,0.7855787476280834
eb215077-bbb6-45ee-923f-345783358eee,5c4af67cdccaa800016b3192,0.018228120594875025,0.030168692920511168,0.02008926433369211,0.05618190077433368,0.5514543372616799,0.1302953977625732,0.07092809715704353,0.12265418807703207,3.4097953011064606,0.745878407429525,156.41846464484922,0.5317011927181419
eb326986-325e-4f6b-b895-82a1f577c797,5ee69c554039c841faafb13d,0.065517355438446,0.05069281424446084,0.021594847962632988,0.01899080151460091,0.2899673535362566,0.3097828756689768,0.16232871213138314,0.08112523879531629,2.3969577420515074,0.7247751027116921,149.53712679902287,0.42917103882476393
eb326986-325e-4f6b-b895-82a1f577c797,5eea95eb104faf15face3b81,0.05200449470639642,0.013256022497061638,0.010496709132108229,0.023397363525748564,0.18449896394005563,0.5694297224555233,0.04000386751852797,0.10691285686187854,1.5610513489389186,0.7447768812983148,136.67476164119662,0.14663951120162932
eb3a44ec-b553-4054-bfcd-e4c3b04fcf3e,5cfc3d486e9951001a0cb8cd,0.042588439971928266,0.04121676830224347,0.02260567947901104,0.009341785994335067,0.07457217520454765,0.4047502409211619,0.29200725605382105,0.11291765481662112,1.6576946210053607,0.7980868799125949,154.76033762008558,0.47906197654941374
eb3a44ec-b553-4054-bfcd-e4c3b04fcf3e,5f14d5cdb5d4c20e78dc1672,0.01588797022729963,0.11838229165228727,0.07317103715098916,0.0020820161881932955,0.5342512370861284,0.22037897201227635,0.02159968576365547,0.014246790322234672,2.274000986614779,0.7947183953566941,224.92789176562485,0.9364303178484108
ebf0db45-682e-4a93-a62f-840a49e6914e,5e50bf5e2cfcc30ff7f5d870,0.059325281698027685,0.06637196882454997,0.02970467742152789,0.012604559844565748,0.3478080494615534,0.3772295475105014,0.03681313634480463,0.07014277823955345,3.6438678650720915,0.7789133446426214,226.0111921953351,0.624248496993988
ebf0db45-682e-4a93-a62f-840a49e6914e,5e94b9964b34ff81dd869755,0.05562722588837448,0.0155759599112659,0.04804226281854388,0.03467252377896928,0.09679480946878842,0.33451092090122275,0.22406440366978322,0.190711893952631,3.0061291480134193,0.797432720763174,260.6314793606801,0.1595744680851064
ec0fea6c-82b8-4cde-854d-072cc6239c2d,5e714543bb9f870679f01411,0.05806050800250095,0.01055940133148124,0.014663414586517586,0.18009880166316014,0.12904046727414728,0.14097230329202248,0.18243848834824214,0.2841666139793386,1.5660420471418437,0.8363396412022094,208.3887774389295,0.30311820159535896
ec0fea6c-82b8-4cde-854d-072cc6239c2d,5ed2fa0793788128b41df2cd,0.12367979612715457,0.005483293134006277,0.015619753772387092,0.16197173431270137,0.1745961470492381,0.3465495702141356,0.06965558787507554,0.10244411621541748,1.7048348847824313,0.8229220755424685,177.8705431125704,0.024844720496894408
ec202fef-184e-4931-9a2a-69ae6b017b0c,5c2805401d4eb70001177bfc,0.041481479780580977,0.0051639610178210275,0.0041499444333251995,0.05084460033440964,0.07247247371159349,0.5041925800258888,0.19775850548973165,0.12393645501633001,1.5977374366005523,0.8389398996565763,216.9788292236852,0.02865612648221344
ec202fef-184e-4931-9a2a-69ae6b017b0c,5d82e7cdf00cd300176b5566,0.010997129056338411,0.042185470329108694,0.08222214855212606,0.010137831255531743,0.41845722525079665,0.18238331782231162,0.20757865625858465,0.046038221472235887,2.5614797755614527,0.8488526579229466,239.8615596247732,0.8835480673934589
ec397cba-60f5-4bc5-ab02-73a2aaa17029,5ce791d77a1a2300188e03bc,0.04813935790765693,0.06038083808113215,0.017516520842749787,0.00875515703976447,0.3411773432823532,0.29306602221032224,0.1805682348792583,0.05039652503035468,1.5894950099468792,0.7944742059734019,212.77129928030166,0.21188340807174888
ec397cba-60f5-4bc5-ab02-73a2aaa17029,5eaa26c17c3cbc1ae4881baa,0.033366364269441985,0.010297409938916683,0.00531138970204442,0.019535002545348956,0.4049779169514829,0.37994709210599303,0.07917045583379746,0.06739436907844079,1.8684835528268502,0.7894358797239218,164.7912433184822,0.022673031026252982
ec4460de-5136-4a67-90f1-a8cde16266c0,5d250aa62bf4a600012a0c0f,0.02590704521634056,0.0258213685677822,0.014118765575510273,0.04808335284170056,0.18168693323822258,0.3906830639895815,0.04935469331206943,0.26434477842898485,2.274484857457093,0.8130066230214356,213.6662080672418,0.4108527131782946
ec4460de-5136-4a67-90f1-a8cde16266c0,5e6018dc11009135c2154ede,0.04039425539243019,0.013184384247980995,0.031118607533302596,0.13099378131138123,0.05482203996541802,0.28181471001165925,0.13990543517395546,0.30776678602698193,3.1241952026948376,0.7577468241874072,206.99165225956617,0.0
ec4e5046-ec6c-449d-b604-eebcd19fe808,5d964976b8040b001761467c,0.10190775382959155,0.04950975019483186,0.0348048274761388,0.044436353644922696,0.20375175196834494,0.26990145369523966,0.2045222762869071,0.09116583349900022,2.6582817178701763,0.7889283590376847,214.50503193503087,0.47002724795640327
ec4e5046-ec6c-449d-b604-eebcd19fe808,5f4c17256e656770da1ff9ee,0.04284570717279566,0.03022279882621249,0.02553446813577118,0.010484427019644714,0.5438826446938105,0.18763094277270953,0.036612825968312966,0.12278618532066582,1.5410285290317642,0.7621428564085461,172.94288809747962,0.2996987951807229
ec90a3c6-9441-42f3-bc93-a5da6c967794,5d2e4fd16adc630018df841c,0.07675963335715709,0.02650639933548815,0.03020934463922058,0.02348043379246547,0.3483017359508155,0.40497504499709225,0.039920637094547455,0.04984677132045798,2.032655972618214,0.7192957508916294,195.8292651095866,0.016773162939297124
ec90a3c6-9441-42f3-bc93-a5da6c967794,5de855017d44177cafe19840,0.09295967787802514,0.06197110191912945,0.1624852276698392,0.045552225663984036,0.35163202458865395,0.11545406354513624,0.09564719461033985,0.07429848427189936,1.8160876359560298,0.7008617648375745,130.4911335680807,0.5926814637072585
ece26856-e9b0-47d6-a5aa-6090a01adb50,5e6d08da374f5b2c1f67aa85,0.08675542573987768,0.04734667047965205,0.05650429821865177,0.037494844028931745,0.3436250707236764,0.22136176128761198,0.04330728978712434,0.16360464043041084,2.385925610034313,0.7912173584842818,147.206649038155,0.47832939322301027
ece26856-e9b0-47d6-a5aa-6090a01adb50,5f12f20001f4ce0008767b19,0.07042779874347599,0.044513356232469437,0.060046256775192534,0.0574067047790911,0.24889114291887843,0.36194130297793314,0.05953045877805488,0.09724297956622448,0.9796120794442744,0.7425808182525541,146.3139364760268,0.7726495726495727
ed0348dd-f913-4238-89bc-0c63c71892cb,5c5fc0136467ac0001b80940,0.08256290619377185,0.02485913762454146,0.033783879542131544,0.07412506913876893,0.3677132785963158,0.17990022900536448,0.13905647571381125,0.09799902502653253,2.1237871020019545,0.8147212758742245,210.82145416239692,0.6634699215344376
ed0348dd-f913-4238-89bc-0c63c71892cb,5ee6f70bf796cb48968abc42,0.024251990326978556,0.031212909552160408,0.06654695206281064,0.044065378956045474,0.3035202234187,0.25438114419445007,0.1555048783126506,0.1205165240648196,1.7817935802299216,0.7641606401975193,157.51842857252743,0.3953488372093023
ed08b729-0077-4822-9fef-a6c943ad4a71,56db4c217dcddf000bd5853c,0.1892010687183525,0.01034882344879439,0.05212096117447125,0.05185836575606678,0.40114691326102236,0.1283251565121169,0.08293064646544393,0.08406806419068372,2.311016539294571,0.8551981685391217,242.6516244443508,0.3551020408163265
ed08b729-0077-4822-9fef-a6c943ad4a71,5d06b3a3ae1dc1000167e533,0.03676613144471036,0.010271442561578947,0.0075635800935170625,0.043680607361866006,0.26912967709150387,0.3850566256984355,0.20239553835131183,0.04513639733040404,2.5490417709133406,0.6940525113125886,151.86596350444077,0.0
ed4b674c-cace-4ce4-957f-d11b7da2ba6b,58ae59babb9e0f0001acb414,0.07450261051917745,0.08661677122341901,0.02424339935713647,0.00305804978177159,0.2986427821272259,0.3874765809675753,0.03225672926015951,0.0932030774109895,1.323676256492711,0.8066068798072268,154.10285031133355,0.880641925777332
ed4b674c-cace-4ce4-957f-d11b7da2ba6b,5c284e0970d93a0001211e16,0.04440767600420686,0.0033325284725113646,0.002971264143894249,0.07736110653902648,0.061591611588819664,0.39112385426105983,0.2646851099808569,0.15452684968006306,1.6121722157707927,0.7589027570907809,139.63903559424838,0.0
ed93be06-c8a0-4792-bf08-bf09d3272c99,5e2622adde8f270961b5fde0,0.32352177422709655,0.025221971244380376,0.024726649427360217,0.020360822943633124,0.10649774843790641,0.3994808555182545,0.05895058135404288,0.04123959717082884,3.1816322664695673,0.7805308475378215,206.7059992405757,0.028145695364238412
ed93be06-c8a0-4792-bf08-bf09d3272c99,5e6db3f02649e03834220ef0,0.06221733181516933,0.041866042952136855,0.019055157778683753,0.035923387407026434,0.2557797834086775,0.34314352188310004,0.1454795559699284,0.09653521837211443,2.6818642498492657,0.7499240644429305,159.72573323172367,0.401468788249694
edc06461-10c4-4593-bb41-ef6c22d83804,55f5946a32af74001017047b,0.17675392375046003,0.02573318015443866,0.11047169100932905,0.07885581889586196,0.22129137597433635,0.17627880003946478,0.1134831211593454,0.09713208826014612,2.1166360592695153,0.7419662482634659,180.0933977886256,0.0
edc06461-10c4-4593-bb41-ef6c22d83804,5f1f2cf5a441a30fa1b79b2d,0.006453528534165359,0.0516384513944668,0.002660944291032717,0.016138316868129787,0.44202881371400216,0.2520997309963671,0.07553434480206374,0.15344586861630238,3.2899799147355675,0.6965385418165456,152.40016424234486,0.06741573033707865
edc258f2-820a-4ed7-8df9-e9868f514328,5ee737e98452ec4c9cc1a1f0,0.026510253547880086,0.1291267616238185,0.07130897279066792,0.004331352645694242,0.3475856843118204,0.24336487629065529,0.16431567018569984,0.013456428180848133,2.4667411745964274,0.7920049456097193,189.45497161562085,0.5736514522821576
edc258f2-820a-4ed7-8df9-e9868f514328,5eef7517c8692d20c3279493,0.13494184898700606,0.01665403972688685,0.04109787137132874,0.030396519271494032,0.23829975688001478,0.3842379006435595,0.0816294535393967,0.07274261024223226,2.532184588105649,0.6996274142626971,139.33110198225708,0.181651376146789
ee19d0ea-462c-47ef-888d-ac3254113e37,5d2e4fd16adc630018df841c,0.0552599194904301,0.03588245671802536,0.025840629268824383,0.027561139785748427,0.36300002954737104,0.30617582926938947,0.05555706196168339,0.13072293387129003,2.9934690650950238,0.8227548356159342,258.86403775619635,0.9543297746144721
ee19d0ea-462c-47ef-888d-ac3254113e37,5f48bc9bcf3436245e79a2c0,0.11343105291690518,0.019742759427866522,0.0448203629954887,0.013110385432617506,0.5990222755039241,0.14493190115346136,0.042960860057692264,0.021980403134194325,2.2813048452959883,0.8567747905377547,261.1027720267306,0.5764033264033264
ee2f1b3e-81c5-416f-82a2-26d4fcd00198,5b97f8988ae8150001c7a887,0.3405676302171479,0.044928732839376075,0.23338739768670097,0.010154474581400405,0.04467434560383526,0.19380680010989454,0.10622608197891813,0.02625453687914343,2.4513815902187734,0.7161288110073375,129.16968663671847,0.22564935064935066
ee2f1b3e-81c5-416f-82a2-26d4fcd00198,5d3356323e1190001909339b,0.15151130926638587,0.03347883002053763,0.02446072402373375,0.014643543405638235,0.26688170085345453,0.16738684768807227,0.3371052767160994,0.004531767149994257,1.7495109960215784,0.7960404075752544,198.76514458168748,0.002527379949452401
ee46e110-4a40-4fcd-ac56-467c1f8f1c97,5b5e7e643bac1d0001f9bf28,0.10758598257330912,0.008478863160073348,0.018921229114470438,0.034462334567915184,0.09863541172872575,0.4673843415955189,0.059098329875419305,0.2054335059560776,0.989873686292447,0.7930703512336309,156.9418324783253,0.11676646706586827
ee46e110-4a40-4fcd-ac56-467c1f8f1c97,5f5452df72345118f58d187b,0.16504682179110203,0.013077805240418254,0.04651864757076621,0.07733913922146224,0.07802640719483259,0.41645633485564704,0.05844338344131802,0.14509146104401055,2.5797455198253156,0.7352918943262924,173.8162135018072,0.5144927536231884
eea72e55-2619-4699-8d66-529db67b1412,5aeffc6e0ccc2e000185aa28,0.01318531594683815,0.0018507818619148406,0.0027569013770529466,0.3296636375893188,0.10679572094901044,0.08613720055654019,0.4104430093051752,0.0491674322412957,1.1011714375914472,0.7557735877252207,161.9956271608735,0.3485714285714286
eea72e55-2619-4699-8d66-529db67b1412,5c270d8f2c45d400014909e8,0.03491258768311643,0.015856245974250106,0.024695970876908405,0.10834101367720203,0.4699866858337297,0.1266958990252029,0.08458169947638454,0.13492989745840225,2.1839020649012735,0.8202508452338839,239.12133671540607,0.02471315092674316
eeb198b2-7fa5-4cbd-9ca4-4ae4195c23dd,5c2854db89f035000174b3d0,0.18534353658569996,0.008245319775478065,0.010152581711681964,0.07715877833545494,0.15839613011305026,0.38061574304629825,0.11028787601593239,0.06980003447342711,4.9474347816863435,0.6255710293027419,219.96048826633708,0.5918203688853247
eeb198b2-7fa5-4cbd-9ca4-4ae4195c23dd,5e5dddabde7bcc0f4e431817,,,,,,,,,3.0208585549843883,0.7836594717697781,249.86487479039,
eed245eb-8212-451f-bf06-320da3153b75,5c6f1611922d7a00017cb800,0.06566978452165255,0.019325082797536468,0.05461636756614178,0.12968706030310725,0.40293759506564947,0.1381554783301507,0.07943943846141313,0.11016919294885365,2.2911633323803056,0.8196299982296605,215.22974199210842,0.006354249404289118
eed245eb-8212-451f-bf06-320da3153b75,5ed7c2a9460b76287b2cda9f,0.012067862956334025,0.05957789547498128,0.007080883666132642,0.012380450359315096,0.48966204671427827,0.31936248476120216,0.04067395091807336,0.059194424528563105,2.691667473078795,0.8311705668001366,234.99996940701433,0.9081746920492721
ef28af68-e08c-45ff-9f3b-2718007de34a,5eaa287bfb0fca19f4306de9,0.02132788266469665,0.0362556488061099,0.004819761600906262,0.09047599911105599,0.3547599473757492,0.250167178305509,0.04853216943336601,0.19366141057634234,2.41337667847937,0.7993104622372794,219.82536035982295,0.14285714285714285
ef28af68-e08c-45ff-9f3b-2718007de34a,5f75f66541d27f011212af83,0.036264441557355837,0.05395108068435762,0.0594719071405422,0.007640433826364033,0.4976262321699976,0.22563734492738924,0.04725563679011989,0.07215292382845134,1.5839393765025507,0.8281914412775411,212.7576602863596,0.658069270449521
ef2f7d4f-8e11-4f25-9139-713a5436fa24,555527dafdf99b16a75afd54,0.005475332760325841,0.048741938715737614,0.005876008866012045,0.016710588838665507,0.7392536748647398,0.059788730177566536,0.03413156273402594,0.09002216294279762,3.1150075330673817,0.7934496801776324,242.84782876170993,0.01364522417153996
ef2f7d4f-8e11-4f25-9139-713a5436fa24,5e67f0321e4f0a0a657c1d08,0.07614962817791601,0.09326651518954485,0.07385547287271366,0.005521089819984941,0.36176248721668053,0.2733470537392504,0.07810488274760159,0.037992870506163665,2.4601600214414097,0.7602350597457044,192.8689862740203,0.9591018444266239
ef7ccfba-6aef-410d-87ce-2b2d85b417c4,5ed70903f3b2f8195f919e6f,0.1054964108152046,0.00682771270821789,0.012905208466597403,0.04921168879789984,0.3707430145682452,0.34880636399681575,0.04496757764397648,0.06104202152828079,2.5123731139829593,0.7115877265425621,172.70403677805024,0.07961783439490445
ef7ccfba-6aef-410d-87ce-2b2d85b417c4,5f14d5cdb5d4c20e78dc1672,0.017538304011055005,0.0486987623286341,0.06568433142409001,0.006589436620452709,0.5295226425846571,0.2603170912746482,0.03231691305337215,0.039332519386204946,2.251793456352713,0.8278490086094176,234.64879667012684,0.8374384236453202
efbec81d-6a75-41ee-9f81-c50235743ec4,5cb60f1eefd4130001bbfdb7,0.04151470943737659,0.038310976826393804,0.030034093144808774,0.014832244832916945,0.27701739694014726,0.3197090478657532,0.23156573190554738,0.04701579884594914,2.958829246038839,0.6697367932774516,142.73145219119235,0.11346765641569459
efbec81d-6a75-41ee-9f81-c50235743ec4,5ec81134ac7d6b2b9ac51453,0.14511910062382924,0.008608748129778552,0.029902810015402417,0.0763589171973705,0.27754400800744794,0.30757957029738514,0.10773015511088957,0.04715669019569809,3.0324808174135156,0.7571516741362552,179.9082682221362,0.19948018193632228
f00b3876-dfb4-42e9-8129-3074aa5d2dc3,5d3356323e1190001909339b,0.07665099787337733,0.02454341160975281,0.012915499674208413,0.013917083627663512,0.4235479058817454,0.2607469451663414,0.18156607617824924,0.0061120798355039675,1.6590129481933436,0.8248396743839131,208.97956988516057,0.004038772213247173
f00b3876-dfb4-42e9-8129-3074aa5d2dc3,5f95c1590b160b4597c93a76,0.1923501720339169,0.01589886578079796,0.06528443956684955,0.01277703408210634,0.14241431834592747,0.48837484983911456,0.06175644425936717,0.02114387598281817,2.5044985361967833,0.6795133046256747,159.26112257720948,0.0
f00d9688-27fe-45ce-9d26-e38f729e8641,5c4534332b1bda0001f5791f,0.03697750677728375,0.014556447442534669,0.002618528820888893,0.01566797064210915,0.20297744754182148,0.5665702010615851,0.028393606877226724,0.13223829084975536,2.185644747979302,0.7172268693268345,156.19361576390205,0.413585554600172
f00d9688-27fe-45ce-9d26-e38f729e8641,5d0fb996286e1700010de2c1,0.02242765115694326,0.029920588653456735,0.013691310422127812,0.01006983609147571,0.6045802482117705,0.23671111591147528,0.049734588238923336,0.03286466134798042,1.6298252833826823,0.7848926240945271,219.70610670849808,0.06396588486140725
f02308a7-69f8-4579-93c1-3d3ff1adb00c,5ec2feeb47c4471339d3b2ce,0.1402115335264114,0.011617871270439499,0.04084035795133361,0.10173728234908161,0.13497648583561125,0.20611811743118424,0.26190760244106076,0.10259074959738541,1.738386921058299,0.8170418368444661,198.5744850062157,0.06469648562300319
f02308a7-69f8-4579-93c1-3d3ff1adb00c,5ec8595410d64c343d8c7f2a,0.03305567946889716,0.05970709850964499,0.018607207906021696,0.020507270497071038,0.31728923209432724,0.28929775645295835,0.19097330635910167,0.07056244883680467,2.927209728306857,0.7231820329126624,154.5063483283832,0.8688688688688688
f04cbd1f-b12f-4793-ad9e-042ac9d78631,571cea664ca277001153c045,0.1536981142951088,0.015405423763684034,0.10874893387705592,0.060124575254174806,0.07024672477709897,0.4182006224763553,0.0557078903017542,0.11786771393236015,1.2674190201615307,0.7384462313582502,137.1713511624691,0.20334928229665072
f04cbd1f-b12f-4793-ad9e-042ac9d78631,5d1e5e30a043ee0019453932,0.1743507199574426,0.01191734011535019,0.0408847321723567,0.04360351348875646,0.0707713649921997,0.4251988524600636,0.15581898811228967,0.07745449048461818,2.1972929819064486,0.7094455000300743,151.5953645008226,0.8475138121546961
f06dff79-14a4-4e28-a6fa-875acf5ce974,5bf54aa4d382df0001b9e43b,0.0909443699417725,0.053861354798185955,0.029787700250680196,0.008986259446520817,0.3960658549926239,0.3048222664711498,0.06457037815641439,0.05096181607325502,1.8210748476084568,0.8186030486992116,202.75263178419866,0.7273963290278722
f06dff79-14a4-4e28-a6fa-875acf5ce974,5ea13ab244408e146458610a,0.1685608484182498,0.019755566864785332,0.06447850314349168,0.04897535298779016,0.2486858328196187,0.280667979571819,0.09470968571601504,0.07416623147756199,2.1599249120069106,0.6952901793724057,130.10870600719534,0.37369033760186265
f079f69b-8e70-4526-93c6-1f4e11c4d852,5ea8bd7dde405c135b36267b,0.09220469812519261,0.0296661977018602,0.04898902962005348,0.12258566271867163,0.10049982751205523,0.32364932768103044,0.0679113970623217,0.21449385924194517,1.7544801635868095,0.8221987202960215,208.73874075438482,0.3462214411247803
f079f69b-8e70-4526-93c6-1f4e11c4d852,5eeb88f7507eb331b39e0d1a,0.04270361191013305,0.034429394691332285,0.0208387274459651,0.028996877682390572,0.45119669580809313,0.19795000274390384,0.1443480905463621,0.07953659945723211,2.336833760003228,0.7495343134302216,226.82076110045605,0.4764595103578154
f0948185-674d-4bab-afab-9775ca17f21d,5ea9c07d1e683e1118000f78,0.08697871904078924,0.004159323731306317,0.02530192669797261,0.2855934142166925,0.1562110580845002,0.22073546092114404,0.14143818616572532,0.07958191015322219,1.6770540874535158,0.7398336207471938,137.08718598072636,0.040100250626566414
f0948185-674d-4bab-afab-9775ca17f21d,5eaf06728a4c375eb1a7f6b0,0.202408876135973,0.008503151461694378,0.024120687523726772,0.1482193140715198,0.12910860457727646,0.22134486125353353,0.040231042543906324,0.22606346217503165,2.4138526546741845,0.8107014484510164,206.97264629956177,0.46166263115415657
f0bd9824-3a1c-44f2-994d-6fd92c8e8e67,5df3b781ff28a82967d0e41e,0.0647351953681381,0.02267321254527332,0.039377211665623524,0.07391338850225232,0.17292775864351334,0.24741286693786282,0.17530282410709735,0.2036575417394716,1.7654618828113027,0.8005693657926933,205.40969069807755,0.8921713441654358
f0bd9824-3a1c-44f2-994d-6fd92c8e8e67,5ea74bccac99141164dfceeb,0.015371058201216228,0.12742383572112256,0.02151817833598098,0.0022335798632229517,0.6873903557839939,0.06367190092500048,0.07484502827769918,0.007546063468171266,1.6951570994046035,0.8018332906761471,210.9694620431382,0.012865497076023392
f0f5978d-e055-4887-a480-a6a75546ec28,5f0b33e16edeb5429793f878,0.05282423027542784,0.033428025181546105,0.07043282256710237,0.018787500388693087,0.4579787532375014,0.19354507911176988,0.06846996536245498,0.10453362419939675,2.2103658794397134,0.8339011949124177,239.62525819648883,0.2222222222222222
f0f5978d-e055-4887-a480-a6a75546ec28,5f1ba4b61d8b7c3adf75d9e0,0.016288375117998966,0.022813711832606044,0.005616319323939798,0.01726404153750371,0.4861207577749208,0.14521408482370168,0.18045634771162203,0.1262263623005382,2.0775868039928853,0.7376721846910119,217.58534130481942,0.336480686695279
f11d214e-8aec-482b-95d3-044e481dc689,5ac53367e1546900019c03ba,0.16830370477893652,0.012451995191412268,0.03466575765884945,0.12234376310229651,0.08011744292414916,0.32910087994186044,0.09334057770668547,0.1596758778053457,2.811852697244333,0.9039541425113692,157.07824356708034,0.034224598930481284
f11d214e-8aec-482b-95d3-044e481dc689,5e28ad9b6dbb5608131beb19,0.04241966147615802,0.10092629166254846,0.022125154480541632,0.01861679551603449,0.2582078210332402,0.40256086775518596,0.10361238330608445,0.051531025012248835,2.2730087253869793,0.724376550025756,146.71649332212635,0.5575326215895611
f14f96b7-6015-4036-af86-3c85957d81a3,58f0fca0d40252000192f201,,,,,,,,,3.0676343742873975,0.7553780078511954,170.52522617165806,
f14f96b7-6015-4036-af86-3c85957d81a3,5f39a2f898f81753f878f7f9,0.02922270354049513,0.019415715940706114,0.009329001502649741,0.10817899403845392,0.28182011524294787,0.2903869713798476,0.12489123507594102,0.1367552631896799,1.8623207158837354,0.8253367843572333,197.78611582592646,0.0
f19c935c-c14d-45e3-8877-cbaad8843bac,5f6e71f3b273c13b726f3622,0.02878556591965504,0.00842093523431623,0.01221010061463938,0.02316815997486405,0.212259225793561,0.28811383514831646,0.048165506738349906,0.3788766716410453,1.8131907472790112,0.8093571818949509,211.87271935536023,0.8309754281459419
f19c935c-c14d-45e3-8877-cbaad8843bac,5f9c9d259e7c0a17abe03413,0.01596490878817933,0.042024543553855716,0.0374494047710799,0.016205506999614854,0.42688193000093894,0.22550024775592864,0.11791757190948904,0.11805588610795302,2.2411941306931804,0.6429270355759835,132.5880197808919,0.9034038638454461
f1a81b38-3d6e-48ac-9ae4-b219227d62e9,5e6f930a8c586155bdfffc4b,0.01931665817624526,0.03450168662837112,0.024420807884086907,0.014753728545664304,0.35231748944879826,0.3912081800660026,0.13441916592577632,0.029062284488951887,2.2962538541094686,0.7330511317675045,128.7959336507188,0.025962399283795883
f1a81b38-3d6e-48ac-9ae4-b219227d62e9,5ea373a13602a7135cee9b13,0.06851337836307886,0.07673290254952414,0.07137677719455562,0.01174070962027915,0.3636278598131084,0.17568891003811593,0.07537564177142705,0.15694382051843273,1.2716244876799323,0.6823600187372971,122.76256423308244,0.797011207970112
f1f6de10-a5a9-42a2-a9e5-dd969e37171b,5ea91e89257581388e79adc6,0.1304843575030163,0.011586303629116973,0.01242881218449254,0.09550086389400786,0.20979742575896534,0.3586216192228965,0.07947612442404328,0.10210449321797833,2.6425464323913213,0.7629680002695077,180.25907363441698,0.01507537688442211
f1f6de10-a5a9-42a2-a9e5-dd969e37171b,5f18ff404f90fe1473c2e3b6,0.1481674771781464,0.013290362379849466,0.05234860936654089,0.055971283123338066,0.08703113000747172,0.3971513530362543,0.13081367900766866,0.11522610384494296,2.719411311930913,0.8189930637354068,210.7446916550565,0.03115264797507788
f1f925d9-416a-44d8-9a12-72b975f02459,5f04797c88d91307286d6379,0.040273083052007344,0.0457547508646087,0.1220252212214326,0.010438498255237948,0.4997354683566941,0.1688967875371619,0.08858418076762097,0.024292010533070767,2.467934287886276,0.7114656964216248,163.3399960156586,0.6994740796393689
f1f925d9-416a-44d8-9a12-72b975f02459,5f65597823696e0e9bd8f63a,0.01709001680226397,0.042711839649634764,0.012024843994385612,0.021928848008226306,0.43460710839275324,0.11215292240600586,0.17054686423252238,0.18893755612440677,2.323791171666899,0.8025222382592319,223.79208903062175,0.9272727272727272
f20b9d00-011b-4458-89e5-5c671e403f95,5e1882adfd7db4158998b5f0,0.15072068296342217,0.06050383514249599,0.047549710728354545,0.009325467263302547,0.1916640689932811,0.3193309611582214,0.16605762572975155,0.05484764753165108,1.7861593189563199,0.7810090093806693,146.96367869377488,0.0625
f20b9d00-011b-4458-89e5-5c671e403f95,5ea714d0ba872d0cc55cdd79,0.004993461247462744,0.025309384522658716,0.004843950814852605,0.004476773263404805,0.7546873681318692,0.06183095278813152,0.12207759505661918,0.02178051409749384,3.141554865165643,0.7591889370291783,213.18273420192284,0.9812889812889813
f25ff7b8-fba1-4e4b-a1bc-9d9ae5693d27,5e02285cac9e16dcddb845ef,0.054194908794875714,0.027345511868865812,0.048030816467780395,0.1060102520489575,0.2900847965369184,0.14070168256714005,0.15519374445756604,0.1784382869579804,2.222187753398875,0.8485677241312111,244.6915072352345,0.16174183514774496
f25ff7b8-fba1-4e4b-a1bc-9d9ae5693d27,5ec4413c7bd12a11f5d49e04,0.05214792115035562,0.015301473932209327,0.12317485542439936,0.0589541073223107,0.5242074854344365,0.05226658821865752,0.09414736706909296,0.07980020152036081,1.964106591538646,0.8206099873341565,233.7056891368904,0.5408472012102874
f2796cfa-777a-46a7-9cb0-c4b288ca0094,5ef831c97dcd65573bbb0649,0.029864578822504546,0.008193440900441927,0.004793102577011785,0.05530550337913449,0.3060805777323645,0.24085861493686336,0.3028948822146569,0.052009298491782506,2.1063466028803726,0.704453947625307,130.17744457614188,0.21987480438184664
f2796cfa-777a-46a7-9cb0-c4b288ca0094,5f67f123a9151c4484c6e1f4,0.015183250801252128,0.018271898411623487,0.005386623607810054,0.09783966058197402,0.253768526207083,0.2712695265233039,0.1943724318202196,0.14390808249650225,3.6363486810240855,0.8030617565875687,198.5986166252838,0.04846686449060336
f2b4fc5e-f3f1-4dd0-b02f-0b46c3a22a37,5e13542bc12a3699bbdc8753,0.15459954761208636,0.018168784214413095,0.12053957526243392,0.04243437626104727,0.24155290094853124,0.2829244583548421,0.08309316399451405,0.0566871938812079,3.0408825918381717,0.7618448527941923,200.6614437479177,0.23741859088217881
f2b4fc5e-f3f1-4dd0-b02f-0b46c3a22a37,5ebcd8fc55e67d14203d0fde,0.14058502197297076,0.1035765493548861,0.079850109212638,0.0015479479435372026,0.227100620117922,0.37400814099525026,0.06500889030309877,0.00832271973540053,1.492909808419387,0.7647786532190085,151.31165501327484,0.857335127860027
f2d25dbf-c07a-47cd-a95f-41a60593a6e2,57af9cdda169b50001a434e3,0.03721863525093589,0.012160687742865854,0.03295506612782234,0.02223015350337915,0.5926729079149444,0.1002415991292824,0.1568709644800125,0.04564998657761962,1.9951097364127586,0.8300895504643988,207.74500688373934,0.7665245202558635
f2d25dbf-c07a-47cd-a95f-41a60593a6e2,5bd0d9bf25db7b0001786a5b,0.016277897558801126,0.005102109061832544,0.009107432063186937,0.14760695308496197,0.26350671810504767,0.13727205086677594,0.06449956286032925,0.35662727388752474,5.913638277150513,0.6835964100078504,210.52891427387524,0.029036004645760744
f306b427-2bc5-4641-afd7-34982399fc52,5c291c9e1496350001cd4646,0.03688935685206108,0.03802121668395506,0.024852141692133303,0.015849406183298956,0.5512592443477078,0.15876762544964987,0.1262452523800545,0.04811575679240513,1.3269903329853494,0.6406189132349714,130.25954893464194,0.16701244813278007
f306b427-2bc5-4641-afd7-34982399fc52,5f0e30afab8b8f15654689e8,0.05886374660328769,0.040888943777903156,0.027262646026504016,0.046730519532074466,0.4731645130246318,0.18044370045353977,0.07566507554965735,0.09698085550793453,2.2106670931240355,0.802719567136208,184.94345762799205,0.12802148612354522
f30fb5e1-9bf8-462f-8c8b-fbfd849f10da,5c91c693765dad0016f8495c,0.0823723239552813,0.017070528276350826,0.0053790896123780355,0.058027948144235286,0.20015547622585128,0.24770501081496452,0.3618686973385422,0.027420925858617513,1.3853216013767915,0.7132487361941905,131.9820971826789,0.0
f30fb5e1-9bf8-462f-8c8b-fbfd849f10da,5f4cf071633ed2922c6e06dd,0.07447590907121146,0.007349908167555595,0.018340345682253102,0.05442815975718002,0.4269396644430624,0.3179862948737196,0.07253516519018295,0.027944553286001803,1.7841738242296192,0.7291237991082091,154.3769527783653,0.12509307520476545
f35dd2f0-58b3-47fd-958a-7b2357b7be55,5d84d74aba692b001d6708b3,0.01141167826776456,0.07502941520848411,0.03372560872152767,0.012439475840312571,0.6012656732578744,0.1326264106235137,0.10563901412778315,0.027862724724598827,4.180156348823368,0.8066733701009743,254.99131937694332,0.00746775288526816
f35dd2f0-58b3-47fd-958a-7b2357b7be55,5ed1702b534bdc0c7d215298,0.014327138328596297,0.018012933159760203,0.02266030277811634,0.025490242743997978,0.40100169474318753,0.20634526337267223,0.1459570072600842,0.1662054183728833,2.2339966194922654,0.7271688007113165,136.1221587598772,0.008968609865470852
f366ef89-3945-415f-a670-4c7245bc7515,5e6d93f7d038053607d17880,0.016287318120299963,0.01083400131515622,0.0022963769713098725,0.09334678520008764,0.3986656183201934,0.1873302730326291,0.08626352293466238,0.20497610363802393,1.9423463542645876,0.8789479132757583,269.92627717114704,0.8542310067943175
f366ef89-3945-415f-a670-4c7245bc7515,5ea6467fe88f00661eb5638b,0.028758150411718898,0.021149917697006585,0.055369146042771974,0.10263177327486149,0.20197534048962604,0.2811410182115254,0.10092501243830944,0.20804964140787446,1.9032226858939145,0.8444738533541837,228.54884879209644,0.2929765886287625
f3953c56-224b-47cc-b5fe-e39db6b7b482,5f4e8f0ac0126208c0db2f91,0.01678850551744357,0.027192323274583728,0.054903035200556595,0.007097796057614998,0.8156857531846418,0.03979590361401301,0.012413633435194095,0.026123049831878315,2.130129633685406,0.6751685413257817,138.88442268999387,0.7068843151171044
f3953c56-224b-47cc-b5fe-e39db6b7b482,5f53d12e8401650d33179059,0.03379592347257355,0.118834556229729,0.030580631486490848,0.007392887039139839,0.5438693571205274,0.11379340840431913,0.12369998425919024,0.028033251596289624,3.1857589481597466,0.6633140451638398,140.78782847274883,0.4254742547425474
f3d1c0cc-b7be-4165-ac07-c71f6b2fc93a,5dd4070a57a7e13efe25534a,0.0538647292265127,0.023200978429425468,0.029771194203050126,0.018197542189781143,0.5295991835570362,0.13156710783319275,0.1957189339853969,0.018080330837258417,2.893943516639882,0.7640791296087319,220.10938675053876,0.4896373056994819
f3d1c0cc-b7be-4165-ac07-c71f6b2fc93a,5f6dc2d7fa66e824dbf70d24,0.031414106336823885,0.02330211639848529,0.006565075217361003,0.017285542442741584,0.5295020072340801,0.22693664320793633,0.1003643565089296,0.06463015335835454,2.6126389736530182,0.8309204320909332,194.63869328208256,0.09618874773139746
f3eacb84-c7fb-40b8-af8b-4661d9d62a91,5bc9f8b677740000016a08b5,0.11131995970819487,0.02052906638670677,0.019487374262526638,0.08868811992131748,0.27767230325198655,0.3201963210897423,0.05309446636014041,0.10901238967746893,2.166530169175466,0.8458462870630227,246.69585823500321,0.12570621468926554
f3eacb84-c7fb-40b8-af8b-4661d9d62a91,5c670a430d80fd00014264f9,0.10154732178012983,0.02014344652192618,0.08932593570485878,0.044819519533183826,0.25112159087607944,0.26271865231562824,0.0532194417818033,0.17710409229110566,1.7662927844581076,0.82661742683324,220.76665020020496,0.3886363636363636
f458c2ea-1713-41ac-b586-948176c1ab81,55f5946a32af74001017047b,0.030685122317117557,0.017593603335014304,0.04705416441835111,0.08482497190907691,0.21483355539523916,0.23265724752485925,0.15706483690013134,0.21528649764902355,1.390735877271185,0.7358588113858604,164.78090236023806,0.0954356846473029
f458c2ea-1713-41ac-b586-948176c1ab81,5f84093b9b3e190008131671,0.07552162340322167,0.026711730116435094,0.07947456176397515,0.006804324009452834,0.2793915148559341,0.2995959961410686,0.2080413455548043,0.024458903552662652,2.156908237232513,0.761144196609229,195.4837059969308,0.18791064388961892
f464c9f4-d6a5-44f0-af8a-71f12dd652bf,5eaad5dcc2e64603e5122442,0.09781902704632688,0.02023263127506903,0.05561905691751229,0.060552758612251706,0.08170411227960772,0.3314940604826802,0.0793375067985836,0.27324084650763136,1.9387240439055422,0.7380925163823288,143.89453444897774,0.2624384909786769
f464c9f4-d6a5-44f0-af8a-71f12dd652bf,5eb9798c0c0c95075ce61dfb,0.12997146741780805,0.01847864251570083,0.09183069423918674,0.016641739610947386,0.1699658968892546,0.46481755177794365,0.07052952638988107,0.03776448051639877,2.7731791527371588,0.709606254813212,152.2832888143468,0.4990990990990991
f4898809-b967-41e6-b40f-974e94a6afb5,5d964976b8040b001761467c,,,,,,,,,2.5653188530503503,0.8144790945218681,211.273770308188,0.0
f4898809-b967-41e6-b40f-974e94a6afb5,5e4ce1b969ff371388c86078,0.10678210763440601,0.03461242169637692,0.011327742377106067,0.018695490357601676,0.31635162394630945,0.4045559688076664,0.05749534675745408,0.050179297953163934,3.7315736011591016,0.7315819299578926,161.0115286248443,0.48196114708603144
f5880665-780d-4951-b207-89f98095021f,5d633f7d4b3d9000011fc60a,0.031468499805637234,0.00944624591809325,0.009589054873502686,0.021663513507502244,0.6513725843188112,0.18202731528390678,0.08026838022889941,0.014164404979097399,2.143635428378061,0.7388543797950332,164.10682300152695,0.119
f5880665-780d-4951-b207-89f98095021f,5f1221640ad01c141571dc50,0.022273224649113785,0.025488461880120952,0.015323678104030096,0.032399959452274855,0.3551459618749549,0.36364217317244474,0.05109962004810156,0.1346269196962322,2.381246258208876,0.8124422570107261,226.7301583403878,0.20477815699658702
f5938da0-5a91-4f48-9277-f6a01e20be71,5eee262c7da4d228a43a4027,0.14298249940774369,0.012312204641962579,0.06004717263878297,0.03185233385405074,0.2939995169780447,0.32047176911589076,0.08993085650820597,0.04840364375679122,2.363174560184523,0.7210546137657535,130.32402347035924,0.6470588235294118
f5938da0-5a91-4f48-9277-f6a01e20be71,5f9ce8cd0c6e891eed46dccc,0.01500197258252117,0.02439877581329362,0.021138623223849143,0.041442328896274985,0.4327320780206241,0.17439476503916104,0.22484064400785295,0.06605081312560039,2.0506387431161133,0.7293391071855745,111.3251755608314,0.43847874720357943
f5ced37a-1596-4e77-ab1d-dae5e084384d,5c4d1a6c9ce35100019dbc88,0.11253420656121606,0.05636961706473689,0.04098043110981081,0.006442075925366218,0.4719818393762292,0.1799731013168151,0.112400749845651,0.019317977105819232,1.5532436062175936,0.709089123723232,132.95431832171462,0.7422535211267606
f5ced37a-1596-4e77-ab1d-dae5e084384d,5cfc3d486e9951001a0cb8cd,0.04163960724420422,0.05285968885041803,0.016823041642274824,0.007494278090055658,0.08061669724797305,0.321648768303987,0.3055020834159033,0.1734158352757489,1.765488724457235,0.8135572670700602,164.37196176771081,0.9253112033195021
f5de68ee-6513-406a-b0fc-49f20873faef,5ebc6d34046b2a0bc9f2b3b8,0.049202880652216334,0.027444983377478922,0.11231755339373638,0.067943932816444,0.24590216542567137,0.16173024574410486,0.12854920279322388,0.2069090369303914,2.065699091605045,0.7570885762912265,146.62833916798965,0.011648745519713262
f5de68ee-6513-406a-b0fc-49f20873faef,5f0298ad4a1b58435567e7d4,0.052874878847712976,0.060639698745413535,0.01788393228819761,0.009606432204492964,0.36298969366028705,0.41139973284423603,0.07025241294018789,0.014353218568875415,1.756420705860813,0.8114766159896076,198.88194150590212,0.06884057971014493
f60a6f13-f859-4423-9259-fc14b76ee36e,5dd324424524e7334967690d,0.031686245438387946,0.01615387390384591,0.015406232469470052,0.011826122310811442,0.6727275910139953,0.17458534890159133,0.015891371204271653,0.061723214996875914,2.1247034166138015,0.808999191051504,235.0251458085867,0.27359088030398987
f60a6f13-f859-4423-9259-fc14b76ee36e,5f84e179b04d981b82eec08f,0.10828760179584886,0.017676854021837485,0.06137787537035255,0.03163537433945983,0.30660589200879657,0.25138210827263835,0.08807248355012016,0.13496181099278698,3.422479537660919,0.7748489768841905,222.3634609018473,0.261968085106383
f632c464-0899-4811-b6c3-3031ca61160f,5e70f556ff93c704b41b2b70,0.22912907988846012,0.015622385483939741,0.10151151353392522,0.05196771283668212,0.09343067665687296,0.2202280191526039,0.1161710998750172,0.17193951301589855,1.6575962766445225,0.767134382990685,204.5516749415404,0.13390557939914163
f632c464-0899-4811-b6c3-3031ca61160f,5f4f29b8c154ed17df64546b,0.04238868633393067,0.025715283857295167,0.018968629138867096,0.05704014137613584,0.1335031457204109,0.23656090136782015,0.348705582630318,0.13711762938879388,2.634913964302818,0.7799393532094663,236.09049586483815,0.008035714285714285
f63a30a5-effc-43eb-a257-0029f48746ce,5c7a4ca80b94ca00164122a1,0.11720350318248685,0.012181756380181699,0.011481217877557941,0.01126402022957679,0.4098331027584492,0.33490520203830504,0.07950905225522735,0.023622144465394505,3.5719801866472984,0.7499506396936854,201.1478614444265,0.003105590062111801
f63a30a5-effc-43eb-a257-0029f48746ce,5f6b75742bd7e60776191cb4,0.042722221426449304,0.006452759553609576,0.010993634379202576,0.13761366748733714,0.0507895015447144,0.3604169331479453,0.09289374712900865,0.29811753333647584,1.6328062961676921,0.7916881200379822,161.0240338944255,0.2217438105489774
f6931905-7562-44a1-bb06-2513faa16b47,5949f3a2833f6d0001623eca,0.01834612016375768,0.03195050392146929,0.05682436427031767,0.02984252805166505,0.31748510962922505,0.23733539630068817,0.2539089344223549,0.05430704268962221,3.7405033564173733,0.8156220323658855,228.48752164086113,0.939812258420762
f6931905-7562-44a1-bb06-2513faa16b47,5e59aa8dd3e2d31bb670008b,0.04282162701143357,0.007762605924299035,0.033307681993979175,0.10034397459596556,0.08563235860457592,0.3590748563782258,0.2025654742953638,0.16849142146092963,1.6259964503704698,0.7964294914980414,181.97904540381649,0.35478680611423974
f7401e31-88f5-42aa-93f5-782981968f72,5a693e48c0d8360001082fda,0.09200096139310576,0.061873503033233544,0.03726360453084402,0.007607674896079259,0.5008921296570007,0.23601745389843196,0.04851035720290413,0.01583431649691349,2.721753446642214,0.6990338916359395,136.14977943046628,0.2157039711191336
f7401e31-88f5-42aa-93f5-782981968f72,5f67c86c73bbcf40f72deeaa,0.01638255082480251,0.03453123450762223,0.006284720579549222,0.01250314158487044,0.7556387904527669,0.10220833195172656,0.03084589854510341,0.04160533093894985,5.044072156222935,0.7418283733142282,201.35036364453288,0.3006597549481621
f741836c-f520-444e-a920-2c376d82f791,5f29dfe7512c2817f7957e1a,0.005204401634953674,0.07141771451694498,0.007397683713353369,0.011373244093189721,0.5584445979891252,0.08197422582614124,0.022324798361231836,0.24186333415340222,2.074577384124957,0.7599635626563178,184.73143938118227,0.7588652482269503
f741836c-f520-444e-a920-2c376d82f791,5f712c16875f0375275c57d5,0.10675082724367829,0.008667364667954288,0.01954541486092738,0.056743712891373914,0.16035874335394643,0.5132650832005026,0.10177420079031091,0.032894651932297354,1.7634719740759002,0.6449062342200067,138.07856457221766,0.12909632571996027
f76670bc-ca12-43d2-82bc-5dee002ce10c,59d5c894c732930001d88b5e,0.014109356525831498,0.031109802856770227,0.004247803001244013,0.0362992486857585,0.24643515950636544,0.3444214264605612,0.08345116909637404,0.23992603338997726,1.924338602677162,0.7124270753837757,145.5895600239784,0.7975022301516503
f76670bc-ca12-43d2-82bc-5dee002ce10c,5d61798ee6c26f001cbe2356,0.08070996240286407,0.04427178191592157,0.09605289812759239,0.057951476812325264,0.27101697634245897,0.2599527182995562,0.1555204438658641,0.03452374112268654,1.5308068667711958,0.7400306980075512,170.63429958627032,0.5032175032175032
f769b511-8208-45ad-a2a2-20fa5c55ab13,5d1aadf961a40900171f6931,0.03572720693907947,0.012754665074547328,0.0038038628205665256,0.02260804869892556,0.4882560166130443,0.2995997400195901,0.09552477655623103,0.04172568245178714,2.2540197566929234,0.7232424408401538,149.02417663640554,0.11117511520737328
f769b511-8208-45ad-a2a2-20fa5c55ab13,5ed1e0f7ba6548028fc64722,0.031004655447189344,0.025880054549964268,0.010817022508660573,0.0094219402544291,0.6343896274202512,0.21945318727914065,0.03161563734171618,0.03741787403344855,1.9629486699058667,0.8378469957442315,228.53165046095242,0.1429889298892989
f77a4b03-ad8f-438a-a85b-20c055aeed48,5eb2f1a1ce5ba10ab2c0a042,,,,,,,,,1.9028199374063044,0.7181353543737282,147.98963898443856,
f77a4b03-ad8f-438a-a85b-20c055aeed48,5f15da27044c9b700c9b7432,0.23509693298723017,0.01876650900449296,0.0411478838636268,0.03400448337422448,0.24472473560651611,0.3481720423498669,0.03573843895041266,0.04234897367564331,2.91886589355402,0.7478422903894445,184.6091507813736,0.13445378151260504
f7862616-6c5f-4b90-9b62-1fb0cbcc9a62,5eb1e9b96c1f4713ed5d0a1e,0.029534565329691873,0.02042923425330624,0.040255016457053795,0.10185272443618201,0.4914999603154369,0.0721789817431108,0.11752452083902677,0.12672499705400206,2.3089706965952512,0.7934095701955378,206.6627725528201,0.8272200772200772
f7862616-6c5f-4b90-9b62-1fb0cbcc9a62,5ed442ea258f2e4098c6b153,0.02275852313665145,0.02122279299580655,0.0841142205988762,0.08878242690360093,0.4555959467644476,0.08469953348044108,0.16966377363915403,0.0731627819954529,2.29362776315555,0.7627091514115513,222.75551518803044,0.88203125
f79d4372-62ac-4e70-a2d9-8b722fd5edc5,59296fb2e8a7ff000163f033,0.10340744477078938,0.042800705706574384,0.20457296613600529,0.01643207264789769,0.14358652091469928,0.28629981654809666,0.17071273536033066,0.032187737800874784,1.5862432887677942,0.7751725323880838,138.29948109035422,0.7264296754250387
f79d4372-62ac-4e70-a2d9-8b722fd5edc5,5f98aeb71f6d0e1cec74defb,0.026074223352188442,0.010694141459294596,0.009226652253382232,0.043293123428678866,0.3274595139746483,0.33095104214473003,0.21200400318508486,0.04029729934276849,0.9048486509824573,0.7900456367164235,146.85334456709387,0.1214859437751004
f7c6a07a-8d15-4476-89a2-25ce9fb862d6,5a127fc7c259f30001766641,0.5016129247190272,0.010690679710517867,0.030549248168442403,0.08156346385058022,0.005859793764214768,0.20201613831026832,0.057807526650872014,0.10990022517321853,0.8859254391421421,0.70220152238022,117.92012581952189,0.0
f7c6a07a-8d15-4476-89a2-25ce9fb862d6,5e1545d9b1fb05b6369d13e8,0.006044597292649881,0.015091125499493903,0.009656660112036516,0.08381193632865705,0.1738163960508653,0.1411428602597709,0.052710706138013964,0.5177257193076039,1.5869315947168356,0.7942019337558772,183.86141172694218,0.5739400206825233
f7c8a6ae-6952-40e6-a0cf-5235594c6612,5d964976b8040b001761467c,0.045705535966901994,0.01559945135736454,0.032226064225121476,0.09809235811682616,0.5315877356577559,0.07239818814517184,0.12037544920337387,0.08401521645074744,2.236987651212225,0.8101471536194506,219.36374089698222,0.3889310083396513
f7c8a6ae-6952-40e6-a0cf-5235594c6612,5ec453f93ba6b432bdf01d58,0.020156313308835744,0.062121410462545615,0.009029238310930653,0.014430239504002133,0.5020426608975507,0.22230114195726852,0.11788988842637829,0.05202910775263871,2.6900505232022485,0.809271895061239,231.5506310289618,0.7219430485762144
f7d7f6ce-ff6e-4c5e-87dc-949399e0573b,5dd352c51c219b35931aefd1,0.041291636384713316,0.013408655994291653,0.011207094312144249,0.024151676139681697,0.36605922540129554,0.31065670828330594,0.12823381143165594,0.10499119194147108,2.132752321728723,0.7800895784797144,217.42378696451888,0.0009940357852882703
f7d7f6ce-ff6e-4c5e-87dc-949399e0573b,5e8fe10948e8062e52605345,0.03578100165134194,0.030340568166087878,0.040406570322090704,0.04579252078989495,0.15451658097275525,0.16898697828185186,0.47481608002424397,0.04935970001997719,1.6931485394613204,0.7470278585564031,203.73305702823225,0.1656516443361754
f7ddd168-2607-4d2b-b01d-905e4e814ba6,5d788a48a745e900191b0447,0.06354439046389107,0.030138017754846497,0.02935940894337056,0.01774100227087422,0.46801543753594166,0.09218295503407714,0.2697104257407287,0.02930837299771758,2.3810091275527694,0.8340776663929585,247.7631954416066,1.0
f7ddd168-2607-4d2b-b01d-905e4e814ba6,5eb4a3fb75168630c3e6fdb1,0.13668174946482203,0.01616892406561143,0.02696664449134445,0.12655128706066276,0.2072241931263541,0.3498576696457732,0.09479431739214937,0.041755212611936966,4.032622702534774,0.7779268080865092,194.42224351393375,0.03858520900321544
f7fd5d51-95a8-4a62-a354-0d9f13e8bafe,5ed9df4296035b58dce21946,0.016460370409760297,0.02332336410999296,0.03165454144914835,0.018480177054746957,0.5512832249531621,0.19976748157857493,0.028814171145024697,0.13021666983868035,1.3643680184246867,0.8684405672211251,233.4017305790899,0.9826388888888888
f7fd5d51-95a8-4a62-a354-0d9f13e8bafe,5f67f123a9151c4484c6e1f4,0.006583405046989215,0.026396478857906306,0.0035933434227185773,0.05672362682323649,0.34491666504834073,0.2448873721234158,0.19249926820717858,0.12439984081441391,3.7435429584377107,0.8338305821591592,270.9804768156896,0.07809330628803246
f81a3aa9-3cb3-4df0-ba18-9b1f6f19e5ba,5ee391b86d4aaf01d972a327,0.02348676353327398,0.013868997374716776,0.0202388074114916,0.05276707843101515,0.3294926881389356,0.2920488742207111,0.1396340082868083,0.12846278509037054,2.0781524376066507,0.7958770991757276,233.5423798526548,0.2158154859967051
f81a3aa9-3cb3-4df0-ba18-9b1f6f19e5ba,5eebc4bdbc56df3150e4ed27,0.02010165710852215,0.018631503434999277,0.0911424781513866,0.07318577161510934,0.2134134093681096,0.08355885841500665,0.2737403493835088,0.226225970980958,2.4311714604188435,0.7952341811909818,234.19188509607133,0.6336254107338445
f8289ddc-c85c-4337-9ac8-fbe553f56219,5de7e24d97378d000b4eefb5,0.02736726032722786,0.03571389746005075,0.008778767295587289,0.013791631949769154,0.6141190186055905,0.19936039242241332,0.03311331889910126,0.06775571204297264,1.8634725296228443,0.7154284317271243,127.65437900793938,0.9085841694537347
f8289ddc-c85c-4337-9ac8-fbe553f56219,5f4964284f80c214e8404fc0,,,,,,,,,3.7585901884136077,0.7913338679847679,248.97111247173876,
f832c164-64f5-44a3-a0f7-e97c6c8f063d,5733464fbc6923000fcd2de1,0.15434704422331477,0.02313029861851743,0.04695433770658136,0.09500372879925785,0.19103349057658134,0.20979097847374087,0.208875901004588,0.07086422016147019,2.693884268503707,0.8357952759533666,254.35498869460386,0.33492252681764006
f832c164-64f5-44a3-a0f7-e97c6c8f063d,5dcdcf1f3d341109f64a5127,0.16921500005040319,0.033320801280338985,0.03379323636031763,0.019771396894949247,0.3599886363339915,0.2861342966703471,0.05737426684352321,0.040402365621094165,1.807082687313888,0.7127628179983785,122.40348680920243,0.2076095947063689
f84ed43d-38b0-4f89-aca3-32bd12d8e4fa,5db721e8e26da7000b6c7f85,0.036282841630699156,0.023764502185899417,0.013510502547816817,0.04048598865853884,0.34320766048884055,0.24925448599307834,0.030003512578201656,0.2634905061194839,1.8985299228130437,0.7968552355989195,225.04071722141845,0.7015177065767285
f84ed43d-38b0-4f89-aca3-32bd12d8e4fa,5eeb412dde2ce12142b917b3,0.007065460039471662,0.016081073069392195,0.013680693362724924,0.07597632159451122,0.4783868190013415,0.09048742860461588,0.10843391836985133,0.2098882863419343,1.6225333002025886,0.8473803197122335,259.66145056797353,0.9282218597063622
f87e9fec-1914-4d95-8dac-fbc6fb79e5c2,58f0fca0d40252000192f201,0.034634568765545964,0.006457748995559219,0.009187998865126654,0.07821764703770374,0.4307451413550922,0.32118562276345736,0.07606333449354215,0.043507936101706036,4.1645306047763775,0.728245933557777,200.7736044809832,0.006423982869379015
f87e9fec-1914-4d95-8dac-fbc6fb79e5c2,5ea492e3b1b3620a6fee3b90,0.04248453701124369,0.08919934032124277,0.01905214491669249,0.006303797165512396,0.4908231499934667,0.2877446017846251,0.04532220970119309,0.019070218701439656,2.704298933960631,0.7919260323602476,217.51474500573866,0.9411057692307693
f888a1ee-43b5-49e2-809b-65187ee3e24e,5706fb93914b7100093b7925,0.004721964042624092,0.12384227077119661,0.0009089187098672036,0.0007627551495744105,0.7724201812575018,0.06104944481688299,0.01518650989198346,0.02110795568564144,1.5536947765666629,0.7670309052092964,162.7992674761458,0.5797101449275363
f888a1ee-43b5-49e2-809b-65187ee3e24e,5d964976b8040b001761467c,0.08526673380429808,0.020300548103880735,0.05519180860730751,0.06195464688927755,0.48860964817648234,0.11102423927089514,0.11283597305145535,0.06481640254618605,2.3060933093469043,0.7959006784798084,215.21528294817247,0.8578616352201258
f8ee642b-46d2-4878-ad70-f03a3596ed58,5d81611eb54787000140f73a,0.01692889189832502,0.0266885876018159,0.004884498930978909,0.07211952334716314,0.22483923901842617,0.3229320482272829,0.17963041138916105,0.151976800637617,2.752487832126073,0.7808749274559215,196.93159396837714,0.18719211822660098
f8ee642b-46d2-4878-ad70-f03a3596ed58,5eaad5dcc2e64603e5122442,0.08938597194143921,0.02001724286978477,0.042422359963028365,0.07075044738717066,0.11649732402222943,0.32728970196925095,0.07070136896274776,0.2629355830074702,2.267472171924541,0.7677037831812041,158.70615133958864,0.45662847790507366
f8f51c6f-69de-413f-90c2-d76d002c5512,5e8c4ef7d1aaec03d6486c80,0.050828145223416055,0.008682543463975045,0.01491042649190496,0.12337252016688557,0.19275027678730186,0.3321492748385407,0.1515363841267301,0.12577042835149976,1.900374094358705,0.7700198469483062,181.97075645814283,0.029838022165387893
f8f51c6f-69de-413f-90c2-d76d002c5512,5ea714d0ba872d0cc55cdd79,0.0016360754581084842,0.028622487354803185,0.0016614708615376086,0.0030997242697589646,0.7942069448984872,0.05568574997023988,0.10620353542835713,0.008884011760622522,3.1020675748204476,0.7931685167973184,232.8392211161502,0.9845984598459846
f8fa38c1-ff21-41ae-81ec-006111c5167c,5f39ae82822a9e558a63d053,0.026645453717421733,0.04765632392589869,0.009438351195601167,0.00981314393279383,0.3986917922522994,0.29752112369473344,0.17711612329747423,0.03311768854316377,2.347622095749981,0.810247010192882,216.4264655192164,0.17006200177147918
f8fa38c1-ff21-41ae-81ec-006111c5167c,5f502bf5e0375819a32f2e16,0.06352287166038906,0.014193092386822892,0.16616028572022126,0.05928578320689953,0.3168871150264927,0.15739174620608215,0.0766785619113753,0.14588054300802988,2.321834812561429,0.8438238782484113,255.2269751529733,0.8389312977099237
f91c6e72-a099-44c6-bc79-5d6c01b1fa27,5c989ea4c7f75b0001677fa8,0.05243326188856414,0.03010838753680288,0.013077558877219692,0.033492218457673265,0.35004841450601903,0.33826880528655706,0.11647884801902483,0.06609250569251363,3.4289175760301496,0.765907944828737,185.74735865958084,0.2782956058588549
f91c6e72-a099-44c6-bc79-5d6c01b1fa27,5df11a727f08ed028418fa62,0.1892013904044461,0.015415397944782696,0.02790251364153144,0.10645123342695277,0.10185089476057692,0.26621738169243586,0.16229216043903913,0.1306690280703328,2.7392546811208964,0.7281361585590883,147.2020721888026,0.14932432432432433
f95009b1-6e27-46f9-bf78-bcef2b36762a,5c9107147a7067000190a544,0.09588230620603082,0.007482980116038396,0.004039870295853665,0.017366751742748477,0.13528819281192525,0.5846169885618752,0.12227411220206885,0.03304879774332719,3.453531049131003,0.741921882906791,186.41565154209218,0.0
f95009b1-6e27-46f9-bf78-bcef2b36762a,5ec6e4ebdab574105b1bf4d9,0.07987595236698551,0.04864932077630231,0.04885872310518114,0.05187380198401978,0.27859084681604324,0.36704886144918136,0.08513059302038799,0.03997190186707801,1.309750001434772,0.7483909362117774,152.42080751826884,0.0
f988d1c8-e9be-4e5b-8f46-8c6c20516a0b,5e659dd9f2dd1f3226c38f71,0.10858965727024023,0.03347071731586127,0.21121991867526996,0.06239041769940233,0.3030041238768878,0.12577221541596864,0.09507504015658151,0.060477908658324114,2.5509400451776094,0.7522921264311758,156.0266495867522,0.04042348411934552
f988d1c8-e9be-4e5b-8f46-8c6c20516a0b,5e8ca66ce6592d0350103956,0.013005003837558074,0.0003753326517956,0.001306300836343575,0.04833257134693358,0.0033385754601719,0.2911824105928342,0.034845093466962324,0.6076147109270096,2.0966800969279,0.7016658116554453,155.24098924453529,0.0
f9d2c20b-1c2e-4393-be19-675aba485e5d,5bf336d965825d00017cf3c2,0.03725067064141603,0.03018810791396822,0.03355752223597066,0.03879410731955249,0.21792244615005116,0.15666095863359839,0.44170311222004427,0.04392307506322567,1.5781325584274137,0.739671373534893,158.0274948851577,0.09444844989185291
f9d2c20b-1c2e-4393-be19-675aba485e5d,5eaabf0113401e01e554cd32,0.093192319813482,0.020549955402619575,0.02414712334691747,0.01699883642969916,0.1874006744234171,0.4136941820525682,0.1418960262995565,0.10212088129385807,2.4618479268281264,0.671226288166128,128.89964799343102,0.32554517133956384
f9fd3d3f-3fb9-4036-9976-c7ebcfd1af57,5e1f7b9242998a2ab95cff70,0.022521652635880213,0.019349341523557467,0.012088972511907234,0.034424209887550225,0.4737992659079944,0.28560076502955684,0.033739079940412295,0.11847671314673973,1.7351245872516345,0.7848159954631894,176.03256529056355,0.08662741799831791
f9fd3d3f-3fb9-4036-9976-c7ebcfd1af57,5ebb48fa86aba5115f8f33c9,0.024654945196900393,0.04224256995622621,0.06484972635590275,0.001408321867844811,0.7367610195944382,0.09893353694220887,0.01802397835685367,0.0131259023105005,1.7120830723478546,0.8302724404592362,214.45293986485808,1.0
fa631adb-d451-46f2-b590-f52f1e1525f9,558fbd42fdf99b7ce29246bf,0.14422728854114672,0.009724869264855749,0.0497342520291842,0.09728983489513031,0.3577536360860825,0.1711699619038752,0.12109949747434157,0.049000662575413814,2.5698718451283655,0.7642867443667497,184.1947310065518,0.03636363636363636
fa631adb-d451-46f2-b590-f52f1e1525f9,5fa00df9f09b1d00088801ee,0.04638428240649947,0.05196660383657374,0.09285856091084843,0.008153479526579539,0.4103829770901633,0.18400078063489034,0.19208854066126158,0.014164773905159073,1.4556426773410815,0.8691388156657338,252.60836428117736,0.39006439742410304
fa6bbcef-8354-4cc4-9fac-772d1d8dbb67,5dd61a909ca8a35c14d8d610,0.2206292251406671,0.009513264295676912,0.016129712604431537,0.023832262270772262,0.25913559230446515,0.3997168103390664,0.03716071964539784,0.03388241333136857,1.6065800591012824,0.8435269137357346,246.99062719681572,0.0804277080427708
fa6bbcef-8354-4cc4-9fac-772d1d8dbb67,5ee2aa08fb2efb7bf0d0f60c,0.012687632038318731,0.06341041689831926,0.005322981056563422,0.008722211632734183,0.7056194615862359,0.1402325174383093,0.017234234933965028,0.046770544508715615,3.3265978724523957,0.7710302259622669,240.58153683183195,0.9762308998302207
fa720f08-9b4a-4fb0-94e9-8cae8d24a5b1,5e83fa901998d415bd2e5eb3,0.02372090022024581,0.014842193466864193,0.04348799759364492,0.09263548922102476,0.2727442568880015,0.14146613298142272,0.14658747220586657,0.26451555672653115,1.766268716221828,0.8455552061206507,231.02569280232504,0.5058528428093646
fa720f08-9b4a-4fb0-94e9-8cae8d24a5b1,5f1293fd0e75a71ff5a9d088,0.029457974225698156,0.03485872315580944,0.18480750328414614,0.016409423518586833,0.4208237513938252,0.18229202876653655,0.09927406425508856,0.0320765310720517,2.310908992826399,0.83331989986254,242.70058724403958,0.7514925373134328
fae1f178-0529-4f20-96c7-5e4f55b99a95,5d49a0b751695e0001a188a8,0.02600533169505107,0.015998587825609027,0.03063545887574966,0.06621937055598018,0.34956376465175754,0.16811854083284736,0.21921685958099002,0.12424208684673503,1.7824089603666797,0.8372939063648125,247.5262243496369,0.12385919165580182
fae1f178-0529-4f20-96c7-5e4f55b99a95,5ec453f93ba6b432bdf01d58,0.019610744359291714,0.05345719603078446,0.013380303175248368,0.014000877872383454,0.3747312387778591,0.29332349126507107,0.15723702473081083,0.07425912386280985,2.2729254582797145,0.816962166116707,227.13495181904872,0.8517566409597258
fae54970-a3a8-4386-8364-7d6ee91a6f4f,5c4d1a6c9ce35100019dbc88,0.0333502348365706,0.058686116589014105,0.008972064884101695,0.005210563194766082,0.673152589128376,0.12855331148282306,0.06968128690143671,0.022393833917917855,1.3902888582393693,0.7208483925345415,118.56482082042724,0.960337552742616
fae54970-a3a8-4386-8364-7d6ee91a6f4f,5f4a7225cf944c08a81adca2,0.024817149109599073,0.055333195129976635,0.024518000619328465,0.031495115337494856,0.15977285641897887,0.4158875721118165,0.13703226588234643,0.15114384547822907,1.240437868975273,0.8099046547486651,215.49031836809365,0.244
fb16ee03-db99-4cbb-a5ab-b61807b8d51e,5e567cd58e4500024e8d096c,0.053306415442534526,0.02484386095712622,0.0060644966297912105,0.2203009661689954,0.30972684116433924,0.10261604905924598,0.0991537404924674,0.18398762995113832,1.7653905320120933,0.8210927364607173,204.71466825866253,0.13447098976109215
fb16ee03-db99-4cbb-a5ab-b61807b8d51e,5f4d92a4584ab6064be44ce5,0.018132025264382057,0.04769492411227677,0.03876706634223822,0.011500160708800262,0.5719817490028447,0.19823484061734808,0.03382912406831874,0.07986011050129499,2.434902274920224,0.863788018566083,252.1592905543816,0.8500468603561387
fb50ccf7-1a5a-4d80-b4f0-d5d1a1fd1135,5d06b3a3ae1dc1000167e533,0.05516789126677528,0.02865623582612484,0.04824260713430238,0.027038467442597906,0.35098778600371644,0.21194651432751022,0.2350984557457384,0.042862040911883545,2.5302724541154857,0.7015825723753444,153.53593716626705,0.039603960396039604
fb50ccf7-1a5a-4d80-b4f0-d5d1a1fd1135,5e11882114ae638303c715d9,0.02907576466118002,0.03916098146283394,0.0857822701290291,0.008203244008838623,0.4705097129152271,0.23825485955239842,0.04968666017623051,0.0793265069154964,1.8654134668267652,0.7878287980032922,187.18326659700233,0.8364978902953587
fb7c8d13-75c7-4a31-8519-7e03d311bbe5,5ddef2e6929d5de6f1050f1c,0.07315886657516216,0.06394374189479858,0.0878493942441917,0.02363413461954959,0.27615923858629915,0.25162431105095645,0.16860042026323874,0.05502989293802172,1.3098207294865354,0.7141411451377195,141.3089652734129,0.20697498104624715
fb7c8d13-75c7-4a31-8519-7e03d311bbe5,5f482b0da1cde52de45f174c,0.10197685115735741,0.015112844841780698,0.019630983619971745,0.04914802503146972,0.041649532047311026,0.530242912943295,0.07048524140498763,0.1717536091272066,1.2868500991305702,0.7762831245598151,139.35675169857186,0.006472491909385114
fbd36b9b-415f-4681-81f3-9adf5a4f8a8a,5c7d7e86848d2a0016b3dd3e,0.022521872803594606,0.010675414009014464,0.009065286487354468,0.03039680063122262,0.20513425073787803,0.46113540990985535,0.22922631183783515,0.03184465438720484,0.7946342741209727,0.7441505696133185,117.64834135341718,0.00625
fbd36b9b-415f-4681-81f3-9adf5a4f8a8a,5ec5a705a9b68d5f1f482ce5,0.08915966773863337,0.005556762625715338,0.026002938917816527,0.2884243367049228,0.031913512645366425,0.2634046137326201,0.15520676057879026,0.14033140698342045,2.7808783902647756,0.7760301973326297,201.61505259320265,0.2740112994350282
fbe0e548-c8cb-4e80-90f2-8168e2d96141,5c9527e29e4f7400011e1571,0.06322680578849427,0.014828823373150604,0.06493651479499846,0.06762984042224479,0.1647015533651098,0.2722283544778091,0.24819524590029837,0.10425286216250952,2.1310186742713033,0.8330268305511527,219.6491284343291,0.31788079470198677
fbe0e548-c8cb-4e80-90f2-8168e2d96141,5dde8fba82f458000c8c7c75,0.11594701970162317,0.04216592457096266,0.025717735734493204,0.045787428775709856,0.3375874046848576,0.13524728513005826,0.22915637660925858,0.06839082549805137,2.070510169287205,0.7457854575082713,138.70811556156326,0.959546925566343
fbfd0f89-900a-4dc8-aa20-1dba94b19ceb,56db4c217dcddf000bd5853c,0.18539515142712168,0.019168460689562367,0.03475731715555458,0.0715876082753362,0.34385298123732344,0.13813892497938626,0.07639912999838783,0.13070042620557162,3.4060997604086407,0.8623353153814199,269.95188725155947,0.8844682478959449
fbfd0f89-900a-4dc8-aa20-1dba94b19ceb,5f469dcf5fcb5d0355771013,0.05251840941646631,0.006012820740122477,0.023488970956962084,0.169100549717406,0.22237185061141956,0.2107573910284346,0.05408217352927068,0.26166783298664914,1.2636448847678265,0.7987194480231354,158.8777760966995,0.14111675126903553
fc12b9bb-83d0-474f-b838-2c0750ea99fa,5dcb55b60133ef83a90f85ac,0.03517758199146876,0.05963093133797754,0.027030203263995505,0.008658377639873977,0.5635959795549215,0.17863429741036313,0.0678840301686765,0.0593885986156888,1.8906539738687875,0.857472043684047,250.92939744671207,0.8478260869565217
fc12b9bb-83d0-474f-b838-2c0750ea99fa,5f053720c017078437e04818,0.020893979676975045,0.0018648714336311465,0.007083387706073169,0.33353973870716946,0.13153106295208075,0.1120333178763107,0.31787306871853016,0.07518057300724455,2.723103024179114,0.7562345481606169,193.94238301657583,0.0
fc3337ba-f235-41a9-ac9e-7ab6c722216f,5ebb26803576b50eb12d87d9,0.06548874026086042,0.018058612510697944,0.03546218833222604,0.03539846740955951,0.37043586139046114,0.2519824366393765,0.052549014224133155,0.1706246795788122,1.9416198419358333,0.8363812924554551,214.64973036291371,0.83008356545961
fc3337ba-f235-41a9-ac9e-7ab6c722216f,5f4723d5d8bdca116b466a70,0.01988352734078687,0.03967260855163012,0.007044472404008239,0.00590506648943127,0.6095835983696535,0.145056452295176,0.13111942396259643,0.04173485172400671,3.1589042593796846,0.7267076069292121,169.1457366169822,0.7911975435005117
fc70af18-cb2f-4cb6-a7a0-7a6809511e3f,5c2805401d4eb70001177bfc,0.046738212942231086,0.002856316303537847,0.008119883307377571,0.04226943544399952,0.05428980910669789,0.5412896896130595,0.19908848514234015,0.10534816869489637,1.528886401429044,0.8287823363406892,213.200005482747,0.0007407407407407407
fc70af18-cb2f-4cb6-a7a0-7a6809511e3f,5f8bc33039724030231214bc,0.28083168846729273,0.019000089201292803,0.053179345432085495,0.01576890101826613,0.1461489666441387,0.17443161632830115,0.19585393321941588,0.11478546000462493,1.0905614271910822,0.6367072141675425,115.09716367670339,0.5485347985347986
fc8d4e0b-7fae-43d6-9dbe-8fd58ce65a78,5f31c7c8152f590f64c8e902,0.036017778047337634,0.02824297949681501,0.007289601139955068,0.03458537342335695,0.4238359122912573,0.23227632441651244,0.05690493006542835,0.18084710120044853,1.7007677231572895,0.7116365612152059,139.55095434735242,0.5979760809567617
fc8d4e0b-7fae-43d6-9dbe-8fd58ce65a78,5f469dcf5fcb5d0355771013,0.07493062239750278,0.004639796384166945,0.016108727407015397,0.13411078564123013,0.18232284191092255,0.254030377769188,0.05348194605419775,0.28037490259620335,2.217059577118908,0.8126717842594103,180.96631877115496,0.17970204841713222
fc92dbaf-306d-42a7-b5b6-87682795b6bc,5e9732d6bafec41daaf8fc30,0.044308229035156146,0.010628571680607119,0.10417682866453434,0.14335409331580512,0.11137843682908502,0.2186067947342342,0.25910490524257357,0.10844214039809909,1.9061004214214166,0.6979329768739346,141.86465140317472,0.8932384341637011
fc92dbaf-306d-42a7-b5b6-87682795b6bc,5ef6d363d195c23ce977b6c4,0.14726056777765956,0.018338297680122486,0.03409826918893591,0.04045798563928803,0.2132914784828861,0.3872491729860132,0.07329068286098343,0.08601354654587144,2.2922741379734886,0.8315171274747176,228.80537804654404,0.883538633818589
fca05c63-0153-4693-a6e4-7841b9b09f18,5e7751362226d42b52f254d6,0.044617871790368704,0.0278836873462194,0.09511081878521506,0.059436434892043706,0.357633919997015,0.13555366308685574,0.22278087179085906,0.05698273250851693,2.407500623693193,0.8326590878472119,236.82432155141316,0.8516096579476862
fca05c63-0153-4693-a6e4-7841b9b09f18,5e820a4e26ed71918013d860,0.20681235199169792,0.00870838238298997,0.1134975715260128,0.06062718551789918,0.12827677044165955,0.07837710831460117,0.3854419095608162,0.01825872118857918,2.099074685960522,0.7626481378676286,176.5119377691209,0.6796812749003984
fca231e3-c8d1-4e97-b015-94b6c5f505a1,5d49a0b751695e0001a188a8,0.09503008128057468,0.008599827840837402,0.0377571715495046,0.1180414120250203,0.2733304726157923,0.14929236945292054,0.22227351811149512,0.09567514755381565,1.9520829813555751,0.8663206425827652,263.7488115286982,0.07584597432905485
fca231e3-c8d1-4e97-b015-94b6c5f505a1,5d625b4550d0dd0017805839,0.04370853606672738,0.012719860119246775,0.04396906004700579,0.04491912024160279,0.3697056093767664,0.2986774324134323,0.11094145573301673,0.07535892624359702,2.1759575808556133,0.8277008212063416,221.70332357371177,0.5871559633027523
fcb7689a-5614-475c-9ea8-493fbe045499,5f47e116dbc4a2230a521331,0.003967734681768822,0.05002724509358725,0.010369800880056786,0.0024824677814799154,0.6760663938234539,0.19448566509780355,0.046192996996501284,0.016407696189033403,2.5885261090156297,0.830837300425468,201.0666962053102,0.9354838709677419
fcb7689a-5614-475c-9ea8-493fbe045499,5f4e8f0ac0126208c0db2f91,0.0908933138495504,0.05582430390802555,0.18162477036229052,0.030356841959273004,0.3695016197796199,0.09089795994226645,0.03161775466572698,0.14928343478572983,2.5605096177587914,0.666465548176434,138.55347166748982,0.5350978135788262
fcdd8b20-100e-42a9-b790-ddd606f6bbe4,56df9a836b4093000bd896c7,0.032624387772878995,0.04037164182272686,0.011432062593176587,0.005152196407621251,0.7810285345903166,0.09590963182295285,0.01635467900672587,0.01712686556494081,2.7399953580221834,0.7625639819779128,170.36485238414525,0.7265625
fcdd8b20-100e-42a9-b790-ddd606f6bbe4,5f74d520b30576105d455fcf,0.0035065339953497137,0.044251582998633604,0.011601899724232092,0.005475174844543352,0.7988348063249159,0.053683966115050386,0.01815249733163435,0.06449353789413385,2.1347439961989103,0.8219567737133634,209.20264840077638,0.9451395572666025
fce13627-0b42-435c-898c-235aa351b8fb,5dacf0bb8f8b6800114d9013,0.036722296152600156,0.009912844238040765,0.0173427852751961,0.05831491430953619,0.682981275477548,0.07592313838652208,0.08895995725123315,0.029842787920716953,2.4880591984249345,0.7732141776739329,238.68422831599915,0.37355371900826445
fce13627-0b42-435c-898c-235aa351b8fb,5ee9201596dd421333942d06,0.078087322201739,0.036575140276216694,0.0875340474865194,0.03221693988265969,0.5302024257170772,0.09869879112269404,0.026655813612308794,0.11002951910535516,3.0003585968711,0.8219635091695741,261.3458542365647,0.8696078431372549
fd31814a-0410-4a33-83ff-cb042367e832,5d3213238088eb0018fee4c9,0.01105543575817943,0.0416894935077322,0.02744753171614335,0.008876744593844556,0.7074178484352023,0.12571434347138807,0.024779352831908127,0.05301924983742437,2.297641619380281,0.8026854973571378,226.63915867816965,0.2903629536921151
fd31814a-0410-4a33-83ff-cb042367e832,5ef0b9fefb4e033ed8364c10,0.009283280675991119,0.04368833281295775,0.007848879661293738,0.002998693370450005,0.7009869660263482,0.14203367339392883,0.04781564616040392,0.04534452680036522,2.8818121149014857,0.8074987214606113,231.77141808313567,0.9476327116212339
fd42065f-89ea-4675-861a-99c4a3c7c7ed,5ebd52d8cb09d4000c9f64af,0.09058490908870905,0.01992170493716225,0.055472973069511156,0.06892160024529247,0.08360294404445157,0.3302032775691524,0.17465557630793938,0.1766370151455745,3.603486067208423,0.698267810985086,173.06165413422153,0.19399538106235567
fd42065f-89ea-4675-861a-99c4a3c7c7ed,5ec5d393295d6e655f9842e4,0.1076973161934034,0.023578560165945006,0.05600149794319859,0.06329116471345095,0.07938705370782145,0.4661566208817655,0.1231331113385065,0.08075467540663245,3.1156727508331787,0.7821778960870183,210.53693573669298,0.025693730729701953
fd4d237f-c3fa-4775-a89e-0c905df65137,5be1ac50ca095c0001b9f717,0.0671888925513092,0.039277442166103564,0.009007922937401863,0.04466511651263511,0.14593542818247732,0.45482262005613283,0.06325666356829747,0.1758459131550507,1.8662544901504567,0.7538172857064829,133.99673803730371,0.001973684210526316
fd4d237f-c3fa-4775-a89e-0c905df65137,5ec0a628aeb38236276f7d25,0.023259526192988617,0.018516405619802685,0.0179599448522021,0.02884516669864134,0.1570866971338046,0.31318737898287974,0.1716346970846956,0.2695101837210259,2.639866907587815,0.7575480094783965,142.84181415919215,0.6718614718614718
fd6bac90-e8ae-4d74-8c1c-786cebd686a8,5ee3c8f2eca1a2085413c9d5,0.03173774338508611,0.06426343966188078,0.016672651815708192,0.010511017198591809,0.36056251783216847,0.2535826927823336,0.06254070006074205,0.20012923784255632,3.024690866288446,0.7944647680605774,222.61517827634123,0.8422310756972111
fd6bac90-e8ae-4d74-8c1c-786cebd686a8,5f4f29b8c154ed17df64546b,0.029132025635678307,0.04353319225770177,0.022243091255376594,0.03640887830658786,0.31296323699599166,0.19727913708870662,0.25615940711633495,0.10228103127977142,2.484582515141733,0.8545560100215605,252.58696230713124,0.0710295291300878
fd8146e2-378f-459a-bec6-e76896e135a0,56df9a836b4093000bd896c7,0.07806553553881102,0.05436801788543897,0.016685549811658536,0.0044406315535042915,0.6941302597981232,0.11380942300220913,0.016921125826280636,0.021579457091886828,2.0916132807787946,0.7746973879315051,183.38396986860707,0.9950678175092479
fd8146e2-378f-459a-bec6-e76896e135a0,5ba2d949821f7600011d1ccc,0.02575639663509206,0.027385283992884753,0.00924218871421872,0.03105629714260733,0.573115645929806,0.21357911502615348,0.06901769800695406,0.05084737434605199,2.6237310317457667,0.6417284108884036,147.8180084595609,0.6339165545087483
fda796df-e400-4805-a998-525476364085,5f8f5b679cbcab1b8b064970,0.04099738835127229,0.11588898639755918,0.060719471254370154,0.0056611931564126096,0.4569131382287784,0.16109278953158854,0.014766065542712972,0.14396096749608125,2.144396150926302,0.7180795698640324,130.042650066099,0.7724498692240628
fda796df-e400-4805-a998-525476364085,5f989f291028cb1a8b555969,0.07067177095768115,0.030895813567028745,0.08608426700893958,0.06830492712922823,0.2408770826331202,0.2653600499764823,0.17022841387392476,0.06757767526617176,1.7013785733181106,0.7295899779363625,131.16060566266836,0.8104395604395604
fe2ec1ed-027e-404d-94c7-8fc1587aa3bc,5d2f7fb4bb27200019010768,0.049666838527060705,0.030406450981373012,0.023250330698381352,0.019474295009028045,0.16836782667834208,0.520884976866643,0.10273482559576812,0.08521445401620865,1.7569466901989892,0.7312991351429383,139.20019234515215,0.11583421891604676
fe2ec1ed-027e-404d-94c7-8fc1587aa3bc,5e260ea4e8ff3a85e65395ac,0.12128415194468462,0.012986673830666968,0.01880312636735422,0.14030318819535614,0.17578959728437746,0.329346803384105,0.13540001564104068,0.0660864457190452,3.7899082786016645,0.7449787734962701,192.08030009683276,0.5228346456692914
fe37221d-0db4-43d3-8ceb-41b9c2d917eb,5a91877e777df200015fa0f5,0.034995073225550954,0.037410546347758485,0.05780885575958312,0.0625194550951208,0.16600836074331005,0.2154868898195899,0.1749807817111623,0.2507900378752635,2.4983199360482264,0.757392080378447,201.397599784129,0.08006535947712418
fe37221d-0db4-43d3-8ceb-41b9c2d917eb,5c6babadec1fb80001c18bed,0.06087764791092478,0.02199019989389766,0.06381346440630584,0.031210572634306204,0.461410832581724,0.1882971428261379,0.03845854377191906,0.13394159590221302,1.6546823258129317,0.7513754315781981,139.20315334346867,0.33739837398373984
fe48d51b-6cac-4667-afaf-dad93205ba33,5c43c90d5aca820001f73f6f,0.05630649874030429,0.012393532771374905,0.021770352594671544,0.1121827138855766,0.2009417230299993,0.2864292804804754,0.1413966751186769,0.16857922232389697,1.3077103348866583,0.6534583255875801,134.53734350641534,0.29353680430879714
fe48d51b-6cac-4667-afaf-dad93205ba33,5f14c40b8a043d54837e0601,0.04574745785003081,0.013009906084789363,0.027367280382913504,0.0343421047022318,0.4545391958584518,0.26233101824125654,0.12007518499504907,0.04258785110079576,2.688961534197076,0.7847230831853619,247.48725425737322,0.36639676113360325
fe4a5de5-3b9c-4b6f-8e70-403db8a1caec,5d8d29488bb7fa001a59cfec,0.13774780531748992,0.00825950075371385,0.07776461446798884,0.06652098821191291,0.21342647654097235,0.25852159777195893,0.18534198666658497,0.05241703043382397,1.6408430050820453,0.7941447728561516,202.0271859530059,0.46106736657917763
fe4a5de5-3b9c-4b6f-8e70-403db8a1caec,5eb1c7ea9d99fc30b502cc84,0.04036187821981476,0.03220814120393792,0.04190992655207128,0.033206520814095766,0.1638738243807332,0.4554889091203489,0.10211026944195759,0.13084053027825812,1.807007747700306,0.8322850784504287,206.1456052902522,0.5536
fe6a774c-6da0-4cbc-99d1-6ed272078a22,5e322c53287816210062d0ac,0.030567052137611652,0.02522793126324611,0.008645781777525549,0.02320230676704475,0.33357956208064393,0.23219105309988888,0.3187872217667467,0.02779909011003323,1.664898299819176,0.7259053856194014,132.83517151649377,0.47538860103626945
fe6a774c-6da0-4cbc-99d1-6ed272078a22,5ef3e76be991b816cd499e69,0.021916957463582583,0.012904892291771082,0.01316750451437237,0.06182782594109009,0.5673259962928894,0.15856916250904077,0.11705535653770899,0.04723230495757663,3.0534052324596193,0.6886283393810505,176.7773000542385,0.04134762633996937
fe74802e-1034-4365-82f8-f9e7f4e5b0df,5e454881703c9401c7c3fe4f,0.05134661344985669,0.014797197235047473,0.024232482786114604,0.015635740600424018,0.2614172014220255,0.4023752194463601,0.05355727143809481,0.17663827559186351,2.6551024910271064,0.7915827730189685,203.54771049761757,1.0
fe74802e-1034-4365-82f8-f9e7f4e5b0df,5f1f2cf5a441a30fa1b79b2d,0.008611214135528608,0.04561825773059987,0.005268188613040724,0.025469491107049505,0.47494207682887024,0.15171868833993268,0.12125328902428693,0.16711879446144795,3.3647187098900244,0.7015481847359867,152.59326891117158,0.17870722433460076
febd6ba4-5143-49c1-aecd-4e434fb3528b,58c1ce3c3783090001b49355,0.013705556943200525,0.01211145025553581,0.02272332613124456,0.041803417401527466,0.3677453897950413,0.19247925776464592,0.10915678048963237,0.24027482078137277,2.64735721995261,0.820261896208816,241.3144845145888,0.9784394250513347
febd6ba4-5143-49c1-aecd-4e434fb3528b,5f74d520b30576105d455fcf,0.0017001212377825265,0.024898939248724626,0.005071931500355958,0.0074466293619780835,0.8354249997668759,0.041849206706086675,0.0106563304095805,0.07295184268341907,2.5163229294561984,0.8214461025866497,223.93466933566262,0.9925690021231423
fecde32e-398d-4978-8148-4e25cd7cb989,5ea492e3b1b3620a6fee3b90,0.0677683667405286,0.05011572513419842,0.03270519402493274,0.006294218318411425,0.3877338191406866,0.3625515658578126,0.06706403115075486,0.025767078349142974,2.7838003044488984,0.8155516524855935,220.13214279882556,0.9407831900668577
fecde32e-398d-4978-8148-4e25cd7cb989,5f907b351fe59213d2314559,0.14135158378411425,0.014931752122268653,0.0341901399500977,0.036170316576321165,0.4053784971732429,0.2513400814743217,0.06449447526103808,0.05214315334048479,2.1828798687949504,0.8022368385295842,237.1800695874695,0.20748299319727892
fee395bd-3545-4921-8e35-73cb800877e1,5e322c53287816210062d0ac,0.031040152178044237,0.013588037723392466,0.004087706444580101,0.018574112878581475,0.13893078196871025,0.21305012979844445,0.5634440759882111,0.01728500280061538,1.6513514606610675,0.7238713838663203,125.94543344237545,0.5606758832565284
fee395bd-3545-4921-8e35-73cb800877e1,5ef060014ba8c51fbf60b54c,0.10279181845844464,0.04637026296605205,0.10210681079839597,0.015588854621287776,0.1653923654204375,0.328555998376213,0.190800096842019,0.048393792326817835,1.9731954492827812,0.7184257795684178,135.93284876765279,0.00948905109489051
feec1858-a662-42b2-b617-78a790748186,5cb60f1eefd4130001bbfdb7,0.047107666740563436,0.03632358926744311,0.02216622740775622,0.008297774006559141,0.2917126328112695,0.254248565981541,0.32126963223961774,0.018873911986962855,2.5420205044663486,0.737686039920678,136.54748188229001,0.463905325443787
feec1858-a662-42b2-b617-78a790748186,5d84d74aba692b001d6708b3,0.022748118901655304,0.06181463358469767,0.03563224578403523,0.013824753030337337,0.5163022416623574,0.22848676633121834,0.09520029933794862,0.025990942036140312,3.1602611255894266,0.8165198307084323,263.1658450820036,0.002680965147453083
fef1df3d-3386-49e0-9f39-28c15f21ee10,5d10eaf23afd390019075267,0.1310471866377999,0.028827456386942226,0.07192581084578933,0.05038070650443416,0.3069313656874312,0.27881727740501916,0.04023450725463885,0.09183568917061131,2.128792014937155,0.8080099921666581,217.90646653837467,0.5359964881474978
fef1df3d-3386-49e0-9f39-28c15f21ee10,5edff301000fa631c7b5bd3b,0.04184477750160716,0.02686566810753501,0.22814551697221597,0.01764860676545642,0.29773984908271495,0.18706828399141917,0.10236135555113753,0.09832594212202038,1.8933475020442914,0.8283121930253597,233.80901241485017,0.8704474505723205
ff3fb1e8-705c-4628-b48c-653a1b18bace,59d5126df35ff40001914d8e,0.1539350909260653,0.029315997055478354,0.15766863022897434,0.017889697577830335,0.12294116379620214,0.18796400503605168,0.1834236914215232,0.14686172546551046,2.4689547474295224,0.8098801001658051,224.3919086227537,0.8536018590240124
ff3fb1e8-705c-4628-b48c-653a1b18bace,5e9df26707933e1720927fee,0.023346593886305528,0.008280822953084205,0.010558227987639902,0.14883361817459737,0.2026467974956343,0.2939503140899737,0.09539931668354468,0.2169843087247822,2.0766934523091853,0.7053736191329592,146.2696772872065,0.015306122448979591
ff454aa4-b90d-46ae-978e-2453a37545e2,5ea91e89257581388e79adc6,0.13689343603046228,0.014091843672684517,0.017455349679524102,0.1027177965256672,0.2329806175203128,0.3050442547160968,0.06318909126918286,0.12762761174011025,1.9843262982955079,0.7543464618150847,154.3732137768935,0.03508771929824561
ff454aa4-b90d-46ae-978e-2453a37545e2,5edd1133213f7a077ee2709b,0.20257764148388008,0.021384342343539177,0.06197422105060234,0.10177236575205491,0.1291023729040054,0.1798507779801729,0.2233390509492158,0.07999922670240944,2.6639188156911207,0.7368390916386678,172.63973158432276,0.23900293255131966
ff620cc6-1f20-4a09-813b-b2736705c3fb,59d5c894c732930001d88b5e,0.02016797834207924,0.03562925826923822,0.009015576543107463,0.015644272677425523,0.35319570479929524,0.40165838947621235,0.10857050006684107,0.05611831974541488,1.8518969485402654,0.6875270952272131,129.06116247742236,0.12033582089552239
ff620cc6-1f20-4a09-813b-b2736705c3fb,5f1664c5e764871cf6d224aa,0.03178597112893287,0.10502216209753398,0.011755767690711348,0.006671776989147504,0.5362635694536877,0.21829222600247297,0.030476618890538317,0.05973190920166483,2.8535315753401505,0.8234886778858886,235.50857825345412,0.20473372781065088
ff6acf35-cfce-4d87-b04e-2bf91f1926ba,5e2be6efe179572183644844,0.027694969154255324,0.012771624313928096,0.004533489213785913,0.05543533712338729,0.1648671039502839,0.3190198475396965,0.3767553892994044,0.03892223906085021,2.7221308937016504,0.7545202421866504,149.2959760783537,0.00130718954248366
ff6acf35-cfce-4d87-b04e-2bf91f1926ba,5f23ff398626c51fdd6c3fb5,0.029371332148339705,0.0069517442002182865,0.01506667221757105,0.2084694263290635,0.2543490578271761,0.19617967417625579,0.15816815987076158,0.13144393294020362,2.080876660624056,0.8169325818970629,217.13227309615758,0.02151238591916558
ffbd5c0c-8449-48a4-bfb4-5eebb4dc6144,5efbd589ceb6b9190882911d,0.0562820857000811,0.009380774815406522,0.011747474503858527,0.08929760122839478,0.34305217219271894,0.31315753726210005,0.05639937999268006,0.12068297386795453,2.769565278689478,0.7649464126078122,222.02655034075198,0.13733075435203096
ffbd5c0c-8449-48a4-bfb4-5eebb4dc6144,5f0f62de21b8db102948c958,0.04079847726728121,0.021617196060207396,0.0058967514418308145,0.056188242909020865,0.42033893214213397,0.27552523286150143,0.08000545039948055,0.09962971816297865,3.4576727695477976,0.7314546555410898,159.86270344308693,0.37681159420289856
ffc979b7-f249-4213-8e92-1ee6c9ddfd82,5d7fd2a5987f70001602d95b,0.04426848905536818,0.008116578410285194,0.015286557388031358,0.13360537039191991,0.42043178930693775,0.09065555447638972,0.02805218330455216,0.2595834764248761,1.5552197137633952,0.8391037357663387,250.23133590212615,0.3389830508474576
ffc979b7-f249-4213-8e92-1ee6c9ddfd82,5e9a363724927e0d07782751,0.017212870909197524,0.0021594490506414033,0.0036279396512372817,0.02211404631347856,0.05456170899620067,0.5491592734431252,0.14439079151144651,0.2067739203308456,2.38572233442654,0.802675263398244,226.73269026045364,0.0
ffcc79cc-cac5-49db-aea5-6cf893e7394c,5cb60f1eefd4130001bbfdb7,0.03454220486721925,0.07113132196079278,0.029398146473798122,0.008021795575646784,0.5668560700915651,0.166883279969024,0.09302260971235007,0.030144570960735122,2.3782341302777747,0.7168730572893507,141.708943468174,0.575197889182058
ffcc79cc-cac5-49db-aea5-6cf893e7394c,5eba16aa359030156a6d5d31,0.006794655530154746,0.012032806520585521,0.008599151861013794,0.01777329861359584,0.6387455415167413,0.15206834153599944,0.08942808051775562,0.07455812352170214,2.02021611242362,0.791860367001787,220.9286112947514,0.5249764373232799
ffd372b5-0a7e-420f-bcd5-459119723e89,558acd52fdf99b65685f03d9,0.06215878268021398,0.03654948678615564,0.14339353263092805,0.0050019415824059865,0.5653254236547541,0.14017167647305165,0.02572993610346079,0.02166921997574373,2.3266246808154625,0.7958696025235159,226.60748517500124,1.0
ffd372b5-0a7e-420f-bcd5-459119723e89,5f6388bf9ae5ad07ba1a0173,0.023379425852712517,0.04288291544826035,0.019496104801306775,0.027724253007548362,0.29449918874456305,0.309696615300009,0.22827506921229035,0.05404642737473859,1.9736409874143965,0.7896664095241916,197.39191995574674,0.04491228070175438
ffe29987-3502-4f72-9987-cc5208ae3880,5ef19d99454675561e3fc9bb,0.034750953688766364,0.06136570977934499,0.05523092483074881,0.012632926513062892,0.41870723543816274,0.12297106685883534,0.22310956167876234,0.07123162107420442,2.1037087736822153,0.8189665924249765,222.73223827442803,0.6695137976346912
ffe29987-3502-4f72-9987-cc5208ae3880,5f39d80f9bbaf517512eb86d,0.044963238230988946,0.04274928291254228,0.03133115490283429,0.025684555060342392,0.557610932046235,0.14252896724020403,0.0695068249981824,0.08562504409156202,3.144757271245902,0.8214705793393559,195.0711195232945,0.5228915662650603
ffe5cccf-82b3-4938-a2e9-38335d188e44,5dd406d9c23e0d3e6dacc034,0.1356261882783939,0.022730759006512984,0.2791534760859311,0.02254869109867183,0.37559593608525155,0.09947193976895873,0.032509546641940716,0.03236346204902278,1.4720463358762743,0.8393530578410806,205.24371713934926,0.6454545454545455
ffe5cccf-82b3-4938-a2e9-38335d188e44,5e820a4e26ed71918013d860,0.19137435996417854,0.007092241767242076,0.0796361245569667,0.12327253153177271,0.13218795429219676,0.1724982490589473,0.25463289135062744,0.039305647320834164,1.9812756466215342,0.7944813832458179,165.50545259455913,0.4559075342465753
fffda3e6-7d99-4db8-aa12-16e99fa454c2,5977e3867412f8000194e1fe,0.017454455421896397,0.04040512623375368,0.02453331327950234,0.08669085662943832,0.2599518383047318,0.17794127517834685,0.17256254188625775,0.2204605936878646,2.5597695442491575,0.7316632211803417,134.83274855369868,0.9447513812154696
fffda3e6-7d99-4db8-aa12-16e99fa454c2,5d5162f1b50a1000169da137,0.0364112208543684,0.05893001038891206,0.013131257805418437,0.0021327317778486294,0.650445625277818,0.1317641519642037,0.07632902772414699,0.03085597313898672,2.8482522641867027,0.7920700481916719,216.52212205925179,0.847682119205298
